Provider,total_claims,total_billed,avg_billed,max_billed,avg_claim_duration,avg_hospital_stay,avg_deductible,avg_patient_age,inpatient_claims,outpatient_claims,unique_patients,unique_physicians,patient_death_rate,FraudLabel,inpatient_ratio,claims_per_patient,billed_per_patient,PotentialFraud,FraudProbability
PRV51001,25,104640,4185.6,42000,1.44,1.0,213.6,77.88,5,20,24,14,0.0,0,0.2,1.0416666666666667,4360.0,No,0.0255
PRV51003,132,605670,4588.409090909091,57000,3.6742424242424243,2.4242424242424243,502.1666666666667,69.10606060606061,62,70,117,44,0.007575757575757576,1,0.4696969696969697,1.1282051282051282,5176.666666666667,Yes,0.825
PRV51004,149,52170,350.13422818791946,3300,1.429530201342282,0.0,2.0805369127516777,71.30201342281879,0,149,138,38,0.006711409395973154,0,0.0,1.0797101449275361,378.04347826086956,No,0.0033
PRV51005,1165,280910,241.1244635193133,4080,1.088412017167382,0.0,3.1759656652360513,69.56738197424893,0,1165,495,7,0.0034334763948497852,1,0.0,2.3535353535353534,567.4949494949495,Yes,0.1225
PRV51007,72,33710,468.19444444444446,10000,0.9583333333333334,0.2222222222222222,45.333333333333336,68.375,3,69,58,10,0.013888888888888888,0,0.041666666666666664,1.2413793103448276,581.2068965517242,No,0.0456
PRV51008,43,35630,828.6046511627907,21000,1.5348837209302326,0.18604651162790697,53.86046511627907,74.65116279069767,2,41,36,10,0.0,0,0.046511627906976744,1.1944444444444444,989.7222222222222,No,0.0063
PRV51011,58,16630,286.7241379310345,5000,0.5517241379310345,0.08620689655172414,23.586206896551722,73.46551724137932,1,57,53,28,0.017241379310344827,0,0.017241379310344827,1.0943396226415094,313.77358490566036,No,0.0025
PRV51012,48,16890,351.875,3300,3.7083333333333335,0.0,2.0833333333333335,73.5625,0,48,31,15,0.0,0,0.0,1.5483870967741935,544.8387096774194,No,0.0018
PRV51013,46,14880,323.4782608695652,1800,1.4565217391304348,0.0,5.0,73.47826086956522,0,46,44,9,0.0,0,0.0,1.0454545454545454,338.1818181818182,No,0.0078
PRV51014,30,10480,349.3333333333333,3300,0.4666666666666667,0.0,4.0,70.23333333333333,0,30,25,8,0.03333333333333333,0,0.0,1.2,419.2,No,0.0051
PRV51015,8,700,87.5,200,0.375,0.0,0.0,71.125,0,8,7,3,0.0,0,0.0,1.1428571428571428,100.0,No,0.0012
PRV51016,6,170,28.333333333333332,90,0.3333333333333333,0.0,0.0,69.83333333333333,0,6,6,3,0.0,0,0.0,1.0,28.333333333333332,No,0.002
PRV51017,515,142720,277.126213592233,3300,1.3572815533980582,0.0,2.0388349514563107,71.71456310679612,0,515,420,114,0.009708737864077669,0,0.0,1.2261904761904763,339.8095238095238,No,0.0154
PRV51021,257,348830,1357.3151750972763,57000,2.0,0.5369649805447471,122.53696498054475,72.1556420233463,29,228,208,70,0.0038910505836575876,1,0.11284046692607004,1.2355769230769231,1677.0673076923076,Yes,0.6722
PRV51023,36,65610,1822.5,13000,3.6666666666666665,0.8888888888888888,239.55555555555554,72.36111111111111,9,27,35,14,0.0,0,0.25,1.0285714285714285,1874.5714285714287,No,0.0187
PRV51024,39,64050,1642.3076923076924,13000,1.641025641025641,1.0,248.76923076923077,67.76923076923077,9,30,38,13,0.0,0,0.23076923076923078,1.0263157894736843,1685.5263157894738,No,0.0101
PRV51025,87,118350,1360.344827586207,17000,2.1724137931034484,1.0459770114942528,164.183908045977,73.11494252873563,13,74,76,36,0.0,0,0.14942528735632185,1.144736842105263,1557.2368421052631,No,0.0657
PRV51026,76,19840,261.05263157894734,3300,1.0921052631578947,0.0,4.473684210526316,69.15789473684211,0,76,56,29,0.013157894736842105,0,0.0,1.3571428571428572,354.2857142857143,No,0.0096
PRV51027,53,29840,563.0188679245283,3300,2.1320754716981134,0.0,0.0,72.52830188679245,0,53,44,10,0.018867924528301886,0,0.0,1.2045454545454546,678.1818181818181,No,0.0074
PRV51029,93,30660,329.6774193548387,3300,0.6989247311827957,0.0,1.7204301075268817,70.48387096774194,0,93,79,38,0.010752688172043012,0,0.0,1.1772151898734178,388.1012658227848,No,0.0026
PRV51030,171,739760,4326.081871345029,57000,3.198830409356725,2.216374269005848,507.29824561403507,71.45029239766082,82,89,145,46,0.011695906432748537,0,0.47953216374269003,1.1793103448275861,5101.793103448276,No,0.4333
PRV51031,185,359720,1944.4324324324325,68000,2.0,0.8378378378378378,163.48108108108107,72.2054054054054,28,157,157,60,0.005405405405405406,0,0.15135135135135136,1.178343949044586,2291.2101910828023,No,0.7176
PRV51032,23,5420,235.65217391304347,2900,0.9130434782608695,0.0,2.1739130434782608,69.08695652173913,0,23,21,10,0.043478260869565216,0,0.0,1.0952380952380953,258.0952380952381,No,0.0059
PRV51035,30,32560,1085.3333333333333,29000,2.2666666666666666,0.4666666666666667,47.6,73.43333333333334,1,29,25,18,0.0,0,0.03333333333333333,1.2,1302.4,No,0.0064
PRV51036,278,74880,269.3525179856115,4400,1.0503597122302157,0.0,5.071942446043166,72.18705035971223,0,278,131,5,0.0,0,0.0,2.122137404580153,571.6030534351145,No,0.0363
PRV51037,454,342230,753.8105726872246,23000,1.5330396475770924,0.23127753303964757,56.220264317180614,71.46035242290749,23,431,206,4,0.022026431718061675,1,0.05066079295154185,2.203883495145631,1661.3106796116506,Yes,0.7479
PRV51038,141,265490,1882.9078014184397,17000,1.7801418439716312,0.8581560283687943,221.21985815602838,71.12056737588652,30,111,107,44,0.0070921985815602835,0,0.2127659574468085,1.3177570093457944,2481.214953271028,No,0.1893
PRV51040,86,74470,865.9302325581396,21000,1.6627906976744187,1.1046511627906976,102.13953488372093,70.79069767441861,9,77,69,16,0.011627906976744186,0,0.10465116279069768,1.2463768115942029,1079.2753623188405,No,0.0338
PRV51041,34,7410,217.94117647058823,3200,2.3529411764705883,0.0,7.9411764705882355,69.88235294117646,0,34,31,9,0.0,0,0.0,1.096774193548387,239.03225806451613,No,0.0056
PRV51042,142,48050,338.38028169014086,3300,1.232394366197183,0.0,2.183098591549296,72.16901408450704,0,142,128,52,0.0,0,0.0,1.109375,375.390625,No,0.0032
PRV51043,23,4480,194.7826086956522,1100,0.0,0.0,0.0,73.65217391304348,0,23,20,6,0.0,0,0.0,1.15,224.0,No,0.0009
PRV51044,59,21330,361.52542372881356,3300,2.152542372881356,0.0,2.2033898305084745,68.77966101694915,0,59,39,1,0.0,0,0.0,1.5128205128205128,546.9230769230769,No,0.0022
PRV51045,31,8390,270.64516129032256,3300,2.2580645161290325,0.0,1.2903225806451613,70.93548387096774,0,31,29,16,0.0,0,0.0,1.0689655172413792,289.3103448275862,No,0.0015
PRV51046,38,109370,2878.157894736842,38000,1.631578947368421,0.9473684210526315,227.47368421052633,71.73684210526316,8,30,26,6,0.0,0,0.21052631578947367,1.4615384615384615,4206.538461538462,No,0.0345
PRV51047,11,2530,230.0,1300,3.090909090909091,0.0,0.0,70.0,0,11,11,10,0.0,0,0.0,1.0,230.0,No,0.0012
PRV51048,38,27700,728.9473684210526,7000,0.6052631578947368,0.5,114.52631578947368,69.89473684210526,4,34,33,15,0.0,0,0.10526315789473684,1.1515151515151516,839.3939393939394,No,0.0697
PRV51049,71,21720,305.9154929577465,3300,1.7887323943661972,0.0,2.676056338028169,70.35211267605634,0,71,65,35,0.0,0,0.0,1.0923076923076922,334.15384615384613,No,0.0018
PRV51052,46,30800,669.5652173913044,9000,2.282608695652174,0.391304347826087,51.0,71.15217391304348,2,44,37,17,0.0,1,0.043478260869565216,1.2432432432432432,832.4324324324324,Yes,0.05
PRV51053,1,8000,8000.0,8000,5.0,5.0,1068.0,68.0,1,0,1,1,0.0,0,1.0,1.0,8000.0,No,0.0014
PRV51054,57,15130,265.43859649122805,1900,2.3508771929824563,0.0,2.456140350877193,69.94736842105263,0,57,40,3,0.0,0,0.0,1.425,378.25,No,0.0069
PRV51055,22,21640,983.6363636363636,16000,0.5909090909090909,0.5,100.27272727272727,68.18181818181819,2,20,22,6,0.0,0,0.09090909090909091,1.0,983.6363636363636,No,0.0048
PRV51056,22,14700,668.1818181818181,5000,0.7272727272727273,0.2727272727272727,97.54545454545455,76.31818181818181,2,20,21,5,0.0,0,0.09090909090909091,1.0476190476190477,700.0,No,0.0095
PRV51057,5,6830,1366.0,3300,0.0,0.0,0.0,77.8,0,5,4,1,0.0,0,0.0,1.25,1707.5,No,0.0034
PRV51058,83,107030,1289.5180722891566,57000,1.3012048192771084,0.4457831325301205,66.74698795180723,73.0,5,78,75,31,0.0,0,0.060240963855421686,1.1066666666666667,1427.0666666666666,No,0.039
PRV51059,96,421060,4386.041666666667,57000,2.4791666666666665,1.7916666666666667,280.625,73.65625,25,71,82,30,0.0,1,0.2604166666666667,1.170731707317073,5134.878048780488,Yes,0.5811
PRV51060,42,43710,1040.7142857142858,14000,2.3095238095238093,0.5714285714285714,127.14285714285714,70.85714285714286,5,37,42,29,0.0,0,0.11904761904761904,1.0,1040.7142857142858,No,0.0138
PRV51061,145,54940,378.8965517241379,6700,2.393103448275862,0.05517241379310345,9.158620689655173,76.55172413793103,1,144,67,7,0.0,0,0.006896551724137931,2.1641791044776117,820.0,No,0.037
PRV51062,397,153380,386.3476070528967,25000,1.5969773299748111,0.0327455919395466,9.934508816120907,72.3425692695214,3,394,166,6,0.0,0,0.007556675062972292,2.391566265060241,923.9759036144578,No,0.1284
PRV51063,149,51110,343.02013422818794,3300,1.610738255033557,0.0,1.0738255033557047,68.93288590604027,0,149,115,3,0.006711409395973154,0,0.0,1.2956521739130435,444.4347826086956,No,0.0066
PRV51064,303,360320,1189.1749174917493,37000,1.9504950495049505,0.6303630363036303,128.54125412541254,72.4983498349835,36,267,227,111,0.0033003300330033004,1,0.1188118811881188,1.3348017621145374,1587.3127753303966,Yes,0.7702
PRV51065,28,76570,2734.6428571428573,11000,2.9285714285714284,2.0,347.2142857142857,74.67857142857143,10,18,26,9,0.0,0,0.35714285714285715,1.0769230769230769,2945.0,No,0.0669
PRV51066,24,24790,1032.9166666666667,15000,1.0833333333333333,0.16666666666666666,93.16666666666667,68.125,2,22,21,7,0.041666666666666664,0,0.08333333333333333,1.1428571428571428,1180.4761904761904,No,0.0045
PRV51067,58,334520,5767.586206896552,83000,2.310344827586207,1.3620689655172413,225.79310344827587,67.46551724137932,12,46,49,21,0.0,1,0.20689655172413793,1.183673469387755,6826.938775510204,Yes,0.6607
PRV51068,261,143260,548.8888888888889,19000,1.3754789272030652,0.10344827586206896,34.42145593869732,70.27969348659003,9,252,214,79,0.011494252873563218,0,0.034482758620689655,1.219626168224299,669.4392523364486,No,0.0342
PRV51070,99,125410,1266.7676767676767,22000,1.9090909090909092,0.41414141414141414,110.9090909090909,69.4949494949495,10,89,69,46,0.0,0,0.10101010101010101,1.434782608695652,1817.536231884058,No,0.0602
PRV51071,24,8550,356.25,3200,2.0833333333333335,0.0,2.0833333333333335,68.08333333333333,0,24,24,11,0.0,0,0.0,1.0,356.25,No,0.0013
PRV51072,212,119170,562.122641509434,14000,1.5377358490566038,0.24056603773584906,57.443396226415096,71.89150943396227,12,200,160,48,0.018867924528301886,0,0.05660377358490566,1.325,744.8125,No,0.0351
PRV51074,39,41170,1055.6410256410256,15000,1.8974358974358974,0.3333333333333333,138.97435897435898,72.51282051282051,5,34,39,14,0.0,0,0.1282051282051282,1.0,1055.6410256410256,No,0.0099
PRV51075,17,8550,502.94117647058823,3000,1.1764705882352942,0.0,4.117647058823529,76.29411764705883,0,17,13,4,0.0,0,0.0,1.3076923076923077,657.6923076923077,No,0.004
PRV51076,29,10230,352.7586206896552,3300,1.1724137931034482,0.0,1.7241379310344827,75.24137931034483,0,29,27,8,0.034482758620689655,0,0.0,1.0740740740740742,378.8888888888889,No,0.0042
PRV51077,33,204350,6192.424242424242,56000,4.181818181818182,2.878787878787879,491.5151515151515,69.96969696969697,16,17,30,11,0.0,1,0.48484848484848486,1.1,6811.666666666667,Yes,0.7577
PRV51078,23,78270,3403.0434782608695,16000,2.652173913043478,2.608695652173913,375.82608695652175,70.26086956521739,9,14,23,13,0.0,0,0.391304347826087,1.0,3403.0434782608695,No,0.0404
PRV51081,200,124080,620.4,48000,1.62,0.18,35.84,71.79,6,194,131,4,0.005,0,0.03,1.5267175572519085,947.175572519084,No,0.0622
PRV51082,34,5470,160.88235294117646,1000,1.1764705882352942,0.0,2.0588235294117645,72.08823529411765,0,34,31,9,0.0,0,0.0,1.096774193548387,176.4516129032258,No,0.0019
PRV51083,90,18100,201.11111111111111,3300,1.3777777777777778,0.0,1.5555555555555556,74.33333333333333,0,90,81,18,0.0,0,0.0,1.1111111111111112,223.45679012345678,No,0.0021
PRV51084,110,215580,1959.8181818181818,45000,1.6727272727272726,1.0272727272727273,199.0,71.87272727272727,20,90,85,32,0.0,1,0.18181818181818182,1.2941176470588236,2536.235294117647,Yes,0.4011
PRV51086,139,446170,3209.856115107914,57000,2.7985611510791366,1.079136690647482,238.61870503597123,74.16546762589928,31,108,115,24,0.014388489208633094,0,0.22302158273381295,1.208695652173913,3879.7391304347825,No,0.1995
PRV51089,228,230900,1012.719298245614,41000,1.6929824561403508,0.40789473684210525,82.0,70.64035087719299,18,210,197,73,0.008771929824561403,0,0.07894736842105263,1.1573604060913705,1172.0812182741117,No,0.1037
PRV51090,7,5830,832.8571428571429,3300,5.714285714285714,0.0,8.571428571428571,71.28571428571429,0,7,7,3,0.0,0,0.0,1.0,832.8571428571429,No,0.0026
PRV51091,44,9270,210.6818181818182,2100,0.9318181818181818,0.0,1.8181818181818181,68.54545454545455,0,44,44,19,0.022727272727272728,0,0.0,1.0,210.6818181818182,No,0.0153
PRV51093,9,13710,1523.3333333333333,11000,1.4444444444444444,1.3333333333333333,237.33333333333334,75.33333333333333,2,7,9,6,0.0,0,0.2222222222222222,1.0,1523.3333333333333,No,0.0022
PRV51096,5,3200,640.0,2100,4.0,0.0,20.0,84.4,0,5,5,3,0.0,0,0.0,1.0,640.0,No,0.0021
PRV51097,125,44420,355.36,3500,1.744,0.0,1.84,70.4,0,125,71,1,0.0,0,0.0,1.7605633802816902,625.6338028169014,No,0.0037
PRV51098,4,300,75.0,200,0.0,0.0,0.0,81.75,0,4,4,2,0.0,0,0.0,1.0,75.0,No,0.0022
PRV51100,5,78000,15600.0,33000,6.0,6.0,1068.0,70.0,5,0,5,3,0.2,0,1.0,1.0,15600.0,No,0.219
PRV51101,3,16600,5533.333333333333,13000,3.3333333333333335,3.3333333333333335,1068.0,56.333333333333336,3,0,3,1,0.0,0,1.0,1.0,5533.333333333333,No,0.0018
PRV51102,12,148000,12333.333333333334,47000,4.0,4.0,1068.0,79.58333333333333,12,0,11,3,0.0,0,1.0,1.0909090909090908,13454.545454545454,No,0.0791
PRV51103,6,440,73.33333333333333,200,0.0,0.0,10.0,76.5,0,6,4,3,0.0,1,0.0,1.5,110.0,Yes,0.0504
PRV51104,12,1900,158.33333333333334,700,1.1666666666666667,0.0,9.166666666666666,78.25,0,12,9,2,0.0,0,0.0,1.3333333333333333,211.11111111111111,No,0.005
PRV51105,12,6540,545.0,1800,3.3333333333333335,0.0,0.0,75.58333333333333,0,12,12,2,0.0,0,0.0,1.0,545.0,No,0.0011
PRV51108,19,156000,8210.526315789473,22000,5.2631578947368425,5.2631578947368425,1011.7894736842105,71.47368421052632,19,0,19,6,0.0,0,1.0,1.0,8210.526315789473,No,0.1015
PRV51109,3,18000,6000.0,8000,6.333333333333333,6.333333333333333,1068.0,55.666666666666664,3,0,3,1,0.0,0,1.0,1.0,6000.0,No,0.0026
PRV51110,5,27000,5400.0,9000,10.2,10.2,1068.0,67.6,5,0,5,3,0.0,0,1.0,1.0,5400.0,No,0.0052
PRV51111,132,54860,415.6060606060606,7010,2.462121212121212,0.0,1.5151515151515151,72.25,0,132,85,4,0.0,0,0.0,1.5529411764705883,645.4117647058823,No,0.0111
PRV51112,304,105250,346.2171052631579,4100,1.8453947368421053,0.0,2.664473684210526,70.79605263157895,0,304,195,7,0.03289473684210526,0,0.0,1.558974358974359,539.7435897435897,No,0.0175
PRV51113,132,46390,351.43939393939394,3300,1.5454545454545454,0.0,4.166666666666667,70.96212121212122,0,132,78,3,0.045454545454545456,0,0.0,1.6923076923076923,594.7435897435897,No,0.0109
PRV51114,262,76720,292.82442748091603,8200,1.1984732824427482,0.0,2.1374045801526718,69.89312977099236,0,262,160,6,0.022900763358778626,0,0.0,1.6375,479.5,No,0.0561
PRV51115,7,980,140.0,600,0.0,0.0,2.857142857142857,72.28571428571429,0,7,6,3,0.0,0,0.0,1.1666666666666667,163.33333333333334,No,0.001
PRV51117,12,1950,162.5,1400,1.75,0.0,0.0,68.33333333333333,0,12,10,4,0.0,0,0.0,1.2,195.0,No,0.0006
PRV51118,16,136000,8500.0,22000,4.25,4.25,934.5,66.6875,16,0,16,4,0.0,0,1.0,1.0,8500.0,No,0.1437
PRV51119,95,1080580,11374.526315789473,118000,6.042105263157895,5.91578947368421,1020.8947368421053,74.4,94,1,81,8,0.010526315789473684,1,0.9894736842105263,1.1728395061728396,13340.493827160493,Yes,0.9713
PRV51120,7,52000,7428.571428571428,15000,4.142857142857143,4.142857142857143,1068.0,60.857142857142854,7,0,7,1,0.0,0,1.0,1.0,7428.571428571428,No,0.0112
PRV51121,7,81080,11582.857142857143,45000,5.571428571428571,5.571428571428571,915.4285714285714,66.14285714285714,6,1,7,3,0.14285714285714285,0,0.8571428571428571,1.0,11582.857142857143,No,0.1008
PRV51122,7,1120,160.0,500,0.0,0.0,0.0,66.0,0,7,7,7,0.0,0,0.0,1.0,160.0,No,0.0007
PRV51123,31,26910,868.0645161290323,5000,2.4838709677419355,0.16129032258064516,70.19354838709677,68.54838709677419,2,29,28,21,0.0,0,0.06451612903225806,1.1071428571428572,961.0714285714286,No,0.0033
PRV51125,48,131310,2735.625,30000,2.4791666666666665,1.0833333333333333,272.8333333333333,70.125,12,36,32,36,0.0,0,0.25,1.5,4103.4375,No,0.0643
PRV51126,20,177000,8850.0,25000,6.5,6.5,1068.0,69.25,20,0,14,2,0.0,1,1.0,1.4285714285714286,12642.857142857143,Yes,0.5174
PRV51128,50,102220,2044.4,29000,2.34,0.64,106.8,67.74,5,45,38,19,0.0,0,0.1,1.3157894736842106,2690.0,No,0.0723
PRV51129,96,22920,238.75,2000,1.3541666666666667,0.0,5.0,73.16666666666667,0,96,65,55,0.0,0,0.0,1.476923076923077,352.61538461538464,No,0.0041
PRV51130,7,4970,710.0,3100,2.857142857142857,0.0,0.0,61.285714285714285,0,7,7,2,0.0,0,0.0,1.0,710.0,No,0.0007
PRV51131,8,1160,145.0,800,0.0,0.0,8.75,73.875,0,8,8,4,0.0,0,0.0,1.0,145.0,No,0.0013
PRV51132,8,5330,666.25,4000,1.75,0.5,133.5,73.75,1,7,6,5,0.0,0,0.125,1.3333333333333333,888.3333333333334,No,0.002
PRV51134,15,7610,507.3333333333333,2900,2.6666666666666665,0.0,5.333333333333333,62.93333333333333,0,15,12,3,0.0,0,0.0,1.25,634.1666666666666,No,0.002
PRV51135,5,300,60.0,90,0.0,0.0,0.0,67.0,0,5,2,1,0.0,0,0.0,2.5,150.0,No,0.0027
PRV51136,1,20000,20000.0,20000,2.0,2.0,1068.0,70.0,1,0,1,1,0.0,0,1.0,1.0,20000.0,No,0.002
PRV51137,55,16050,291.8181818181818,6000,0.2,0.12727272727272726,24.509090909090908,71.67272727272727,1,54,51,23,0.01818181818181818,0,0.01818181818181818,1.0784313725490196,314.70588235294116,No,0.0032
PRV51138,26,13430,516.5384615384615,6000,1.5384615384615385,0.038461538461538464,41.07692307692308,72.03846153846153,1,25,21,7,0.0,0,0.038461538461538464,1.2380952380952381,639.5238095238095,No,0.0019
PRV51139,43,52580,1222.7906976744187,14000,2.4651162790697674,0.627906976744186,174.7906976744186,73.83720930232558,7,36,42,34,0.0,0,0.16279069767441862,1.0238095238095237,1251.904761904762,No,0.0179
PRV51140,487,453130,930.4517453798768,16000,2.1047227926078027,0.5811088295687885,103.52772073921972,72.43121149897331,47,440,394,6,0.0,0,0.09650924024640657,1.236040609137056,1150.0761421319796,No,0.1274
PRV51141,71,19490,274.50704225352115,1900,1.732394366197183,0.0,2.3943661971830985,73.98591549295774,0,71,37,9,0.0,0,0.0,1.9189189189189189,526.7567567567568,No,0.0015
PRV51142,51,104570,2050.392156862745,57000,1.9215686274509804,1.0196078431372548,147.76470588235293,72.45098039215686,7,44,38,15,0.0,0,0.13725490196078433,1.3421052631578947,2751.842105263158,No,0.1237
PRV51143,77,20450,265.5844155844156,3300,0.987012987012987,0.0,4.545454545454546,71.66233766233766,0,77,68,27,0.012987012987012988,0,0.0,1.1323529411764706,300.7352941176471,No,0.0024
PRV51144,30,61220,2040.6666666666667,33000,1.8,0.6666666666666666,149.73333333333332,76.16666666666667,4,26,29,14,0.03333333333333333,0,0.13333333333333333,1.0344827586206897,2111.0344827586205,No,0.0176
PRV51145,202,1606350,7952.227722772277,46000,4.900990099009901,4.732673267326732,825.4851485148515,72.67821782178218,161,41,161,37,0.0049504950495049506,1,0.7970297029702971,1.2546583850931676,9977.329192546584,Yes,0.9898
PRV51146,352,1680910,4775.3125,57000,3.4232954545454546,2.3238636363636362,487.6988636363636,73.6534090909091,162,190,334,78,0.011363636363636364,1,0.4602272727272727,1.0538922155688624,5032.664670658683,Yes,0.9296
PRV51147,32,8860,276.875,3300,2.5,0.0,6.5625,71.0625,0,32,32,23,0.0,0,0.0,1.0,276.875,No,0.0024
PRV51148,330,488660,1480.7878787878788,37000,1.8484848484848484,0.41515151515151516,109.98181818181818,73.07878787878788,34,296,263,61,0.0,1,0.10303030303030303,1.2547528517110267,1858.0228136882129,Yes,0.6669
PRV51149,148,1120680,7572.1621621621625,57000,4.6891891891891895,4.398648648648648,837.5540540540541,71.25,116,32,136,25,0.0,1,0.7837837837837838,1.088235294117647,8240.29411764706,Yes,0.9616
PRV51151,233,201300,863.9484978540772,16000,1.6952789699570816,0.3948497854077253,99.99141630901288,73.03004291845494,22,211,225,97,0.004291845493562232,0,0.0944206008583691,1.0355555555555556,894.6666666666666,No,0.1015
PRV51152,83,25770,310.48192771084337,3300,1.7228915662650603,0.0,6.024096385542169,72.89156626506023,0,83,39,3,0.0,0,0.0,2.128205128205128,660.7692307692307,No,0.0026
PRV51153,87,71490,821.7241379310345,34000,1.4022988505747127,0.40229885057471265,56.3448275862069,72.25287356321839,4,83,83,52,0.022988505747126436,0,0.04597701149425287,1.0481927710843373,861.3253012048193,No,0.0245
PRV51154,161,45750,284.16149068322983,8100,1.3229813664596273,0.0,4.906832298136646,74.11801242236025,0,161,147,4,0.006211180124223602,0,0.0,1.0952380952380953,311.2244897959184,No,0.0111
PRV51155,115,26330,228.95652173913044,3300,1.0434782608695652,0.0,1.391304347826087,72.5391304347826,0,115,110,1,0.008695652173913044,0,0.0,1.0454545454545454,239.36363636363637,No,0.0033
PRV51156,542,140640,259.48339483394835,3300,1.367158671586716,0.0,3.1734317343173433,72.9520295202952,0,542,425,3,0.0018450184501845018,0,0.0,1.275294117647059,330.91764705882355,No,0.049
PRV51159,569,797790,1402.091388400703,57000,1.7398945518453428,0.6432337434094904,123.81370826010544,73.60632688927944,65,504,506,100,0.005272407732864675,1,0.11423550087873462,1.1245059288537549,1576.6600790513835,Yes,0.8445
PRV51160,114,872020,7649.298245614035,57000,4.87719298245614,4.464912280701754,843.3333333333334,72.97368421052632,90,24,110,23,0.0,0,0.7894736842105263,1.0363636363636364,7927.454545454545,No,0.5008
PRV51164,391,556980,1424.5012787723786,41000,1.659846547314578,0.659846547314578,113.93350383631713,72.65473145780051,41,350,334,8,0.0,0,0.10485933503836317,1.1706586826347305,1667.6047904191616,No,0.2189
PRV51165,98,329700,3364.285714285714,57000,2.4489795918367347,1.7448979591836735,286.61224489795916,74.62244897959184,26,72,97,62,0.0,0,0.2653061224489796,1.0103092783505154,3398.9690721649486,No,0.1686
PRV51166,5,24870,4974.0,22000,3.2,3.2,213.6,71.0,1,4,5,4,0.0,0,0.2,1.0,4974.0,No,0.0101
PRV51167,190,51980,273.57894736842104,3300,1.7421052631578948,0.0,2.1578947368421053,73.78947368421052,0,190,182,22,0.005263157894736842,0,0.0,1.043956043956044,285.6043956043956,No,0.0069
PRV51168,87,80470,924.9425287356322,25000,0.7701149425287356,0.5402298850574713,112.4367816091954,72.96551724137932,9,78,86,14,0.011494252873563218,0,0.10344827586206896,1.0116279069767442,935.6976744186046,No,0.0108
PRV51169,77,19380,251.6883116883117,3300,1.4935064935064934,0.0,0.6493506493506493,74.25974025974025,0,77,74,51,0.0,0,0.0,1.0405405405405406,261.8918918918919,No,0.0012
PRV51170,16,145820,9113.75,57000,3.125,3.125,534.0,72.25,8,8,16,8,0.0,1,0.5,1.0,9113.75,Yes,0.6561
PRV51171,59,13820,234.23728813559322,3300,1.576271186440678,0.0,3.389830508474576,72.45762711864407,0,59,59,38,0.0,0,0.0,1.0,234.23728813559322,No,0.0013
PRV51173,22,96290,4376.818181818182,29000,4.318181818181818,2.5,348.90909090909093,72.54545454545455,7,15,21,12,0.0,1,0.3181818181818182,1.0476190476190477,4585.238095238095,Yes,0.6438
PRV51175,41,9650,235.3658536585366,2100,0.6585365853658537,0.0,2.1951219512195124,71.02439024390245,0,41,39,21,0.0,0,0.0,1.0512820512820513,247.43589743589743,No,0.0033
PRV51176,445,145980,328.0449438202247,7500,2.0651685393258425,0.0,1.9550561797752808,72.42247191011236,0,445,399,129,0.0044943820224719105,0,0.0,1.1152882205513786,365.8646616541353,No,0.0238
PRV51178,65,431180,6633.538461538462,43000,4.523076923076923,4.1692307692307695,563.1076923076923,70.58461538461539,34,31,64,19,0.0,1,0.5230769230769231,1.015625,6737.1875,Yes,0.8404
PRV51179,26,5000,192.30769230769232,1400,0.8076923076923077,0.0,0.0,69.76923076923077,0,26,26,14,0.0,0,0.0,1.0,192.30769230769232,No,0.0019
PRV51180,129,94240,730.5426356589147,41000,1.6124031007751938,0.023255813953488372,18.728682170542637,73.4186046511628,2,127,86,3,0.0,0,0.015503875968992248,1.5,1095.8139534883721,No,0.0307
PRV51181,10,2150,215.0,800,2.6,0.0,0.0,77.0,0,10,10,5,0.1,0,0.0,1.0,215.0,No,0.0045
PRV51183,113,355790,3148.5840707964603,38000,2.504424778761062,1.6902654867256637,378.6725663716814,72.73451327433628,41,72,105,8,0.008849557522123894,0,0.36283185840707965,1.0761904761904761,3388.4761904761904,No,0.1689
PRV51185,8,1590,198.75,500,0.0,0.0,0.0,72.5,0,8,8,5,0.0,0,0.0,1.0,198.75,No,0.0006
PRV51186,2,100,50.0,50,0.0,0.0,0.0,74.0,0,2,2,1,0.0,0,0.0,1.0,50.0,No,0.0011
PRV51189,56,8740,156.07142857142858,1600,0.6071428571428571,0.0,4.285714285714286,72.69642857142857,0,56,51,11,0.0,0,0.0,1.0980392156862746,171.37254901960785,No,0.0028
PRV51190,66,39310,595.6060606060606,15000,0.6060606060606061,0.16666666666666666,53.54545454545455,73.07575757575758,3,63,64,23,0.0,0,0.045454545454545456,1.03125,614.21875,No,0.0077
PRV51191,32,10990,343.4375,3000,3.15625,0.0,2.8125,70.65625,0,32,30,22,0.0,0,0.0,1.0666666666666667,366.3333333333333,No,0.0017
PRV51194,9,18540,2060.0,14000,0.6666666666666666,0.6666666666666666,237.33333333333334,71.77777777777777,2,7,9,5,0.0,0,0.2222222222222222,1.0,2060.0,No,0.0022
PRV51196,720,197060,273.69444444444446,4300,1.4027777777777777,0.0,2.4305555555555554,74.31527777777778,0,720,432,2,0.004166666666666667,0,0.0,1.6666666666666667,456.1574074074074,No,0.0749
PRV51198,6,360,60.0,100,0.0,0.0,5.0,78.83333333333333,0,6,3,2,0.0,0,0.0,2.0,120.0,No,0.0316
PRV51200,19,4420,232.6315789473684,1600,1.5789473684210527,0.0,0.0,70.21052631578948,0,19,16,4,0.0,0,0.0,1.1875,276.25,No,0.0015
PRV51201,45,10660,236.88888888888889,3300,0.9777777777777777,0.0,1.1111111111111112,73.08888888888889,0,45,41,3,0.0,0,0.0,1.0975609756097562,260.0,No,0.0017
PRV51202,12,5010,417.5,3100,3.6666666666666665,0.0,0.0,69.75,0,12,12,5,0.0,0,0.0,1.0,417.5,No,0.0008
PRV51203,21,15340,730.4761904761905,9010,1.2380952380952381,0.0,3.8095238095238093,66.04761904761905,0,21,20,5,0.0,0,0.0,1.05,767.0,No,0.008
PRV51204,499,155180,310.9819639278557,3300,1.6673346693386772,0.0,1.2024048096192386,72.44288577154309,0,499,398,3,0.01002004008016032,0,0.0,1.2537688442211055,389.8994974874372,No,0.0108
PRV51205,10,4660,466.0,3300,2.0,0.0,7.0,74.5,0,10,10,6,0.0,0,0.0,1.0,466.0,No,0.0014
PRV51206,10,1560,156.0,400,0.6,0.0,0.0,74.3,0,10,10,6,0.0,0,0.0,1.0,156.0,No,0.0006
PRV51207,3,51000,17000.0,38000,14.0,14.0,1068.0,69.0,3,0,3,2,0.0,0,1.0,1.0,17000.0,No,0.0622
PRV51209,42,9910,235.95238095238096,1700,0.8333333333333334,0.0,4.0476190476190474,73.30952380952381,0,42,38,2,0.0,0,0.0,1.105263157894737,260.7894736842105,No,0.0042
PRV51210,9,2890,321.1111111111111,1400,0.0,0.0,0.0,80.33333333333333,0,9,9,3,0.0,0,0.0,1.0,321.1111111111111,No,0.0019
PRV51211,2,100,50.0,100,0.0,0.0,0.0,70.0,0,2,2,2,0.0,0,0.0,1.0,50.0,No,0.0018
PRV51212,15,6260,417.3333333333333,3300,1.9333333333333333,0.0,4.666666666666667,71.33333333333333,0,15,15,2,0.0,0,0.0,1.0,417.3333333333333,No,0.0012
PRV51213,2,50,25.0,30,0.0,0.0,0.0,73.0,0,2,2,2,0.0,0,0.0,1.0,25.0,No,0.0011
PRV51214,8,3200,400.0,1600,0.75,0.0,0.0,69.625,0,8,8,3,0.0,0,0.0,1.0,400.0,No,0.0023
PRV51215,10,1610,161.0,500,0.7,0.0,0.0,80.4,0,10,10,1,0.0,0,0.0,1.0,161.0,No,0.0007
PRV51216,71,15560,219.1549295774648,3300,1.8309859154929577,0.0,8.028169014084508,73.01408450704226,0,71,66,2,0.014084507042253521,0,0.0,1.0757575757575757,235.75757575757575,No,0.0037
PRV51217,5,2930,586.0,2100,4.0,0.0,0.0,70.4,0,5,5,2,0.0,0,0.0,1.0,586.0,No,0.0011
PRV51218,7,520,74.28571428571429,200,0.0,0.0,0.0,62.42857142857143,0,7,7,1,0.0,0,0.0,1.0,74.28571428571429,No,0.0007
PRV51219,8,5330,666.25,3300,2.5,0.0,0.0,70.625,0,8,8,3,0.0,0,0.0,1.0,666.25,No,0.0013
PRV51221,1,70,70.0,70,0.0,0.0,0.0,79.0,0,1,1,1,0.0,0,0.0,1.0,70.0,No,0.0018
PRV51222,5,860,172.0,400,0.0,0.0,0.0,75.4,0,5,3,2,0.0,0,0.0,1.6666666666666667,286.6666666666667,No,0.005
PRV51224,7,3130,447.14285714285717,1400,0.0,0.0,0.0,75.85714285714286,0,7,7,1,0.0,0,0.0,1.0,447.14285714285717,No,0.0023
PRV51225,8,1190,148.75,500,0.0,0.0,0.0,73.625,0,8,8,2,0.0,0,0.0,1.0,148.75,No,0.0007
PRV51226,20,7430,371.5,2200,1.0,0.0,13.5,75.2,0,20,19,3,0.0,0,0.0,1.0526315789473684,391.05263157894734,No,0.0127
PRV51228,5,430,86.0,200,0.0,0.0,14.0,68.6,0,5,5,2,0.0,0,0.0,1.0,86.0,No,0.0026
PRV51229,47,12410,264.0425531914894,3000,1.2127659574468086,0.0,2.3404255319148937,72.61702127659575,0,47,44,2,0.0,0,0.0,1.0681818181818181,282.04545454545456,No,0.0016
PRV51230,30,12490,416.3333333333333,1800,1.0,0.0,0.0,69.93333333333334,0,30,30,2,0.0,0,0.0,1.0,416.3333333333333,No,0.0318
PRV51231,2,16000,8000.0,8000,9.5,9.5,1068.0,69.0,2,0,2,1,0.0,0,1.0,1.0,8000.0,No,0.0023
PRV51232,1,26000,26000.0,26000,9.0,9.0,1068.0,89.0,1,0,1,1,0.0,0,1.0,1.0,26000.0,No,0.0082
PRV51233,3,27000,9000.0,17000,4.333333333333333,4.333333333333333,1068.0,66.66666666666667,3,0,3,2,0.0,0,1.0,1.0,9000.0,No,0.0037
PRV51234,5,29000,5800.0,13000,8.2,8.2,1068.0,71.0,5,0,5,1,0.0,0,1.0,1.0,5800.0,No,0.0081
PRV51235,2,10000,5000.0,5000,2.5,2.5,1068.0,53.5,2,0,2,1,0.0,0,1.0,1.0,5000.0,No,0.0011
PRV51236,1,12000,12000.0,12000,1.0,1.0,1068.0,35.0,1,0,1,1,0.0,0,1.0,1.0,12000.0,No,0.002
PRV51237,1,19000,19000.0,19000,1.0,1.0,1068.0,90.0,1,0,1,1,0.0,0,1.0,1.0,19000.0,No,0.0055
PRV51238,8,132000,16500.0,33000,13.625,13.625,534.0,73.375,8,0,8,1,0.0,0,1.0,1.0,16500.0,No,0.0688
PRV51239,1,5000,5000.0,5000,3.0,3.0,1068.0,81.0,1,0,1,1,0.0,0,1.0,1.0,5000.0,No,0.0012
PRV51240,60,94020,1567.0,19000,2.95,1.0166666666666666,196.46666666666667,70.33333333333333,11,49,38,24,0.0,0,0.18333333333333332,1.5789473684210527,2474.2105263157896,No,0.0951
PRV51241,60,90210,1503.5,22000,1.8166666666666667,1.1333333333333333,162.86666666666667,73.13333333333334,10,50,47,24,0.0,0,0.16666666666666666,1.2765957446808511,1919.3617021276596,No,0.0325
PRV51242,111,117200,1055.855855855856,18000,1.5855855855855856,0.5495495495495496,100.0,72.32432432432432,11,100,87,43,0.009009009009009009,1,0.0990990990990991,1.2758620689655173,1347.1264367816093,Yes,0.1668
PRV51243,36,6330,175.83333333333334,2600,0.6666666666666666,0.0,7.5,77.75,0,36,15,5,0.08333333333333333,0,0.0,2.4,422.0,No,0.0061
PRV51244,1415,2153990,1522.2544169611308,57000,1.9201413427561838,0.8318021201413428,149.76537102473497,71.14204946996466,200,1215,659,17,0.005653710247349823,1,0.1413427561837456,2.1471927162367224,3268.5735963581183,Yes,0.9812
PRV51245,173,83630,483.4104046242775,9000,1.5260115606936415,0.06358381502890173,22.508670520231213,69.39306358381504,4,169,58,31,0.0,0,0.023121387283236993,2.9827586206896552,1441.896551724138,No,0.089
PRV51247,34,76240,2242.3529411764707,18000,2.264705882352941,1.1176470588235294,285.94117647058823,73.88235294117646,10,24,26,13,0.0,0,0.29411764705882354,1.3076923076923077,2932.3076923076924,No,0.0678
PRV51248,2,23500,11750.0,23000,3.0,3.0,534.0,83.0,1,1,2,2,0.0,0,0.5,1.0,11750.0,No,0.0047
PRV51249,126,521330,4137.539682539683,57000,3.5476190476190474,2.9523809523809526,408.5238095238095,72.98412698412699,51,75,101,36,0.0,1,0.40476190476190477,1.2475247524752475,5161.683168316832,Yes,0.8201
PRV51250,85,22560,265.4117647058824,2800,1.2352941176470589,0.0,3.2941176470588234,69.94117647058823,0,85,71,32,0.023529411764705882,0,0.0,1.1971830985915493,317.7464788732394,No,0.0055
PRV51251,11,3590,326.3636363636364,1500,3.8181818181818183,0.0,0.0,70.81818181818181,0,11,10,8,0.0,0,0.0,1.1,359.0,No,0.0008
PRV51252,87,154930,1780.8045977011495,27000,1.7586206896551724,0.8505747126436781,210.98850574712642,69.34482758620689,18,69,76,35,0.011494252873563218,0,0.20689655172413793,1.144736842105263,2038.5526315789473,No,0.0399
PRV51253,85,21740,255.76470588235293,3300,1.0235294117647058,0.0,3.5294117647058822,71.23529411764706,0,85,76,41,0.0,0,0.0,1.118421052631579,286.05263157894734,No,0.0019
PRV51255,74,40570,548.2432432432432,7000,2.2837837837837838,0.13513513513513514,29.675675675675677,72.44594594594595,2,72,62,21,0.0,0,0.02702702702702703,1.1935483870967742,654.3548387096774,No,0.0084
PRV51256,95,38550,405.7894736842105,14800,1.7473684210526317,0.0,0.0,71.30526315789474,0,95,80,38,0.010526315789473684,0,0.0,1.1875,481.875,No,0.0026
PRV51258,14,99660,7118.571428571428,28000,4.142857142857143,2.5714285714285716,624.5714285714286,75.57142857142857,8,6,12,6,0.0,0,0.5714285714285714,1.1666666666666667,8305.0,No,0.0368
PRV51259,21,151960,7236.190476190476,84000,2.142857142857143,1.1904761904761905,203.42857142857142,76.23809523809524,4,17,19,9,0.0,0,0.19047619047619047,1.105263157894737,7997.894736842105,No,0.058
PRV51260,62,92390,1490.1612903225807,43000,2.629032258064516,0.41935483870967744,51.67741935483871,68.01612903225806,3,59,55,24,0.0,0,0.04838709677419355,1.1272727272727272,1679.8181818181818,No,0.0544
PRV51261,142,270170,1902.605633802817,29000,2.6338028169014085,1.0211267605633803,190.98591549295776,71.72535211267606,26,116,123,48,0.007042253521126761,0,0.18309859154929578,1.1544715447154472,2196.5040650406504,No,0.2384
PRV51262,60,16270,271.1666666666667,2200,1.2666666666666666,0.0,0.6666666666666666,72.93333333333334,0,60,52,19,0.0,0,0.0,1.1538461538461537,312.88461538461536,No,0.0008
PRV51263,44,218170,4958.409090909091,57000,4.75,3.75,438.5,71.43181818181819,18,26,37,10,0.0,1,0.4090909090909091,1.1891891891891893,5896.486486486487,Yes,0.7401
PRV51264,39,5270,135.12820512820514,1100,0.6153846153846154,0.0,3.076923076923077,72.84615384615384,0,39,35,22,0.0,0,0.0,1.1142857142857143,150.57142857142858,No,0.0012
PRV51265,160,45770,286.0625,3300,1.58125,0.0,4.6875,68.3625,0,160,84,5,0.0125,0,0.0,1.9047619047619047,544.8809523809524,No,0.0107
PRV51266,92,102900,1118.4782608695652,33000,1.6630434782608696,0.75,106.1086956521739,73.72826086956522,10,82,82,47,0.0,0,0.10869565217391304,1.1219512195121952,1254.878048780488,No,0.0346
PRV51267,14,12870,919.2857142857143,6000,0.42857142857142855,0.42857142857142855,154.71428571428572,75.78571428571429,2,12,14,4,0.0,0,0.14285714285714285,1.0,919.2857142857143,No,0.0043
PRV51271,123,43180,351.0569105691057,13000,0.8130081300813008,0.06504065040650407,18.991869918699187,72.34146341463415,2,121,90,21,0.0,0,0.016260162601626018,1.3666666666666667,479.77777777777777,No,0.0144
PRV51272,79,50760,642.5316455696203,18000,2.0253164556962027,0.0759493670886076,34.88607594936709,72.82278481012658,2,77,31,3,0.0,0,0.02531645569620253,2.5483870967741935,1637.4193548387098,No,0.0788
PRV51273,553,131340,237.50452079566003,6600,1.2513562386980108,0.0,2.5316455696202533,72.24773960216999,0,553,387,132,0.0018083182640144665,0,0.0,1.4289405684754521,339.37984496124034,No,0.0385
PRV51274,58,175720,3029.655172413793,59000,1.4827586206896552,0.6206896551724138,185.17241379310346,74.5,10,48,48,31,0.017241379310344827,0,0.1724137931034483,1.2083333333333333,3660.8333333333335,No,0.1695
PRV51276,67,133980,1999.7014925373135,20000,1.7164179104477613,0.9104477611940298,227.9402985074627,67.7910447761194,14,53,60,42,0.0,0,0.208955223880597,1.1166666666666667,2233.0,No,0.0533
PRV51277,59,141190,2393.0508474576272,53000,1.8644067796610169,0.847457627118644,185.08474576271186,72.11864406779661,10,49,54,27,0.0,0,0.1694915254237288,1.0925925925925926,2614.6296296296296,No,0.1363
PRV51279,224,59840,267.14285714285717,3300,1.3883928571428572,0.0,3.3482142857142856,70.17857142857143,0,224,186,21,0.0,0,0.0,1.2043010752688172,321.7204301075269,No,0.0051
PRV51280,39,20250,519.2307692307693,5060,1.3333333333333333,0.0,0.0,75.38461538461539,0,39,34,13,0.07692307692307693,0,0.0,1.1470588235294117,595.5882352941177,No,0.0075
PRV51281,259,89470,345.44401544401546,5020,1.393822393822394,0.0,2.664092664092664,71.18532818532819,0,259,200,3,0.007722007722007722,0,0.0,1.295,447.35,No,0.0079
PRV51282,59,77330,1310.677966101695,24000,1.8135593220338984,0.4915254237288136,146.16949152542372,71.77966101694915,8,51,51,22,0.0,0,0.13559322033898305,1.1568627450980393,1516.2745098039215,No,0.018
PRV51284,377,279860,742.3342175066313,51000,1.7135278514588859,0.259946949602122,47.89920424403183,70.89920424403184,17,360,223,10,0.0,0,0.04509283819628647,1.6905829596412556,1254.9775784753363,No,0.2003
PRV51285,168,196120,1167.3809523809523,57000,1.3869047619047619,0.6547619047619048,98.39285714285714,72.95833333333333,15,153,109,33,0.005952380952380952,0,0.08928571428571429,1.5412844036697249,1799.2660550458716,No,0.2522
PRV51286,70,145170,2073.8571428571427,33000,1.8,1.1142857142857143,233.28571428571428,75.71428571428571,15,55,62,11,0.0,0,0.21428571428571427,1.1290322580645162,2341.451612903226,No,0.049
PRV51287,78,25700,329.4871794871795,3300,1.6282051282051282,0.0,1.2820512820512822,76.43589743589743,0,78,46,3,0.0,0,0.0,1.6956521739130435,558.695652173913,No,0.0026
PRV51288,8,37360,4670.0,29000,3.25,1.25,400.5,73.5,3,5,8,5,0.0,0,0.375,1.0,4670.0,No,0.0063
PRV51289,92,46300,503.2608695652174,3300,3.032608695652174,0.0,2.608695652173913,71.41304347826087,0,92,38,2,0.010869565217391304,0,0.0,2.4210526315789473,1218.421052631579,No,0.0234
PRV51290,113,14990,132.65486725663717,1300,0.9469026548672567,0.0,2.3008849557522124,73.73451327433628,0,113,81,15,0.008849557522123894,0,0.0,1.3950617283950617,185.06172839506172,No,0.01
PRV51292,22,3970,180.45454545454547,800,3.5454545454545454,0.0,0.0,67.95454545454545,0,22,16,7,0.045454545454545456,0,0.0,1.375,248.125,No,0.0076
PRV51293,88,21200,240.9090909090909,2600,1.4090909090909092,0.0,0.22727272727272727,70.51136363636364,0,88,64,8,0.0,0,0.0,1.375,331.25,No,0.0032
PRV51295,7,1950,278.57142857142856,1200,2.857142857142857,0.0,0.0,64.71428571428571,0,7,6,4,0.0,0,0.0,1.1666666666666667,325.0,No,0.0011
PRV51296,30,38630,1287.6666666666667,17000,2.5,1.1666666666666667,109.46666666666667,74.76666666666667,3,27,27,7,0.03333333333333333,0,0.1,1.1111111111111112,1430.7407407407406,No,0.0247
PRV51297,70,77090,1101.2857142857142,18000,1.1142857142857143,0.18571428571428572,77.28571428571429,72.38571428571429,5,65,46,11,0.014285714285714285,0,0.07142857142857142,1.5217391304347827,1675.8695652173913,No,0.0279
PRV51298,100,31120,311.2,4060,1.16,0.0,5.5,71.34,0,100,53,2,0.03,0,0.0,1.8867924528301887,587.1698113207547,No,0.0076
PRV51299,37,6230,168.3783783783784,1600,2.189189189189189,0.0,0.8108108108108109,66.75675675675676,0,37,27,12,0.0,0,0.0,1.3703703703703705,230.74074074074073,No,0.0025
PRV51300,52,107540,2068.076923076923,30000,2.2115384615384617,0.4807692307692308,146.84615384615384,70.63461538461539,7,45,32,3,0.0,0,0.1346153846153846,1.625,3360.625,No,0.1287
PRV51301,112,136910,1222.4107142857142,53000,1.25,0.5178571428571429,59.982142857142854,69.72321428571429,6,106,63,8,0.0,0,0.05357142857142857,1.7777777777777777,2173.1746031746034,No,0.0768
PRV51302,43,80710,1876.9767441860465,25000,0.9534883720930233,0.9069767441860465,250.0,67.93023255813954,10,33,34,9,0.06976744186046512,0,0.23255813953488372,1.2647058823529411,2373.823529411765,No,0.0415
PRV51303,93,36110,388.2795698924731,3000,1.3118279569892473,0.0,5.483870967741935,72.48387096774194,0,93,49,5,0.021505376344086023,0,0.0,1.8979591836734695,736.9387755102041,No,0.0055
PRV51304,51,39350,771.5686274509804,25000,0.7450980392156863,0.1568627450980392,45.21568627450981,73.50980392156863,2,49,39,13,0.0196078431372549,0,0.0392156862745098,1.3076923076923077,1008.974358974359,No,0.0106
PRV51305,49,113400,2314.285714285714,35000,3.0408163265306123,1.4081632653061225,239.75510204081633,72.24489795918367,11,38,29,2,0.02040816326530612,0,0.22448979591836735,1.6896551724137931,3910.344827586207,No,0.0909
PRV51306,17,3700,217.64705882352942,1300,3.411764705882353,0.0,5.882352941176471,73.70588235294117,0,17,13,2,0.0,0,0.0,1.3076923076923077,284.61538461538464,No,0.0049
PRV51307,37,6940,187.56756756756758,2400,1.6216216216216217,0.0,2.1621621621621623,74.45945945945945,0,37,21,6,0.05405405405405406,0,0.0,1.7619047619047619,330.4761904761905,No,0.007
PRV51308,35,13790,394.0,2300,1.5714285714285714,0.0,3.7142857142857144,68.45714285714286,0,35,31,4,0.08571428571428572,0,0.0,1.1290322580645162,444.83870967741933,No,0.0045
PRV51309,18,3790,210.55555555555554,1000,0.05555555555555555,0.0,0.0,74.0,0,18,17,5,0.0,0,0.0,1.0588235294117647,222.94117647058823,No,0.002
PRV51311,21,16010,762.3809523809524,6000,3.3333333333333335,0.5714285714285714,152.57142857142858,73.04761904761905,3,18,18,9,0.047619047619047616,0,0.14285714285714285,1.1666666666666667,889.4444444444445,No,0.0059
PRV51312,46,28790,625.8695652173913,7000,2.1739130434782608,0.3695652173913043,92.8695652173913,71.73913043478261,4,42,29,13,0.06521739130434782,0,0.08695652173913043,1.5862068965517242,992.7586206896551,No,0.0288
PRV51313,19,4970,261.57894736842104,1400,0.10526315789473684,0.0,4.7368421052631575,66.26315789473684,0,19,16,6,0.0,0,0.0,1.1875,310.625,No,0.0038
PRV51314,30,6460,215.33333333333334,1100,0.8666666666666667,0.0,0.0,70.83333333333333,0,30,20,1,0.0,0,0.0,1.5,323.0,No,0.009
PRV51315,47,7210,153.40425531914894,2600,1.297872340425532,0.0,7.23404255319149,71.08510638297872,0,47,22,3,0.0851063829787234,0,0.0,2.1363636363636362,327.72727272727275,No,0.0125
PRV51316,3,21000,7000.0,12000,9.333333333333334,9.333333333333334,1068.0,78.66666666666667,3,0,3,1,0.0,0,1.0,1.0,7000.0,No,0.002
PRV51318,3,13000,4333.333333333333,6000,3.6666666666666665,3.6666666666666665,1068.0,78.66666666666667,3,0,3,1,0.0,0,1.0,1.0,4333.333333333333,No,0.0013
PRV51322,12,850,70.83333333333333,200,0.08333333333333333,0.0,0.0,69.41666666666667,0,12,11,1,0.0,0,0.0,1.0909090909090908,77.27272727272727,No,0.001
PRV51323,76,20860,274.4736842105263,7500,0.8947368421052632,0.0,4.2105263157894735,69.5,0,76,32,2,0.0,0,0.0,2.375,651.875,No,0.006
PRV51324,28,9330,333.2142857142857,3300,0.9285714285714286,0.0,0.0,70.14285714285714,0,28,25,2,0.0,0,0.0,1.12,373.2,No,0.0032
PRV51325,15,15140,1009.3333333333334,3300,4.466666666666667,0.0,0.0,69.13333333333334,0,15,5,1,0.0,0,0.0,3.0,3028.0,No,0.0042
PRV51326,44,14000,318.1818181818182,3300,2.4545454545454546,0.0,2.0454545454545454,68.77272727272727,0,44,22,2,0.0,0,0.0,2.0,636.3636363636364,No,0.0022
PRV51327,41,8990,219.26829268292684,3100,0.5609756097560976,0.0,3.658536585365854,74.8048780487805,0,41,27,1,0.0,0,0.0,1.5185185185185186,332.962962962963,No,0.01
PRV51328,7,550,78.57142857142857,200,0.14285714285714285,0.0,0.0,69.57142857142857,0,7,5,2,0.0,0,0.0,1.4,110.0,No,0.0034
PRV51329,74,19360,261.6216216216216,3000,1.5945945945945945,0.0,3.2432432432432434,67.04054054054055,0,74,28,3,0.06756756756756757,0,0.0,2.642857142857143,691.4285714285714,No,0.0039
PRV51330,19,3810,200.52631578947367,500,1.4210526315789473,0.0,1.0526315789473684,76.84210526315789,0,19,9,1,0.0,0,0.0,2.111111111111111,423.3333333333333,No,0.0026
PRV51331,5,320,64.0,100,0.0,0.0,8.0,72.0,0,5,4,1,0.0,0,0.0,1.25,80.0,No,0.0047
PRV51334,2,15000,7500.0,10000,4.5,4.5,1068.0,56.5,2,0,2,1,0.0,0,1.0,1.0,7500.0,No,0.0015
PRV51335,142,46080,324.50704225352115,3300,1.9295774647887325,0.0,2.816901408450704,76.85211267605634,0,142,92,17,0.007042253521126761,0,0.0,1.5434782608695652,500.8695652173913,No,0.0074
PRV51336,69,129450,1876.0869565217392,28000,2.550724637681159,0.855072463768116,155.07246376811594,71.28985507246377,10,59,69,39,0.028985507246376812,0,0.14492753623188406,1.0,1876.0869565217392,No,0.0493
PRV51337,168,379100,2256.5476190476193,49000,2.1964285714285716,1.2083333333333333,249.71428571428572,73.00595238095238,40,128,155,72,0.023809523809523808,1,0.23809523809523808,1.0838709677419356,2445.8064516129034,Yes,0.6591
PRV51338,128,113860,889.53125,18000,1.6875,0.296875,61.921875,74.984375,7,121,124,83,0.0078125,1,0.0546875,1.032258064516129,918.2258064516129,Yes,0.2057
PRV51340,151,43210,286.158940397351,3010,1.7417218543046358,0.0,0.06622516556291391,75.04635761589404,0,151,141,80,0.0,0,0.0,1.070921985815603,306.45390070921985,No,0.0026
PRV51341,71,14530,204.64788732394365,2800,2.408450704225352,0.0,0.9859154929577465,73.5774647887324,0,71,70,53,0.028169014084507043,0,0.0,1.0142857142857142,207.57142857142858,No,0.0046
PRV51342,207,356780,1723.574879227053,57000,1.9758454106280192,0.8357487922705314,141.8647342995169,74.14492753623189,28,179,179,31,0.024154589371980676,0,0.13526570048309178,1.1564245810055866,1993.1843575418995,No,0.6249
PRV51344,33,26250,795.4545454545455,10000,2.1818181818181817,0.36363636363636365,64.72727272727273,73.42424242424242,2,31,33,18,0.0,0,0.06060606060606061,1.0,795.4545454545455,No,0.0052
PRV51345,49,15120,308.57142857142856,3200,2.4285714285714284,0.0,4.489795918367347,71.61224489795919,0,49,47,12,0.0,0,0.0,1.0425531914893618,321.70212765957444,No,0.0025
PRV51346,266,104490,392.81954887218046,15000,1.3082706766917294,0.07894736842105263,21.8796992481203,73.26315789473684,5,261,246,96,0.011278195488721804,0,0.018796992481203006,1.08130081300813,424.7560975609756,No,0.0134
PRV51347,2067,596900,288.7760038703435,13800,1.2520561199806484,0.0,2.4625060474117078,72.94823415578132,0,2067,947,5,0.012094823415578132,1,0.0,2.1826821541710664,630.3062302006335,Yes,0.9745
PRV51348,55,152330,2769.6363636363635,28000,4.218181818181818,1.5636363636363637,371.6727272727273,74.36363636363636,19,36,54,42,0.0,0,0.34545454545454546,1.0185185185185186,2820.925925925926,No,0.105
PRV51349,30,40480,1349.3333333333333,14000,3.1,2.033333333333333,180.33333333333334,75.86666666666666,5,25,28,23,0.0,0,0.16666666666666666,1.0714285714285714,1445.7142857142858,No,0.0471
PRV51350,239,213380,892.8033472803347,13000,1.493723849372385,0.39330543933054396,97.14644351464435,74.91213389121339,21,218,232,128,0.0041841004184100415,0,0.08786610878661087,1.0301724137931034,919.7413793103449,No,0.0574
PRV51351,32,10840,338.75,3300,3.03125,0.0,0.0,75.59375,0,32,32,17,0.0,0,0.0,1.0,338.75,No,0.0024
PRV51352,4,5900,1475.0,2600,6.25,0.0,0.0,84.0,0,4,4,3,0.0,0,0.0,1.0,1475.0,No,0.0019
PRV51353,18,51210,2845.0,14000,3.3333333333333335,1.5,299.44444444444446,69.88888888888889,5,13,17,12,0.0,0,0.2777777777777778,1.0588235294117647,3012.3529411764707,No,0.1089
PRV51354,4,10440,2610.0,10000,9.25,4.25,0.0,73.25,1,3,4,4,0.0,0,0.25,1.0,2610.0,No,0.0034
PRV51355,74,145060,1960.2702702702702,25000,2.175675675675676,0.8648648648648649,219.59459459459458,73.70270270270271,15,59,69,24,0.0,0,0.20270270270270271,1.0724637681159421,2102.31884057971,No,0.0858
PRV51356,95,187800,1976.842105263158,39000,1.3157894736842106,0.7473684210526316,181.66315789473686,73.26315789473684,17,78,91,36,0.010526315789473684,0,0.17894736842105263,1.043956043956044,2063.736263736264,No,0.0736
PRV51357,161,205130,1274.0993788819876,33000,1.763975155279503,0.6211180124223602,80.34782608695652,72.32298136645963,13,148,149,86,0.006211180124223602,1,0.08074534161490683,1.080536912751678,1376.711409395973,Yes,0.5654
PRV51358,17,61210,3600.5882352941176,16000,1.1764705882352942,1.1764705882352942,443.29411764705884,78.58823529411765,7,10,17,13,0.0,0,0.4117647058823529,1.0,3600.5882352941176,No,0.0166
PRV51360,29,94230,3249.310344827586,32000,2.896551724137931,1.3448275862068966,336.62068965517244,70.51724137931035,9,20,29,21,0.034482758620689655,0,0.3103448275862069,1.0,3249.310344827586,No,0.0416
PRV51361,32,7870,245.9375,2800,0.6875,0.0,4.0625,79.5625,0,32,32,19,0.0,0,0.0,1.0,245.9375,No,0.0034
PRV51362,44,151320,3439.090909090909,57000,2.1136363636363638,0.6590909090909091,145.63636363636363,76.9090909090909,6,38,44,23,0.022727272727272728,0,0.13636363636363635,1.0,3439.090909090909,No,0.0698
PRV51363,3,150,50.0,100,0.3333333333333333,0.0,0.0,78.33333333333333,0,3,3,3,0.0,0,0.0,1.0,50.0,No,0.0019
PRV51364,23,55830,2427.391304347826,18000,1.608695652173913,0.8260869565217391,282.95652173913044,71.56521739130434,6,17,23,13,0.0,0,0.2608695652173913,1.0,2427.391304347826,No,0.0264
PRV51366,57,18340,321.7543859649123,4100,0.8596491228070176,0.0,3.1578947368421053,68.73684210526316,0,57,53,12,0.0,0,0.0,1.0754716981132075,346.0377358490566,No,0.007
PRV51368,4,570,142.5,300,3.25,0.0,15.0,69.5,0,4,4,3,0.0,0,0.0,1.0,142.5,No,0.0018
PRV51369,2083,601910,288.96303408545367,6060,1.5885741718674988,0.0,3.014882381180989,73.54632741238598,0,2083,963,3,0.007681228996639462,1,0.0,2.1630321910695742,625.036344755971,Yes,0.9667
PRV51371,46,93130,2024.5652173913043,13000,2.0217391304347827,1.1521739130434783,256.4782608695652,74.45652173913044,11,35,45,22,0.021739130434782608,0,0.2391304347826087,1.0222222222222221,2069.5555555555557,No,0.0164
PRV51376,51,19420,380.7843137254902,6000,1.8823529411764706,0.0,1.7647058823529411,74.17647058823529,0,51,48,23,0.0,0,0.0,1.0625,404.5833333333333,No,0.001
PRV51377,95,123950,1304.7368421052631,57000,1.5789473684210527,0.21052631578947367,38.252631578947366,72.63157894736842,3,92,94,47,0.010526315789473684,0,0.031578947368421054,1.0106382978723405,1318.6170212765958,No,0.0644
PRV51378,161,1215370,7548.88198757764,57000,4.484472049689441,4.031055900621118,696.7701863354038,72.67701863354037,108,53,133,42,0.006211180124223602,1,0.6708074534161491,1.2105263157894737,9138.12030075188,Yes,0.9877
PRV51379,22,19340,879.0909090909091,10000,0.22727272727272727,0.22727272727272727,98.0,71.31818181818181,2,20,22,21,0.0,0,0.09090909090909091,1.0,879.0909090909091,No,0.0045
PRV51380,8,51560,6445.0,25000,2.25,2.125,534.0,74.75,4,4,8,8,0.0,0,0.5,1.0,6445.0,No,0.0177
PRV51382,16,6840,427.5,5300,2.6875,0.0,5.625,72.1875,0,16,16,8,0.0,0,0.0,1.0,427.5,No,0.002
PRV51383,77,108490,1408.9610389610389,32000,1.7142857142857142,0.35064935064935066,126.12987012987013,72.32467532467533,9,68,77,29,0.0,0,0.11688311688311688,1.0,1408.9610389610389,No,0.0379
PRV51386,382,99320,260.0,3300,1.450261780104712,0.0,3.481675392670157,73.81413612565446,0,382,274,18,0.010471204188481676,0,0.0,1.3941605839416058,362.48175182481754,No,0.0197
PRV51387,59,114420,1939.322033898305,21000,1.2881355932203389,0.7288135593220338,235.66101694915255,72.61016949152543,13,46,51,22,0.01694915254237288,0,0.22033898305084745,1.1568627450980393,2243.529411764706,No,0.0423
PRV51388,86,191010,2221.046511627907,57000,2.4186046511627906,1.0,177.0,69.38372093023256,14,72,81,35,0.011627906976744186,0,0.16279069767441862,1.0617283950617284,2358.1481481481483,No,0.1921
PRV51389,79,153470,1942.6582278481012,19000,2.3037974683544302,1.1518987341772151,244.1012658227848,72.37974683544304,18,61,77,46,0.0,0,0.22784810126582278,1.025974025974026,1993.1168831168832,No,0.0306
PRV51390,275,1607260,5844.581818181819,57000,4.330909090909091,3.5745454545454547,629.7672727272727,73.14181818181818,164,111,253,71,0.014545454545454545,1,0.5963636363636363,1.0869565217391304,6352.806324110672,Yes,0.9744
PRV51391,177,144400,815.819209039548,17300,1.4519774011299436,0.423728813559322,73.9322033898305,72.84180790960453,13,164,166,70,0.005649717514124294,0,0.07344632768361582,1.0662650602409638,869.8795180722891,No,0.0614
PRV51392,17,1660,97.6470588235294,500,1.7058823529411764,0.0,2.9411764705882355,77.05882352941177,0,17,15,9,0.0,0,0.0,1.1333333333333333,110.66666666666667,No,0.0012
PRV51393,910,906370,996.010989010989,94000,1.589010989010989,0.45164835164835165,78.49450549450549,74.83736263736263,68,842,329,15,0.005494505494505495,1,0.07472527472527472,2.765957446808511,2754.9240121580547,Yes,0.8578
PRV51394,4,460,115.0,400,0.0,0.0,0.0,72.5,0,4,4,3,0.0,0,0.0,1.0,115.0,No,0.0008
PRV51395,20,10400,520.0,3300,2.5,0.0,0.0,71.4,0,20,20,5,0.0,0,0.0,1.0,520.0,No,0.0019
PRV51396,44,17520,398.1818181818182,6000,1.75,0.2727272727272727,72.81818181818181,72.95454545454545,3,41,43,26,0.045454545454545456,0,0.06818181818181818,1.0232558139534884,407.4418604651163,No,0.002
PRV51397,40,17870,446.75,3300,0.75,0.0,0.0,75.375,0,40,40,30,0.0,0,0.0,1.0,446.75,No,0.0043
PRV51398,86,31040,360.93023255813955,4000,1.3953488372093024,0.046511627906976744,14.395348837209303,75.06976744186046,1,85,59,15,0.0,0,0.011627906976744186,1.4576271186440677,526.1016949152543,No,0.0058
PRV51399,211,845070,4005.071090047393,103000,2.5165876777251186,1.8056872037914693,329.13744075829385,71.92417061611374,65,146,199,57,0.004739336492890996,1,0.3080568720379147,1.0603015075376885,4246.582914572864,Yes,0.9072
PRV51401,42,91520,2179.0476190476193,27000,3.357142857142857,1.380952380952381,181.57142857142858,69.64285714285714,8,34,42,34,0.0,1,0.19047619047619047,1.0,2179.0476190476193,Yes,0.3056
PRV51403,114,277010,2429.9122807017543,57000,1.7719298245614035,0.6052631578947368,97.80701754385964,73.87719298245614,10,104,101,39,0.008771929824561403,0,0.08771929824561403,1.1287128712871286,2742.6732673267325,No,0.2501
PRV51404,59,29350,497.45762711864404,12000,1.3220338983050848,0.1016949152542373,23.1864406779661,72.59322033898304,1,58,59,37,0.01694915254237288,0,0.01694915254237288,1.0,497.45762711864404,No,0.0081
PRV51405,49,23710,483.8775510204082,5000,0.7959183673469388,0.14285714285714285,43.59183673469388,70.73469387755102,2,47,47,19,0.0,0,0.04081632653061224,1.0425531914893618,504.468085106383,No,0.0156
PRV51406,29,104260,3595.1724137931033,46000,3.0,1.206896551724138,257.7931034482759,71.82758620689656,8,21,29,19,0.0,0,0.27586206896551724,1.0,3595.1724137931033,No,0.0635
PRV51408,15,1390,92.66666666666667,600,0.3333333333333333,0.0,0.0,75.4,0,15,15,11,0.0,0,0.0,1.0,92.66666666666667,No,0.0011
PRV51409,4,300,75.0,100,0.0,0.0,0.0,58.5,0,4,4,4,0.0,0,0.0,1.0,75.0,No,0.001
PRV51410,628,177550,282.7229299363057,8010,1.4426751592356688,0.0,3.0573248407643314,74.73726114649682,0,628,186,8,0.01910828025477707,1,0.0,3.3763440860215055,954.5698924731183,Yes,0.7524
PRV51412,5,440,88.0,200,0.0,0.0,0.0,84.6,0,5,5,5,0.0,0,0.0,1.0,88.0,No,0.0032
PRV51414,28,30230,1079.642857142857,17000,1.6428571428571428,0.6428571428571429,114.42857142857143,71.35714285714286,3,25,28,9,0.0,0,0.10714285714285714,1.0,1079.642857142857,No,0.0065
PRV51415,51,63690,1248.8235294117646,10000,2.6470588235294117,0.5882352941176471,147.9607843137255,71.72549019607843,7,44,50,33,0.0,0,0.13725490196078433,1.02,1273.8,No,0.0268
PRV51416,81,25640,316.5432098765432,2300,2.6419753086419755,0.0,3.45679012345679,71.92592592592592,0,81,79,1,0.012345679012345678,0,0.0,1.0253164556962024,324.55696202531647,No,0.0014
PRV51418,61,189340,3103.934426229508,35000,3.4098360655737703,2.0163934426229506,303.04918032786884,71.50819672131148,17,44,61,39,0.01639344262295082,0,0.2786885245901639,1.0,3103.934426229508,No,0.2766
PRV51419,65,31250,480.7692307692308,11000,1.7076923076923076,0.07692307692307693,33.784615384615385,75.04615384615384,2,63,64,40,0.0,0,0.03076923076923077,1.015625,488.28125,No,0.0059
PRV51421,139,884780,6365.323741007194,57000,4.676258992805756,3.6690647482014387,638.8776978417267,73.20863309352518,84,55,135,40,0.0,1,0.60431654676259,1.0296296296296297,6553.925925925926,Yes,0.8907
PRV51422,25,48930,1957.2,15000,5.8,0.4,175.28,74.8,4,21,25,15,0.0,0,0.16,1.0,1957.2,No,0.0486
PRV51423,1,50,50.0,50,0.0,0.0,100.0,98.0,0,1,1,1,0.0,0,0.0,1.0,50.0,No,0.0175
PRV51424,86,29670,345.0,6000,1.2674418604651163,0.03488372093023256,15.674418604651162,73.15116279069767,1,85,82,34,0.0,0,0.011627906976744186,1.048780487804878,361.8292682926829,No,0.0037
PRV51425,33,25990,787.5757575757576,5700,1.1515151515151516,0.30303030303030304,97.0909090909091,72.60606060606061,3,30,33,14,0.0,0,0.09090909090909091,1.0,787.5757575757576,No,0.0035
PRV51426,206,145100,704.3689320388349,49000,1.1359223300970873,0.19902912621359223,33.8252427184466,72.00485436893204,6,200,91,30,0.014563106796116505,1,0.02912621359223301,2.2637362637362637,1594.5054945054944,Yes,0.7067
PRV51427,58,58770,1013.2758620689655,11000,1.9137931034482758,0.39655172413793105,95.0,71.98275862068965,5,53,56,25,0.0,0,0.08620689655172414,1.0357142857142858,1049.4642857142858,No,0.0168
PRV51428,66,48040,727.8787878787879,11000,1.2121212121212122,0.18181818181818182,65.93939393939394,75.1969696969697,4,62,66,44,0.0,0,0.06060606060606061,1.0,727.8787878787879,No,0.0197
PRV51429,10,1100,110.0,500,0.0,0.0,0.0,66.1,0,10,10,9,0.0,0,0.0,1.0,110.0,No,0.0006
PRV51430,112,213700,1908.0357142857142,37000,1.6517857142857142,0.6607142857142857,157.57142857142858,75.15178571428571,17,95,101,35,0.0,0,0.15178571428571427,1.108910891089109,2115.841584158416,No,0.1472
PRV51431,49,236720,4831.0204081632655,23000,5.448979591836735,3.163265306122449,529.2244897959183,75.63265306122449,25,24,42,15,0.0,0,0.5102040816326531,1.1666666666666667,5636.190476190476,No,0.2239
PRV51432,23,59270,2576.9565217391305,24000,0.8260869565217391,0.7391304347826086,331.1304347826087,71.21739130434783,7,16,23,19,0.0,0,0.30434782608695654,1.0,2576.9565217391305,No,0.0264
PRV51433,1610,454630,282.37888198757764,3300,1.5627329192546584,0.0,2.900621118012422,73.05714285714286,0,1610,862,5,0.0068322981366459624,1,0.0,1.8677494199535962,527.4129930394431,Yes,0.9122
PRV51434,102,280490,2749.901960784314,53000,1.9411764705882353,1.4215686274509804,243.5686274509804,73.38235294117646,24,78,97,50,0.0196078431372549,1,0.23529411764705882,1.0515463917525774,2891.6494845360826,Yes,0.6399
PRV51435,23,33620,1461.7391304347825,10000,1.434782608695652,0.5652173913043478,278.60869565217394,76.78260869565217,6,17,23,15,0.0,0,0.2608695652173913,1.0,1461.7391304347825,No,0.0107
PRV51436,120,193410,1611.75,25000,2.033333333333333,1.025,226.41666666666666,74.70833333333333,25,95,116,80,0.0,0,0.20833333333333334,1.0344827586206897,1667.3275862068965,No,0.1278
PRV51437,2,880,440.0,800,0.0,0.0,0.0,75.0,0,2,2,2,0.0,0,0.0,1.0,440.0,No,0.0015
PRV51438,9,19510,2167.777777777778,9000,5.0,1.0,237.33333333333334,73.33333333333333,2,7,9,7,0.0,0,0.2222222222222222,1.0,2167.777777777778,No,0.0025
PRV51439,42,15040,358.0952380952381,3300,0.38095238095238093,0.0,5.0,75.78571428571429,0,42,41,25,0.023809523809523808,0,0.0,1.024390243902439,366.8292682926829,No,0.0079
PRV51440,71,106380,1498.3098591549297,20000,2.4788732394366195,0.6619718309859155,91.66197183098592,76.59154929577464,7,64,71,26,0.014084507042253521,0,0.09859154929577464,1.0,1498.3098591549297,No,0.0498
PRV51441,85,29130,342.70588235294116,3300,1.8235294117647058,0.0,3.411764705882353,74.4235294117647,0,85,79,24,0.0,0,0.0,1.0759493670886076,368.73417721518985,No,0.0017
PRV51442,6,25970,4328.333333333333,21000,1.3333333333333333,1.3333333333333333,356.0,77.16666666666667,2,4,6,4,0.0,0,0.3333333333333333,1.0,4328.333333333333,No,0.0031
PRV51443,73,33900,464.3835616438356,8000,1.6575342465753424,0.1232876712328767,33.23287671232877,72.46575342465754,2,71,72,27,0.0273972602739726,0,0.0273972602739726,1.0138888888888888,470.8333333333333,No,0.0042
PRV51444,42,73920,1760.0,36000,2.6904761904761907,0.4523809523809524,101.71428571428571,72.38095238095238,4,38,40,31,0.0,0,0.09523809523809523,1.05,1848.0,No,0.033
PRV51446,24,97390,4057.9166666666665,21000,2.6666666666666665,2.5833333333333335,489.5,71.54166666666667,12,12,24,20,0.0,0,0.5,1.0,4057.9166666666665,No,0.0325
PRV51447,89,269390,3026.85393258427,78000,2.202247191011236,1.2247191011235956,194.58426966292134,72.61797752808988,16,73,80,77,0.056179775280898875,1,0.1797752808988764,1.1125,3367.375,Yes,0.8084
PRV51448,51,115550,2265.6862745098038,30000,1.9019607843137254,0.9411764705882353,230.35294117647058,72.72549019607843,11,40,47,37,0.0196078431372549,0,0.21568627450980393,1.0851063829787233,2458.5106382978724,No,0.0508
PRV51449,17,69780,4104.705882352941,13000,3.0,2.823529411764706,502.5882352941176,72.3529411764706,9,8,17,14,0.0,0,0.5294117647058824,1.0,4104.705882352941,No,0.0185
PRV51451,6,1170,195.0,800,6.666666666666667,0.0,0.0,71.0,0,6,6,4,0.0,0,0.0,1.0,195.0,No,0.0012
PRV51453,12,7080,590.0,3300,0.6666666666666666,0.0,8.333333333333334,76.5,0,12,12,11,0.0,0,0.0,1.0,590.0,No,0.0054
PRV51454,34,10630,312.6470588235294,2700,2.735294117647059,0.0,4.117647058823529,77.05882352941177,0,34,32,19,0.08823529411764706,0,0.0,1.0625,332.1875,No,0.0044
PRV51455,34,113650,3342.6470588235293,38000,2.5588235294117645,1.9411764705882353,284.1764705882353,71.6470588235294,9,25,34,26,0.0,0,0.2647058823529412,1.0,3342.6470588235293,No,0.0958
PRV51456,135,1038990,7696.222222222223,57000,4.940740740740741,4.866666666666666,870.2222222222222,73.8,112,23,124,10,0.0,0,0.8296296296296296,1.0887096774193548,8378.951612903225,No,0.9473
PRV51458,56,12440,222.14285714285714,3010,0.16071428571428573,0.0,4.285714285714286,74.10714285714286,0,56,55,32,0.017857142857142856,0,0.0,1.018181818181818,226.1818181818182,No,0.0035
PRV51459,8240,2321890,281.78276699029124,7030,1.4007281553398059,0.0,2.7657766990291264,74.00618932038834,0,8240,2857,8,0.006310679611650485,1,0.0,2.8841442072103605,812.7021351067553,Yes,0.9764
PRV51460,452,334480,740.0,57000,1.3539823008849559,0.24778761061946902,42.80088495575221,73.04203539823008,17,435,413,65,0.0022123893805309734,0,0.03761061946902655,1.0944309927360776,809.8789346246973,No,0.1156
PRV51462,30,9430,314.3333333333333,2500,1.2333333333333334,0.0,0.0,76.36666666666666,0,30,29,14,0.03333333333333333,0,0.0,1.0344827586206897,325.17241379310343,No,0.0029
PRV51464,145,38530,265.7241379310345,3300,0.8482758620689655,0.0,2.206896551724138,74.51724137931035,0,145,143,86,0.0,0,0.0,1.013986013986014,269.44055944055947,No,0.0025
PRV51465,7,3900,557.1428571428571,3000,3.0,0.42857142857142855,152.57142857142858,67.85714285714286,1,6,7,7,0.0,0,0.14285714285714285,1.0,557.1428571428571,No,0.0012
PRV51466,74,57860,781.8918918918919,22000,3.391891891891892,0.3918918918918919,74.32432432432432,76.43243243243244,5,69,71,46,0.0,0,0.06756756756756757,1.0422535211267605,814.9295774647887,No,0.0545
PRV51467,25,74260,2970.4,44000,2.04,2.0,256.32,72.24,7,18,25,13,0.0,0,0.28,1.0,2970.4,No,0.0469
PRV51468,159,138670,872.1383647798742,14000,1.440251572327044,0.39622641509433965,95.9245283018868,72.9748427672956,15,144,151,68,0.018867924528301886,0,0.09433962264150944,1.0529801324503312,918.3443708609271,No,0.0228
PRV51469,28,9350,333.92857142857144,3100,1.0,0.0,0.0,75.35714285714286,0,28,28,21,0.0,0,0.0,1.0,333.92857142857144,No,0.0064
PRV51470,27,35590,1318.148148148148,11000,2.1481481481481484,0.37037037037037035,118.66666666666667,72.33333333333333,3,24,27,16,0.0,0,0.1111111111111111,1.0,1318.148148148148,No,0.0062
PRV51471,180,1602210,8901.166666666666,81000,4.883333333333334,4.727777777777778,925.6,73.49444444444444,161,19,173,17,0.005555555555555556,1,0.8944444444444445,1.0404624277456647,9261.329479768787,Yes,0.9609
PRV51472,16,2170,135.625,500,2.1875,0.0,12.5,74.375,0,16,16,9,0.0,0,0.0,1.0,135.625,No,0.0013
PRV51474,71,411260,5792.394366197183,25000,3.295774647887324,2.6901408450704225,602.6760563380282,70.08450704225352,41,30,65,16,0.014084507042253521,0,0.5774647887323944,1.0923076923076922,6327.076923076923,No,0.2625
PRV51475,43,73130,1700.6976744186047,12000,2.2093023255813953,1.0,274.13953488372096,72.48837209302326,11,32,42,23,0.023255813953488372,0,0.2558139534883721,1.0238095238095237,1741.1904761904761,No,0.0091
PRV51476,18,20180,1121.111111111111,7000,2.111111111111111,0.9444444444444444,181.88888888888889,73.22222222222223,3,15,18,13,0.05555555555555555,0,0.16666666666666666,1.0,1121.111111111111,No,0.003
PRV51477,22,9940,451.8181818181818,3300,1.5909090909090908,0.0,0.0,72.5,0,22,22,11,0.045454545454545456,0,0.0,1.0,451.8181818181818,No,0.0015
PRV51478,17,3930,231.1764705882353,1200,4.411764705882353,0.0,1.1764705882352942,71.29411764705883,0,17,16,10,0.0,0,0.0,1.0625,245.625,No,0.0017
PRV51479,228,134630,590.4824561403509,15000,1.9035087719298245,0.21929824561403508,63.70175438596491,72.6359649122807,13,215,217,64,0.008771929824561403,0,0.05701754385964912,1.0506912442396312,620.4147465437788,No,0.0713
PRV51480,1924,557880,289.95841995841994,10500,1.5602910602910602,0.0,2.8482328482328483,73.03742203742203,0,1924,759,5,0.010395010395010396,1,0.0,2.5349143610013174,735.0197628458498,Yes,0.9629
PRV51482,91,218470,2400.769230769231,99000,1.4725274725274726,0.7582417582417582,130.1978021978022,75.2967032967033,11,80,90,60,0.02197802197802198,1,0.12087912087912088,1.011111111111111,2427.4444444444443,Yes,0.2549
PRV51483,77,60400,784.4155844155844,17000,1.12987012987013,0.23376623376623376,70.51948051948052,74.33766233766234,6,71,75,45,0.012987012987012988,0,0.07792207792207792,1.0266666666666666,805.3333333333334,No,0.0101
PRV51484,86,23570,274.06976744186045,5000,0.7906976744186046,0.08139534883720931,26.0,71.72093023255815,2,84,75,29,0.0,0,0.023255813953488372,1.1466666666666667,314.26666666666665,No,0.0016
PRV51486,214,53660,250.74766355140187,3300,0.9252336448598131,0.0,2.102803738317757,75.71028037383178,0,214,132,16,0.004672897196261682,0,0.0,1.621212121212121,406.5151515151515,No,0.0153
PRV51487,13,9240,710.7692307692307,3300,0.0,0.0,4.615384615384615,72.15384615384616,0,13,12,8,0.0,0,0.0,1.0833333333333333,770.0,No,0.0045
PRV51488,272,108930,400.4779411764706,10000,1.625,0.04044117647058824,13.838235294117647,73.8125,3,269,260,119,0.011029411764705883,0,0.011029411764705883,1.0461538461538462,418.96153846153845,No,0.0176
PRV51490,64,442070,6907.34375,57000,4.046875,3.671875,801.0,72.015625,48,16,56,10,0.0,1,0.75,1.1428571428571428,7894.107142857143,Yes,0.6117
PRV51491,71,67480,950.4225352112676,11000,2.1549295774647885,0.323943661971831,108.95774647887323,72.64788732394366,8,63,63,39,0.0,0,0.11267605633802817,1.126984126984127,1071.111111111111,No,0.0131
PRV51492,81,150550,1858.641975308642,23000,2.0864197530864197,0.8271604938271605,173.1358024691358,73.98765432098766,14,67,80,47,0.012345679012345678,0,0.1728395061728395,1.0125,1881.875,No,0.0344
PRV51494,38,17450,459.2105263157895,3300,1.3421052631578947,0.0,2.1052631578947367,73.73684210526316,0,38,37,25,0.0,0,0.0,1.027027027027027,471.6216216216216,No,0.0024
PRV51495,141,845690,5997.801418439716,57000,4.950354609929078,3.9645390070921986,666.5531914893617,73.8936170212766,90,51,127,32,0.014184397163120567,1,0.6382978723404256,1.110236220472441,6658.976377952756,Yes,0.8933
PRV51496,123,29250,237.8048780487805,2100,1.1382113821138211,0.0,4.308943089430894,71.34959349593495,0,123,105,5,0.008130081300813009,0,0.0,1.1714285714285715,278.57142857142856,No,0.003
PRV51497,15,104190,6946.0,57000,2.7333333333333334,1.6666666666666667,284.8,74.4,4,11,15,13,0.06666666666666667,0,0.26666666666666666,1.0,6946.0,No,0.0651
PRV51499,474,137840,290.80168776371306,14000,1.4831223628691983,0.010548523206751054,7.037974683544304,74.31645569620254,2,472,341,6,0.004219409282700422,0,0.004219409282700422,1.3900293255131966,404.2228739002933,No,0.0208
PRV51500,8,1100,137.5,500,0.0,0.0,1.25,77.5,0,8,8,5,0.0,0,0.0,1.0,137.5,No,0.0009
PRV51501,233,2071310,8889.742489270386,57000,5.459227467811159,5.4334763948497855,994.9184549356223,74.82403433476395,223,10,217,12,0.004291845493562232,1,0.9570815450643777,1.0737327188940091,9545.207373271889,Yes,0.9253
PRV51502,31,8390,270.64516129032256,2500,3.838709677419355,0.0,0.0,74.87096774193549,0,31,31,22,0.0,0,0.0,1.0,270.64516129032256,No,0.0008
PRV51503,57,24070,422.280701754386,5200,1.1754385964912282,0.0,0.7017543859649122,74.64912280701755,0,57,52,8,0.0,0,0.0,1.0961538461538463,462.88461538461536,No,0.0029
PRV51504,128,35290,275.703125,3300,1.546875,0.0,3.4375,73.71875,0,128,123,56,0.0078125,0,0.0,1.0406504065040652,286.9105691056911,No,0.0034
PRV51505,15,2430,162.0,900,0.26666666666666666,0.0,2.6666666666666665,73.33333333333333,0,15,15,15,0.0,0,0.0,1.0,162.0,No,0.0007
PRV51507,1013,337340,333.01085883514315,15000,1.3840078973346495,0.04837117472852912,9.070088845014807,72.52517275419545,6,1007,726,84,0.0029615004935834156,1,0.005923000987166831,1.3953168044077136,464.6556473829201,Yes,0.5047
PRV51508,202,239050,1183.4158415841584,39000,1.7079207920792079,0.21287128712871287,63.94059405940594,71.0990099009901,12,190,191,99,0.0,0,0.0594059405940594,1.057591623036649,1251.5706806282722,No,0.1873
PRV51509,1030,322130,312.747572815534,5100,1.4893203883495145,0.0,2.7572815533980584,72.8747572815534,0,1030,493,3,0.006796116504854369,0,0.0,2.0892494929006085,653.4077079107506,No,0.0607
PRV51510,57,20020,351.2280701754386,2300,2.5789473684210527,0.0,3.8596491228070176,70.3157894736842,0,57,52,13,0.017543859649122806,0,0.0,1.0961538461538463,385.0,No,0.0033
PRV51511,16,8760,547.5,2500,1.5,0.0,2.5,73.75,0,16,16,13,0.0625,0,0.0,1.0,547.5,No,0.002
PRV51514,93,239220,2572.2580645161293,46000,2.89247311827957,1.4838709677419355,241.48387096774192,75.93548387096774,21,72,88,57,0.021505376344086023,0,0.22580645161290322,1.0568181818181819,2718.409090909091,No,0.2492
PRV51515,48,52800,1100.0,16000,2.5,1.1458333333333333,90.66666666666667,71.79166666666667,5,43,48,30,0.0,0,0.10416666666666667,1.0,1100.0,No,0.0196
PRV51516,40,33260,831.5,15000,1.225,0.225,80.6,67.45,3,37,39,25,0.0,0,0.075,1.0256410256410255,852.8205128205128,No,0.0054
PRV51517,11,5990,544.5454545454545,3300,1.9090909090909092,0.0,13.636363636363637,75.0,0,11,11,2,0.0,0,0.0,1.0,544.5454545454545,No,0.0013
PRV51518,53,43920,828.6792452830189,19000,0.7735849056603774,0.49056603773584906,110.56603773584905,75.9245283018868,5,48,48,14,0.03773584905660377,0,0.09433962264150944,1.1041666666666667,915.0,No,0.0161
PRV51521,46,8070,175.43478260869566,1900,0.4782608695652174,0.0,2.1739130434782608,70.6304347826087,0,46,39,1,0.08695652173913043,0,0.0,1.1794871794871795,206.92307692307693,No,0.0062
PRV51522,190,206780,1088.3157894736842,34000,2.168421052631579,0.34210526315789475,71.08421052631579,72.38947368421053,12,178,169,72,0.021052631578947368,0,0.06315789473684211,1.1242603550295858,1223.5502958579882,No,0.2545
PRV51523,65,733810,11289.384615384615,57000,5.138461538461539,5.138461538461539,952.9846153846154,73.8923076923077,60,5,65,8,0.0,0,0.9230769230769231,1.0,11289.384615384615,No,0.4957
PRV51525,61,75770,1242.1311475409836,21000,2.3114754098360657,0.6885245901639344,89.67213114754098,72.73770491803279,5,56,61,45,0.01639344262295082,0,0.08196721311475409,1.0,1242.1311475409836,No,0.0325
PRV51526,20,43150,2157.5,13000,3.5,1.45,373.8,73.75,7,13,20,18,0.0,0,0.35,1.0,2157.5,No,0.0332
PRV51527,41,12410,302.6829268292683,2000,1.170731707317073,0.0,2.926829268292683,72.41463414634147,0,41,40,26,0.0,0,0.0,1.025,310.25,No,0.0011
PRV51528,17,6670,392.3529411764706,3200,1.1764705882352942,0.0,0.0,74.29411764705883,0,17,17,11,0.0,0,0.0,1.0,392.3529411764706,No,0.0011
PRV51529,23,5800,252.17391304347825,1500,0.8695652173913043,0.0,3.4782608695652173,76.26086956521739,0,23,23,18,0.0,0,0.0,1.0,252.17391304347825,No,0.0023
PRV51531,34,9870,290.29411764705884,3300,1.9705882352941178,0.0,4.117647058823529,71.67647058823529,0,34,23,21,0.0,0,0.0,1.4782608695652173,429.1304347826087,No,0.0018
PRV51532,32,70930,2216.5625,18000,3.34375,1.71875,206.5,71.90625,6,26,30,27,0.0,0,0.1875,1.0666666666666667,2364.3333333333335,No,0.1372
PRV51533,36,96350,2676.3888888888887,13000,5.055555555555555,3.9166666666666665,385.6666666666667,74.41666666666667,13,23,36,23,0.0,0,0.3611111111111111,1.0,2676.3888888888887,No,0.0613
PRV51534,1,50,50.0,50,0.0,0.0,0.0,74.0,0,1,1,1,0.0,0,0.0,1.0,50.0,No,0.0011
PRV51535,388,121350,312.75773195876286,19000,1.4948453608247423,0.028350515463917526,8.958762886597938,73.80670103092784,2,386,306,64,0.002577319587628866,0,0.005154639175257732,1.2679738562091503,396.5686274509804,No,0.0229
PRV51536,16,41550,2596.875,11000,2.1875,0.9375,274.5,73.3125,4,12,16,12,0.0,0,0.25,1.0,2596.875,No,0.0099
PRV51539,538,854240,1587.806691449814,57000,1.6524163568773234,0.7490706319702602,137.25650557620818,73.51672862453532,69,469,488,242,0.013011152416356878,1,0.12825278810408922,1.1024590163934427,1750.4918032786886,Yes,0.8185
PRV51540,55,66940,1217.090909090909,13000,0.9818181818181818,0.6727272727272727,137.2,74.83636363636364,7,48,54,35,0.0,0,0.12727272727272726,1.0185185185185186,1239.6296296296296,No,0.0191
PRV51541,51,12140,238.0392156862745,2200,0.6078431372549019,0.0,5.294117647058823,72.58823529411765,0,51,51,33,0.0196078431372549,0,0.0,1.0,238.0392156862745,No,0.0019
PRV51542,113,964660,8536.814159292035,74000,4.964601769911504,4.778761061946903,860.3362831858407,73.60176991150442,93,20,97,18,0.008849557522123894,1,0.8230088495575221,1.1649484536082475,9944.948453608247,Yes,0.9739
PRV51544,233,480150,2060.7296137339054,35000,2.3218884120171674,0.9484978540772532,195.4763948497854,74.61802575107296,45,188,227,134,0.008583690987124463,0,0.19313304721030042,1.026431718061674,2115.1982378854627,No,0.1277
PRV51546,36,110930,3081.3888888888887,21000,2.5,1.6944444444444444,271.1666666666667,72.36111111111111,9,27,35,29,0.0,0,0.25,1.0285714285714285,3169.4285714285716,No,0.0758
PRV51547,13,2640,203.07692307692307,1600,1.8461538461538463,0.0,0.0,75.53846153846153,0,13,13,8,0.0,0,0.0,1.0,203.07692307692307,No,0.0014
PRV51549,21,82110,3910.0,21000,4.285714285714286,3.2857142857142856,410.1904761904762,73.95238095238095,8,13,21,18,0.047619047619047616,0,0.38095238095238093,1.0,3910.0,No,0.0317
PRV51550,61,124040,2033.4426229508197,25000,3.081967213114754,2.098360655737705,264.26229508196724,75.45901639344262,16,45,53,23,0.0,0,0.26229508196721313,1.150943396226415,2340.377358490566,No,0.1277
PRV51551,28,112800,4028.5714285714284,57000,2.0,1.3571428571428572,194.28571428571428,70.25,5,23,27,12,0.0,0,0.17857142857142858,1.037037037037037,4177.777777777777,No,0.1668
PRV51552,62,94040,1516.774193548387,13000,1.064516129032258,0.5,176.93548387096774,72.12903225806451,10,52,62,40,0.04838709677419355,0,0.16129032258064516,1.0,1516.774193548387,No,0.0312
PRV51553,21,40990,1951.904761904762,13000,2.5238095238095237,1.5238095238095237,305.14285714285717,75.14285714285714,6,15,21,15,0.047619047619047616,0,0.2857142857142857,1.0,1951.904761904762,No,0.0268
PRV51554,6,9640,1606.6666666666667,9000,0.8333333333333334,0.6666666666666666,189.66666666666666,78.0,1,5,6,5,0.0,0,0.16666666666666666,1.0,1606.6666666666667,No,0.0022
PRV51555,15,2910,194.0,1300,0.6,0.0,0.0,78.26666666666667,0,15,15,7,0.0,0,0.0,1.0,194.0,No,0.0009
PRV51556,56,138250,2468.75,30000,3.1964285714285716,1.3928571428571428,190.71428571428572,73.80357142857143,10,46,56,47,0.017857142857142856,0,0.17857142857142858,1.0,2468.75,No,0.1589
PRV51557,10,16740,1674.0,11000,1.0,0.3,106.8,79.9,1,9,10,9,0.0,0,0.1,1.0,1674.0,No,0.0027
PRV51558,26,25870,995.0,11000,1.1538461538461537,0.8076923076923077,209.23076923076923,72.38461538461539,5,21,25,20,0.038461538461538464,0,0.19230769230769232,1.04,1034.8,No,0.0037
PRV51560,238,1956190,8219.285714285714,57000,5.26890756302521,5.012605042016807,875.0420168067227,75.15546218487395,200,38,204,27,0.012605042016806723,1,0.8403361344537815,1.1666666666666667,9589.166666666666,Yes,0.9589
PRV51562,24,5820,242.5,1000,1.8333333333333333,0.0,3.3333333333333335,73.16666666666667,0,24,24,9,0.0,0,0.0,1.0,242.5,No,0.0013
PRV51563,19,4280,225.26315789473685,1400,0.3684210526315789,0.0,0.0,75.52631578947368,0,19,19,13,0.0,0,0.0,1.0,225.26315789473685,No,0.0017
PRV51564,24,9100,379.1666666666667,3300,1.6666666666666667,0.0,2.9166666666666665,70.16666666666667,0,24,24,14,0.041666666666666664,0,0.0,1.0,379.1666666666667,No,0.0023
PRV51566,26,90030,3462.6923076923076,19000,3.6923076923076925,2.6538461538461537,616.1538461538462,72.07692307692308,15,11,25,18,0.0,0,0.5769230769230769,1.04,3601.2,No,0.0277
PRV51567,1632,465400,285.171568627451,11040,1.2628676470588236,0.0,2.8308823529411766,72.9595588235294,0,1632,827,2,0.006740196078431373,1,0.0,1.973397823458283,562.7569528415961,Yes,0.8977
PRV51568,58,105010,1810.5172413793102,15000,2.8793103448275863,0.8448275862068966,165.72413793103448,75.72413793103448,9,49,57,44,0.017241379310344827,0,0.15517241379310345,1.0175438596491229,1842.280701754386,No,0.0674
PRV51569,5,1500,300.0,1200,0.2,0.0,0.0,76.6,0,5,5,4,0.0,0,0.0,1.0,300.0,No,0.0012
PRV51570,1,0,0.0,0,0.0,0.0,0.0,70.0,0,1,1,1,0.0,0,0.0,1.0,0.0,No,0.0016
PRV51571,22,4640,210.9090909090909,1700,0.0,0.0,0.0,71.68181818181819,0,22,22,2,0.0,0,0.0,1.0,210.9090909090909,No,0.0021
PRV51572,4,5710,1427.5,5000,1.75,1.75,267.0,75.0,1,3,4,3,0.0,0,0.25,1.0,1427.5,No,0.0014
PRV51573,92,66730,725.3260869565217,12000,1.7717391304347827,0.2717391304347826,58.47826086956522,72.22826086956522,5,87,76,11,0.021739130434782608,0,0.05434782608695652,1.2105263157894737,878.0263157894736,No,0.0135
PRV51574,4444,1281810,288.4360936093609,14200,1.4228172817281728,0.0,2.7655265526552655,73.05670567056706,0,4444,1715,9,0.004050405040504051,1,0.0,2.5912536443148686,747.4110787172011,Yes,0.9684
PRV51576,65,97780,1504.3076923076924,35000,2.4307692307692306,0.36923076923076925,88.76923076923077,73.81538461538462,5,60,65,31,0.015384615384615385,0,0.07692307692307693,1.0,1504.3076923076924,No,0.0807
PRV51577,1,2100,2100.0,2100,20.0,0.0,0.0,63.0,0,1,1,1,0.0,0,0.0,1.0,2100.0,No,0.0009
PRV51578,1500,1662920,1108.6133333333332,57000,1.8006666666666666,0.49866666666666665,87.43333333333334,72.688,122,1378,1280,232,0.008,1,0.08133333333333333,1.171875,1299.15625,Yes,0.9766
PRV51579,72,247680,3440.0,57000,2.7222222222222223,1.1666666666666667,270.75,75.80555555555556,18,54,66,34,0.027777777777777776,0,0.25,1.0909090909090908,3752.7272727272725,No,0.2622
PRV51580,3,1710,570.0,900,0.0,0.0,0.0,74.0,0,3,3,2,0.0,0,0.0,1.0,570.0,No,0.002
PRV51582,4,14370,3592.5,12000,6.5,1.5,267.0,77.5,1,3,4,4,0.0,0,0.25,1.0,3592.5,No,0.0024
PRV51583,47,32430,690.0,15000,1.5957446808510638,0.14893617021276595,47.361702127659576,73.57446808510639,2,45,46,10,0.02127659574468085,0,0.0425531914893617,1.0217391304347827,705.0,No,0.0065
PRV51584,82,171930,2096.7073170731705,57000,2.3292682926829267,0.9512195121951219,173.82926829268294,72.07317073170732,13,69,78,36,0.0,1,0.15853658536585366,1.0512820512820513,2204.230769230769,Yes,0.5765
PRV51585,6,77080,12846.666666666666,45000,2.6666666666666665,2.6666666666666665,712.0,71.16666666666667,4,2,6,4,0.0,0,0.6666666666666666,1.0,12846.666666666666,No,0.0385
PRV51586,8,72510,9063.75,33000,5.875,5.875,801.0,69.375,6,2,8,7,0.0,1,0.75,1.0,9063.75,Yes,0.5027
PRV51587,5,1500,300.0,1000,0.0,0.0,0.0,65.2,0,5,5,5,0.0,0,0.0,1.0,300.0,No,0.0008
PRV51588,10,58430,5843.0,39000,1.6,1.5,320.4,66.0,3,7,9,7,0.0,0,0.3,1.1111111111111112,6492.222222222223,No,0.0526
PRV51590,84,781380,9302.142857142857,55000,5.238095238095238,5.238095238095238,1004.4285714285714,74.5952380952381,81,3,82,4,0.011904761904761904,1,0.9642857142857143,1.024390243902439,9529.024390243903,Yes,0.2237
PRV51592,3,30,10.0,30,0.0,0.0,0.0,71.0,0,3,3,1,0.0,0,0.0,1.0,10.0,No,0.0011
PRV51593,54,150000,2777.777777777778,29000,2.740740740740741,1.962962962962963,239.1851851851852,73.62962962962963,12,42,54,36,0.018518518518518517,1,0.2222222222222222,1.0,2777.777777777778,Yes,0.3696
PRV51595,24,14660,610.8333333333334,5000,1.125,0.125,44.916666666666664,77.66666666666667,1,23,22,9,0.0,0,0.041666666666666664,1.0909090909090908,666.3636363636364,No,0.0066
PRV51596,50,41830,836.6,17000,1.18,0.56,69.68,73.1,3,47,50,40,0.0,0,0.06,1.0,836.6,No,0.0104
PRV51598,422,779530,1847.2274881516587,57000,1.8744075829383886,0.8886255924170616,154.50236966824644,73.95734597156398,61,361,399,209,0.0071090047393364926,0,0.14454976303317535,1.0576441102756893,1953.7092731829573,No,0.3895
PRV51599,5,16210,3242.0,7000,4.8,4.8,640.8,78.0,3,2,5,3,0.0,0,0.6,1.0,3242.0,No,0.003
PRV51600,109,36050,330.73394495412845,6000,1.4678899082568808,0.09174311926605505,34.440366972477065,72.25688073394495,3,106,103,9,0.0,0,0.027522935779816515,1.058252427184466,350.0,No,0.0042
PRV51601,14,3690,263.57142857142856,2900,1.4285714285714286,0.0,0.0,69.28571428571429,0,14,14,6,0.0,0,0.0,1.0,263.57142857142856,No,0.0008
PRV51602,39,77480,1986.6666666666667,11000,2.051282051282051,1.5384615384615385,328.61538461538464,75.48717948717949,12,27,38,20,0.02564102564102564,0,0.3076923076923077,1.0263157894736843,2038.9473684210527,No,0.029
PRV51604,329,697510,2120.091185410334,57000,2.43161094224924,1.0699088145896656,162.98480243161094,73.06686930091185,50,279,257,4,0.0060790273556231,1,0.1519756838905775,1.2801556420233462,2714.046692607004,Yes,0.9105
PRV51605,72,46990,652.6388888888889,11000,1.7916666666666667,0.2916666666666667,76.66666666666667,73.73611111111111,5,67,70,6,0.0,0,0.06944444444444445,1.0285714285714285,671.2857142857143,No,0.0094
PRV51606,46,66100,1436.9565217391305,13000,2.130434782608696,1.0869565217391304,232.17391304347825,72.97826086956522,10,36,45,23,0.0,0,0.21739130434782608,1.0222222222222221,1468.888888888889,No,0.0094
PRV51607,15,15410,1027.3333333333333,14000,0.6666666666666666,0.6,4.0,72.73333333333333,1,14,15,5,0.06666666666666667,0,0.06666666666666667,1.0,1027.3333333333333,No,0.0028
PRV51608,37,78140,2111.891891891892,16000,1.837837837837838,1.2972972972972974,267.35135135135135,72.13513513513513,9,28,37,24,0.02702702702702703,0,0.24324324324324326,1.0,2111.891891891892,No,0.0199
PRV51609,75,110790,1477.2,18000,2.68,1.72,158.37333333333333,74.4,12,63,70,46,0.0,0,0.16,1.0714285714285714,1582.7142857142858,No,0.109
PRV51610,6,43150,7191.666666666667,25000,4.666666666666667,4.666666666666667,534.0,75.33333333333333,3,3,6,6,0.0,0,0.5,1.0,7191.666666666667,No,0.013
PRV51611,8,2780,347.5,2300,2.5,0.0,0.0,72.875,0,8,8,2,0.0,0,0.0,1.0,347.5,No,0.0008
PRV51612,13,66770,5136.153846153846,19000,5.538461538461538,5.538461538461538,492.9230769230769,75.6923076923077,6,7,13,8,0.07692307692307693,0,0.46153846153846156,1.0,5136.153846153846,No,0.0499
PRV51613,21,20450,973.8095238095239,9000,1.9047619047619047,1.0,203.42857142857142,69.47619047619048,4,17,21,15,0.0,0,0.19047619047619047,1.0,973.8095238095239,No,0.0061
PRV51614,268,1472150,5493.0970149253735,85000,3.388059701492537,2.626865671641791,579.8880597014926,73.4589552238806,148,120,243,67,0.014925373134328358,1,0.5522388059701493,1.102880658436214,6058.230452674897,Yes,0.9707
PRV51616,26,6120,235.3846153846154,1800,1.5,0.0,0.0,70.57692307692308,0,26,26,24,0.0,0,0.0,1.0,235.3846153846154,No,0.001
PRV51617,22,111270,5057.727272727273,31000,5.0,4.590909090909091,534.0,80.0909090909091,11,11,22,10,0.0,0,0.5,1.0,5057.727272727273,No,0.044
PRV51618,1,2000,2000.0,2000,2.0,2.0,1068.0,66.0,1,0,1,1,0.0,0,1.0,1.0,2000.0,No,0.001
PRV51619,19,78150,4113.1578947368425,37000,5.2105263157894735,4.157894736842105,393.4736842105263,77.21052631578948,8,11,18,9,0.05263157894736842,0,0.42105263157894735,1.0555555555555556,4341.666666666667,No,0.0866
PRV51620,8,21190,2648.75,9000,1.75,1.75,400.5,75.5,3,5,8,4,0.0,0,0.375,1.0,2648.75,No,0.0024
PRV51621,9,530,58.888888888888886,200,0.0,0.0,0.0,70.77777777777777,0,9,9,5,0.0,0,0.0,1.0,58.888888888888886,No,0.0009
PRV51622,103,101690,987.2815533980582,13000,1.3495145631067962,0.3883495145631068,94.0,69.89320388349515,9,94,94,40,0.0,0,0.08737864077669903,1.0957446808510638,1081.8085106382978,No,0.019
PRV51623,21,56350,2683.3333333333335,19000,1.619047619047619,1.5238095238095237,356.0,70.0952380952381,7,14,21,15,0.0,0,0.3333333333333333,1.0,2683.3333333333335,No,0.0475
PRV51624,5,320,64.0,100,0.2,0.0,8.0,65.6,0,5,5,3,0.0,0,0.0,1.0,64.0,No,0.0016
PRV51625,7,19420,2774.285714285714,5000,1.4285714285714286,1.4285714285714286,610.2857142857143,75.42857142857143,4,3,7,6,0.0,0,0.5714285714285714,1.0,2774.285714285714,No,0.0031
PRV51626,9,36920,4102.222222222223,35000,3.6666666666666665,0.3333333333333333,118.66666666666667,77.66666666666667,1,8,9,8,0.0,0,0.1111111111111111,1.0,4102.222222222223,No,0.0063
PRV51627,26,44860,1725.3846153846155,26000,2.923076923076923,0.8076923076923077,123.23076923076923,74.96153846153847,3,23,26,7,0.0,0,0.11538461538461539,1.0,1725.3846153846155,No,0.0107
PRV51628,6,13320,2220.0,8000,1.1666666666666667,1.1666666666666667,356.0,77.16666666666667,2,4,6,5,0.0,0,0.3333333333333333,1.0,2220.0,No,0.0034
PRV51629,22,213000,9681.818181818182,36000,6.318181818181818,6.318181818181818,1019.4545454545455,76.68181818181819,22,0,20,10,0.0,0,1.0,1.1,10650.0,No,0.1743
PRV51630,5,1860,372.0,1700,5.0,1.0,213.6,76.2,1,4,5,4,0.0,0,0.2,1.0,372.0,No,0.0014
PRV51631,6,1500,250.0,800,1.1666666666666667,0.0,0.0,83.16666666666667,0,6,6,4,0.0,0,0.0,1.0,250.0,No,0.0016
PRV51632,26,26850,1032.6923076923076,8000,4.346153846153846,0.6153846153846154,167.0,75.15384615384616,4,22,25,10,0.0,0,0.15384615384615385,1.04,1074.0,No,0.0128
PRV51634,119,71090,597.3949579831933,12000,0.9915966386554622,0.17647058823529413,47.226890756302524,72.94117647058823,5,114,116,30,0.01680672268907563,0,0.04201680672268908,1.0258620689655173,612.8448275862069,No,0.0162
PRV51635,29,28120,969.6551724137931,24000,1.3793103448275863,0.20689655172413793,36.827586206896555,70.17241379310344,1,28,29,23,0.0,0,0.034482758620689655,1.0,969.6551724137931,No,0.0085
PRV51636,316,180020,569.6835443037975,54000,1.3132911392405062,0.0981012658227848,12.417721518987342,72.70886075949367,3,313,187,9,0.012658227848101266,0,0.00949367088607595,1.6898395721925135,962.6737967914438,No,0.1524
PRV51637,34,43440,1277.6470588235295,19000,2.1470588235294117,0.9705882352941176,222.8235294117647,77.02941176470588,7,27,34,19,0.0,0,0.20588235294117646,1.0,1277.6470588235295,No,0.0174
PRV51638,4,20490,5122.5,11000,2.75,2.75,534.0,63.0,2,2,4,4,0.0,0,0.5,1.0,5122.5,No,0.0013
PRV51639,29,112520,3880.0,39000,1.8620689655172413,1.2413793103448276,441.9310344827586,74.72413793103448,12,17,29,23,0.0,0,0.41379310344827586,1.0,3880.0,No,0.0114
PRV51640,7,17490,2498.5714285714284,7000,1.2857142857142858,1.1428571428571428,457.7142857142857,74.42857142857143,3,4,7,6,0.0,0,0.42857142857142855,1.0,2498.5714285714284,No,0.0023
PRV51641,14,1700,121.42857142857143,400,0.0,0.0,6.428571428571429,78.78571428571429,0,14,13,7,0.0,0,0.0,1.0769230769230769,130.76923076923077,No,0.0033
PRV51642,29,10460,360.6896551724138,5000,0.7931034482758621,0.06896551724137931,4.137931034482759,74.55172413793103,1,28,25,16,0.0,0,0.034482758620689655,1.16,418.4,No,0.0023
PRV51644,24,16490,687.0833333333334,7000,1.625,0.20833333333333334,49.083333333333336,71.54166666666667,1,23,24,9,0.0,0,0.041666666666666664,1.0,687.0833333333334,No,0.0019
PRV51645,5,280,56.0,100,5.4,0.0,18.0,71.2,0,5,5,5,0.0,0,0.0,1.0,56.0,No,0.0023
PRV51647,12,44940,3745.0,17000,4.416666666666667,2.75,534.0,76.58333333333333,6,6,12,6,0.0,0,0.5,1.0,3745.0,No,0.0076
PRV51650,24,13290,553.75,2700,1.5416666666666667,0.0,0.0,67.54166666666667,0,24,23,3,0.0,0,0.0,1.0434782608695652,577.8260869565217,No,0.0022
PRV51652,64,17600,275.0,3000,2.59375,0.0,4.21875,72.328125,0,64,49,2,0.0,0,0.0,1.3061224489795917,359.18367346938777,No,0.002
PRV51653,24,8530,355.4166666666667,3300,2.625,0.0,4.583333333333333,75.33333333333333,0,24,24,2,0.0,0,0.0,1.0,355.4166666666667,No,0.0031
PRV51654,2,220,110.0,200,2.0,0.0,5.0,60.5,0,2,2,1,0.0,0,0.0,1.0,110.0,No,0.0019
PRV51655,3,70,23.333333333333332,40,1.6666666666666667,0.0,13.333333333333334,75.66666666666667,0,3,3,2,0.0,0,0.0,1.0,23.333333333333332,No,0.002
PRV51656,23,4860,211.30434782608697,2000,2.0434782608695654,0.0,0.0,69.69565217391305,0,23,23,1,0.0,0,0.0,1.0,211.30434782608697,No,0.0019
PRV51657,4,3760,940.0,3300,0.0,0.0,50.0,71.25,0,4,4,3,0.0,0,0.0,1.0,940.0,No,0.0029
PRV51658,5,1770,354.0,1500,0.0,0.0,0.0,68.6,0,5,5,3,0.0,0,0.0,1.0,354.0,No,0.0016
PRV51660,3,180,60.0,100,0.0,0.0,10.0,58.666666666666664,0,3,3,3,0.0,0,0.0,1.0,60.0,No,0.0021
PRV51661,134,47570,355.0,3300,2.253731343283582,0.0,4.253731343283582,72.81343283582089,0,134,89,5,0.0,0,0.0,1.5056179775280898,534.4943820224719,No,0.0062
PRV51664,10,790,79.0,300,0.0,0.0,5.0,72.9,0,10,10,7,0.0,0,0.0,1.0,79.0,No,0.0017
PRV51665,15,3810,254.0,2100,1.8666666666666667,0.0,2.6666666666666665,75.86666666666666,0,15,15,2,0.0,0,0.0,1.0,254.0,No,0.001
PRV51666,1,50,50.0,50,0.0,0.0,0.0,49.0,0,1,1,1,0.0,0,0.0,1.0,50.0,No,0.0011
PRV51668,38,9020,237.3684210526316,2500,0.21052631578947367,0.0,2.8947368421052633,77.28947368421052,0,38,27,7,0.0,0,0.0,1.4074074074074074,334.0740740740741,No,0.0093
PRV51669,76,21060,277.10526315789474,3300,2.6184210526315788,0.0,4.2105263157894735,71.94736842105263,0,76,74,29,0.039473684210526314,0,0.0,1.027027027027027,284.5945945945946,No,0.0016
PRV51670,436,122850,281.76605504587155,6000,1.3188073394495412,0.01834862385321101,5.31651376146789,74.7545871559633,1,435,286,73,0.013761467889908258,0,0.0022935779816513763,1.5244755244755244,429.54545454545456,No,0.0458
PRV51671,39,8490,217.69230769230768,1400,0.717948717948718,0.0,2.5641025641025643,73.33333333333333,0,39,39,14,0.0,0,0.0,1.0,217.69230769230768,No,0.0031
PRV51672,6,2270,378.3333333333333,1800,0.16666666666666666,0.0,0.0,67.83333333333333,0,6,6,3,0.0,0,0.0,1.0,378.3333333333333,No,0.0014
PRV51673,183,51180,279.672131147541,3300,1.0437158469945356,0.0,3.7158469945355193,72.60109289617486,0,183,77,1,0.00546448087431694,0,0.0,2.3766233766233764,664.6753246753246,No,0.0216
PRV51674,4,1400,350.0,800,0.0,0.0,0.0,78.25,0,4,4,2,0.0,0,0.0,1.0,350.0,No,0.0018
PRV51675,28,7690,274.64285714285717,1700,1.3571428571428572,0.0,3.5714285714285716,69.92857142857143,0,28,28,9,0.0,0,0.0,1.0,274.64285714285717,No,0.0067
PRV51676,138,91920,666.0869565217391,35000,1.434782608695652,0.15217391304347827,26.985507246376812,73.89855072463769,3,135,126,22,0.0,0,0.021739130434782608,1.0952380952380953,729.5238095238095,No,0.0124
PRV51678,66,25540,386.969696969697,3300,1.3484848484848484,0.0,4.696969696969697,73.77272727272727,0,66,64,24,0.0,0,0.0,1.03125,399.0625,No,0.0016
PRV51679,38,39420,1037.3684210526317,25000,1.5263157894736843,0.5263157894736842,58.05263157894737,76.57894736842105,2,36,16,7,0.0,0,0.05263157894736842,2.375,2463.75,No,0.0186
PRV51681,26,69130,2658.846153846154,51000,2.0384615384615383,0.46153846153846156,41.07692307692308,70.42307692307692,1,25,26,9,0.0,0,0.038461538461538464,1.0,2658.846153846154,No,0.0455
PRV51682,16,9110,569.375,6200,1.625,0.0,0.0,79.5625,0,16,16,7,0.0,0,0.0,1.0,569.375,No,0.0026
PRV51685,55,11830,215.0909090909091,2500,0.32727272727272727,0.0,1.4545454545454546,74.18181818181819,0,55,40,5,0.03636363636363636,0,0.0,1.375,295.75,No,0.0209
PRV51687,10,2530,253.0,1500,2.1,0.0,10.0,71.3,0,10,6,4,0.0,0,0.0,1.6666666666666667,421.6666666666667,No,0.0025
PRV51688,9,22660,2517.777777777778,18000,0.6666666666666666,0.6666666666666666,237.33333333333334,71.88888888888889,2,7,9,5,0.0,0,0.2222222222222222,1.0,2517.777777777778,No,0.0026
PRV51689,1,1700,1700.0,1700,0.0,0.0,0.0,66.0,0,1,1,1,0.0,0,0.0,1.0,1700.0,No,0.0011
PRV51690,255,125280,491.29411764705884,11000,1.5607843137254902,0.24313725490196078,30.650980392156864,74.42745098039215,7,248,221,27,0.00392156862745098,0,0.027450980392156862,1.1538461538461537,566.8778280542987,No,0.0192
PRV51691,88,26790,304.4318181818182,3300,1.2727272727272727,0.0,2.0454545454545454,71.97727272727273,0,88,49,5,0.0,0,0.0,1.7959183673469388,546.734693877551,No,0.0023
PRV51692,11,970,88.18181818181819,200,0.09090909090909091,0.0,0.0,71.27272727272727,0,11,11,1,0.0,0,0.0,1.0,88.18181818181819,No,0.0005
PRV51693,113,21100,186.72566371681415,3300,0.911504424778761,0.0,3.3628318584070795,73.75221238938053,0,113,51,1,0.0,0,0.0,2.215686274509804,413.72549019607845,No,0.0018
PRV51694,26,5940,228.46153846153845,1100,0.038461538461538464,0.0,2.6923076923076925,69.76923076923077,0,26,21,1,0.0,0,0.0,1.2380952380952381,282.85714285714283,No,0.0037
PRV51695,429,113180,263.8228438228438,3300,1.393939393939394,0.0,2.9603729603729603,71.2051282051282,0,429,177,2,0.011655011655011656,0,0.0,2.4237288135593222,639.4350282485875,No,0.2306
PRV51696,9,730,81.11111111111111,300,0.7777777777777778,0.0,0.0,67.11111111111111,0,9,9,3,0.0,0,0.0,1.0,81.11111111111111,No,0.0009
PRV51697,63,21600,342.85714285714283,2300,2.253968253968254,0.0,6.031746031746032,73.77777777777777,0,63,54,3,0.031746031746031744,0,0.0,1.1666666666666667,400.0,No,0.0023
PRV51698,13,1910,146.92307692307693,700,1.6923076923076923,0.0,0.0,71.76923076923077,0,13,13,2,0.0,0,0.0,1.0,146.92307692307693,No,0.0005
PRV51699,209,53760,257.2248803827751,3300,1.2535885167464116,0.0,4.880382775119617,71.88995215311004,0,209,131,1,0.004784688995215311,0,0.0,1.5954198473282444,410.381679389313,No,0.0209
PRV51702,10,3230,323.0,2300,0.0,0.0,8.0,69.9,0,10,10,4,0.0,0,0.0,1.0,323.0,No,0.0021
PRV51703,2,80,40.0,60,0.0,0.0,0.0,69.0,0,2,2,2,0.0,0,0.0,1.0,40.0,No,0.0018
PRV51704,1,600,600.0,600,0.0,0.0,0.0,66.0,0,1,1,1,0.0,0,0.0,1.0,600.0,No,0.0018
PRV51705,1,400,400.0,400,0.0,0.0,0.0,79.0,0,1,1,1,0.0,0,0.0,1.0,400.0,No,0.003
PRV51706,2,330,165.0,300,0.0,0.0,0.0,79.0,0,2,2,1,0.0,0,0.0,1.0,165.0,No,0.0017
PRV51707,12,270,22.5,40,1.6666666666666667,0.0,3.3333333333333335,75.41666666666667,0,12,12,1,0.0,0,0.0,1.0,22.5,No,0.0014
PRV51708,4,410,102.5,200,0.0,0.0,12.5,81.75,0,4,4,3,0.0,0,0.0,1.0,102.5,No,0.0065
PRV51709,10,1610,161.0,1000,0.0,0.0,0.0,70.3,0,10,10,9,0.0,0,0.0,1.0,161.0,No,0.0008
PRV51710,17,121080,7122.35294117647,37000,3.3529411764705883,3.3529411764705883,884.2352941176471,76.52941176470588,14,3,17,11,0.0,0,0.8235294117647058,1.0,7122.35294117647,No,0.0201
PRV51711,1,4000,4000.0,4000,3.0,3.0,1068.0,66.0,1,0,1,1,0.0,0,1.0,1.0,4000.0,No,0.0009
PRV51712,3,860,286.6666666666667,800,4.333333333333333,0.0,0.0,79.0,0,3,3,1,0.0,0,0.0,1.0,286.6666666666667,No,0.0009
PRV51713,13,1380,106.15384615384616,500,0.3076923076923077,0.0,3.8461538461538463,71.46153846153847,0,13,13,2,0.0,0,0.0,1.0,106.15384615384616,No,0.0011
PRV51715,12,67340,5611.666666666667,38000,1.3333333333333333,1.3333333333333333,267.0,74.16666666666667,3,9,12,6,0.0,0,0.25,1.0,5611.666666666667,No,0.0161
PRV51716,82,23030,280.8536585365854,2100,0.6707317073170732,0.0,1.3414634146341464,73.48780487804878,0,82,64,3,0.036585365853658534,0,0.0,1.28125,359.84375,No,0.0041
PRV51718,8,2170,271.25,1000,2.5,0.0,0.0,82.375,0,8,8,2,0.0,0,0.0,1.0,271.25,No,0.0013
PRV51719,4,4740,1185.0,2400,5.25,0.0,0.0,72.0,0,4,4,3,0.0,0,0.0,1.0,1185.0,No,0.0011
PRV51720,4,720,180.0,400,0.0,0.0,0.0,74.0,0,4,4,1,0.0,0,0.0,1.0,180.0,No,0.0007
PRV51721,5,680,136.0,200,0.4,0.0,0.0,83.0,0,5,5,2,0.0,0,0.0,1.0,136.0,No,0.0016
PRV51722,1,30,30.0,30,0.0,0.0,0.0,70.0,0,1,1,1,0.0,0,0.0,1.0,30.0,No,0.0016
PRV51723,16,5340,333.75,3300,1.25,0.0,6.25,75.75,0,16,16,3,0.0,0,0.0,1.0,333.75,No,0.0049
PRV51724,6,2480,413.3333333333333,1400,3.3333333333333335,0.0,0.0,68.16666666666667,0,6,6,1,0.0,0,0.0,1.0,413.3333333333333,No,0.0009
PRV51725,4,190,47.5,70,0.0,0.0,20.0,73.0,0,4,4,3,0.0,0,0.0,1.0,47.5,No,0.0027
PRV51726,21,6790,323.3333333333333,2900,3.0952380952380953,0.0,0.0,71.71428571428571,0,21,21,2,0.0,0,0.0,1.0,323.3333333333333,No,0.0011
PRV51727,3,1950,650.0,1000,0.0,0.0,0.0,52.0,0,3,3,1,0.0,0,0.0,1.0,650.0,No,0.0011
PRV51729,19,3740,196.8421052631579,800,0.5789473684210527,0.0,0.0,76.6842105263158,0,19,19,3,0.0,0,0.0,1.0,196.8421052631579,No,0.0018
PRV51731,38,8720,229.47368421052633,2200,1.8421052631578947,0.0,6.052631578947368,71.26315789473684,0,38,38,3,0.0,0,0.0,1.0,229.47368421052633,No,0.0023
PRV51732,12,6960,580.0,3300,2.0833333333333335,0.0,5.0,70.66666666666667,0,12,12,2,0.0,0,0.0,1.0,580.0,No,0.0023
PRV51733,2,70,35.0,60,0.0,0.0,0.0,72.0,0,2,2,1,0.0,0,0.0,1.0,35.0,No,0.0009
PRV51734,20,7900,395.0,2500,1.0,0.0,1.5,77.55,0,20,20,1,0.0,0,0.0,1.0,395.0,No,0.0036
PRV51735,4,350,87.5,200,0.0,0.0,0.0,75.25,0,4,4,1,0.0,0,0.0,1.0,87.5,No,0.0019
PRV51736,21,5620,267.6190476190476,1600,0.0,0.0,0.0,77.95238095238095,0,21,21,2,0.0,0,0.0,1.0,267.6190476190476,No,0.0027
PRV51737,152,50300,330.92105263157896,3300,1.3157894736842106,0.0,2.5,72.23026315789474,0,152,106,4,0.006578947368421052,0,0.0,1.4339622641509433,474.52830188679246,No,0.0133
PRV51738,16,850,53.125,100,0.6875,0.0,0.0,75.3125,0,16,14,2,0.0,0,0.0,1.1428571428571428,60.714285714285715,No,0.0019
PRV51739,74,13700,185.13513513513513,1300,0.5135135135135135,0.0,1.4864864864864864,72.54054054054055,0,74,72,6,0.0,0,0.0,1.0277777777777777,190.27777777777777,No,0.0017
PRV51740,57,14010,245.78947368421052,2800,1.9473684210526316,0.0,6.140350877192983,72.78947368421052,0,57,51,3,0.03508771929824561,0,0.0,1.1176470588235294,274.70588235294116,No,0.0022
PRV51741,35,5190,148.28571428571428,800,2.057142857142857,0.0,0.0,72.91428571428571,0,35,34,2,0.0,0,0.0,1.0294117647058822,152.64705882352942,No,0.0009
PRV51742,13,2830,217.69230769230768,1900,1.6153846153846154,0.0,3.8461538461538463,80.53846153846153,0,13,13,4,0.0,0,0.0,1.0,217.69230769230768,No,0.0011
PRV51743,118,29380,248.98305084745763,3300,0.4491525423728814,0.0,3.305084745762712,72.88983050847457,0,118,115,2,0.025423728813559324,0,0.0,1.0260869565217392,255.47826086956522,No,0.0069
PRV51744,5,660,132.0,300,0.6,0.0,0.0,74.8,0,5,5,1,0.0,0,0.0,1.0,132.0,No,0.0006
PRV51745,13,2290,176.15384615384616,800,0.3076923076923077,0.0,15.384615384615385,74.76923076923077,0,13,12,3,0.0,0,0.0,1.0833333333333333,190.83333333333334,No,0.0018
PRV51746,26,10490,403.46153846153845,3100,2.576923076923077,0.0,0.0,73.42307692307692,0,26,25,3,0.0,0,0.0,1.04,419.6,No,0.0012
PRV51747,4,1500,375.0,500,0.0,0.0,0.0,65.5,0,4,4,1,0.0,0,0.0,1.0,375.0,No,0.0014
PRV51748,18,8060,447.77777777777777,3300,1.6111111111111112,0.0,0.0,73.72222222222223,0,18,18,2,0.0,0,0.0,1.0,447.77777777777777,No,0.0012
PRV51749,6,2780,463.3333333333333,2200,3.3333333333333335,0.0,13.333333333333334,71.66666666666667,0,6,6,2,0.0,0,0.0,1.0,463.3333333333333,No,0.0014
PRV51750,3,1600,533.3333333333334,1100,0.0,0.0,26.666666666666668,77.33333333333333,0,3,3,1,0.0,0,0.0,1.0,533.3333333333334,No,0.0038
PRV51751,2,900,450.0,500,3.5,0.0,0.0,75.0,0,2,2,2,0.0,0,0.0,1.0,450.0,No,0.0008
PRV51752,87,32740,376.32183908045977,3300,1.9425287356321839,0.0,1.7241379310344827,72.6896551724138,0,87,69,4,0.011494252873563218,0,0.0,1.2608695652173914,474.4927536231884,No,0.0044
PRV51753,4,1210,302.5,700,5.25,0.0,0.0,75.0,0,4,4,1,0.0,0,0.0,1.0,302.5,No,0.0009
PRV51754,9,2120,235.55555555555554,1000,0.0,0.0,0.0,68.77777777777777,0,9,9,1,0.0,0,0.0,1.0,235.55555555555554,No,0.0009
PRV51755,6,590,98.33333333333333,200,3.3333333333333335,0.0,0.0,69.5,0,6,6,1,0.0,0,0.0,1.0,98.33333333333333,No,0.0011
PRV51758,7,910,130.0,300,2.857142857142857,0.0,0.0,77.57142857142857,0,7,7,3,0.0,0,0.0,1.0,130.0,No,0.0007
PRV51759,13,1090,83.84615384615384,200,1.5384615384615385,0.0,0.0,73.76923076923077,0,13,13,2,0.0,0,0.0,1.0,83.84615384615384,No,0.0006
PRV51761,11,1870,170.0,600,1.9090909090909092,0.0,0.0,66.54545454545455,0,11,11,2,0.0,0,0.0,1.0,170.0,No,0.0006
PRV51762,14,3100,221.42857142857142,1800,0.07142857142857142,0.0,0.0,76.07142857142857,0,14,14,2,0.0,0,0.0,1.0,221.42857142857142,No,0.0014
PRV51763,11,3960,360.0,2300,0.6363636363636364,0.0,0.0,67.0,0,11,11,1,0.0,0,0.0,1.0,360.0,No,0.001
PRV51764,33,6060,183.63636363636363,1500,1.5151515151515151,0.0,3.0303030303030303,73.12121212121212,0,33,33,1,0.0,0,0.0,1.0,183.63636363636363,No,0.0009
PRV51765,14,2870,205.0,1700,0.07142857142857142,0.0,0.0,72.35714285714286,0,14,14,2,0.0,0,0.0,1.0,205.0,No,0.0011
PRV51766,23,2290,99.56521739130434,500,2.260869565217391,0.0,0.0,75.65217391304348,0,23,23,1,0.0,0,0.0,1.0,99.56521739130434,No,0.0009
PRV51767,12,4060,338.3333333333333,2870,0.08333333333333333,0.0,16.666666666666668,71.66666666666667,0,12,12,2,0.0,0,0.0,1.0,338.3333333333333,No,0.0029
PRV51769,15,4800,320.0,3000,0.2,0.0,0.0,72.66666666666667,0,15,15,7,0.0,0,0.0,1.0,320.0,No,0.0007
PRV51770,15,6820,454.6666666666667,3300,1.6666666666666667,0.0,8.666666666666666,69.73333333333333,0,15,15,10,0.0,0,0.0,1.0,454.6666666666667,No,0.0021
PRV51771,40,8530,213.25,2300,0.675,0.0,1.5,73.725,0,40,34,1,0.0,0,0.0,1.1764705882352942,250.88235294117646,No,0.0018
PRV51773,5,760,152.0,400,0.0,0.0,0.0,80.0,0,5,5,2,0.0,0,0.0,1.0,152.0,No,0.001
PRV51774,3,2990,996.6666666666666,2800,6.666666666666667,0.0,0.0,73.66666666666667,0,3,3,2,0.0,0,0.0,1.0,996.6666666666666,No,0.0009
PRV51775,39,9610,246.4102564102564,2700,0.46153846153846156,0.0,5.641025641025641,73.64102564102564,0,39,36,1,0.02564102564102564,0,0.0,1.0833333333333333,266.94444444444446,No,0.004
PRV51776,54,12640,234.07407407407408,1400,0.9629629629629629,0.0,1.4814814814814814,73.62962962962963,0,54,31,1,0.0,0,0.0,1.7419354838709677,407.741935483871,No,0.0059
PRV51778,3,250,83.33333333333333,200,0.0,0.0,0.0,70.33333333333333,0,3,3,1,0.0,0,0.0,1.0,83.33333333333333,No,0.0014
PRV51779,24,7690,320.4166666666667,2100,1.7083333333333333,0.0,0.0,75.41666666666667,0,24,22,4,0.0,0,0.0,1.0909090909090908,349.54545454545456,No,0.0012
PRV51780,34,5120,150.58823529411765,1300,0.0,0.0,1.1764705882352942,72.23529411764706,0,34,16,2,0.0,0,0.0,2.125,320.0,No,0.0028
PRV51781,24,3000,125.0,1000,1.7916666666666667,0.0,4.166666666666667,71.75,0,24,20,1,0.08333333333333333,0,0.0,1.2,150.0,No,0.0023
PRV51784,8,3820,477.5,2000,3.125,0.0,0.0,69.0,0,8,7,2,0.0,0,0.0,1.1428571428571428,545.7142857142857,No,0.0009
PRV51786,5,280,56.0,90,2.8,0.0,14.0,64.6,0,5,4,2,0.0,0,0.0,1.25,70.0,No,0.0034
PRV51787,3,150,50.0,60,4.666666666666667,0.0,0.0,76.0,0,3,3,1,0.0,0,0.0,1.0,50.0,No,0.0011
PRV51788,139,38790,279.0647482014389,3300,1.0359712230215827,0.0,1.5827338129496402,73.57553956834532,0,139,85,1,0.050359712230215826,0,0.0,1.6352941176470588,456.3529411764706,No,0.0156
PRV51789,32,6940,216.875,3300,0.15625,0.0,2.5,74.90625,0,32,28,2,0.0,0,0.0,1.1428571428571428,247.85714285714286,No,0.0036
PRV51790,76,18580,244.47368421052633,2200,0.9210526315789473,0.0,0.6578947368421053,72.78947368421052,0,76,74,7,0.02631578947368421,0,0.0,1.027027027027027,251.0810810810811,No,0.0016
PRV51792,46,21390,465.0,3300,2.4130434782608696,0.0,4.3478260869565215,74.54347826086956,0,46,26,3,0.0,0,0.0,1.7692307692307692,822.6923076923077,No,0.003
PRV51793,25,5000,200.0,2000,2.12,0.0,0.0,65.12,0,25,12,1,0.0,0,0.0,2.0833333333333335,416.6666666666667,No,0.0015
PRV51794,11,2020,183.63636363636363,800,3.1818181818181817,0.0,0.0,76.18181818181819,0,11,11,1,0.0,0,0.0,1.0,183.63636363636363,No,0.0006
PRV51795,36,7510,208.61111111111111,2000,1.3611111111111112,0.0,0.0,74.05555555555556,0,36,26,3,0.0,0,0.0,1.3846153846153846,288.84615384615387,No,0.0033
PRV51796,4,140,35.0,100,0.0,0.0,0.0,73.0,0,4,4,4,0.0,0,0.0,1.0,35.0,No,0.001
PRV51797,5,450,90.0,200,7.6,0.0,20.0,64.4,0,5,4,1,0.0,0,0.0,1.25,112.5,No,0.0028
PRV51798,10,1420,142.0,600,0.1,0.0,0.0,76.1,0,10,8,1,0.0,0,0.0,1.25,177.5,No,0.0015
PRV51799,3,730,243.33333333333334,700,1.0,0.0,0.0,82.33333333333333,0,3,3,1,0.0,0,0.0,1.0,243.33333333333334,No,0.0033
PRV51801,20,5030,251.5,3300,0.1,0.0,2.0,79.65,0,20,20,1,0.0,0,0.0,1.0,251.5,No,0.0026
PRV51802,24,4930,205.41666666666666,1600,1.9583333333333333,0.0,8.333333333333334,78.66666666666667,0,24,22,1,0.0,0,0.0,1.0909090909090908,224.0909090909091,No,0.0046
PRV51803,5,33570,6714.0,21000,1.6,1.4,427.2,74.2,2,3,5,3,0.0,0,0.4,1.0,6714.0,No,0.0033
PRV51805,3,67000,22333.333333333332,57000,12.0,12.0,1068.0,71.0,3,0,3,2,0.0,1,1.0,1.0,22333.333333333332,Yes,0.3575
PRV51806,1,13000,13000.0,13000,4.0,4.0,1068.0,69.0,1,0,1,1,0.0,0,1.0,1.0,13000.0,No,0.0019
PRV51807,7,98000,14000.0,34000,4.714285714285714,4.714285714285714,1068.0,77.71428571428571,7,0,7,2,0.0,0,1.0,1.0,14000.0,No,0.0295
PRV51809,27,242020,8963.703703703704,33000,5.888888888888889,5.888888888888889,1068.0,74.03703703703704,27,0,26,1,0.0,0,1.0,1.0384615384615385,9308.461538461539,No,0.0903
PRV51810,3,29000,9666.666666666666,14000,4.666666666666667,4.666666666666667,1068.0,83.33333333333333,3,0,3,3,0.0,0,1.0,1.0,9666.666666666666,No,0.0058
PRV51811,15,199000,13266.666666666666,57000,5.466666666666667,5.466666666666667,1068.0,70.0,15,0,15,1,0.0,0,1.0,1.0,13266.666666666666,No,0.1526
PRV51812,1,6000,6000.0,6000,7.0,7.0,1068.0,57.0,1,0,1,1,0.0,0,1.0,1.0,6000.0,No,0.0014
PRV51813,10,110000,11000.0,30000,8.1,8.1,1068.0,76.3,10,0,10,2,0.0,0,1.0,1.0,11000.0,No,0.0281
PRV51815,5,810,162.0,500,0.0,0.0,0.0,64.4,0,5,5,1,0.0,0,0.0,1.0,162.0,No,0.0006
PRV51816,7,68000,9714.285714285714,24000,3.857142857142857,3.857142857142857,915.4285714285714,72.57142857142857,7,0,7,1,0.0,0,1.0,1.0,9714.285714285714,No,0.0087
PRV51818,29,267000,9206.896551724138,35000,6.0,6.0,1068.0,73.13793103448276,29,0,27,3,0.0,1,1.0,1.0740740740740742,9888.888888888889,Yes,0.554
PRV51819,3,7050,2350.0,5000,4.0,4.0,712.0,78.33333333333333,2,1,3,1,0.0,0,0.6666666666666666,1.0,2350.0,No,0.0015
PRV51820,5,25000,5000.0,13000,4.0,4.0,1068.0,79.2,5,0,5,2,0.0,0,1.0,1.0,5000.0,No,0.0015
PRV51821,10,138000,13800.0,27000,11.5,11.5,961.2,72.9,10,0,10,1,0.0,0,1.0,1.0,13800.0,No,0.0291
PRV51822,1,600,600.0,600,17.0,17.0,1068.0,88.0,1,0,1,1,0.0,0,1.0,1.0,600.0,No,0.0056
PRV51823,11,44530,4048.181818181818,12000,3.8181818181818183,3.727272727272727,776.7272727272727,71.45454545454545,8,3,11,2,0.0,0,0.7272727272727273,1.0,4048.181818181818,No,0.0145
PRV51824,10,59900,5990.0,10000,6.9,6.9,961.2,65.5,10,0,9,4,0.0,0,1.0,1.1111111111111112,6655.555555555556,No,0.0516
PRV51826,21,265000,12619.047619047618,57000,5.809523809523809,5.809523809523809,1017.1428571428571,68.52380952380952,21,0,20,3,0.0,1,1.0,1.05,13250.0,Yes,0.7778
PRV51827,18,130000,7222.222222222223,22000,6.722222222222222,6.722222222222222,1008.6666666666666,68.66666666666667,18,0,17,1,0.0,0,1.0,1.0588235294117647,7647.058823529412,No,0.0884
PRV51828,11,111000,10090.90909090909,23000,3.3636363636363638,3.3636363636363638,1068.0,74.63636363636364,11,0,11,3,0.0,0,1.0,1.0,10090.90909090909,No,0.0203
PRV51829,5,36000,7200.0,14000,10.0,10.0,1068.0,74.2,5,0,5,1,0.0,0,1.0,1.0,7200.0,No,0.0066
PRV51830,6,20000,3333.3333333333335,5000,4.0,4.0,1068.0,68.66666666666667,6,0,6,2,0.0,0,1.0,1.0,3333.3333333333335,No,0.0028
PRV51831,2,28000,14000.0,14000,4.0,4.0,534.0,66.0,2,0,2,1,0.0,0,1.0,1.0,14000.0,No,0.0025
PRV51833,3,15000,5000.0,10000,3.3333333333333335,3.3333333333333335,1068.0,80.0,3,0,3,1,0.0,0,1.0,1.0,5000.0,No,0.0015
PRV51836,1794,505000,281.4938684503902,5600,1.5512820512820513,0.0,2.9264214046822743,74.0613154960981,0,1794,644,5,0.0033444816053511705,1,0.0,2.7857142857142856,784.1614906832298,Yes,0.9506
PRV51837,104,200310,1926.0576923076924,36000,2.3653846153846154,1.0096153846153846,145.8846153846154,73.78846153846153,15,89,99,69,0.0,0,0.14423076923076922,1.0505050505050506,2023.3333333333333,No,0.1485
PRV51838,200,54000,270.0,3300,1.045,0.0,4.35,73.275,0,200,169,97,0.005,0,0.0,1.183431952662722,319.5266272189349,No,0.0104
PRV51840,118,380600,3225.423728813559,57000,2.9661016949152543,1.9661016949152543,355.6949152542373,72.36440677966101,39,79,111,39,0.01694915254237288,1,0.3305084745762712,1.063063063063063,3428.828828828829,Yes,0.7066
PRV51841,56,132310,2362.6785714285716,57000,1.7678571428571428,0.8392857142857143,159.53571428571428,72.71428571428571,8,48,52,29,0.017857142857142856,0,0.14285714285714285,1.0769230769230769,2544.423076923077,No,0.0738
PRV51842,294,1220600,4151.700680272109,45000,3.078231292517007,1.9489795918367347,419.5578231292517,70.83333333333333,117,177,223,87,0.006802721088435374,1,0.3979591836734694,1.3183856502242153,5473.542600896861,Yes,0.9854
PRV51843,50,18810,376.2,3100,1.6,0.0,1.0,71.8,0,50,36,12,0.0,0,0.0,1.3888888888888888,522.5,No,0.0009
PRV51845,45,110280,2450.6666666666665,32000,1.9777777777777779,1.1555555555555554,262.6222222222222,72.06666666666666,11,34,40,15,0.0,0,0.24444444444444444,1.125,2757.0,No,0.073
PRV51846,29,19070,657.5862068965517,10000,1.2413793103448276,0.3103448275862069,77.10344827586206,65.58620689655173,2,27,25,9,0.06896551724137931,0,0.06896551724137931,1.16,762.8,No,0.0047
PRV51847,42,9420,224.28571428571428,2700,0.8333333333333334,0.0,0.0,74.85714285714286,0,42,38,23,0.0,0,0.0,1.105263157894737,247.89473684210526,No,0.0009
PRV51848,57,15680,275.0877192982456,3300,0.8947368421052632,0.0,0.0,74.2280701754386,0,57,55,23,0.0,0,0.0,1.0363636363636364,285.09090909090907,No,0.001
PRV51849,146,50620,346.71232876712327,9000,1.0410958904109588,0.06164383561643835,25.91780821917808,74.73287671232876,3,143,111,51,0.0,0,0.02054794520547945,1.3153153153153154,456.036036036036,No,0.0211
PRV51851,472,669490,1418.4110169491526,57000,1.7923728813559323,0.5360169491525424,117.83474576271186,72.47669491525424,53,419,336,8,0.00211864406779661,1,0.11228813559322035,1.4047619047619047,1992.529761904762,Yes,0.8426
PRV51852,19,7740,407.36842105263156,3300,0.15789473684210525,0.0,3.1578947368421053,76.47368421052632,0,19,18,11,0.0,0,0.0,1.0555555555555556,430.0,No,0.0071
PRV51855,120,145170,1209.75,24000,2.058333333333333,0.5,144.06666666666666,70.59166666666667,16,104,92,33,0.008333333333333333,0,0.13333333333333333,1.3043478260869565,1577.9347826086957,No,0.0941
PRV51856,117,31500,269.2307692307692,2200,1.7606837606837606,0.0,2.5641025641025643,71.6068376068376,0,117,107,58,0.0,0,0.0,1.0934579439252337,294.39252336448595,No,0.0013
PRV51857,57,383490,6727.894736842105,57000,2.824561403508772,2.3684210526315788,468.42105263157896,70.59649122807018,26,31,47,24,0.0,1,0.45614035087719296,1.2127659574468086,8159.36170212766,Yes,0.6797
PRV51858,61,14380,235.7377049180328,3300,1.5245901639344261,0.0,3.278688524590164,72.31147540983606,0,61,59,19,0.0,0,0.0,1.0338983050847457,243.72881355932202,No,0.0012
PRV51859,65,15500,238.46153846153845,3400,1.4307692307692308,0.0,2.4615384615384617,74.1076923076923,0,65,60,16,0.0,0,0.0,1.0833333333333333,258.3333333333333,No,0.001
PRV51860,776,244610,315.21907216494844,10000,1.2951030927835052,0.028350515463917526,7.231958762886598,75.31572164948453,4,772,351,8,0.0,0,0.005154639175257732,2.2108262108262107,696.894586894587,No,0.1363
PRV51861,21,2760,131.42857142857142,900,0.9047619047619048,0.0,0.0,75.14285714285714,0,21,20,11,0.0,0,0.0,1.05,138.0,No,0.0018
PRV51862,20,92870,4643.5,24000,2.25,1.9,427.7,73.2,8,12,20,17,0.0,0,0.4,1.0,4643.5,No,0.0243
PRV51863,73,286700,3927.3972602739727,36000,3.8904109589041096,2.0547945205479454,249.12328767123287,73.42465753424658,19,54,66,46,0.0,0,0.2602739726027397,1.106060606060606,4343.939393939394,No,0.3182
PRV51864,133,91090,684.8872180451128,36000,1.0300751879699248,0.12781954887218044,50.661654135338345,72.74436090225564,6,127,75,14,0.03007518796992481,0,0.045112781954887216,1.7733333333333334,1214.5333333333333,No,0.0424
PRV51865,28,11670,416.7857142857143,3300,0.9285714285714286,0.0,0.0,74.64285714285714,0,28,27,11,0.0,0,0.0,1.037037037037037,432.22222222222223,No,0.0017
PRV51867,102,32130,315.0,3300,1.4313725490196079,0.0,2.9411764705882355,73.54901960784314,0,102,97,65,0.00980392156862745,0,0.0,1.0515463917525774,331.2371134020619,No,0.0033
PRV51868,144,1099710,7636.875,57000,4.138888888888889,3.7847222222222223,704.9305555555555,71.92361111111111,100,44,123,36,0.0,1,0.6944444444444444,1.170731707317073,8940.731707317073,Yes,0.983
PRV51869,21,26480,1260.952380952381,18000,0.42857142857142855,0.42857142857142855,105.04761904761905,72.9047619047619,2,19,21,11,0.0,0,0.09523809523809523,1.0,1260.952380952381,No,0.006
PRV51870,55,19290,350.72727272727275,3300,1.1272727272727272,0.0,1.0909090909090908,71.92727272727272,0,55,54,27,0.0,0,0.0,1.0185185185185186,357.22222222222223,No,0.0014
PRV51871,30,5920,197.33333333333334,1100,1.5333333333333334,0.0,0.6666666666666666,74.43333333333334,0,30,29,17,0.0,0,0.0,1.0344827586206897,204.13793103448276,No,0.0008
PRV51872,24,8840,368.3333333333333,2600,0.0,0.0,4.583333333333333,76.41666666666667,0,24,23,19,0.0,0,0.0,1.0434782608695652,384.3478260869565,No,0.0098
PRV51873,144,341480,2371.3888888888887,78000,1.7430555555555556,1.0902777777777777,196.16666666666666,72.47222222222223,26,118,130,69,0.006944444444444444,1,0.18055555555555555,1.1076923076923078,2626.769230769231,Yes,0.7883
PRV51874,44,11290,256.59090909090907,2100,0.6136363636363636,0.0,1.5909090909090908,74.31818181818181,0,44,42,12,0.0,0,0.0,1.0476190476190477,268.8095238095238,No,0.0013
PRV51875,1,50,50.0,50,0.0,0.0,0.0,73.0,0,1,1,1,0.0,0,0.0,1.0,50.0,No,0.001
PRV51876,61,242320,3972.4590163934427,39000,3.540983606557377,2.0491803278688523,300.59016393442624,74.24590163934427,18,43,57,38,0.0,1,0.29508196721311475,1.0701754385964912,4251.228070175439,Yes,0.3512
PRV51877,4,290,72.5,100,0.0,0.0,0.0,74.25,0,4,4,2,0.0,0,0.0,1.0,72.5,No,0.0013
PRV51878,12,3110,259.1666666666667,1700,3.3333333333333335,0.0,7.5,72.75,0,12,12,11,0.0,0,0.0,1.0,259.1666666666667,No,0.001
PRV51879,105,40710,387.7142857142857,11060,1.9619047619047618,0.0,3.5238095238095237,73.23809523809524,0,105,36,3,0.0,0,0.0,2.9166666666666665,1130.8333333333333,No,0.046
PRV51884,44,84530,1921.1363636363637,51000,1.2954545454545454,0.7045454545454546,122.72727272727273,74.81818181818181,5,39,44,18,0.0,0,0.11363636363636363,1.0,1921.1363636363637,No,0.0229
PRV51885,85,25670,302.0,3300,2.411764705882353,0.0,1.411764705882353,74.43529411764706,0,85,49,11,0.0,0,0.0,1.7346938775510203,523.8775510204082,No,0.0017
PRV51886,18,2160,120.0,700,1.2222222222222223,0.0,2.7777777777777777,70.33333333333333,0,18,5,3,0.0,0,0.0,3.6,432.0,No,0.0029
PRV51887,2,120,60.0,90,0.0,0.0,20.0,70.5,0,2,2,1,0.0,0,0.0,1.0,60.0,No,0.0021
PRV51888,5,640,128.0,400,0.0,0.0,20.0,68.4,0,5,5,4,0.0,0,0.0,1.0,128.0,No,0.0015
PRV51889,4,170,42.5,100,0.0,0.0,0.0,77.25,0,4,1,2,0.0,0,0.0,4.0,170.0,No,0.0074
PRV51890,21,14510,690.952380952381,11000,2.0476190476190474,0.09523809523809523,53.714285714285715,71.0,1,20,18,7,0.047619047619047616,0,0.047619047619047616,1.1666666666666667,806.1111111111111,No,0.0039
PRV51891,3,480,160.0,400,0.0,0.0,0.0,66.66666666666667,0,3,3,3,0.0,0,0.0,1.0,160.0,No,0.0008
PRV51892,5,750,150.0,500,0.0,0.0,0.0,59.8,0,5,5,2,0.0,0,0.0,1.0,150.0,No,0.0006
PRV51894,20,9210,460.5,3300,0.55,0.0,0.0,75.35,0,20,20,11,0.0,0,0.0,1.0,460.5,No,0.0057
PRV51895,18,3730,207.22222222222223,1100,2.0,0.0,11.11111111111111,70.16666666666667,0,18,8,6,0.0,0,0.0,2.25,466.25,No,0.0084
PRV51896,5,530,106.0,200,4.0,0.0,0.0,66.8,0,5,4,3,0.0,0,0.0,1.25,132.5,No,0.0018
PRV51897,65,10930,168.15384615384616,1900,1.0307692307692307,0.0,2.923076923076923,74.92307692307692,0,65,38,12,0.0,0,0.0,1.7105263157894737,287.63157894736844,No,0.0043
PRV51898,59,12520,212.20338983050848,6000,0.6949152542372882,0.05084745762711865,18.10169491525424,75.38983050847457,1,58,49,18,0.0,0,0.01694915254237288,1.2040816326530612,255.51020408163265,No,0.0065
PRV51899,23,5500,239.1304347826087,1600,2.0,0.0,0.0,75.08695652173913,0,23,16,4,0.043478260869565216,0,0.0,1.4375,343.75,No,0.0101
PRV51901,7,3600,514.2857142857143,3300,0.42857142857142855,0.0,0.0,76.57142857142857,0,7,7,6,0.0,0,0.0,1.0,514.2857142857143,No,0.0022
PRV51902,4,1300,325.0,1100,1.0,0.0,0.0,76.0,0,4,1,2,0.0,0,0.0,4.0,1300.0,No,0.0046
PRV51905,257,82540,321.16731517509726,3300,1.11284046692607,0.0,2.6070038910505837,72.09338521400778,0,257,85,1,0.019455252918287938,0,0.0,3.023529411764706,971.0588235294117,No,0.0679
PRV51906,22,2730,124.0909090909091,1200,0.8181818181818182,0.0,0.0,70.04545454545455,0,22,8,1,0.0,0,0.0,2.75,341.25,No,0.0045
PRV51908,22,14270,648.6363636363636,3300,3.4545454545454546,0.0,7.2727272727272725,71.5,0,22,22,2,0.0,0,0.0,1.0,648.6363636363636,No,0.0026
PRV51909,16,3460,216.25,700,2.0,0.0,0.0,76.4375,0,16,16,6,0.0,0,0.0,1.0,216.25,No,0.0019
PRV51910,82,27950,340.8536585365854,3300,2.024390243902439,0.0,1.4634146341463414,67.95121951219512,0,82,49,3,0.0,0,0.0,1.6734693877551021,570.4081632653061,No,0.0036
PRV51911,93,25540,274.6236559139785,3300,1.7419354838709677,0.0,2.2580645161290325,71.6236559139785,0,93,56,2,0.010752688172043012,0,0.0,1.6607142857142858,456.07142857142856,No,0.0023
PRV51913,1,70,70.0,70,0.0,0.0,0.0,76.0,0,1,1,1,0.0,0,0.0,1.0,70.0,No,0.0017
PRV51914,11,1680,152.72727272727272,500,0.0,0.0,0.0,76.54545454545455,0,11,11,3,0.0,0,0.0,1.0,152.72727272727272,No,0.0012
PRV51915,20,6170,308.5,2400,0.55,0.0,0.0,76.05,0,20,16,4,0.0,0,0.0,1.25,385.625,No,0.002
PRV51916,43,7290,169.53488372093022,800,0.5116279069767442,0.0,0.0,66.5813953488372,0,43,13,2,0.0,0,0.0,3.3076923076923075,560.7692307692307,No,0.0034
PRV51917,11,970,88.18181818181819,500,1.8181818181818181,0.0,0.0,71.18181818181819,0,11,9,1,0.09090909090909091,0,0.0,1.2222222222222223,107.77777777777777,No,0.002
PRV51918,1,50,50.0,50,0.0,0.0,0.0,74.0,0,1,1,1,0.0,0,0.0,1.0,50.0,No,0.0011
PRV51919,6,101000,16833.333333333332,40000,5.666666666666667,5.666666666666667,1068.0,68.83333333333333,6,0,6,3,0.0,0,1.0,1.0,16833.333333333332,No,0.1128
PRV51920,18,100700,5594.444444444444,57000,3.4444444444444446,3.0,539.5555555555555,69.83333333333333,9,9,18,3,0.0,1,0.5,1.0,5594.444444444444,Yes,0.3917
PRV51921,70,19290,275.57142857142856,3300,0.45714285714285713,0.0,2.4285714285714284,78.02857142857142,0,70,24,1,0.0,0,0.0,2.9166666666666665,803.75,No,0.0038
PRV51922,24,5090,212.08333333333334,1000,0.041666666666666664,0.0,4.166666666666667,68.29166666666667,0,24,11,7,0.0,0,0.0,2.1818181818181817,462.72727272727275,No,0.0094
PRV51923,9,1040,115.55555555555556,700,2.5555555555555554,0.0,11.11111111111111,71.0,0,9,7,2,0.0,0,0.0,1.2857142857142858,148.57142857142858,No,0.0037
PRV51924,50,15710,314.2,2800,0.78,0.0,2.0,70.82,0,50,25,7,0.0,0,0.0,2.0,628.4,No,0.0019
PRV51925,4,1960,490.0,1700,0.0,0.0,0.0,75.5,0,4,3,1,0.0,0,0.0,1.3333333333333333,653.3333333333334,No,0.0028
PRV51926,32,13870,433.4375,2700,0.71875,0.0,4.375,75.625,0,32,30,5,0.0,0,0.0,1.0666666666666667,462.3333333333333,No,0.0183
PRV51927,6,64050,10675.0,23000,9.5,9.5,890.0,76.33333333333333,5,1,6,2,0.0,0,0.8333333333333334,1.0,10675.0,No,0.0389
PRV51928,30,7140,238.0,1900,1.5333333333333334,0.0,1.6666666666666667,74.1,0,30,30,9,0.0,0,0.0,1.0,238.0,No,0.0014
PRV51929,111,106630,960.6306306306307,22000,2.684684684684685,0.22522522522522523,81.65765765765765,73.68468468468468,8,103,109,41,0.009009009009009009,0,0.07207207207207207,1.018348623853211,978.256880733945,No,0.062
PRV51930,6,1010,168.33333333333334,400,0.0,0.0,0.0,79.83333333333333,0,6,6,4,0.0,0,0.0,1.0,168.33333333333334,No,0.0009
PRV51931,46,18430,400.6521739130435,5000,1.1304347826086956,0.06521739130434782,25.17391304347826,75.08695652173913,1,45,45,21,0.0,0,0.021739130434782608,1.0222222222222221,409.55555555555554,No,0.002
PRV51932,21,31970,1522.3809523809523,16000,2.0952380952380953,1.2857142857142858,105.52380952380952,75.33333333333333,2,19,21,8,0.0,0,0.09523809523809523,1.0,1522.3809523809523,No,0.0101
PRV51933,57,14370,252.10526315789474,3300,1.6140350877192982,0.0,3.8596491228070176,75.14035087719299,0,57,56,44,0.0,0,0.0,1.0178571428571428,256.60714285714283,No,0.0016
PRV51934,111,27270,245.67567567567568,3300,1.3783783783783783,0.0,4.954954954954955,73.65765765765765,0,111,111,19,0.009009009009009009,0,0.0,1.0,245.67567567567568,No,0.0038
PRV51935,57,38280,671.578947368421,12000,1.4035087719298245,0.40350877192982454,57.96491228070175,75.17543859649123,3,54,55,39,0.0,0,0.05263157894736842,1.0363636363636364,696.0,No,0.0114
PRV51936,20,4770,238.5,1000,1.6,0.0,3.0,71.6,0,20,20,18,0.0,0,0.0,1.0,238.5,No,0.0012
PRV51937,90,18270,203.0,2600,1.5222222222222221,0.0,1.7777777777777777,74.36666666666666,0,90,87,45,0.011111111111111112,0,0.0,1.0344827586206897,210.0,No,0.0023
PRV51938,106,42020,396.41509433962267,8000,1.4622641509433962,0.0660377358490566,21.660377358490567,73.59433962264151,2,104,95,3,0.018867924528301886,0,0.018867924528301886,1.1157894736842104,442.3157894736842,No,0.0063
PRV51940,251,1992270,7937.330677290836,71000,4.852589641434263,4.450199203187251,800.2549800796813,73.84462151394422,193,58,227,22,0.0,1,0.7689243027888446,1.105726872246696,8776.519823788547,Yes,0.9819
PRV51941,27,17990,666.2962962962963,11000,1.1481481481481481,0.18518518518518517,80.5925925925926,75.55555555555556,2,25,27,20,0.0,0,0.07407407407407407,1.0,666.2962962962963,No,0.0045
PRV51942,53,11880,224.1509433962264,3300,0.5849056603773585,0.0,0.9433962264150944,74.58490566037736,0,53,52,31,0.018867924528301886,0,0.0,1.0192307692307692,228.46153846153845,No,0.0036
PRV51943,89,28970,325.5056179775281,9000,0.4157303370786517,0.02247191011235955,14.247191011235955,75.5505617977528,1,88,85,58,0.0,0,0.011235955056179775,1.0470588235294118,340.8235294117647,No,0.0111
PRV51944,124,96100,775.0,22000,2.532258064516129,0.3387096774193548,45.32258064516129,73.93548387096774,5,119,111,50,0.0,0,0.04032258064516129,1.117117117117117,865.7657657657658,No,0.0528
PRV51946,91,201370,2212.8571428571427,28000,2.4505494505494507,1.1758241758241759,271.25274725274727,72.49450549450549,23,68,89,54,0.01098901098901099,0,0.25274725274725274,1.0224719101123596,2262.5842696629215,No,0.0545
PRV51947,28,24090,860.3571428571429,22000,1.4642857142857142,0.5,43.142857142857146,72.96428571428571,1,27,27,20,0.0,0,0.03571428571428571,1.037037037037037,892.2222222222222,No,0.0031
PRV51948,515,1519950,2951.359223300971,69000,2.586407766990291,1.5514563106796118,290.25631067961166,75.10873786407767,143,372,354,9,0.003883495145631068,1,0.27766990291262134,1.4548022598870056,4293.64406779661,Yes,0.9777
PRV51949,71,260140,3663.943661971831,103000,2.6901408450704225,1.676056338028169,287.49295774647885,75.91549295774648,19,52,68,20,0.014084507042253521,0,0.2676056338028169,1.0441176470588236,3825.5882352941176,No,0.2027
PRV51950,69,45770,663.3333333333334,19000,2.0434782608695654,0.3333333333333333,31.391304347826086,75.65217391304348,3,66,68,17,0.0,0,0.043478260869565216,1.0147058823529411,673.0882352941177,No,0.0177
PRV51951,102,473010,4637.35294117647,45000,3.0294117647058822,2.480392156862745,504.54901960784315,73.65686274509804,48,54,87,42,0.0,1,0.47058823529411764,1.1724137931034482,5436.896551724138,Yes,0.4735
PRV51952,19,2470,130.0,500,2.1052631578947367,0.0,13.68421052631579,73.52631578947368,0,19,19,7,0.0,0,0.0,1.0,130.0,No,0.0012
PRV51954,643,450930,701.2908242612752,57000,1.4510108864696734,0.2052877138413686,38.82737169517885,72.77293934681182,23,620,577,184,0.006220839813374806,0,0.03576982892690513,1.1143847487001732,781.5077989601386,No,0.262
PRV51956,14,24110,1722.142857142857,11000,3.142857142857143,1.7142857142857142,159.71428571428572,69.0,2,12,14,9,0.0,0,0.14285714285714285,1.0,1722.142857142857,No,0.0053
PRV51957,79,210190,2660.6329113924053,19000,2.6202531645569622,1.481012658227848,311.82278481012656,71.89873417721519,24,55,77,45,0.0,0,0.3037974683544304,1.025974025974026,2729.7402597402597,No,0.1325
PRV51958,29,11000,379.3103448275862,3300,1.1724137931034482,0.034482758620689655,45.10344827586207,76.62068965517241,1,28,29,17,0.0,0,0.034482758620689655,1.0,379.3103448275862,No,0.0032
PRV51959,751,213350,284.08788282290277,3300,1.1065246338215713,0.0,2.729693741677763,74.76431424766977,0,751,398,5,0.010652463382157125,0,0.0,1.8869346733668342,536.0552763819095,No,0.0413
PRV51960,48,266640,5555.0,57000,2.8333333333333335,2.0833333333333335,468.0833333333333,74.35416666666667,21,27,45,6,0.0,0,0.4375,1.0666666666666667,5925.333333333333,No,0.1892
PRV51961,159,46610,293.1446540880503,3300,1.578616352201258,0.0,1.5723270440251573,75.62264150943396,0,159,137,2,0.012578616352201259,0,0.0,1.1605839416058394,340.2189781021898,No,0.0123
PRV51963,54,13630,252.40740740740742,3500,1.7222222222222223,0.0,6.111111111111111,76.25925925925925,0,54,48,1,0.0,0,0.0,1.125,283.9583333333333,No,0.0022
PRV51964,17,2440,143.52941176470588,700,0.0,0.0,3.5294117647058822,74.88235294117646,0,17,17,2,0.058823529411764705,0,0.0,1.0,143.52941176470588,No,0.005
PRV51965,19,2680,141.05263157894737,500,0.3157894736842105,0.0,0.0,75.57894736842105,0,19,18,3,0.0,0,0.0,1.0555555555555556,148.88888888888889,No,0.002
PRV51966,3,2450,816.6666666666666,2300,0.0,0.0,0.0,80.66666666666667,0,3,3,2,0.0,0,0.0,1.0,816.6666666666666,No,0.0012
PRV51967,57,16830,295.2631578947368,3300,0.7894736842105263,0.0,3.1578947368421053,77.40350877192982,0,57,53,4,0.017543859649122806,0,0.0,1.0754716981132075,317.54716981132077,No,0.005
PRV51968,1,90,90.0,90,0.0,0.0,0.0,41.0,0,1,1,1,0.0,0,0.0,1.0,90.0,No,0.0012
PRV51969,42,15450,367.85714285714283,3300,2.3095238095238093,0.0,1.9047619047619047,71.97619047619048,0,42,39,2,0.023809523809523808,0,0.0,1.0769230769230769,396.15384615384613,No,0.0028
PRV51970,35,25410,726.0,10400,0.5714285714285714,0.0,0.5714285714285714,73.62857142857143,0,35,32,1,0.02857142857142857,0,0.0,1.09375,794.0625,No,0.0066
PRV51972,35,9460,270.2857142857143,3300,3.3142857142857145,0.0,2.0,75.22857142857143,0,35,34,3,0.02857142857142857,0,0.0,1.0294117647058822,278.2352941176471,No,0.0056
PRV51973,74,19060,257.56756756756755,3300,1.5,0.0,2.7027027027027026,76.02702702702703,0,74,63,2,0.013513513513513514,0,0.0,1.1746031746031746,302.53968253968253,No,0.0071
PRV51974,4,710,177.5,500,1.25,0.0,12.5,65.0,0,4,4,2,0.0,0,0.0,1.0,177.5,No,0.0013
PRV51976,7,61000,8714.285714285714,19000,6.714285714285714,6.714285714285714,1068.0,76.71428571428571,7,0,7,1,0.0,0,1.0,1.0,8714.285714285714,No,0.0173
PRV51977,1,8000,8000.0,8000,3.0,3.0,1068.0,73.0,1,0,1,1,0.0,0,1.0,1.0,8000.0,No,0.0011
PRV51978,4,31000,7750.0,12000,5.25,5.25,1068.0,81.5,4,0,4,2,0.0,0,1.0,1.0,7750.0,No,0.0085
PRV51979,13,136000,10461.538461538461,22000,5.076923076923077,5.076923076923077,1068.0,81.23076923076923,13,0,12,1,0.0,1,1.0,1.0833333333333333,11333.333333333334,Yes,0.2043
PRV51981,5,18000,3600.0,6000,3.2,3.2,1068.0,75.0,5,0,5,2,0.0,0,1.0,1.0,3600.0,No,0.0016
PRV51983,40,7050,176.25,2400,1.925,0.0,7.0,75.775,0,40,39,25,0.0,0,0.0,1.0256410256410255,180.76923076923077,No,0.0016
PRV51984,525,160780,306.247619047619,3300,1.9085714285714286,0.0,2.704761904761905,73.50857142857143,0,525,337,34,0.0019047619047619048,0,0.0,1.5578635014836795,477.0919881305638,No,0.0563
PRV51987,2,30,15.0,20,0.0,0.0,0.0,80.0,0,2,2,2,0.0,0,0.0,1.0,15.0,No,0.0018
PRV51988,37,12230,330.5405405405405,2900,2.8378378378378377,0.0,5.135135135135135,72.89189189189189,0,37,32,2,0.0,0,0.0,1.15625,382.1875,No,0.0025
PRV51989,18,4060,225.55555555555554,900,0.05555555555555555,0.0,0.0,71.05555555555556,0,18,18,1,0.0,0,0.0,1.0,225.55555555555554,No,0.0012
PRV51990,89,18690,210.0,2200,0.6404494382022472,0.0,1.797752808988764,73.04494382022472,0,89,49,4,0.011235955056179775,0,0.0,1.816326530612245,381.42857142857144,No,0.0043
PRV51991,31,9570,308.7096774193548,1900,2.3870967741935485,0.0,0.0,74.2258064516129,0,31,30,2,0.0,0,0.0,1.0333333333333334,319.0,No,0.0016
PRV51992,61,10790,176.88524590163934,2700,0.8524590163934426,0.0,3.1147540983606556,74.06557377049181,0,61,54,2,0.0,0,0.0,1.1296296296296295,199.8148148148148,No,0.0013
PRV51993,2,230,115.0,200,0.0,0.0,0.0,72.0,0,2,2,1,0.0,0,0.0,1.0,115.0,No,0.0011
PRV51994,33,11780,356.969696969697,2100,2.0303030303030303,0.0,0.9090909090909091,71.0,0,33,31,4,0.0,0,0.0,1.064516129032258,380.0,No,0.0018
PRV51995,20,9700,485.0,2600,1.0,0.0,0.0,72.9,0,20,20,2,0.0,0,0.0,1.0,485.0,No,0.0063
PRV51996,41,10070,245.609756097561,2700,2.0,0.0,4.390243902439025,75.36585365853658,0,41,38,4,0.0,0,0.0,1.0789473684210527,265.0,No,0.0034
PRV51998,28,5360,191.42857142857142,2200,1.25,0.0,6.428571428571429,73.67857142857143,0,28,28,3,0.0,0,0.0,1.0,191.42857142857142,No,0.0014
PRV51999,17,2660,156.47058823529412,800,0.058823529411764705,0.0,0.0,77.05882352941177,0,17,17,3,0.0,0,0.0,1.0,156.47058823529412,No,0.0015
PRV52001,1177,320620,272.4044180118946,4300,1.372982158028887,0.0,2.421410365335599,72.20560747663552,0,1177,744,14,0.005097706032285472,0,0.0,1.581989247311828,430.94086021505376,No,0.0562
PRV52002,188,343260,1825.8510638297873,57000,2.484042553191489,0.8882978723404256,134.48936170212767,72.93617021276596,24,164,180,107,0.005319148936170213,1,0.1276595744680851,1.0444444444444445,1907.0,Yes,0.68
PRV52003,154,806950,5239.935064935065,57000,2.8701298701298703,2.292207792207792,535.2337662337662,74.65584415584415,77,77,144,51,0.0,0,0.5,1.0694444444444444,5603.819444444444,No,0.4016
PRV52004,47,15680,333.6170212765957,3300,1.5106382978723405,0.0,4.042553191489362,73.2127659574468,0,47,41,1,0.0,0,0.0,1.146341463414634,382.4390243902439,No,0.0009
PRV52007,18,1910,106.11111111111111,500,1.0,0.0,2.2222222222222223,68.66666666666667,0,18,18,2,0.0,0,0.0,1.0,106.11111111111111,No,0.0036
PRV52008,25,4830,193.2,1200,1.72,0.0,4.0,72.76,0,25,24,3,0.04,0,0.0,1.0416666666666667,201.25,No,0.0035
PRV52009,35,5770,164.85714285714286,1600,0.3142857142857143,0.0,5.714285714285714,75.17142857142858,0,35,33,4,0.0,0,0.0,1.0606060606060606,174.84848484848484,No,0.0047
PRV52010,7,1400,200.0,900,0.0,0.0,0.0,81.28571428571429,0,7,7,3,0.0,0,0.0,1.0,200.0,No,0.0028
PRV52011,26,7070,271.9230769230769,1200,0.5769230769230769,0.0,0.0,70.84615384615384,0,26,23,8,0.0,0,0.0,1.1304347826086956,307.39130434782606,No,0.0047
PRV52012,1,8000,8000.0,8000,8.0,8.0,1068.0,94.0,1,0,1,1,0.0,0,1.0,1.0,8000.0,No,0.0054
PRV52013,62,14210,229.19354838709677,3200,1.3548387096774193,0.0,3.225806451612903,75.37096774193549,0,62,56,15,0.0,0,0.0,1.1071428571428572,253.75,No,0.0021
PRV52014,351,93890,267.4928774928775,3300,1.5242165242165242,0.0,2.7065527065527064,72.47863247863248,0,351,299,114,0.005698005698005698,0,0.0,1.173913043478261,314.0133779264214,No,0.0096
PRV52017,280,304770,1088.4642857142858,32000,2.3607142857142858,0.3678571428571429,83.02857142857142,73.2,23,257,262,48,0.0035714285714285713,0,0.08214285714285714,1.0687022900763359,1163.2442748091603,No,0.1681
PRV52019,1961,5996050,3057.6491585925546,98000,2.493625701172871,1.5563488016318205,275.0770015298317,72.96481387047425,516,1445,1734,644,0.008669046404895462,1,0.2631310555838858,1.1309111880046137,3457.929642445213,Yes,0.9723
PRV52020,606,1164820,1922.145214521452,57000,1.9504950495049505,0.7937293729372937,160.66006600660066,73.7128712871287,92,514,577,94,0.01485148514851485,1,0.15181518151815182,1.050259965337955,2018.7521663778164,Yes,0.8589
PRV52021,613,1951850,3184.094616639478,82000,2.9543230016313213,1.701468189233279,315.7096247960848,73.90538336052202,181,432,570,129,0.0032626427406199023,1,0.29526916802610115,1.075438596491228,3424.2982456140353,Yes,0.9602
PRV52022,66,17770,269.24242424242425,2100,2.0454545454545454,0.0,1.0606060606060606,72.77272727272727,0,66,66,21,0.0,0,0.0,1.0,269.24242424242425,No,0.0007
PRV52024,2,2100,1050.0,1700,1.0,0.0,15.0,79.0,0,2,2,1,0.0,0,0.0,1.0,1050.0,No,0.0019
PRV52025,119,35190,295.7142857142857,3300,0.8739495798319328,0.0,2.436974789915966,70.84033613445378,0,119,117,42,0.01680672268907563,0,0.0,1.017094017094017,300.7692307692308,No,0.0029
PRV52026,24,6960,290.0,3300,2.5833333333333335,0.0,0.0,69.33333333333333,0,24,23,11,0.0,0,0.0,1.0434782608695652,302.60869565217394,No,0.003
PRV52027,181,402620,2224.4198895027625,51000,2.022099447513812,1.3867403314917126,267.56906077348066,72.14364640883979,46,135,179,89,0.0,0,0.2541436464088398,1.011173184357542,2249.27374301676,No,0.2631
PRV52028,18,69530,3862.777777777778,46000,0.7777777777777778,0.7777777777777778,246.77777777777777,71.0,4,14,18,9,0.0,0,0.2222222222222222,1.0,3862.777777777778,No,0.0372
PRV52029,168,166610,991.7261904761905,35000,1.630952380952381,0.2916666666666667,72.30952380952381,73.4047619047619,11,157,159,63,0.017857142857142856,0,0.06547619047619048,1.0566037735849056,1047.861635220126,No,0.0635
PRV52030,2275,681360,299.4989010989011,28000,1.3085714285714285,0.023296703296703296,4.277802197802198,73.78021978021978,4,2271,1179,21,0.008791208791208791,1,0.0017582417582417582,1.9296013570822732,577.9134860050891,Yes,0.9611
PRV52031,125,37770,302.16,11000,0.808,0.008,8.864,72.936,1,124,112,49,0.0,0,0.008,1.1160714285714286,337.23214285714283,No,0.004
PRV52032,627,698640,1114.2583732057417,26000,1.4896331738437,0.4226475279106858,96.2360446570973,74.14194577352472,56,571,568,104,0.004784688995215311,1,0.08931419457735247,1.1038732394366197,1230.0,Yes,0.6217
PRV52037,171,52660,307.953216374269,3300,1.5380116959064327,0.0,1.871345029239766,72.02923976608187,0,171,159,86,0.005847953216374269,0,0.0,1.0754716981132075,331.1949685534591,No,0.0055
PRV52038,259,240630,929.073359073359,18000,1.5096525096525097,0.3281853281853282,91.1891891891892,73.03088803088804,22,237,217,85,0.015444015444015444,0,0.08494208494208494,1.1935483870967742,1108.89400921659,No,0.0823
PRV52039,50,10170,203.4,1400,0.52,0.0,0.0,70.22,0,50,46,10,0.0,0,0.0,1.0869565217391304,221.08695652173913,No,0.0081
PRV52041,1885,604980,320.9442970822281,6060,1.4450928381962864,0.0,2.9124668435013263,74.1183023872679,0,1885,918,9,0.004774535809018567,1,0.0,2.053376906318083,659.0196078431372,Yes,0.956
PRV52042,52,27720,533.0769230769231,9000,0.25,0.057692307692307696,20.53846153846154,74.90384615384616,1,51,50,16,0.0,0,0.019230769230769232,1.04,554.4,No,0.0153
PRV52044,79,408830,5175.06329113924,48000,3.8734177215189876,3.2658227848101267,581.3164556962025,75.46835443037975,43,36,75,40,0.012658227848101266,0,0.5443037974683544,1.0533333333333332,5451.066666666667,No,0.12
PRV52045,243,577030,2374.6090534979426,82000,2.0411522633744856,1.008230452674897,204.10699588477365,73.65020576131687,46,197,231,128,0.012345679012345678,1,0.18930041152263374,1.051948051948052,2497.965367965368,Yes,0.7974
PRV52046,101,28190,279.1089108910891,2400,1.5742574257425743,0.0,2.871287128712871,76.00990099009901,0,101,98,42,0.009900990099009901,0,0.0,1.030612244897959,287.6530612244898,No,0.002
PRV52047,24,148550,6189.583333333333,50000,4.75,3.4166666666666665,667.5,68.125,15,9,21,3,0.0,0,0.625,1.1428571428571428,7073.809523809524,No,0.2257
PRV52048,108,38820,359.44444444444446,3300,2.037037037037037,0.0,2.314814814814815,74.0925925925926,0,108,98,66,0.0,0,0.0,1.1020408163265305,396.1224489795918,No,0.0022
PRV52049,192,55850,290.8854166666667,3300,1.8125,0.0,3.59375,73.390625,0,192,189,76,0.0,0,0.0,1.0158730158730158,295.5026455026455,No,0.0033
PRV52051,89,35290,396.5168539325843,3300,1.0561797752808988,0.0,1.348314606741573,71.51685393258427,0,89,88,41,0.0,0,0.0,1.0113636363636365,401.02272727272725,No,0.0021
PRV52052,58,48580,837.5862068965517,17000,1.0344827586206897,0.20689655172413793,93.62068965517241,71.48275862068965,5,53,56,12,0.017241379310344827,0,0.08620689655172414,1.0357142857142858,867.5,No,0.0165
PRV52054,240,78490,327.0416666666667,3300,1.5666666666666667,0.0,2.7916666666666665,74.625,0,240,232,122,0.008333333333333333,0,0.0,1.0344827586206897,338.3189655172414,No,0.0044
PRV52055,203,51010,251.2807881773399,3300,1.6206896551724137,0.0,3.1527093596059115,73.09852216748769,0,203,148,35,0.009852216748768473,0,0.0,1.3716216216216217,344.6621621621622,No,0.0245
PRV52056,60,17280,288.0,1800,2.0,0.0,8.166666666666666,73.61666666666666,0,60,52,13,0.0,0,0.0,1.1538461538461537,332.3076923076923,No,0.0049
PRV52057,185,173770,939.2972972972973,57000,1.372972972972973,0.3783783783783784,53.84864864864865,71.82702702702703,10,175,164,49,0.016216216216216217,0,0.05405405405405406,1.1280487804878048,1059.5731707317073,No,0.0978
PRV52058,204,55450,271.8137254901961,3300,2.176470588235294,0.0,2.9901960784313726,73.31372549019608,0,204,199,71,0.0,0,0.0,1.0251256281407035,278.643216080402,No,0.005
PRV52059,1287,540810,420.2097902097902,41000,1.473970473970474,0.07536907536907538,13.872571872571873,74.21756021756022,13,1274,430,18,0.003108003108003108,1,0.010101010101010102,2.9930232558139536,1257.6976744186047,Yes,0.9139
PRV52061,131,31790,242.67175572519085,3300,1.3969465648854962,0.0,2.519083969465649,72.98473282442748,0,131,121,50,0.007633587786259542,0,0.0,1.0826446280991735,262.72727272727275,No,0.0027
PRV52062,184,56860,309.0217391304348,3300,1.0706521739130435,0.0,1.3043478260869565,74.10326086956522,0,184,181,70,0.0,0,0.0,1.0165745856353592,314.1436464088398,No,0.0034
PRV52063,792,1116210,1409.3560606060605,50000,1.928030303030303,0.5959595959595959,118.04040404040404,73.14520202020202,88,704,728,143,0.006313131313131313,0,0.1111111111111111,1.0879120879120878,1533.2554945054944,No,0.4493
PRV52064,2844,1119680,393.69901547116734,31000,1.5327004219409284,0.06504922644163151,16.862165963431785,73.07524613220816,38,2806,1536,66,0.01090014064697609,1,0.013361462728551337,1.8515625,728.9583333333334,Yes,0.9495
PRV52065,325,1250280,3847.0153846153844,69000,2.624615384615385,1.7384615384615385,379.9076923076923,73.76615384615384,116,209,316,132,0.006153846153846154,1,0.3569230769230769,1.0284810126582278,3956.5822784810125,Yes,0.9578
PRV52066,1455,386530,265.65635738831617,4300,1.3402061855670102,0.0,2.9896907216494846,73.68522336769759,0,1455,630,4,0.004810996563573883,1,0.0,2.3095238095238093,613.5396825396825,Yes,0.9374
PRV52068,48,13080,272.5,1700,0.7708333333333334,0.0,8.75,75.64583333333333,0,48,48,25,0.0,0,0.0,1.0,272.5,No,0.0045
PRV52069,88,22280,253.1818181818182,3200,1.8977272727272727,0.0,3.1818181818181817,75.07954545454545,0,88,84,42,0.0,0,0.0,1.0476190476190477,265.23809523809524,No,0.002
PRV52071,749,259850,346.92923898531376,14030,1.520694259012016,0.0,2.616822429906542,73.69425901201602,0,749,328,30,0.0053404539385847796,0,0.0,2.283536585365854,792.2256097560976,No,0.2853
PRV52072,132,421030,3189.621212121212,43000,2.1666666666666665,1.7121212121212122,307.6060606060606,73.63636363636364,41,91,124,47,0.0,0,0.3106060606060606,1.064516129032258,3395.4032258064517,No,0.3815
PRV52073,64,359250,5613.28125,56000,3.125,2.171875,467.25,74.09375,28,36,63,15,0.0,0,0.4375,1.0158730158730158,5702.380952380952,No,0.2762
PRV52074,141,161600,1146.099290780142,33000,1.3617021276595744,0.3475177304964539,84.52482269503547,72.40425531914893,11,130,134,50,0.014184397163120567,0,0.07801418439716312,1.0522388059701493,1205.9701492537313,No,0.0924
PRV52075,5,1220,244.0,600,4.0,0.0,0.0,62.0,0,5,5,4,0.4,0,0.0,1.0,244.0,No,0.0027
PRV52076,221,554060,2507.0588235294117,46000,2.9004524886877827,1.2352941176470589,267.19457013574663,74.1131221719457,56,165,199,97,0.004524886877828055,0,0.25339366515837103,1.1105527638190955,2784.221105527638,No,0.1974
PRV52077,1156,1364150,1180.060553633218,112000,1.7396193771626298,0.4991349480968858,97.3477508650519,74.71020761245674,104,1052,695,13,0.012110726643598616,1,0.08996539792387544,1.6633093525179856,1962.8057553956835,Yes,0.9485
PRV52079,33,45100,1366.6666666666667,15000,3.3636363636363638,1.393939393939394,226.54545454545453,72.60606060606061,7,26,31,22,0.0,0,0.21212121212121213,1.064516129032258,1454.8387096774193,No,0.0465
PRV52081,24,28270,1177.9166666666667,9000,1.625,0.75,133.5,76.04166666666667,3,21,24,17,0.0,0,0.125,1.0,1177.9166666666667,No,0.0071
PRV52082,8,880,110.0,400,0.0,0.0,0.0,80.375,0,8,8,5,0.0,0,0.0,1.0,110.0,No,0.0008
PRV52084,34,107750,3169.1176470588234,21000,1.9705882352941178,1.4705882352941178,314.70588235294116,72.0,10,24,32,22,0.029411764705882353,0,0.29411764705882354,1.0625,3367.1875,No,0.0925
PRV52085,824,240620,292.0145631067961,12060,1.4526699029126213,0.0,3.070388349514563,73.13106796116504,0,824,747,145,0.0048543689320388345,0,0.0,1.1030789825970548,322.1151271753681,No,0.0604
PRV52087,56,20350,363.39285714285717,3000,1.4464285714285714,0.125,42.42857142857143,74.05357142857143,2,54,44,24,0.0,0,0.03571428571428571,1.2727272727272727,462.5,No,0.0024
PRV52088,44,24990,567.9545454545455,18000,0.9545454545454546,0.06818181818181818,28.818181818181817,75.5909090909091,1,43,44,10,0.0,0,0.022727272727272728,1.0,567.9545454545455,No,0.0087
PRV52089,145,221580,1528.1379310344828,49000,1.7517241379310344,0.4068965517241379,114.82758620689656,76.28965517241379,15,130,102,19,0.020689655172413793,1,0.10344827586206896,1.4215686274509804,2172.3529411764707,Yes,0.5391
PRV52090,303,98250,324.25742574257424,5700,1.5577557755775577,0.0,1.386138613861386,74.66006600660066,0,303,279,47,0.006600660066006601,0,0.0,1.086021505376344,352.1505376344086,No,0.0057
PRV52092,159,141470,889.7484276729559,18000,1.2389937106918238,0.41509433962264153,82.74213836477988,73.21383647798743,12,147,144,62,0.0,0,0.07547169811320754,1.1041666666666667,982.4305555555555,No,0.0388
PRV52094,53,161120,3040.0,57000,1.3773584905660377,0.8301886792452831,143.88679245283018,73.58490566037736,8,45,50,27,0.018867924528301886,0,0.1509433962264151,1.06,3222.4,No,0.2116
PRV52095,38,15560,409.4736842105263,5000,1.236842105263158,0.10526315789473684,28.105263157894736,72.36842105263158,1,37,37,30,0.0,0,0.02631578947368421,1.027027027027027,420.5405405405405,No,0.002
PRV52097,55,19640,357.09090909090907,4200,2.036363636363636,0.05454545454545454,21.236363636363638,73.30909090909091,1,54,51,20,0.0,0,0.01818181818181818,1.0784313725490196,385.0980392156863,No,0.0016
PRV52098,469,122660,261.5351812366738,3300,1.5458422174840085,0.0,4.029850746268656,73.17697228144989,0,469,435,131,0.010660980810234541,0,0.0,1.07816091954023,281.97701149425285,No,0.0195
PRV52099,90,31370,348.55555555555554,9000,1.2222222222222223,0.15555555555555556,27.955555555555556,69.26666666666667,2,88,71,31,0.0,0,0.022222222222222223,1.267605633802817,441.83098591549293,No,0.007
PRV52100,201,1533150,7627.611940298508,57000,5.393034825870647,5.323383084577115,861.223880597015,73.08955223880596,164,37,177,35,0.01990049751243781,1,0.8159203980099502,1.1355932203389831,8661.864406779661,Yes,0.9698
PRV52101,15,12500,833.3333333333334,10000,1.6,0.13333333333333333,71.2,75.26666666666667,1,14,15,9,0.0,0,0.06666666666666667,1.0,833.3333333333334,No,0.0023
PRV52102,15,1910,127.33333333333333,400,1.0666666666666667,0.0,5.333333333333333,78.33333333333333,0,15,15,10,0.0,0,0.0,1.0,127.33333333333333,No,0.0023
PRV52104,1189,347070,291.9007569386039,6060,1.6349873843566023,0.0,2.6913372582001682,73.5004205214466,0,1189,663,10,0.011774600504625737,0,0.0,1.7933634992458523,523.4841628959276,No,0.1182
PRV52105,26,12780,491.53846153846155,3300,2.8461538461538463,0.0,0.0,75.73076923076923,0,26,25,6,0.038461538461538464,0,0.0,1.04,511.2,No,0.0057
PRV52107,119,124760,1048.4033613445379,24000,1.4285714285714286,0.5546218487394958,85.14285714285714,72.76470588235294,10,109,114,5,0.0,0,0.08403361344537816,1.043859649122807,1094.3859649122808,No,0.0552
PRV52109,248,75580,304.758064516129,3300,1.1774193548387097,0.0,2.0161290322580645,74.50806451612904,0,248,222,110,0.028225806451612902,0,0.0,1.117117117117117,340.45045045045043,No,0.0083
PRV52111,85,89960,1058.3529411764705,37000,1.7529411764705882,0.3176470588235294,115.43529411764706,73.71764705882353,9,76,82,36,0.011764705882352941,0,0.10588235294117647,1.0365853658536586,1097.0731707317073,No,0.0104
PRV52112,85,259790,3056.3529411764707,29000,2.7176470588235295,1.6470588235294117,305.2,72.54117647058824,24,61,85,41,0.0,0,0.2823529411764706,1.0,3056.3529411764707,No,0.1197
PRV52113,120,22170,184.75,3300,0.7083333333333334,0.0,5.083333333333333,73.275,0,120,53,4,0.041666666666666664,0,0.0,2.2641509433962264,418.3018867924528,No,0.0064
PRV52114,1269,1418220,1117.5886524822695,57000,1.9156816390858944,0.46020488573680063,89.50669818754925,72.8408195429472,105,1164,633,13,0.004728132387706856,1,0.08274231678486997,2.004739336492891,2240.473933649289,Yes,0.9613
PRV52115,90,241500,2683.3333333333335,40000,2.2777777777777777,1.5444444444444445,230.24444444444444,71.4,20,70,74,38,0.0,1,0.2222222222222222,1.2162162162162162,3263.5135135135133,Yes,0.2102
PRV52118,52,113660,2185.769230769231,57000,0.6730769230769231,0.5,88.11538461538461,70.63461538461539,4,48,49,20,0.0,0,0.07692307692307693,1.0612244897959184,2319.591836734694,No,0.1048
PRV52119,52,202380,3891.923076923077,35000,3.923076923076923,1.7884615384615385,329.0,70.0576923076923,16,36,51,26,0.0,1,0.3076923076923077,1.0196078431372548,3968.235294117647,Yes,0.5511
PRV52120,1231,1950720,1584.6628757108042,57000,2.0454914703493094,0.7782290820471162,139.79853777416736,73.38748984565395,165,1066,1098,54,0.00487408610885459,1,0.13403736799350122,1.121129326047359,1776.6120218579235,Yes,0.9675
PRV52121,53,49610,936.0377358490566,12000,2.339622641509434,0.24528301886792453,87.58490566037736,72.15094339622641,4,49,50,20,0.03773584905660377,0,0.07547169811320754,1.06,992.2,No,0.0286
PRV52122,41,18740,457.0731707317073,3300,1.7804878048780488,0.0,4.146341463414634,73.14634146341463,0,41,41,21,0.0,0,0.0,1.0,457.0731707317073,No,0.0013
PRV52123,256,1447140,5652.890625,57000,4.4765625,3.85546875,665.0859375,74.125,162,94,219,35,0.0,1,0.6328125,1.1689497716894977,6607.945205479452,Yes,0.973
PRV52124,115,189250,1645.6521739130435,43000,2.5739130434782607,0.5043478260869565,66.57391304347826,73.5391304347826,7,108,113,43,0.0,1,0.06086956521739131,1.0176991150442478,1674.7787610619469,Yes,0.4919
PRV52126,110,388830,3534.818181818182,20000,2.5090909090909093,2.090909090909091,380.2,72.37272727272727,39,71,106,69,0.0,0,0.35454545454545455,1.0377358490566038,3668.2075471698113,No,0.1408
PRV52127,15,73050,4870.0,51000,4.333333333333333,2.3333333333333335,356.0,74.4,5,10,15,14,0.0,0,0.3333333333333333,1.0,4870.0,No,0.1077
PRV52128,113,492550,4358.849557522124,37000,3.0353982300884956,2.672566371681416,473.8938053097345,71.79646017699115,53,60,106,11,0.0,0,0.4690265486725664,1.0660377358490567,4646.698113207547,No,0.1925
PRV52129,223,55590,249.28251121076232,3300,0.9237668161434978,0.0,3.1838565022421523,74.42152466367713,0,223,75,23,0.0,0,0.0,2.973333333333333,741.2,No,0.0638
PRV52130,93,141100,1517.2043010752689,57000,2.204301075268817,0.7956989247311828,119.56989247311827,70.96774193548387,10,83,90,45,0.0,0,0.10752688172043011,1.0333333333333334,1567.7777777777778,No,0.0724
PRV52131,84,349760,4163.809523809524,57000,2.511904761904762,1.5714285714285714,358.5,71.5,31,53,75,43,0.0,0,0.36904761904761907,1.12,4663.466666666666,No,0.3044
PRV52133,305,105080,344.5245901639344,4000,1.4,0.009836065573770493,10.806557377049181,72.92786885245901,2,303,270,42,0.006557377049180328,0,0.006557377049180328,1.1296296296296295,389.18518518518516,No,0.0076
PRV52135,263,1825550,6941.254752851711,57000,4.1216730038022815,3.958174904942966,836.5323193916349,74.96958174904942,210,53,239,41,0.0038022813688212928,1,0.7984790874524715,1.100418410041841,7638.284518828452,Yes,0.9726
PRV52136,104,380190,3655.673076923077,58000,2.3653846153846154,1.875,414.3269230769231,71.25961538461539,40,64,100,56,0.0,0,0.38461538461538464,1.04,3801.9,No,0.2356
PRV52138,188,58880,313.1914893617021,3300,1.6702127659574468,0.0,3.1914893617021276,70.94148936170212,0,188,179,75,0.010638297872340425,0,0.0,1.0502793296089385,328.93854748603354,No,0.0053
PRV52140,19,5130,270.0,3200,0.47368421052631576,0.0,4.2105263157894735,73.21052631578948,0,19,18,8,0.05263157894736842,0,0.0,1.0555555555555556,285.0,No,0.0021
PRV52141,671,220290,328.301043219076,10000,1.804769001490313,0.007451564828614009,8.023845007451564,72.32488822652758,3,668,341,40,0.004470938897168405,0,0.004470938897168405,1.967741935483871,646.0117302052786,No,0.1533
PRV52142,59,248520,4212.203389830508,33000,4.067796610169491,2.2542372881355934,509.22033898305085,76.40677966101696,28,31,59,35,0.0,0,0.4745762711864407,1.0,4212.203389830508,No,0.1037
PRV52143,17,8290,487.6470588235294,2300,5.705882352941177,0.0,2.9411764705882355,80.52941176470588,0,17,17,11,0.0,0,0.0,1.0,487.6470588235294,No,0.0025
PRV52144,134,123130,918.8805970149253,12000,1.708955223880597,0.373134328358209,96.76119402985074,71.94776119402985,12,122,133,64,0.007462686567164179,0,0.08955223880597014,1.0075187969924813,925.7894736842105,No,0.0227
PRV52145,245,60910,248.6122448979592,3300,1.3673469387755102,0.0,2.6530612244897958,73.53061224489795,0,245,236,51,0.004081632653061225,0,0.0,1.0381355932203389,258.09322033898303,No,0.0049
PRV52146,40,240710,6017.75,39000,4.725,3.375,640.8,76.8,24,16,39,30,0.0,0,0.6,1.0256410256410255,6172.051282051282,No,0.1424
PRV52147,211,291500,1381.516587677725,57000,1.90521327014218,0.5165876777251185,91.96208530805687,73.30331753554502,18,193,211,68,0.023696682464454975,1,0.08530805687203792,1.0,1381.516587677725,Yes,0.6766
PRV52148,78,345150,4425.0,30000,3.858974358974359,3.1025641025641026,577.0,75.55128205128206,42,36,76,35,0.01282051282051282,0,0.5384615384615384,1.0263157894736843,4541.4473684210525,No,0.0459
PRV52149,180,191550,1064.1666666666667,44000,1.9222222222222223,0.39444444444444443,87.4,73.34444444444445,16,164,174,65,0.0,0,0.08888888888888889,1.0344827586206897,1100.8620689655172,No,0.118
PRV52150,310,445240,1436.258064516129,57000,2.403225806451613,0.7161290322580646,108.60645161290323,73.94516129032257,31,279,288,118,0.0064516129032258064,0,0.1,1.0763888888888888,1545.9722222222222,No,0.2959
PRV52151,121,474110,3918.2644628099174,64000,3.074380165289256,2.190082644628099,407.75206611570246,74.41322314049587,47,74,114,62,0.0,1,0.3884297520661157,1.0614035087719298,4158.859649122807,Yes,0.6379
PRV52152,88,454360,5163.181818181818,47000,2.909090909090909,2.6931818181818183,534.6818181818181,76.01136363636364,47,41,84,52,0.0,0,0.5340909090909091,1.0476190476190477,5409.047619047619,No,0.1263
PRV52154,742,194350,261.92722371967653,4300,1.564690026954178,0.0,3.463611859838275,73.28436657681941,0,742,705,90,0.016172506738544475,0,0.0,1.052482269503546,275.6737588652482,No,0.0935
PRV52155,62,98490,1588.5483870967741,14000,3.7580645161290325,2.2419354838709675,211.06451612903226,76.61290322580645,12,50,56,35,0.0,0,0.1935483870967742,1.1071428571428572,1758.75,No,0.1558
PRV52156,124,271910,2192.8225806451615,92000,1.3064516129032258,0.4838709677419355,112.61290322580645,73.2741935483871,13,111,123,54,0.016129032258064516,0,0.10483870967741936,1.008130081300813,2210.650406504065,No,0.2481
PRV52157,227,494450,2178.193832599119,57000,2.7577092511013217,1.3127753303964758,200.863436123348,73.40969162995594,43,184,178,106,0.004405286343612335,0,0.1894273127753304,1.2752808988764044,2777.808988764045,No,0.4273
PRV52159,271,288300,1063.8376383763837,32000,1.3579335793357934,0.33948339483394835,96.90774907749078,73.66420664206642,24,247,263,87,0.01845018450184502,0,0.08856088560885608,1.0304182509505704,1096.1977186311788,No,0.0804
PRV52160,53,41460,782.2641509433962,12000,2.2641509433962264,0.2641509433962264,65.54716981132076,74.54716981132076,3,50,53,29,0.0,0,0.05660377358490566,1.0,782.2641509433962,No,0.0143
PRV52161,10,1660,166.0,600,0.0,0.0,0.0,79.4,0,10,10,7,0.0,0,0.0,1.0,166.0,No,0.0008
PRV52162,39,28000,717.9487179487179,14000,2.128205128205128,0.05128205128205128,32.256410256410255,75.2051282051282,1,38,36,20,0.0,0,0.02564102564102564,1.0833333333333333,777.7777777777778,No,0.0077
PRV52163,62,37470,604.3548387096774,7000,1.2741935483870968,0.03225806451612903,35.74193548387097,72.62903225806451,2,60,62,21,0.016129032258064516,0,0.03225806451612903,1.0,604.3548387096774,No,0.0067
PRV52165,72,114060,1584.1666666666667,15000,1.625,0.6111111111111112,149.86111111111111,72.18055555555556,10,62,62,39,0.05555555555555555,1,0.1388888888888889,1.1612903225806452,1839.6774193548388,Yes,0.1945
PRV52166,100,69300,693.0,15000,1.62,0.35,76.76,75.38,7,93,85,38,0.01,0,0.07,1.1764705882352942,815.2941176470588,No,0.0229
PRV52167,80,116390,1454.875,36000,2.2625,0.5,122.9,72.6,9,71,74,39,0.0,0,0.1125,1.0810810810810811,1572.837837837838,No,0.0703
PRV52168,78,17660,226.4102564102564,2700,0.9230769230769231,0.0,3.8461538461538463,73.57692307692308,0,78,77,36,0.0,0,0.0,1.0129870129870129,229.35064935064935,No,0.0009
PRV52169,39,10000,256.4102564102564,2000,1.6666666666666667,0.0,1.794871794871795,71.25641025641026,0,39,38,33,0.0,0,0.0,1.0263157894736843,263.1578947368421,No,0.0012
PRV52170,43,62090,1443.953488372093,44000,1.441860465116279,0.9767441860465116,74.51162790697674,71.0,3,40,43,27,0.0,0,0.06976744186046512,1.0,1443.953488372093,No,0.0238
PRV52171,12,17820,1485.0,8000,1.5833333333333333,1.25,267.0,77.25,3,9,12,8,0.0,0,0.25,1.0,1485.0,No,0.0027
PRV52173,119,1381400,11608.403361344537,73000,6.571428571428571,6.571428571428571,1050.0504201680671,73.27731092436974,119,0,108,3,0.0,1,1.0,1.1018518518518519,12790.74074074074,Yes,0.9797
PRV52174,4,830,207.5,700,0.0,0.0,0.0,72.0,0,4,4,3,0.0,0,0.0,1.0,207.5,No,0.0016
PRV52175,221,58320,263.8914027149321,5000,1.16289592760181,0.0,1.8552036199095023,74.18552036199095,0,221,215,63,0.004524886877828055,0,0.0,1.027906976744186,271.25581395348837,No,0.0041
PRV52176,21,312000,14857.142857142857,44000,4.476190476190476,4.476190476190476,1068.0,77.14285714285714,21,0,21,4,0.0,0,1.0,1.0,14857.142857142857,No,0.0707
PRV52177,39,33850,867.9487179487179,14000,1.794871794871795,0.6923076923076923,140.76923076923077,76.51282051282051,5,34,39,20,0.0,0,0.1282051282051282,1.0,867.9487179487179,No,0.0093
PRV52178,136,1379590,10144.04411764706,57000,6.492647058823529,6.485294117647059,1013.0294117647059,73.63970588235294,133,3,121,6,0.0,1,0.9779411764705882,1.1239669421487604,11401.570247933885,Yes,0.977
PRV52179,44,39910,907.0454545454545,19000,1.8636363636363635,0.25,52.40909090909091,67.1590909090909,2,42,19,5,0.022727272727272728,0,0.045454545454545456,2.3157894736842106,2100.5263157894738,No,0.0249
PRV52180,62,78720,1269.6774193548388,28000,1.6612903225806452,0.5,92.25806451612904,74.09677419354838,5,57,58,26,0.016129032258064516,0,0.08064516129032258,1.0689655172413792,1357.2413793103449,No,0.0163
PRV52181,27,108640,4023.703703703704,21000,4.481481481481482,2.2222222222222223,395.55555555555554,70.25925925925925,10,17,25,19,0.0,1,0.37037037037037035,1.08,4345.6,Yes,0.4381
PRV52182,109,63620,583.6697247706422,11000,2.238532110091743,0.1743119266055046,52.018348623853214,76.44954128440367,5,104,54,8,0.027522935779816515,0,0.045871559633027525,2.0185185185185186,1178.148148148148,No,0.0771
PRV52184,21,2960,140.95238095238096,1000,0.7619047619047619,0.0,0.0,71.95238095238095,0,21,20,7,0.0,0,0.0,1.05,148.0,No,0.002
PRV52185,68,15510,228.08823529411765,1700,1.4852941176470589,0.0,3.3823529411764706,71.69117647058823,0,68,54,1,0.0,0,0.0,1.2592592592592593,287.22222222222223,No,0.0051
PRV52186,41,7160,174.6341463414634,1500,1.0731707317073171,0.0,2.682926829268293,74.48780487804878,0,41,38,10,0.024390243902439025,0,0.0,1.0789473684210527,188.42105263157896,No,0.0111
PRV52187,27,7440,275.55555555555554,2300,2.7777777777777777,0.0,0.0,74.0,0,27,25,6,0.037037037037037035,0,0.0,1.08,297.6,No,0.0015
PRV52188,33,171080,5184.242424242424,57000,4.212121212121212,2.787878787878788,454.3030303030303,73.78787878787878,14,19,32,12,0.0,0,0.42424242424242425,1.03125,5346.25,No,0.3955
PRV52189,23,5890,256.0869565217391,2600,2.1739130434782608,0.0,2.608695652173913,77.3913043478261,0,23,20,4,0.0,0,0.0,1.15,294.5,No,0.0012
PRV52191,28,8640,308.57142857142856,2700,1.7142857142857142,0.0,0.0,75.89285714285714,0,28,25,17,0.0,0,0.0,1.12,345.6,No,0.0015
PRV52192,32,52060,1626.875,12000,1.53125,0.8125,200.25,77.0,6,26,29,13,0.0,0,0.1875,1.103448275862069,1795.1724137931035,No,0.042
PRV52193,153,28620,187.05882352941177,2200,1.5359477124183007,0.0,4.967320261437909,73.93464052287581,0,153,125,2,0.013071895424836602,0,0.0,1.224,228.96,No,0.0064
PRV52195,10,120000,12000.0,43000,6.5,6.5,1068.0,72.0,10,0,10,8,0.0,1,1.0,1.0,12000.0,Yes,0.5258
PRV52196,6,2710,451.6666666666667,1400,0.6666666666666666,0.0,0.0,74.5,0,6,6,2,0.0,0,0.0,1.0,451.6666666666667,No,0.0017
PRV52197,10,114000,11400.0,57000,7.7,7.7,1068.0,77.8,10,0,10,4,0.0,0,1.0,1.0,11400.0,No,0.0867
PRV52199,10,1080,108.0,400,0.9,0.0,8.0,69.1,0,10,10,4,0.0,0,0.0,1.0,108.0,No,0.0013
PRV52200,1,40,40.0,40,0.0,0.0,0.0,84.0,0,1,1,1,0.0,0,0.0,1.0,40.0,No,0.0037
PRV52201,9,450,50.0,100,4.111111111111111,0.0,0.0,71.33333333333333,0,9,9,1,0.0,0,0.0,1.0,50.0,No,0.0007
PRV52202,50,8200,164.0,1100,0.42,0.0,0.0,75.12,0,50,49,2,0.0,0,0.0,1.0204081632653061,167.3469387755102,No,0.0022
PRV52204,9,2590,287.77777777777777,1200,2.3333333333333335,0.0,0.0,81.33333333333333,0,9,8,1,0.0,0,0.0,1.125,323.75,No,0.0018
PRV52205,2,1120,560.0,1100,0.0,0.0,0.0,57.0,0,2,2,1,0.0,0,0.0,1.0,560.0,No,0.0015
PRV52206,5,1810,362.0,1300,5.6,0.0,0.0,69.0,0,5,5,2,0.0,0,0.0,1.0,362.0,No,0.0022
PRV52208,13,4560,350.7692307692308,2000,0.15384615384615385,0.0,3.8461538461538463,76.6923076923077,0,13,12,1,0.0,0,0.0,1.0833333333333333,380.0,No,0.0019
PRV52209,8,4960,620.0,2900,5.0,0.0,0.0,79.5,0,8,8,3,0.0,0,0.0,1.0,620.0,No,0.0009
PRV52211,130,26860,206.6153846153846,3300,0.6076923076923076,0.0,0.7692307692307693,74.66153846153846,0,130,124,2,0.007692307692307693,0,0.0,1.0483870967741935,216.61290322580646,No,0.0089
PRV52212,64,13220,206.5625,3000,0.984375,0.0,0.78125,75.109375,0,64,62,2,0.0,0,0.0,1.032258064516129,213.2258064516129,No,0.0037
PRV52213,7,590,84.28571428571429,200,1.2857142857142858,0.0,0.0,82.57142857142857,0,7,7,3,0.0,0,0.0,1.0,84.28571428571429,No,0.0015
PRV52214,47,12680,269.78723404255317,2600,1.702127659574468,0.0,5.531914893617022,76.08510638297872,0,47,43,1,0.0,0,0.0,1.0930232558139534,294.8837209302326,No,0.0021
PRV52216,15,4940,329.3333333333333,3300,2.6666666666666665,0.0,9.333333333333334,73.26666666666667,0,15,14,2,0.0,0,0.0,1.0714285714285714,352.85714285714283,No,0.001
PRV52217,5,520,104.0,400,0.2,0.0,0.0,75.0,0,5,4,3,0.0,0,0.0,1.25,130.0,No,0.0014
PRV52218,8,1660,207.5,900,0.0,0.0,0.0,70.625,0,8,8,2,0.0,0,0.0,1.0,207.5,No,0.0019
PRV52219,4,2780,695.0,2100,0.0,0.0,0.0,69.5,0,4,4,2,0.0,0,0.0,1.0,695.0,No,0.0015
PRV52220,12,2200,183.33333333333334,900,0.0,0.0,0.0,66.91666666666667,0,12,12,2,0.0,0,0.0,1.0,183.33333333333334,No,0.0007
PRV52221,1,10,10.0,10,0.0,0.0,0.0,51.0,0,1,1,1,0.0,0,0.0,1.0,10.0,No,0.0011
PRV52222,54,16920,313.3333333333333,3100,2.3333333333333335,0.0,1.1111111111111112,74.83333333333333,0,54,52,1,0.0,0,0.0,1.0384615384615385,325.38461538461536,No,0.001
PRV52224,41,10100,246.34146341463415,3300,2.317073170731707,0.0,2.4390243902439024,70.5609756097561,0,41,35,4,0.04878048780487805,0,0.0,1.1714285714285715,288.57142857142856,No,0.0065
PRV52225,6,840,140.0,400,0.0,0.0,16.666666666666668,74.66666666666667,0,6,6,2,0.0,0,0.0,1.0,140.0,No,0.0019
PRV52226,2,100,50.0,90,2.0,0.0,0.0,68.0,0,2,2,1,0.0,0,0.0,1.0,50.0,No,0.0009
PRV52227,7,5560,794.2857142857143,2400,3.0,0.0,14.285714285714286,80.42857142857143,0,7,6,2,0.0,0,0.0,1.1666666666666667,926.6666666666666,No,0.0018
PRV52228,8,2400,300.0,1800,3.375,0.0,0.0,82.875,0,8,8,2,0.0,0,0.0,1.0,300.0,No,0.001
PRV52229,11,370,33.63636363636363,80,1.8181818181818181,0.0,5.454545454545454,77.72727272727273,0,11,11,1,0.0,0,0.0,1.0,33.63636363636363,No,0.0022
PRV52230,43,15100,351.16279069767444,3200,0.9069767441860465,0.0,0.0,74.27906976744185,0,43,15,2,0.0,0,0.0,2.8666666666666667,1006.6666666666666,No,0.0026
PRV52231,6,3980,663.3333333333334,3300,3.3333333333333335,0.0,16.666666666666668,77.5,0,6,6,2,0.0,0,0.0,1.0,663.3333333333334,No,0.0015
PRV52232,4,640,160.0,500,0.0,0.0,25.0,75.75,0,4,4,1,0.0,0,0.0,1.0,160.0,No,0.0022
PRV52233,216,63540,294.1666666666667,8050,1.6388888888888888,0.0,1.9907407407407407,72.0,0,216,156,3,0.009259259259259259,0,0.0,1.3846153846153846,407.3076923076923,No,0.0049
PRV52235,2,970,485.0,900,0.0,0.0,0.0,66.0,0,2,2,1,0.0,0,0.0,1.0,485.0,No,0.0027
PRV52236,14,5780,412.85714285714283,1800,1.9285714285714286,0.0,0.0,74.42857142857143,0,14,13,3,0.0,0,0.0,1.0769230769230769,444.61538461538464,No,0.0007
PRV52237,38,7400,194.73684210526315,1700,1.9473684210526316,0.0,7.105263157894737,74.34210526315789,0,38,38,3,0.0,0,0.0,1.0,194.73684210526315,No,0.0037
PRV52238,11,1530,139.0909090909091,400,0.45454545454545453,0.0,0.0,67.0,0,11,10,3,0.0,0,0.0,1.1,153.0,No,0.0007
PRV52240,62,25220,406.7741935483871,3300,2.306451612903226,0.0,0.4838709677419355,74.95161290322581,0,62,61,6,0.0,0,0.0,1.0163934426229508,413.44262295081967,No,0.001
PRV52241,23,5690,247.3913043478261,3300,1.7391304347826086,0.0,0.0,74.30434782608695,0,23,22,4,0.0,0,0.0,1.0454545454545454,258.6363636363636,No,0.0012
PRV52242,31,13600,438.7096774193548,3300,3.3548387096774195,0.0,5.483870967741935,75.06451612903226,0,31,30,2,0.0,0,0.0,1.0333333333333334,453.3333333333333,No,0.0036
PRV52246,67,26510,395.67164179104475,3300,2.626865671641791,0.0,1.492537313432836,69.77611940298507,0,67,47,2,0.0,0,0.0,1.425531914893617,564.0425531914893,No,0.004
PRV52247,49,10890,222.24489795918367,2800,0.7346938775510204,0.0,1.6326530612244898,72.83673469387755,0,49,48,3,0.0,0,0.0,1.0208333333333333,226.875,No,0.0014
PRV52248,24,12750,531.25,3300,4.208333333333333,0.0,4.583333333333333,75.875,0,24,21,2,0.041666666666666664,0,0.0,1.1428571428571428,607.1428571428571,No,0.0066
PRV52249,47,25480,542.1276595744681,3300,4.425531914893617,0.0,1.702127659574468,77.53191489361703,0,47,41,3,0.0,0,0.0,1.146341463414634,621.4634146341464,No,0.0027
PRV52251,4,270,67.5,100,0.0,0.0,0.0,59.25,0,4,4,2,0.0,0,0.0,1.0,67.5,No,0.001
PRV52252,26,2130,81.92307692307692,500,1.3076923076923077,0.0,2.6923076923076925,76.26923076923077,0,26,26,2,0.038461538461538464,0,0.0,1.0,81.92307692307692,No,0.0063
PRV52253,1,80,80.0,80,0.0,0.0,0.0,76.0,0,1,1,1,0.0,0,0.0,1.0,80.0,No,0.0019
PRV52254,31,3960,127.74193548387096,1100,2.806451612903226,0.0,1.6129032258064515,73.38709677419355,0,31,30,1,0.0,0,0.0,1.0333333333333334,132.0,No,0.001
PRV52255,10,720,72.0,200,0.1,0.0,0.0,76.0,0,10,7,1,0.0,0,0.0,1.4285714285714286,102.85714285714286,No,0.0024
PRV52256,1,50,50.0,50,0.0,0.0,0.0,72.0,0,1,1,1,0.0,0,0.0,1.0,50.0,No,0.0009
PRV52257,15,4440,296.0,2100,2.2666666666666666,0.0,0.0,71.86666666666666,0,15,14,1,0.0,0,0.0,1.0714285714285714,317.14285714285717,No,0.0006
PRV52260,63,12880,204.44444444444446,2500,1.3492063492063493,0.0,0.7936507936507936,75.46031746031746,0,63,62,3,0.015873015873015872,0,0.0,1.0161290322580645,207.74193548387098,No,0.0154
PRV52261,1,200,200.0,200,0.0,0.0,0.0,72.0,0,1,1,1,0.0,0,0.0,1.0,200.0,No,0.0026
PRV52262,112,27840,248.57142857142858,3300,0.8125,0.0,1.25,74.34821428571429,0,112,92,2,0.008928571428571428,0,0.0,1.2173913043478262,302.60869565217394,No,0.0034
PRV52263,3,630,210.0,400,0.0,0.0,0.0,73.66666666666667,0,3,3,2,0.0,0,0.0,1.0,210.0,No,0.0017
PRV52264,25,4420,176.8,1100,0.04,0.0,0.8,77.2,0,25,21,2,0.04,0,0.0,1.1904761904761905,210.47619047619048,No,0.0112
PRV52265,30,260000,8666.666666666666,31000,4.733333333333333,4.733333333333333,1032.4,72.1,30,0,27,2,0.0,0,1.0,1.1111111111111112,9629.62962962963,No,0.3155
PRV52266,37,460400,12443.243243243243,57000,7.45945945945946,7.702702702702703,1010.2702702702703,70.02702702702703,37,0,30,2,0.0,0,1.0,1.2333333333333334,15346.666666666666,No,0.4027
PRV52267,10,78900,7890.0,15000,4.9,4.9,1068.0,78.9,10,0,10,4,0.0,0,1.0,1.0,7890.0,No,0.0089
PRV52271,19,3760,197.89473684210526,1900,1.105263157894737,0.0,2.6315789473684212,72.52631578947368,0,19,19,1,0.0,0,0.0,1.0,197.89473684210526,No,0.0006
PRV52272,8,4210,526.25,3300,0.0,0.0,0.0,79.625,0,8,8,1,0.0,0,0.0,1.0,526.25,No,0.0019
PRV52273,11,4380,398.1818181818182,2700,0.0,0.0,3.6363636363636362,68.54545454545455,0,11,11,8,0.0,0,0.0,1.0,398.1818181818182,No,0.002
PRV52274,38,7800,205.26315789473685,1200,0.7368421052631579,0.0,0.2631578947368421,77.86842105263158,0,38,17,2,0.0,0,0.0,2.235294117647059,458.8235294117647,No,0.0111
PRV52275,101,27220,269.5049504950495,3300,0.9603960396039604,0.0,2.6732673267326734,73.85148514851485,0,101,57,1,0.019801980198019802,0,0.0,1.7719298245614035,477.5438596491228,No,0.0114
PRV52276,68,17750,261.02941176470586,2300,1.4558823529411764,0.0,4.852941176470588,73.55882352941177,0,68,62,1,0.0,0,0.0,1.096774193548387,286.2903225806452,No,0.0012
PRV52278,16,235000,14687.5,57000,5.6875,5.6875,1068.0,78.375,16,0,16,4,0.0,0,1.0,1.0,14687.5,No,0.1058
PRV52279,83,783300,9437.349397590362,57000,5.481927710843373,5.506024096385542,1029.3975903614457,71.78313253012048,82,1,77,3,0.012048192771084338,0,0.9879518072289156,1.077922077922078,10172.727272727272,No,0.3529
PRV52280,41,395000,9634.146341463415,34000,7.2682926829268295,7.2682926829268295,1041.9512195121952,74.5609756097561,41,0,38,4,0.0,1,1.0,1.0789473684210527,10394.736842105263,Yes,0.6884
PRV52281,41,408000,9951.219512195123,44000,4.7560975609756095,4.7560975609756095,1068.0,75.02439024390245,41,0,41,2,0.0,0,1.0,1.0,9951.219512195123,No,0.0888
PRV52282,6,77000,12833.333333333334,23000,6.0,6.0,890.0,73.66666666666667,6,0,6,1,0.0,0,1.0,1.0,12833.333333333334,No,0.0283
PRV52283,66,594700,9010.60606060606,61000,4.9393939393939394,4.9393939393939394,1051.8181818181818,72.98484848484848,66,0,54,5,0.030303030303030304,1,1.0,1.2222222222222223,11012.962962962964,Yes,0.8881
PRV52284,39,5320,136.4102564102564,500,1.7179487179487178,0.0,4.615384615384615,72.43589743589743,0,39,32,1,0.0,0,0.0,1.21875,166.25,No,0.0011
PRV52285,19,144000,7578.9473684210525,30000,5.894736842105263,5.894736842105263,1011.7894736842105,79.36842105263158,19,0,19,4,0.0,0,1.0,1.0,7578.9473684210525,No,0.0474
PRV52286,5,90000,18000.0,44000,3.4,3.4,1068.0,72.4,5,0,5,2,0.0,0,1.0,1.0,18000.0,No,0.0338
PRV52288,13,2810,216.15384615384616,1100,0.07692307692307693,0.0,0.0,78.07692307692308,0,13,12,1,0.0,0,0.0,1.0833333333333333,234.16666666666666,No,0.0019
PRV52289,4,18000,4500.0,7000,3.25,3.25,1068.0,75.75,4,0,4,1,0.0,0,1.0,1.0,4500.0,No,0.0016
PRV52290,10,68000,6800.0,10000,3.1,3.1,1068.0,78.7,10,0,10,3,0.0,0,1.0,1.0,6800.0,No,0.007
PRV52291,18,128000,7111.111111111111,23000,4.388888888888889,4.388888888888889,1008.6666666666666,72.83333333333333,17,1,17,2,0.05555555555555555,0,0.9444444444444444,1.0588235294117647,7529.411764705882,No,0.1205
PRV52292,25,303000,12120.0,34000,7.2,7.2,1068.0,74.84,25,0,25,3,0.0,1,1.0,1.0,12120.0,Yes,0.1562
PRV52293,7,4170,595.7142857142857,3300,3.0,0.0,0.0,81.28571428571429,0,7,7,2,0.0,0,0.0,1.0,595.7142857142857,No,0.0011
PRV52294,7,54000,7714.285714285715,15000,4.571428571428571,4.571428571428571,1068.0,79.0,7,0,7,1,0.0,0,1.0,1.0,7714.285714285715,No,0.0131
PRV52295,5,19000,3800.0,5000,5.2,5.2,1068.0,81.2,5,0,5,3,0.0,0,1.0,1.0,3800.0,No,0.0044
PRV52296,2,12000,6000.0,10000,3.5,3.5,1068.0,90.5,2,0,2,1,0.0,0,1.0,1.0,6000.0,No,0.0038
PRV52298,218,153300,703.2110091743119,44000,1.7477064220183487,0.13302752293577982,41.25688073394495,72.26605504587155,9,209,144,20,0.0045871559633027525,0,0.04128440366972477,1.5138888888888888,1064.5833333333333,No,0.0896
PRV52299,601,157140,261.46422628951746,11200,1.194675540765391,0.0,2.4459234608985025,71.97004991680532,0,601,255,8,0.0,0,0.0,2.3568627450980393,616.2352941176471,No,0.2004
PRV52300,21,59160,2817.1428571428573,31000,2.761904761904762,0.8095238095238095,153.52380952380952,79.57142857142857,3,18,19,13,0.0,0,0.14285714285714285,1.105263157894737,3113.684210526316,No,0.0433
PRV52302,46,136280,2962.608695652174,57000,2.1739130434782608,1.391304347826087,232.17391304347825,72.5,11,35,30,13,0.08695652173913043,0,0.2391304347826087,1.5333333333333334,4542.666666666667,No,0.1033
PRV52303,392,347340,886.0714285714286,57000,1.1683673469387754,0.25255102040816324,62.87244897959184,73.5,23,369,313,152,0.002551020408163265,0,0.058673469387755105,1.2523961661341854,1109.7124600638977,No,0.4893
PRV52304,184,63120,343.04347826086956,6300,1.2554347826086956,0.0,4.293478260869565,71.46739130434783,0,184,88,42,0.021739130434782608,0,0.0,2.090909090909091,717.2727272727273,No,0.0178
PRV52306,15,7030,468.6666666666667,2400,0.5333333333333333,0.0,0.0,72.06666666666666,0,15,15,11,0.0,0,0.0,1.0,468.6666666666667,No,0.0035
PRV52307,175,806460,4608.342857142857,63000,2.645714285714286,1.697142857142857,313.30285714285714,72.87428571428572,53,122,167,90,0.011428571428571429,1,0.3028571428571429,1.0479041916167664,4829.101796407185,Yes,0.8039
PRV52308,87,374760,4307.586206896552,44000,2.954022988505747,2.206896551724138,492.41379310344826,69.816091954023,40,47,72,41,0.04597701149425287,1,0.45977011494252873,1.2083333333333333,5205.0,Yes,0.5212
PRV52309,170,45340,266.70588235294116,3300,1.9470588235294117,0.0,1.2352941176470589,70.99411764705883,0,170,88,4,0.0,0,0.0,1.9318181818181819,515.2272727272727,No,0.0063
PRV52310,454,106790,235.2202643171806,5200,0.8524229074889867,0.0,3.303964757709251,71.29295154185021,0,454,190,4,0.0,0,0.0,2.389473684210526,562.0526315789474,No,0.0761
PRV52311,28,7770,277.5,1200,0.75,0.0,0.0,69.39285714285714,0,28,23,16,0.0,0,0.0,1.2173913043478262,337.82608695652175,No,0.0115
PRV52312,214,79810,372.94392523364485,3200,1.144859813084112,0.0,2.5700934579439254,73.77570093457943,0,214,112,5,0.004672897196261682,0,0.0,1.9107142857142858,712.5892857142857,No,0.0102
PRV52313,504,146700,291.07142857142856,4200,1.626984126984127,0.0,2.9365079365079363,69.7797619047619,0,504,196,8,0.021825396825396824,0,0.0,2.5714285714285716,748.469387755102,No,0.0587
PRV52314,223,455180,2041.1659192825111,57000,2.3004484304932737,1.0448430493273542,184.2780269058296,71.08071748878923,40,183,192,95,0.008968609865470852,0,0.17937219730941703,1.1614583333333333,2370.7291666666665,No,0.2103
PRV52315,85,61930,728.5882352941177,15000,1.5529411764705883,0.5176470588235295,64.47058823529412,71.72941176470589,5,80,66,28,0.0,0,0.058823529411764705,1.2878787878787878,938.3333333333334,No,0.019
PRV52317,25,28590,1143.6,12000,2.0,0.32,93.84,73.88,2,23,21,15,0.0,0,0.08,1.1904761904761905,1361.4285714285713,No,0.0053
PRV52318,39,10000,256.4102564102564,1600,1.5128205128205128,0.0,2.8205128205128207,73.12820512820512,0,39,37,24,0.0,0,0.0,1.054054054054054,270.27027027027026,No,0.0026
PRV52319,30,7740,258.0,2600,1.3666666666666667,0.0,2.0,72.7,0,30,29,19,0.0,0,0.0,1.0344827586206897,266.8965517241379,No,0.0009
PRV52320,366,874200,2388.5245901639346,57000,2.210382513661202,1.092896174863388,200.0655737704918,70.01092896174863,69,297,292,89,0.0,1,0.1885245901639344,1.2534246575342465,2993.8356164383563,Yes,0.8543
PRV52321,150,390230,2601.5333333333333,46000,2.1066666666666665,1.2133333333333334,228.64,73.94,33,117,135,48,0.006666666666666667,1,0.22,1.1111111111111112,2890.5925925925926,Yes,0.688
PRV52323,190,49770,261.94736842105266,3300,1.1157894736842104,0.0,2.3157894736842106,73.15263157894736,0,190,179,74,0.005263157894736842,0,0.0,1.0614525139664805,278.0446927374302,No,0.0065
PRV52325,130,281800,2167.6923076923076,32000,3.246153846153846,1.3615384615384616,223.2,71.22307692307692,27,103,111,57,0.007692307692307693,1,0.2076923076923077,1.1711711711711712,2538.738738738739,Yes,0.3196
PRV52326,14,70770,5055.0,16000,3.5714285714285716,1.5714285714285714,610.2857142857143,76.21428571428571,8,6,13,6,0.0,0,0.5714285714285714,1.0769230769230769,5443.846153846154,No,0.014
PRV52328,35,19560,558.8571428571429,3300,0.9142857142857143,0.0,2.2857142857142856,76.77142857142857,0,35,28,15,0.0,0,0.0,1.25,698.5714285714286,No,0.0074
PRV52331,61,68430,1121.8032786885246,13000,1.3278688524590163,0.7868852459016393,144.0,70.31147540983606,9,52,49,26,0.03278688524590164,0,0.14754098360655737,1.2448979591836735,1396.530612244898,No,0.0159
PRV52332,64,20650,322.65625,3500,1.484375,0.0,3.59375,73.15625,0,64,62,46,0.015625,0,0.0,1.032258064516129,333.06451612903226,No,0.0019
PRV52334,67,113980,1701.1940298507463,34000,0.8955223880597015,0.5671641791044776,127.82089552238806,73.5223880597015,8,59,49,33,0.0,0,0.11940298507462686,1.3673469387755102,2326.122448979592,No,0.0731
PRV52335,242,109870,454.0082644628099,22000,1.396694214876033,0.045454545454545456,10.479338842975206,72.17355371900827,2,240,87,12,0.0,0,0.008264462809917356,2.781609195402299,1262.8735632183907,No,0.3598
PRV52336,86,26960,313.48837209302326,3300,1.302325581395349,0.0,4.3023255813953485,74.03488372093024,0,86,78,20,0.023255813953488372,0,0.0,1.1025641025641026,345.64102564102564,No,0.0032
PRV52337,773,205790,266.22250970245796,8100,1.1746442432082795,0.0,2.4579560155239326,72.1267787839586,0,773,226,5,0.02069857697283312,1,0.0,3.420353982300885,910.5752212389381,Yes,0.7445
PRV52340,1743,2540130,1457.3321858864028,57000,2.0854847963281697,0.6965002868617326,139.18187033849685,71.4916810097533,224,1519,693,40,0.0051635111876075735,1,0.1285140562248996,2.515151515151515,3665.4112554112553,Yes,0.9834
PRV52341,135,45450,336.6666666666667,3300,1.511111111111111,0.0,2.0,71.54814814814814,0,135,122,71,0.022222222222222223,0,0.0,1.1065573770491803,372.5409836065574,No,0.0027
PRV52342,218,652190,2991.697247706422,57000,2.55045871559633,1.5458715596330275,247.1559633027523,73.46788990825688,51,167,184,77,0.0,0,0.23394495412844038,1.184782608695652,3544.5108695652175,No,0.3197
PRV52343,261,481840,1846.1302681992338,34000,2.0,0.8390804597701149,174.88888888888889,71.42911877394636,42,219,177,10,0.007662835249042145,1,0.16091954022988506,1.4745762711864407,2722.25988700565,Yes,0.574
PRV52344,130,272150,2093.4615384615386,22000,0.8384615384615385,0.6307692307692307,192.95384615384614,73.29230769230769,23,107,54,22,0.0,0,0.17692307692307693,2.4074074074074074,5039.814814814815,No,0.1989
PRV52346,68,217540,3199.1176470588234,28000,2.6029411764705883,1.411764705882353,270.38235294117646,72.6029411764706,19,49,57,37,0.0,0,0.27941176470588236,1.1929824561403508,3816.4912280701756,No,0.1382
PRV52347,397,715090,1801.2342569269522,100000,2.1486146095717884,0.6397984886649875,138.38790931989925,73.80100755667506,50,347,342,113,0.010075566750629723,1,0.12594458438287154,1.1608187134502923,2090.906432748538,Yes,0.8902
PRV52348,67,102790,1534.1791044776119,22000,3.044776119402985,0.9850746268656716,147.34328358208955,74.08955223880596,9,58,36,11,0.0,0,0.13432835820895522,1.8611111111111112,2855.277777777778,No,0.0752
PRV52349,99,20410,206.16161616161617,2100,1.5151515151515151,0.0,1.9191919191919191,74.82828282828282,0,99,94,58,0.0,0,0.0,1.053191489361702,217.12765957446808,No,0.0027
PRV52350,40,38660,966.5,9000,1.925,0.65,191.4,74.125,7,33,29,16,0.0,0,0.175,1.3793103448275863,1333.103448275862,No,0.0181
PRV52351,425,103700,244.0,3300,1.275294117647059,0.0,3.388235294117647,71.59529411764706,0,425,362,113,0.007058823529411765,0,0.0,1.1740331491712708,286.4640883977901,No,0.0139
PRV52352,32,9660,301.875,2700,1.4375,0.0,1.5625,66.0,0,32,32,17,0.03125,0,0.0,1.0,301.875,No,0.0041
PRV52353,48,150420,3133.75,100000,2.0208333333333335,0.9166666666666666,134.125,69.4375,6,42,45,23,0.0,0,0.125,1.0666666666666667,3342.6666666666665,No,0.1399
PRV52354,66,19400,293.93939393939394,3000,0.9848484848484849,0.0,5.0,75.68181818181819,0,66,33,7,0.0,0,0.0,2.0,587.8787878787879,No,0.0093
PRV52355,63,24170,383.6507936507937,3300,1.1587301587301588,0.0,6.349206349206349,64.04761904761905,0,63,26,5,0.031746031746031744,0,0.0,2.423076923076923,929.6153846153846,No,0.005
PRV52356,98,22350,228.0612244897959,2700,1.8061224489795917,0.0,3.061224489795918,70.05102040816327,0,98,63,13,0.01020408163265306,0,0.0,1.5555555555555556,354.76190476190476,No,0.0068
PRV52357,105,98830,941.2380952380952,15000,1.7809523809523808,0.42857142857142855,83.46666666666667,71.17142857142858,8,97,83,26,0.009523809523809525,0,0.0761904761904762,1.2650602409638554,1190.7228915662652,No,0.0788
PRV52358,18,5180,287.77777777777777,800,3.0,0.0,5.555555555555555,68.72222222222223,0,18,17,9,0.0,0,0.0,1.0588235294117647,304.70588235294116,No,0.0042
PRV52359,107,426430,3985.3271028037384,30000,2.588785046728972,1.9532710280373833,421.9252336448598,74.83177570093459,42,65,98,46,0.0,0,0.3925233644859813,1.0918367346938775,4351.326530612245,No,0.2341
PRV52361,158,44230,279.9367088607595,3300,0.9556962025316456,0.0,6.772151898734177,73.9620253164557,0,158,145,72,0.006329113924050633,0,0.0,1.089655172413793,305.0344827586207,No,0.0085
PRV52362,154,125630,815.7792207792207,35000,1.2337662337662338,0.36363636363636365,65.79220779220779,73.32467532467533,9,145,133,55,0.0,0,0.05844155844155844,1.1578947368421053,944.5864661654135,No,0.0252
PRV52365,739,202130,273.51826792963465,3300,1.3301759133964817,0.0,3.044654939106901,72.13261163734776,0,739,381,10,0.005412719891745603,0,0.0,1.9396325459317585,530.5249343832021,No,0.0689
PRV52366,216,280880,1300.3703703703704,31000,1.7314814814814814,0.5046296296296297,125.87962962962963,71.67592592592592,25,191,140,63,0.018518518518518517,0,0.11574074074074074,1.542857142857143,2006.2857142857142,No,0.2858
PRV52367,297,156620,527.3400673400673,29000,1.2693602693602695,0.09090909090909091,16.067340067340066,70.22558922558923,4,293,180,50,0.003367003367003367,0,0.013468013468013467,1.65,870.1111111111111,No,0.1664
PRV52369,547,163780,299.41499085923215,4400,1.4442413162705667,0.0,3.0895795246800732,71.62157221206581,0,547,358,28,0.005484460694698354,0,0.0,1.5279329608938548,457.4860335195531,No,0.0311
PRV52371,72,17370,241.25,3300,1.2083333333333333,0.0,7.083333333333333,73.15277777777777,0,72,50,18,0.0,0,0.0,1.44,347.4,No,0.0032
PRV52372,124,292040,2355.1612903225805,27000,2.0806451612903225,1.3064516129032258,233.59677419354838,74.14516129032258,27,97,76,26,0.008064516129032258,0,0.21774193548387097,1.631578947368421,3842.6315789473683,No,0.1922
PRV52373,23,43710,1900.4347826086957,24000,2.260869565217391,0.4782608695652174,139.30434782608697,69.26086956521739,3,20,22,15,0.0,0,0.13043478260869565,1.0454545454545454,1986.8181818181818,No,0.0214
PRV52374,228,68780,301.6666666666667,3300,1.8333333333333333,0.0,3.9035087719298245,72.64473684210526,0,228,102,12,0.0,0,0.0,2.235294117647059,674.3137254901961,No,0.014
PRV52377,44,13700,311.3636363636364,2500,0.6818181818181818,0.0,1.5909090909090908,71.04545454545455,0,44,44,26,0.0,0,0.0,1.0,311.3636363636364,No,0.0012
PRV52378,12,11920,993.3333333333334,7000,4.416666666666667,2.75,267.0,74.75,3,9,12,10,0.0,0,0.25,1.0,993.3333333333334,No,0.0055
PRV52380,4,280,70.0,100,5.0,0.0,0.0,73.25,0,4,4,3,0.0,0,0.0,1.0,70.0,No,0.001
PRV52381,80,33460,418.25,3300,2.2875,0.0,2.875,75.975,0,80,31,10,0.0125,0,0.0,2.5806451612903225,1079.3548387096773,No,0.0236
PRV52383,74,15540,210.0,1700,1.3918918918918919,0.0,2.1621621621621623,69.78378378378379,0,74,51,20,0.013513513513513514,1,0.0,1.4509803921568627,304.70588235294116,Yes,0.3731
PRV52384,33,7880,238.78787878787878,3300,0.0,0.0,12.727272727272727,74.96969696969697,0,33,32,21,0.0,0,0.0,1.03125,246.25,No,0.0031
PRV52385,22,7140,324.54545454545456,3300,0.7272727272727273,0.0,2.727272727272727,72.95454545454545,0,22,19,15,0.0,0,0.0,1.1578947368421053,375.7894736842105,No,0.0017
PRV52386,237,55300,233.33333333333334,3300,1.9451476793248945,0.0,3.5443037974683542,71.9367088607595,0,237,161,25,0.004219409282700422,0,0.0,1.4720496894409938,343.4782608695652,No,0.0325
PRV52387,63,121740,1932.3809523809523,21000,2.3174603174603177,0.9841269841269841,221.33333333333334,68.65079365079364,13,50,39,30,0.0,0,0.20634920634920634,1.6153846153846154,3121.5384615384614,No,0.0743
PRV52389,171,44690,261.34502923976606,2500,1.6608187134502923,0.0,2.456140350877193,70.93567251461988,0,171,139,86,0.011695906432748537,0,0.0,1.2302158273381294,321.51079136690646,No,0.0069
PRV52390,36,6400,177.77777777777777,800,2.25,0.0,3.611111111111111,69.83333333333333,0,36,34,15,0.027777777777777776,0,0.0,1.0588235294117647,188.23529411764707,No,0.0129
PRV52391,22,9030,410.45454545454544,3300,2.6363636363636362,0.0,9.090909090909092,72.68181818181819,0,22,15,9,0.0,0,0.0,1.4666666666666666,602.0,No,0.0025
PRV52392,127,85980,677.007874015748,17000,1.3858267716535433,0.25984251968503935,43.77952755905512,69.4251968503937,5,122,54,13,0.007874015748031496,0,0.03937007874015748,2.3518518518518516,1592.2222222222222,No,0.0538
PRV52393,91,197430,2169.5604395604396,37000,2.208791208791209,1.5604395604395604,178.02197802197801,68.46153846153847,16,75,62,10,0.03296703296703297,0,0.17582417582417584,1.467741935483871,3184.3548387096776,No,0.1595
PRV52394,118,55530,470.59322033898303,8000,2.2542372881355934,0.17796610169491525,31.8135593220339,72.32203389830508,3,115,96,45,0.0,0,0.025423728813559324,1.2291666666666667,578.4375,No,0.0137
PRV52395,912,268430,294.3311403508772,5100,1.518640350877193,0.0,3.3771929824561404,72.45065789473684,0,912,444,28,0.006578947368421052,0,0.0,2.054054054054054,604.572072072072,No,0.0997
PRV52396,40,156300,3907.5,17000,3.075,2.55,453.9,73.825,17,23,34,19,0.0,1,0.425,1.1764705882352942,4597.058823529412,Yes,0.4435
PRV52397,8,1010,126.25,600,4.25,0.0,8.75,81.875,0,8,8,6,0.0,0,0.0,1.0,126.25,No,0.0014
PRV52398,48,197890,4122.708333333333,99000,2.5,1.3541666666666667,247.25,75.5,12,36,41,24,0.0,0,0.25,1.170731707317073,4826.585365853659,No,0.1518
PRV52399,434,118800,273.7327188940092,3300,0.543778801843318,0.0,2.6497695852534564,70.78801843317973,0,434,277,6,0.002304147465437788,0,0.0,1.5667870036101084,428.8808664259928,No,0.014
PRV52400,231,64710,280.12987012987014,3300,1.7705627705627707,0.0,2.207792207792208,73.03030303030303,0,231,120,7,0.008658008658008658,0,0.0,1.925,539.25,No,0.015
PRV52401,141,78400,556.0283687943263,36000,1.0425531914893618,0.12056737588652482,35.47517730496454,73.29078014184397,4,137,54,24,0.0,0,0.028368794326241134,2.611111111111111,1451.851851851852,No,0.0714
PRV52402,209,577120,2761.33971291866,52000,2.215311004784689,1.4880382775119618,288.2200956937799,72.8755980861244,57,152,185,1,0.014354066985645933,0,0.2727272727272727,1.1297297297297297,3119.5675675675675,No,0.2479
PRV52403,216,62760,290.55555555555554,10000,1.6018518518518519,0.037037037037037035,12.11111111111111,67.46296296296296,2,214,84,25,0.018518518518518517,0,0.009259259259259259,2.5714285714285716,747.1428571428571,No,0.0255
PRV52404,27,60610,2244.814814814815,18000,2.6296296296296298,1.9259259259259258,282.81481481481484,75.11111111111111,7,20,26,11,0.0,0,0.25925925925925924,1.0384615384615385,2331.153846153846,No,0.0408
PRV52405,89,189070,2124.38202247191,29000,3.067415730337079,0.9887640449438202,265.23595505617976,70.61797752808988,22,67,71,17,0.011235955056179775,0,0.24719101123595505,1.2535211267605635,2662.957746478873,No,0.1722
PRV52406,63,13420,213.015873015873,2800,0.9841269841269841,0.0,2.0634920634920637,70.2063492063492,0,63,44,8,0.031746031746031744,0,0.0,1.4318181818181819,305.0,No,0.0757
PRV52407,43,15970,371.3953488372093,4080,0.5348837209302325,0.0,9.534883720930232,72.5813953488372,0,43,18,5,0.0,0,0.0,2.388888888888889,887.2222222222222,No,0.005
PRV52408,29,4270,147.24137931034483,1000,1.0344827586206897,0.0,2.7586206896551726,69.51724137931035,0,29,12,12,0.0,0,0.0,2.4166666666666665,355.8333333333333,No,0.0045
PRV52409,16,2630,164.375,700,0.0,0.0,6.25,71.5,0,16,15,11,0.0625,0,0.0,1.0666666666666667,175.33333333333334,No,0.0046
PRV52410,58,24310,419.13793103448273,3300,0.06896551724137931,0.0,0.0,71.17241379310344,0,58,23,5,0.017241379310344827,0,0.0,2.5217391304347827,1056.9565217391305,No,0.0084
PRV52411,92,32010,347.9347826086956,2900,1.576086956521739,0.0,4.565217391304348,71.70652173913044,0,92,51,1,0.0,0,0.0,1.803921568627451,627.6470588235294,No,0.002
PRV52412,63,20340,322.85714285714283,3300,1.5396825396825398,0.0,1.1111111111111112,68.93650793650794,0,63,40,3,0.0,0,0.0,1.575,508.5,No,0.0027
PRV52414,132,43600,330.3030303030303,3300,1.446969696969697,0.0,4.166666666666667,69.71969696969697,0,132,59,7,0.007575757575757576,0,0.0,2.23728813559322,738.9830508474577,No,0.008
PRV52415,41,7500,182.9268292682927,2000,1.0731707317073171,0.0,9.512195121951219,64.58536585365853,0,41,13,6,0.0,0,0.0,3.1538461538461537,576.9230769230769,No,0.0027
PRV52416,42,9650,229.76190476190476,1000,0.14285714285714285,0.0,5.476190476190476,72.0,0,42,22,2,0.0,0,0.0,1.9090909090909092,438.6363636363636,No,0.0111
PRV52417,20,4210,210.5,1100,2.05,0.0,6.0,77.25,0,20,7,1,0.0,0,0.0,2.857142857142857,601.4285714285714,No,0.0073
PRV52418,35,7730,220.85714285714286,1700,1.4285714285714286,0.0,4.285714285714286,70.88571428571429,0,35,24,5,0.0,0,0.0,1.4583333333333333,322.0833333333333,No,0.0173
PRV52419,112,113470,1013.125,32000,2.919642857142857,0.39285714285714285,40.55357142857143,72.77678571428571,5,107,34,15,0.0,0,0.044642857142857144,3.2941176470588234,3337.3529411764707,No,0.2302
PRV52420,141,78050,553.5460992907801,11080,3.234042553191489,0.0,0.7092198581560284,73.46099290780141,0,141,47,3,0.014184397163120567,1,0.0,3.0,1660.6382978723404,Yes,0.5761
PRV52421,95,33550,353.1578947368421,3300,2.0105263157894737,0.0,2.1052631578947367,70.50526315789473,0,95,63,7,0.010526315789473684,0,0.0,1.507936507936508,532.5396825396825,No,0.0056
PRV52422,58,26400,455.17241379310343,7200,2.8448275862068964,0.0,5.172413793103448,71.12068965517241,0,58,33,7,0.0,0,0.0,1.7575757575757576,800.0,No,0.0208
PRV52423,54,11480,212.59259259259258,3000,1.2222222222222223,0.0,3.3333333333333335,71.12962962962963,0,54,30,7,0.0,0,0.0,1.8,382.6666666666667,No,0.0062
PRV52425,23,3570,155.2173913043478,1200,0.0,0.0,3.0434782608695654,73.56521739130434,0,23,8,3,0.0,0,0.0,2.875,446.25,No,0.0023
PRV52427,19,36850,1939.4736842105262,18000,1.5263157894736843,0.47368421052631576,168.6315789473684,70.84210526315789,3,16,12,10,0.0,0,0.15789473684210525,1.5833333333333333,3070.8333333333335,No,0.0295
PRV52431,63,23850,378.57142857142856,2600,3.3968253968253967,0.0,2.380952380952381,70.33333333333333,0,63,36,2,0.0,0,0.0,1.75,662.5,No,0.0027
PRV52432,58,12780,220.3448275862069,3300,1.2241379310344827,0.0,3.793103448275862,72.03448275862068,0,58,27,2,0.0,0,0.0,2.1481481481481484,473.3333333333333,No,0.0043
PRV52433,85,22060,259.52941176470586,2700,0.9058823529411765,0.0,2.0,77.34117647058824,0,85,62,4,0.0,0,0.0,1.3709677419354838,355.80645161290323,No,0.0025
PRV52434,2,90,45.0,90,0.0,0.0,0.0,91.0,0,2,2,1,0.0,0,0.0,1.0,45.0,No,0.007
PRV52435,70,20420,291.7142857142857,2500,2.1,0.0,5.428571428571429,72.07142857142857,0,70,25,10,0.0,0,0.0,2.8,816.8,No,0.0036
PRV52436,44,9980,226.8181818181818,2400,1.5909090909090908,0.0,1.3636363636363635,62.54545454545455,0,44,22,7,0.0,0,0.0,2.0,453.6363636363636,No,0.0013
PRV52437,43,11050,256.9767441860465,2400,0.2558139534883721,0.0,0.9302325581395349,73.6046511627907,0,43,26,11,0.0,0,0.0,1.6538461538461537,425.0,No,0.0014
PRV52439,121,29520,243.96694214876032,3300,0.5785123966942148,0.0,2.644628099173554,72.83471074380165,0,121,64,2,0.01652892561983471,0,0.0,1.890625,461.25,No,0.0143
PRV52440,12,4980,415.0,1700,2.9166666666666665,0.0,16.666666666666668,77.33333333333333,0,12,8,1,0.0,0,0.0,1.5,622.5,No,0.0027
PRV52441,94,20410,217.12765957446808,3300,1.0425531914893618,0.0,7.127659574468085,72.35106382978724,0,94,53,2,0.0,0,0.0,1.7735849056603774,385.0943396226415,No,0.0037
PRV52443,1,10,10.0,10,0.0,0.0,0.0,91.0,0,1,1,1,0.0,0,0.0,1.0,10.0,No,0.0084
PRV52445,5,102000,20400.0,43000,8.2,8.2,1068.0,71.2,5,0,5,3,0.0,1,1.0,1.0,20400.0,Yes,0.4891
PRV52446,10,129000,12900.0,57000,7.3,7.3,1068.0,60.5,10,0,10,1,0.0,0,1.0,1.0,12900.0,No,0.113
PRV52448,2,170,85.0,100,0.0,0.0,0.0,90.5,0,2,2,2,0.0,0,0.0,1.0,85.0,No,0.0094
PRV52449,6,126000,21000.0,61000,6.666666666666667,6.666666666666667,1068.0,77.0,6,0,5,5,0.0,0,1.0,1.2,25200.0,No,0.2522
PRV52450,298,81540,273.6241610738255,4500,1.3657718120805369,0.0,1.9798657718120805,70.41946308724832,0,298,232,15,0.0,0,0.0,1.2844827586206897,351.4655172413793,No,0.0106
PRV52451,20,11130,556.5,3300,2.4,0.0,1.0,71.5,0,20,17,1,0.0,0,0.0,1.1764705882352942,654.7058823529412,No,0.0016
PRV52452,274,87650,319.8905109489051,12000,1.3467153284671534,0.040145985401459854,12.978102189781023,70.21532846715328,2,272,136,6,0.0036496350364963502,0,0.0072992700729927005,2.014705882352941,644.4852941176471,No,0.019
PRV52453,1,20,20.0,20,0.0,0.0,0.0,74.0,0,1,1,1,0.0,0,0.0,1.0,20.0,No,0.0011
PRV52454,15,1450,96.66666666666667,300,0.2,0.0,6.0,72.33333333333333,0,15,14,1,0.0,0,0.0,1.0714285714285714,103.57142857142857,No,0.0011
PRV52455,76,24200,318.42105263157896,2200,1.8026315789473684,0.0,3.6842105263157894,72.46052631578948,0,76,45,2,0.013157894736842105,0,0.0,1.6888888888888889,537.7777777777778,No,0.0023
PRV52456,7,1370,195.71428571428572,700,1.5714285714285714,0.0,0.0,66.14285714285714,0,7,7,1,0.0,0,0.0,1.0,195.71428571428572,No,0.0005
PRV52457,9,117000,13000.0,30000,4.444444444444445,4.444444444444445,949.3333333333334,75.66666666666667,9,0,9,6,0.1111111111111111,0,1.0,1.0,13000.0,No,0.0254
PRV52458,1,27000,27000.0,27000,5.0,5.0,1068.0,67.0,1,0,1,1,0.0,0,1.0,1.0,27000.0,No,0.0034
PRV52459,50,505900,10118.0,45000,5.28,5.28,1046.64,71.68,50,0,49,3,0.02,0,1.0,1.0204081632653061,10324.489795918367,No,0.2142
PRV52460,13,90000,6923.076923076923,20000,5.3076923076923075,5.3076923076923075,1068.0,72.92307692307692,13,0,9,2,0.0,0,1.0,1.4444444444444444,10000.0,No,0.0768
PRV52461,7,48000,6857.142857142857,11000,3.5714285714285716,3.5714285714285716,1068.0,70.28571428571429,7,0,7,1,0.0,0,1.0,1.0,6857.142857142857,No,0.0141
PRV52462,2,16000,8000.0,11000,4.5,4.5,534.0,81.5,2,0,2,1,0.0,0,1.0,1.0,8000.0,No,0.0015
PRV52463,1,5000,5000.0,5000,4.0,4.0,1068.0,92.0,1,0,1,1,0.0,0,1.0,1.0,5000.0,No,0.0039
PRV52464,2,12000,6000.0,8000,8.5,8.5,1068.0,85.5,2,0,2,1,0.0,0,1.0,1.0,6000.0,No,0.0031
PRV52466,13,139000,10692.307692307691,38000,8.538461538461538,8.538461538461538,1068.0,68.53846153846153,13,0,11,1,0.15384615384615385,0,1.0,1.1818181818181819,12636.363636363636,No,0.0719
PRV52467,103,183660,1783.106796116505,123000,1.5048543689320388,0.5339805825242718,85.86407766990291,73.88349514563107,8,95,89,49,0.0,1,0.07766990291262135,1.1573033707865168,2063.5955056179773,Yes,0.5704
PRV52468,21,32450,1545.2380952380952,18000,1.9523809523809523,1.0,152.57142857142858,71.14285714285714,3,18,21,14,0.0,0,0.14285714285714285,1.0,1545.2380952380952,No,0.0139
PRV52469,184,104420,567.5,13000,1.4076086956521738,0.1358695652173913,36.34782608695652,72.53804347826087,6,178,150,36,0.0,0,0.03260869565217391,1.2266666666666666,696.1333333333333,No,0.0173
PRV52470,3,270,90.0,100,0.0,0.0,0.0,73.0,0,3,3,3,0.0,0,0.0,1.0,90.0,No,0.0014
PRV52471,8,1640,205.0,700,0.125,0.0,12.5,73.75,0,8,8,6,0.0,0,0.0,1.0,205.0,No,0.0022
PRV52472,61,203810,3341.1475409836066,47000,3.3442622950819674,1.360655737704918,299.27868852459017,73.59016393442623,18,43,57,37,0.0,0,0.29508196721311475,1.0701754385964912,3575.6140350877195,No,0.3121
PRV52473,4,3870,967.5,1700,5.0,0.0,0.0,78.75,0,4,4,4,0.0,0,0.0,1.0,967.5,No,0.0008
PRV52474,37,228770,6182.972972972973,57000,4.351351351351352,3.945945945945946,607.7837837837837,69.70270270270271,22,15,35,19,0.0,0,0.5945945945945946,1.0571428571428572,6536.285714285715,No,0.6625
PRV52476,26,87300,3357.6923076923076,47000,2.9615384615384617,1.7692307692307692,250.30769230769232,73.38461538461539,6,20,26,16,0.0,0,0.23076923076923078,1.0,3357.6923076923076,No,0.0456
PRV52478,55,31700,576.3636363636364,6000,2.272727272727273,0.8,99.63636363636364,70.87272727272727,5,50,52,28,0.01818181818181818,0,0.09090909090909091,1.0576923076923077,609.6153846153846,No,0.028
PRV52480,30,44350,1478.3333333333333,15000,1.0333333333333334,0.6,178.0,71.1,5,25,29,20,0.0,0,0.16666666666666666,1.0344827586206897,1529.3103448275863,No,0.0135
PRV52482,1,40,40.0,40,0.0,0.0,0.0,67.0,0,1,1,1,0.0,0,0.0,1.0,40.0,No,0.001
PRV52483,223,52110,233.67713004484304,5900,1.0179372197309418,0.0,2.4663677130044843,76.85650224215247,0,223,61,4,0.008968609865470852,0,0.0,3.6557377049180326,854.2622950819672,No,0.2158
PRV52484,13,1570,120.76923076923077,600,0.9230769230769231,0.0,22.307692307692307,77.84615384615384,0,13,10,7,0.0,0,0.0,1.3,157.0,No,0.0051
PRV52485,5,1580,316.0,700,0.0,0.0,12.0,83.8,0,5,4,2,0.0,0,0.0,1.25,395.0,No,0.0088
PRV52486,69,22140,320.8695652173913,4800,1.8695652173913044,0.0,1.5942028985507246,69.6231884057971,0,69,58,7,0.014492753623188406,0,0.0,1.1896551724137931,381.7241379310345,No,0.0064
PRV52487,177,51030,288.3050847457627,3300,1.231638418079096,0.0,6.327683615819209,72.38418079096046,0,177,127,5,0.0,0,0.0,1.3937007874015748,401.81102362204723,No,0.0109
PRV52488,183,44710,244.3169398907104,3300,1.1147540983606556,0.0,3.4972677595628414,72.77049180327869,0,183,130,5,0.01092896174863388,0,0.0,1.4076923076923078,343.9230769230769,No,0.025
PRV52490,17,4990,293.52941176470586,1900,2.3529411764705883,0.0,0.0,78.76470588235294,0,17,16,2,0.0,0,0.0,1.0625,311.875,No,0.0019
PRV52491,63,16580,263.1746031746032,2000,1.4761904761904763,0.0,1.5873015873015872,73.15873015873017,0,63,57,3,0.031746031746031744,0,0.0,1.105263157894737,290.87719298245617,No,0.0026
PRV52492,34,7810,229.7058823529412,1400,1.8235294117647058,0.0,0.5882352941176471,73.8529411764706,0,34,33,7,0.0,0,0.0,1.0303030303030303,236.66666666666666,No,0.0021
PRV52493,16,3970,248.125,1600,0.0,0.0,0.0,74.9375,0,16,16,3,0.0,0,0.0,1.0,248.125,No,0.0013
PRV52494,1,20,20.0,20,0.0,0.0,0.0,74.0,0,1,1,1,0.0,0,0.0,1.0,20.0,No,0.0011
PRV52495,15,98800,6586.666666666667,16000,3.533333333333333,3.533333333333333,854.4,72.8,12,3,14,6,0.0,0,0.8,1.0714285714285714,7057.142857142857,No,0.0463
PRV52497,30,59240,1974.6666666666667,19000,1.5,1.2,142.4,74.13333333333334,4,26,30,13,0.0,1,0.13333333333333333,1.0,1974.6666666666667,Yes,0.1257
PRV52499,157,164670,1048.8535031847134,47000,2.1910828025477707,0.2229299363057325,50.1656050955414,71.92993630573248,8,149,119,69,0.0,0,0.050955414012738856,1.319327731092437,1383.781512605042,No,0.424
PRV52500,126,86310,685.0,17000,1.1666666666666667,0.23809523809523808,62.111111111111114,71.78571428571429,7,119,111,60,0.0,0,0.05555555555555555,1.135135135135135,777.5675675675676,No,0.0138
PRV52501,19,4840,254.73684210526315,2200,1.263157894736842,0.0,5.2631578947368425,70.78947368421052,0,19,16,13,0.0,0,0.0,1.1875,302.5,No,0.0036
PRV52502,119,260900,2192.436974789916,57000,2.680672268907563,1.4453781512605042,224.53781512605042,74.08403361344538,26,93,87,36,0.03361344537815126,1,0.2184873949579832,1.367816091954023,2998.8505747126437,Yes,0.7315
PRV52503,78,72800,933.3333333333334,18000,2.0256410256410255,0.24358974358974358,73.07692307692308,73.12820512820512,5,73,63,35,0.01282051282051282,0,0.0641025641025641,1.2380952380952381,1155.5555555555557,No,0.0213
PRV52504,40,114180,2854.5,17000,2.325,1.45,373.8,71.975,14,26,34,14,0.0,1,0.35,1.1764705882352942,3358.235294117647,Yes,0.353
PRV52506,13,2190,168.46153846153845,900,1.6153846153846154,0.0,0.0,73.46153846153847,0,13,12,9,0.0,0,0.0,1.0833333333333333,182.5,No,0.0006
PRV52507,29,7250,250.0,1100,0.20689655172413793,0.0,3.4482758620689653,71.24137931034483,0,29,24,15,0.0,0,0.0,1.2083333333333333,302.0833333333333,No,0.0043
PRV52508,37,30640,828.1081081081081,14000,1.162162162162162,0.3783783783783784,59.08108108108108,71.67567567567568,2,35,36,27,0.02702702702702703,0,0.05405405405405406,1.0277777777777777,851.1111111111111,No,0.0079
PRV52509,63,113850,1807.142857142857,57000,1.126984126984127,0.49206349206349204,104.25396825396825,72.28571428571429,6,57,26,19,0.0,0,0.09523809523809523,2.423076923076923,4378.846153846154,No,0.123
PRV52510,26,4240,163.07692307692307,1200,0.0,0.0,3.8461538461538463,72.46153846153847,0,26,22,12,0.0,0,0.0,1.1818181818181819,192.72727272727272,No,0.0016
PRV52511,246,720280,2927.967479674797,57000,2.7439024390243905,1.9268292682926829,323.0569105691057,70.2439024390244,75,171,196,81,0.0040650406504065045,1,0.3048780487804878,1.2551020408163265,3674.8979591836733,Yes,0.9153
PRV52512,31,6090,196.4516129032258,1600,1.935483870967742,0.0,0.0,65.80645161290323,0,31,19,3,0.0,0,0.0,1.631578947368421,320.5263157894737,No,0.0054
PRV52513,20,3870,193.5,2000,0.0,0.0,0.0,75.05,0,20,18,9,0.0,0,0.0,1.1111111111111112,215.0,No,0.0009
PRV52514,15,6600,440.0,3300,1.3333333333333333,0.0,4.0,78.26666666666667,0,15,13,8,0.0,0,0.0,1.1538461538461537,507.6923076923077,No,0.0023
PRV52515,17,2450,144.11764705882354,1700,0.0,0.0,2.3529411764705883,69.82352941176471,0,17,17,5,0.058823529411764705,0,0.0,1.0,144.11764705882354,No,0.0072
PRV52517,32,10910,340.9375,3000,0.0,0.0,3.75,74.28125,0,32,26,14,0.0,0,0.0,1.2307692307692308,419.61538461538464,No,0.0021
PRV52518,51,72340,1418.4313725490197,57000,1.4313725490196079,0.3333333333333333,22.901960784313726,69.29411764705883,1,50,50,22,0.0,0,0.0196078431372549,1.02,1446.8,No,0.0209
PRV52519,100,137180,1371.8,27000,2.27,0.44,67.08,70.73,6,94,72,7,0.02,0,0.06,1.3888888888888888,1905.2777777777778,No,0.1079
PRV52520,121,39910,329.8347107438017,3300,1.8760330578512396,0.0,3.2231404958677685,73.85950413223141,0,121,51,6,0.05785123966942149,0,0.0,2.372549019607843,782.5490196078431,No,0.0086
PRV52521,113,25000,221.23893805309734,3000,1.2920353982300885,0.0,1.415929203539823,72.83185840707965,0,113,88,26,0.017699115044247787,0,0.0,1.2840909090909092,284.09090909090907,No,0.0071
PRV52523,3,480,160.0,400,0.0,0.0,0.0,72.0,0,3,3,3,0.0,0,0.0,1.0,160.0,No,0.0008
PRV52525,2,150,75.0,90,0.0,0.0,0.0,79.0,0,2,2,1,0.0,0,0.0,1.0,75.0,No,0.0019
PRV52526,1,90,90.0,90,0.0,0.0,0.0,74.0,0,1,1,1,0.0,0,0.0,1.0,90.0,No,0.0013
PRV52527,160,48730,304.5625,3300,1.74375,0.0,3.75,74.11875,0,160,73,1,0.01875,0,0.0,2.191780821917808,667.5342465753424,No,0.0184
PRV52528,26,6460,248.46153846153845,2000,1.0769230769230769,0.0,0.0,67.84615384615384,0,26,16,9,0.0,0,0.0,1.625,403.75,No,0.0012
PRV52529,12,2120,176.66666666666666,700,0.0,0.0,0.0,68.91666666666667,0,12,8,5,0.0,0,0.0,1.5,265.0,No,0.0027
PRV52530,10,5210,521.0,3000,2.0,0.6,106.8,75.0,1,9,9,6,0.0,0,0.1,1.1111111111111112,578.8888888888889,No,0.0011
PRV52531,5,2970,594.0,2400,2.0,0.0,6.0,70.0,0,5,5,3,0.0,0,0.0,1.0,594.0,No,0.0019
PRV52532,16,2550,159.375,1300,0.4375,0.0,3.75,71.25,0,16,15,12,0.0,0,0.0,1.0666666666666667,170.0,No,0.0015
PRV52533,43,7380,171.62790697674419,900,0.3023255813953488,0.0,9.534883720930232,74.67441860465117,0,43,27,14,0.0,0,0.0,1.5925925925925926,273.3333333333333,No,0.0163
PRV52535,18,7200,400.0,2300,1.1666666666666667,0.0,5.0,75.61111111111111,0,18,12,7,0.05555555555555555,0,0.0,1.5,600.0,No,0.0066
PRV52536,1,14000,14000.0,14000,8.0,8.0,1068.0,72.0,1,0,1,1,0.0,0,1.0,1.0,14000.0,No,0.0022
PRV52537,1,57000,57000.0,57000,19.0,19.0,1068.0,71.0,1,0,1,1,0.0,0,1.0,1.0,57000.0,No,0.1175
PRV52539,14,4450,317.85714285714283,1200,4.142857142857143,0.0,7.142857142857143,65.07142857142857,0,14,12,2,0.0,0,0.0,1.1666666666666667,370.8333333333333,No,0.0017
PRV52540,7,3370,481.42857142857144,1400,0.0,0.0,0.0,69.42857142857143,0,7,4,1,0.0,0,0.0,1.75,842.5,No,0.0035
PRV52541,5,41000,8200.0,16000,6.4,6.4,1068.0,74.8,5,0,5,5,0.0,0,1.0,1.0,8200.0,No,0.0139
PRV52542,62,15920,256.7741935483871,3300,1.2741935483870968,0.0,1.7741935483870968,72.53225806451613,0,62,44,2,0.016129032258064516,0,0.0,1.4090909090909092,361.8181818181818,No,0.0068
PRV52543,171,47550,278.0701754385965,3300,1.2514619883040936,0.0,3.391812865497076,71.76023391812865,0,171,89,9,0.011695906432748537,0,0.0,1.9213483146067416,534.2696629213483,No,0.0135
PRV52544,6,34000,5666.666666666667,18000,3.8333333333333335,3.8333333333333335,1068.0,77.66666666666667,6,0,6,1,0.0,0,1.0,1.0,5666.666666666667,No,0.0038
PRV52545,13,1460,112.3076923076923,400,1.6153846153846154,0.0,8.461538461538462,75.0,0,13,13,3,0.0,0,0.0,1.0,112.3076923076923,No,0.001
PRV52547,2,3020,1510.0,3000,0.0,0.0,0.0,73.0,0,2,2,1,0.0,0,0.0,1.0,1510.0,No,0.0009
PRV52548,15,38750,2583.3333333333335,12000,2.8,1.5333333333333334,356.0,73.13333333333334,5,10,15,13,0.0,0,0.3333333333333333,1.0,2583.3333333333335,No,0.0152
PRV52549,156,97160,622.8205128205128,18000,3.576923076923077,0.3269230769230769,45.62820512820513,75.15384615384616,6,150,54,12,0.01282051282051282,0,0.038461538461538464,2.888888888888889,1799.2592592592594,No,0.3575
PRV52551,5,920,184.0,400,1.6,0.0,0.0,75.2,0,5,5,3,0.0,0,0.0,1.0,184.0,No,0.0007
PRV52552,55,119870,2179.4545454545455,27000,1.9636363636363636,1.0727272727272728,217.05454545454546,71.32727272727273,11,44,54,40,0.01818181818181818,0,0.2,1.0185185185185186,2219.814814814815,No,0.0685
PRV52553,8,62320,7790.0,25000,4.25,4.125,534.0,71.5,4,4,8,8,0.0,0,0.5,1.0,7790.0,No,0.1111
PRV52554,13,1970,151.53846153846155,500,1.7692307692307692,0.0,0.0,76.0,0,13,13,9,0.0,0,0.0,1.0,151.53846153846155,No,0.0006
PRV52555,7,3600,514.2857142857143,3300,2.857142857142857,0.0,0.0,80.0,0,7,7,6,0.0,0,0.0,1.0,514.2857142857143,No,0.0009
PRV52556,115,464760,4041.391304347826,55000,2.4695652173913043,1.7478260869565216,420.2608695652174,73.48695652173913,46,69,100,81,0.0,0,0.4,1.15,4647.6,No,0.261
PRV52557,11,970,88.18181818181819,300,1.8181818181818181,0.0,0.0,71.0,0,11,9,9,0.0,0,0.0,1.2222222222222223,107.77777777777777,No,0.0006
PRV52558,494,140900,285.2226720647773,3300,1.4251012145748987,0.0,2.4696356275303644,74.23684210526316,0,494,440,3,0.008097165991902834,0,0.0,1.1227272727272728,320.22727272727275,No,0.0157
PRV52559,359,90740,252.75766016713092,3300,1.392757660167131,0.0,1.5041782729805013,73.84401114206128,0,359,207,8,0.022284122562674095,0,0.0,1.7342995169082125,438.35748792270533,No,0.0342
PRV52560,503,145450,289.16500994035783,4060,1.2664015904572565,0.0,3.7176938369781314,73.80119284294234,0,503,174,1,0.019880715705765408,0,0.0,2.8908045977011496,835.919540229885,No,0.1605
PRV52561,280,128900,460.35714285714283,14010,1.5178571428571428,0.0,3.1785714285714284,74.42142857142858,0,280,261,2,0.0035714285714285713,0,0.0,1.0727969348659003,493.86973180076626,No,0.0135
PRV52562,87,90620,1041.6091954022988,27000,2.057471264367816,0.3103448275862069,65.86206896551724,75.11494252873563,6,81,61,22,0.0,0,0.06896551724137931,1.4262295081967213,1485.5737704918033,No,0.0449
PRV52563,473,173770,367.3784355179704,4300,1.7674418604651163,0.0,2.66384778012685,74.68498942917547,0,473,246,7,0.0021141649048625794,0,0.0,1.9227642276422765,706.3821138211382,No,0.0726
PRV52564,21,39700,1890.4761904761904,11000,2.7142857142857144,0.8095238095238095,255.23809523809524,77.23809523809524,5,16,21,16,0.0,0,0.23809523809523808,1.0,1890.4761904761904,No,0.0115
PRV52565,137,141640,1033.8686131386862,42000,2.2992700729927007,0.31386861313868614,88.5985401459854,74.45255474452554,11,126,86,7,0.0,0,0.08029197080291971,1.5930232558139534,1646.9767441860465,No,0.0962
PRV52566,139,252030,1813.1654676258993,31000,1.9064748201438848,0.9928057553956835,171.62589928057554,75.59712230215827,22,117,135,92,0.007194244604316547,0,0.15827338129496402,1.0296296296296297,1866.888888888889,No,0.1491
PRV52567,66,29670,449.54545454545456,3300,1.7121212121212122,0.0,7.2727272727272725,75.72727272727273,0,66,38,28,0.0,0,0.0,1.736842105263158,780.7894736842105,No,0.0127
PRV52568,87,25730,295.7471264367816,4020,0.9195402298850575,0.0,4.942528735632184,73.34482758620689,0,87,41,26,0.0,0,0.0,2.1219512195121952,627.560975609756,No,0.0025
PRV52570,24,68190,2841.25,16000,3.25,2.375,356.0,75.41666666666667,8,16,23,17,0.0,0,0.3333333333333333,1.0434782608695652,2964.782608695652,No,0.0789
PRV52571,508,161790,318.48425196850394,14900,1.68503937007874,0.0,2.2244094488188977,72.89370078740157,0,508,429,3,0.003937007874015748,0,0.0,1.1841491841491842,377.13286713286715,No,0.0263
PRV52572,3,4150,1383.3333333333333,2100,13.333333333333334,0.0,0.0,81.0,0,3,3,3,0.3333333333333333,0,0.0,1.0,1383.3333333333333,No,0.0019
PRV52573,587,158670,270.30664395229985,3300,1.616695059625213,0.0,1.7206132879045997,73.6405451448041,0,587,520,2,0.0017035775127768314,0,0.0,1.1288461538461538,305.13461538461536,No,0.0577
PRV52574,259,1533830,5922.123552123552,86000,3.694980694980695,3.023166023166023,594.8725868725869,77.24710424710425,146,113,208,84,0.007722007722007722,1,0.5637065637065637,1.2451923076923077,7374.182692307692,Yes,0.9835
PRV52575,70,23780,339.7142857142857,3300,2.157142857142857,0.0,1.4285714285714286,74.31428571428572,0,70,40,40,0.0,0,0.0,1.75,594.5,No,0.0015
PRV52576,26,49850,1917.3076923076924,24000,1.8076923076923077,0.5,123.23076923076923,75.3076923076923,3,23,26,13,0.0,0,0.11538461538461539,1.0,1917.3076923076924,No,0.0243
PRV52577,8,2550,318.75,1000,5.25,0.0,0.0,78.5,0,8,8,6,0.0,0,0.0,1.0,318.75,No,0.0011
PRV52578,49,353050,7205.102040816327,41000,4.63265306122449,4.591836734693878,784.6530612244898,71.77551020408163,37,12,40,35,0.0,1,0.7551020408163265,1.225,8826.25,Yes,0.8185
PRV52579,9,1060,117.77777777777777,400,0.0,0.0,11.11111111111111,75.11111111111111,0,9,9,9,0.0,0,0.0,1.0,117.77777777777777,No,0.0016
PRV52580,39,7090,181.7948717948718,1200,0.8717948717948718,0.0,1.5384615384615385,72.17948717948718,0,39,37,8,0.0,0,0.0,1.054054054054054,191.6216216216216,No,0.0024
PRV52581,142,40050,282.0422535211268,3300,1.6408450704225352,0.0,1.6901408450704225,72.47887323943662,0,142,135,4,0.0,0,0.0,1.0518518518518518,296.6666666666667,No,0.0032
PRV52582,23,191020,8305.217391304348,57000,5.173913043478261,5.173913043478261,882.2608695652174,69.91304347826087,19,4,23,14,0.043478260869565216,0,0.8260869565217391,1.0,8305.217391304348,No,0.2995
PRV52583,208,237790,1143.2211538461538,23000,2.230769230769231,0.7355769230769231,131.82692307692307,72.29807692307692,26,182,193,126,0.009615384615384616,0,0.125,1.077720207253886,1232.0725388601036,No,0.3245
PRV52584,54,57460,1064.0740740740741,18000,2.7037037037037037,0.6296296296296297,60.629629629629626,75.37037037037037,3,51,51,28,0.018518518518518517,0,0.05555555555555555,1.0588235294117647,1126.6666666666667,No,0.0657
PRV52586,1,300,300.0,300,0.0,0.0,0.0,69.0,0,1,1,1,0.0,0,0.0,1.0,300.0,No,0.0023
PRV52587,137,38900,283.94160583941607,3300,1.5912408759124088,0.0,1.167883211678832,73.62043795620438,0,137,68,3,0.0,0,0.0,2.014705882352941,572.0588235294117,No,0.0027
PRV52588,50,176620,3532.4,22000,3.34,1.38,363.12,73.2,17,33,37,16,0.0,0,0.34,1.3513513513513513,4773.513513513513,No,0.2751
PRV52589,426,832920,1955.2112676056338,54000,2.075117370892019,1.0305164319248827,203.12206572769952,73.24178403755869,81,345,368,206,0.02112676056338028,1,0.19014084507042253,1.1576086956521738,2263.3695652173915,Yes,0.7649
PRV52590,208,1227580,5901.826923076923,89000,3.451923076923077,2.8413461538461537,586.4038461538462,73.16826923076923,115,93,190,4,0.0,1,0.5528846153846154,1.0947368421052632,6460.9473684210525,Yes,0.9597
PRV52591,46,12510,271.95652173913044,3300,0.782608695652174,0.0,9.565217391304348,73.65217391304348,0,46,45,13,0.0,0,0.0,1.0222222222222221,278.0,No,0.0012
PRV52592,19,59620,3137.8947368421054,19000,4.631578947368421,1.5789473684210527,393.4736842105263,82.6842105263158,7,12,18,12,0.0,0,0.3684210526315789,1.0555555555555556,3312.222222222222,No,0.0712
PRV52593,582,142020,244.02061855670104,3300,1.3986254295532645,0.0,2.336769759450172,73.87285223367698,0,582,252,1,0.013745704467353952,1,0.0,2.3095238095238093,563.5714285714286,Yes,0.5461
PRV52596,2,400,200.0,400,1.0,0.0,0.0,74.5,0,2,2,2,0.0,0,0.0,1.0,200.0,No,0.005
PRV52598,31,10490,338.38709677419354,3300,0.03225806451612903,0.0,0.967741935483871,78.16129032258064,0,31,30,23,0.03225806451612903,0,0.0,1.0333333333333334,349.6666666666667,No,0.0059
PRV52599,272,87890,323.125,3300,2.327205882352941,0.0,3.4926470588235294,74.31617647058823,0,272,144,2,0.007352941176470588,0,0.0,1.8888888888888888,610.3472222222222,No,0.015
PRV52602,79,108520,1373.6708860759493,34000,1.5696202531645569,0.4050632911392405,110.0506329113924,73.26582278481013,9,70,73,58,0.0,0,0.11392405063291139,1.082191780821918,1486.5753424657535,No,0.0363
PRV52604,7,3490,498.57142857142856,3300,0.0,0.0,0.0,65.85714285714286,0,7,7,6,0.0,0,0.0,1.0,498.57142857142856,No,0.0029
PRV52605,1000,253880,253.88,3300,1.466,0.0,3.02,74.521,0,1000,401,3,0.008,0,0.0,2.493765586034913,633.1172069825436,No,0.246
PRV52606,30,10020,334.0,2300,1.0,0.0,8.0,66.7,0,30,22,19,0.03333333333333333,0,0.0,1.3636363636363635,455.45454545454544,No,0.0082
PRV52607,2,3400,1700.0,3300,0.0,0.0,0.0,75.5,0,2,2,2,0.0,0,0.0,1.0,1700.0,No,0.0022
PRV52608,1,3000,3000.0,3000,3.0,3.0,1068.0,83.0,1,0,1,1,0.0,0,1.0,1.0,3000.0,No,0.001
PRV52609,133,98690,742.0300751879699,15000,1.1954887218045114,0.21804511278195488,43.233082706766915,74.12781954887218,5,128,45,6,0.0,1,0.03759398496240601,2.9555555555555557,2193.1111111111113,Yes,0.5165
PRV52610,17,10040,590.5882352941177,3000,1.2352941176470589,0.058823529411764705,70.47058823529412,74.17647058823529,1,16,16,12,0.0,0,0.058823529411764705,1.0625,627.5,No,0.0035
PRV52611,16,82760,5172.5,30000,3.0625,3.0625,600.75,73.375,9,7,16,14,0.0,0,0.5625,1.0,5172.5,No,0.0421
PRV52614,156,42480,272.3076923076923,3300,1.4743589743589745,0.0,1.0256410256410255,72.91025641025641,0,156,94,3,0.01282051282051282,0,0.0,1.6595744680851063,451.9148936170213,No,0.0071
PRV52615,9,18770,2085.5555555555557,12000,3.111111111111111,0.8888888888888888,237.33333333333334,72.11111111111111,2,7,9,4,0.0,0,0.2222222222222222,1.0,2085.5555555555557,No,0.0021
PRV52616,15,8640,576.0,2500,1.9333333333333333,0.0,0.0,70.73333333333333,0,15,15,7,0.0,0,0.0,1.0,576.0,No,0.0012
PRV52617,238,407900,1713.8655462184875,57000,2.180672268907563,0.9453781512605042,186.58823529411765,73.74789915966386,42,196,135,9,0.004201680672268907,0,0.17647058823529413,1.762962962962963,3021.4814814814813,No,0.3899
PRV52621,45,180280,4006.222222222222,19000,3.8444444444444446,3.1555555555555554,549.4222222222222,70.4888888888889,24,21,42,26,0.0,0,0.5333333333333333,1.0714285714285714,4292.380952380952,No,0.39
PRV52622,7,17010,2430.0,7000,3.857142857142857,1.0,610.2857142857143,75.14285714285714,4,3,7,6,0.0,0,0.5714285714285714,1.0,2430.0,No,0.002
PRV52623,235,202290,860.8085106382979,57000,1.3191489361702127,0.33617021276595743,48.680851063829785,72.43404255319149,10,225,125,24,0.0,0,0.0425531914893617,1.88,1618.32,No,0.248
PRV52626,3,560,186.66666666666666,400,0.0,0.0,0.0,76.66666666666667,0,3,3,3,0.0,0,0.0,1.0,186.66666666666666,No,0.0014
PRV52627,5,46070,9214.0,37000,5.0,1.0,640.8,78.6,3,2,5,4,0.0,0,0.6,1.0,9214.0,No,0.0098
PRV52628,2098,604120,287.9504289799809,5400,1.644423260247855,0.0,2.7550047664442325,73.69494756911344,0,2098,1354,3,0.006196377502383222,1,0.0,1.549483013293944,446.17429837518466,Yes,0.9534
PRV52629,61,12320,201.9672131147541,2200,1.0327868852459017,0.0,2.2950819672131146,74.14754098360656,0,61,58,8,0.0,0,0.0,1.0517241379310345,212.41379310344828,No,0.0049
PRV52630,434,873470,2012.6036866359448,28000,2.391705069124424,1.0299539170506913,214.23502304147465,74.90552995391705,87,347,260,13,0.01152073732718894,1,0.20046082949308755,1.6692307692307693,3359.5,Yes,0.8273
PRV52631,1057,321750,304.399243140965,17300,1.3159886471144748,0.0,2.0719016083254496,73.26111636707664,0,1057,804,7,0.006622516556291391,0,0.0,1.314676616915423,400.1865671641791,No,0.0348
PRV52633,379,100770,265.8839050131926,3300,1.3509234828496042,0.0,3.1398416886543536,73.24274406332454,0,379,224,4,0.0079155672823219,0,0.0,1.6919642857142858,449.86607142857144,No,0.022
PRV52634,87,424950,4884.482758620689,20000,5.264367816091954,4.609195402298851,699.7241379310345,72.58620689655173,58,29,79,26,0.022988505747126436,0,0.6666666666666666,1.1012658227848102,5379.113924050633,No,0.2315
PRV52636,21,6820,324.76190476190476,2500,1.380952380952381,0.0,7.619047619047619,70.95238095238095,0,21,21,14,0.0,0,0.0,1.0,324.76190476190476,No,0.002
PRV52638,1,400,400.0,400,0.0,0.0,0.0,55.0,0,1,1,1,0.0,0,0.0,1.0,400.0,No,0.0021
PRV52639,37,10150,274.3243243243243,2100,2.972972972972973,0.0,2.4324324324324325,76.21621621621621,0,37,33,20,0.05405405405405406,0,0.0,1.121212121212121,307.57575757575756,No,0.0035
PRV52640,66,11050,167.42424242424244,2600,1.2121212121212122,0.0,1.3636363636363635,74.5909090909091,0,66,65,23,0.015151515151515152,0,0.0,1.0153846153846153,170.0,No,0.003
PRV52641,97,186330,1920.9278350515465,29000,2.4329896907216493,1.1443298969072164,231.7319587628866,71.65979381443299,21,76,91,55,0.020618556701030927,0,0.21649484536082475,1.065934065934066,2047.5824175824175,No,0.0942
PRV52642,436,1328240,3046.422018348624,57000,2.9013761467889907,1.786697247706422,352.0963302752294,74.14908256880734,146,290,263,11,0.0045871559633027525,1,0.3348623853211009,1.6577946768060836,5050.342205323194,Yes,0.9848
PRV52643,11,5090,462.72727272727275,3300,1.2727272727272727,0.0,0.0,77.81818181818181,0,11,11,10,0.0,0,0.0,1.0,462.72727272727275,No,0.002
PRV52644,31,70530,2275.1612903225805,13000,3.6774193548387095,1.2903225806451613,312.3225806451613,74.64516129032258,9,22,29,21,0.0,0,0.2903225806451613,1.0689655172413792,2432.0689655172414,No,0.0453
PRV52645,408,109630,268.70098039215685,14060,1.3602941176470589,0.0,3.627450980392157,74.08823529411765,0,408,367,4,0.007352941176470588,0,0.0,1.111716621253406,298.7193460490463,No,0.0161
PRV52646,104,306310,2945.2884615384614,33000,2.9326923076923075,1.9423076923076923,339.46153846153845,75.04807692307692,34,70,87,55,0.0,0,0.3269230769230769,1.1954022988505748,3520.8045977011493,No,0.1639
PRV52647,75,71070,947.6,14000,1.1466666666666667,0.36,101.28,73.64,7,68,73,44,0.013333333333333334,0,0.09333333333333334,1.0273972602739727,973.5616438356165,No,0.0095
PRV52648,842,255250,303.14726840855104,3300,1.5807600950118765,0.0,1.7695961995249405,74.33610451306413,0,842,259,22,0.0011876484560570072,1,0.0,3.250965250965251,985.5212355212356,Yes,0.6086
PRV52649,2156,602190,279.30890538033395,8000,1.4837662337662338,0.0,2.3979591836734695,73.2156771799629,0,2156,1421,22,0.00510204081632653,1,0.0,1.5172413793103448,423.7790288529205,Yes,0.9649
PRV52651,4,33090,8272.5,23000,2.75,2.75,801.0,84.5,3,1,4,3,0.25,0,0.75,1.0,8272.5,No,0.0104
PRV52652,743,190560,256.47375504710635,3300,1.5450874831763122,0.0,3.082099596231494,72.96635262449529,0,743,503,2,0.014804845222072678,1,0.0,1.4771371769383699,378.8469184890656,Yes,0.3813
PRV52653,14,68950,4925.0,30000,3.2142857142857144,3.142857142857143,305.14285714285717,67.07142857142857,4,10,13,10,0.0,0,0.2857142857142857,1.0769230769230769,5303.846153846154,No,0.1172
PRV52654,177,483550,2731.9209039548023,26000,2.615819209039548,1.5706214689265536,339.93220338983053,72.85875706214689,58,119,171,102,0.0,0,0.327683615819209,1.0350877192982457,2827.777777777778,No,0.0918
PRV52656,775,239770,309.3806451612903,3300,1.423225806451613,0.0,2.5161290322580645,73.41935483870968,0,775,631,4,0.003870967741935484,0,0.0,1.2282091917591125,379.9841521394612,No,0.0254
PRV52657,121,29250,241.73553719008265,3100,0.6115702479338843,0.0,2.8925619834710745,71.64462809917356,0,121,61,4,0.008264462809917356,0,0.0,1.9836065573770492,479.5081967213115,No,0.0052
PRV52658,39,14840,380.5128205128205,2700,2.230769230769231,0.0,3.076923076923077,76.51282051282051,0,39,36,8,0.0,0,0.0,1.0833333333333333,412.22222222222223,No,0.0016
PRV52659,24,3310,137.91666666666666,1100,0.8333333333333334,0.0,0.8333333333333334,76.58333333333333,0,24,24,13,0.08333333333333333,0,0.0,1.0,137.91666666666666,No,0.004
PRV52660,558,145400,260.57347670250897,3300,1.075268817204301,0.0,4.032258064516129,74.41935483870968,0,558,329,4,0.012544802867383513,0,0.0,1.696048632218845,441.9452887537994,No,0.0668
PRV52661,247,75690,306.43724696356276,3300,1.3157894736842106,0.0,2.672064777327935,73.5587044534413,0,247,233,1,0.012145748987854251,0,0.0,1.0600858369098713,324.84978540772534,No,0.0049
PRV52662,19,12790,673.1578947368421,7000,1.631578947368421,0.3684210526315789,112.42105263157895,74.3157894736842,2,17,18,13,0.0,0,0.10526315789473684,1.0555555555555556,710.5555555555555,No,0.0037
PRV52663,576,180650,313.62847222222223,3300,1.2013888888888888,0.0,3.0729166666666665,72.953125,0,576,272,20,0.005208333333333333,0,0.0,2.1176470588235294,664.1544117647059,No,0.1358
PRV52665,607,146130,240.74135090609556,3300,1.2487644151565074,0.0,3.1795716639209224,73.5667215815486,0,607,416,14,0.018121911037891267,0,0.0,1.4591346153846154,351.27403846153845,No,0.0592
PRV52666,39,8930,228.97435897435898,2000,1.9230769230769231,0.0,1.794871794871795,72.97435897435898,0,39,38,1,0.0,0,0.0,1.0263157894736843,235.0,No,0.0012
PRV52667,3,150,50.0,80,0.0,0.0,0.0,86.0,0,3,3,3,0.0,0,0.0,1.0,50.0,No,0.0042
PRV52668,7,1850,264.2857142857143,1300,4.142857142857143,0.0,0.0,77.0,0,7,6,2,0.0,0,0.0,1.1666666666666667,308.3333333333333,No,0.0018
PRV52669,1,300,300.0,300,0.0,0.0,0.0,87.0,0,1,1,1,0.0,0,0.0,1.0,300.0,No,0.0067
PRV52670,13,760,58.46153846153846,200,0.0,0.0,7.6923076923076925,71.84615384615384,0,13,13,2,0.0,0,0.0,1.0,58.46153846153846,No,0.0016
PRV52671,2,240,120.0,200,0.0,0.0,0.0,81.0,0,2,2,2,0.0,0,0.0,1.0,120.0,No,0.0023
PRV52672,3,390,130.0,300,0.0,0.0,0.0,73.33333333333333,0,3,2,1,0.0,0,0.0,1.5,195.0,No,0.003
PRV52673,87,19470,223.79310344827587,2100,1.2413793103448276,0.0,5.977011494252873,76.39080459770115,0,87,52,1,0.0,0,0.0,1.6730769230769231,374.4230769230769,No,0.0112
PRV52674,3,730,243.33333333333334,700,0.0,0.0,0.0,75.66666666666667,0,3,3,1,0.0,0,0.0,1.0,243.33333333333334,No,0.0016
PRV52676,39,9800,251.28205128205127,3010,0.4358974358974359,0.0,1.0256410256410255,76.02564102564102,0,39,34,2,0.0,0,0.0,1.1470588235294117,288.2352941176471,No,0.0028
PRV52677,2,140,70.0,80,0.0,0.0,0.0,81.0,0,2,2,1,0.0,0,0.0,1.0,70.0,No,0.0018
PRV52678,74,24930,336.8918918918919,2200,2.4594594594594597,0.0,0.9459459459459459,73.47297297297297,0,74,51,19,0.0,0,0.0,1.4509803921568627,488.8235294117647,No,0.0016
PRV52679,53,16100,303.77358490566036,2500,1.9433962264150944,0.0,0.9433962264150944,74.16981132075472,0,53,36,2,0.0,0,0.0,1.4722222222222223,447.22222222222223,No,0.0011
PRV52681,3,460,153.33333333333334,300,0.0,0.0,0.0,60.0,0,3,3,2,0.0,0,0.0,1.0,153.33333333333334,No,0.0007
PRV52683,131,33240,253.74045801526717,3300,1.2213740458015268,0.0,1.6793893129770991,73.59541984732824,0,131,66,3,0.007633587786259542,0,0.0,1.9848484848484849,503.6363636363636,No,0.009
PRV52684,210,130040,619.2380952380952,36000,1.7047619047619047,0.22857142857142856,28.38095238095238,73.55238095238096,5,205,108,3,0.0,0,0.023809523809523808,1.9444444444444444,1204.0740740740741,No,0.0645
PRV52686,9,1120,124.44444444444444,200,4.444444444444445,0.0,0.0,74.44444444444444,0,9,8,4,0.1111111111111111,0,0.0,1.125,140.0,No,0.0029
PRV52687,41,61920,1510.2439024390244,21000,2.2439024390243905,0.6829268292682927,156.29268292682926,70.78048780487805,6,35,25,18,0.04878048780487805,0,0.14634146341463414,1.64,2476.8,No,0.0321
PRV52688,59,115670,1960.5084745762713,57000,2.5084745762711864,0.5932203389830508,111.15254237288136,72.42372881355932,6,53,30,10,0.0,0,0.1016949152542373,1.9666666666666666,3855.6666666666665,No,0.1343
PRV52689,12,1330,110.83333333333333,400,0.0,0.0,8.333333333333334,75.75,0,12,12,7,0.0,0,0.0,1.0,110.83333333333333,No,0.0026
PRV52690,117,52510,448.8034188034188,3300,2.0085470085470085,0.0,5.897435897435898,78.1880341880342,0,117,37,3,0.0,1,0.0,3.1621621621621623,1419.1891891891892,Yes,0.6934
PRV52691,17,22380,1316.4705882352941,11000,2.9411764705882355,1.0588235294117647,194.94117647058823,72.0,3,14,15,9,0.0,0,0.17647058823529413,1.1333333333333333,1492.0,No,0.0079
PRV52692,36,9640,267.77777777777777,1800,2.8333333333333335,0.0,8.055555555555555,62.69444444444444,0,36,18,1,0.0,0,0.0,2.0,535.5555555555555,No,0.0058
PRV52693,8,3920,490.0,2100,2.5,0.0,0.0,70.0,0,8,8,5,0.0,0,0.0,1.0,490.0,No,0.0016
PRV52694,2,110,55.0,100,10.0,0.0,0.0,64.0,0,2,2,2,0.0,0,0.0,1.0,55.0,No,0.0011
PRV52695,5,200,40.0,50,0.0,0.0,0.0,74.8,0,5,5,2,0.0,0,0.0,1.0,40.0,No,0.0011
PRV52696,3,96000,32000.0,51000,7.0,7.0,1068.0,74.66666666666667,3,0,3,2,0.0,0,1.0,1.0,32000.0,No,0.2678
PRV52697,5,650,130.0,200,0.0,0.0,0.0,82.2,0,5,5,4,0.0,0,0.0,1.0,130.0,No,0.0014
PRV52698,123,41770,339.5934959349593,7000,2.040650406504065,0.016260162601626018,12.585365853658537,76.96747967479675,1,122,56,5,0.07317073170731707,0,0.008130081300813009,2.1964285714285716,745.8928571428571,No,0.0306
PRV52699,12,13150,1095.8333333333333,9000,2.0833333333333335,0.25,89.0,71.83333333333333,1,11,11,8,0.0,0,0.08333333333333333,1.0909090909090908,1195.4545454545455,No,0.0021
PRV52700,30,12300,410.0,3300,2.3666666666666667,0.0,3.3333333333333335,78.36666666666666,0,30,16,4,0.0,0,0.0,1.875,768.75,No,0.0044
PRV52701,96,25610,266.7708333333333,3300,1.0729166666666667,0.0,3.5416666666666665,73.63541666666667,0,96,55,3,0.0,0,0.0,1.7454545454545454,465.6363636363636,No,0.0041
PRV52702,28,6750,241.07142857142858,1800,2.4642857142857144,0.0,1.4285714285714286,76.10714285714286,0,28,24,11,0.0,0,0.0,1.1666666666666667,281.25,No,0.0028
PRV52703,4,2700,675.0,2100,1.0,0.0,47.5,80.25,0,4,4,4,0.0,0,0.0,1.0,675.0,No,0.0021
PRV52704,159,51790,325.72327044025155,3300,1.421383647798742,0.0,3.3333333333333335,73.40251572327044,0,159,73,2,0.006289308176100629,0,0.0,2.1780821917808217,709.4520547945206,No,0.0136
PRV52706,26,33190,1276.5384615384614,20000,4.461538461538462,1.4230769230769231,82.15384615384616,74.61538461538461,2,24,25,16,0.0,0,0.07692307692307693,1.04,1327.6,No,0.0205
PRV52708,31,40400,1303.225806451613,14000,1.3548387096774193,0.6451612903225806,174.51612903225808,74.2258064516129,5,26,12,10,0.0,0,0.16129032258064516,2.5833333333333335,3366.6666666666665,No,0.0211
PRV52709,13,2220,170.76923076923077,1100,3.076923076923077,0.0,0.0,78.6923076923077,0,13,4,2,0.0,0,0.0,3.25,555.0,No,0.0016
PRV52710,28,4410,157.5,700,0.6428571428571429,0.0,0.35714285714285715,68.28571428571429,0,28,26,10,0.0,0,0.0,1.0769230769230769,169.6153846153846,No,0.0017
PRV52711,28,9110,325.35714285714283,3300,1.5714285714285714,0.0,0.0,66.57142857142857,0,28,18,5,0.0,0,0.0,1.5555555555555556,506.1111111111111,No,0.0017
PRV52713,60,14260,237.66666666666666,2300,1.9333333333333333,0.0,2.1666666666666665,79.68333333333334,0,60,21,2,0.0,0,0.0,2.857142857142857,679.047619047619,No,0.0031
PRV52714,5,710,142.0,500,0.4,0.0,0.0,65.2,0,5,5,4,0.0,0,0.0,1.0,142.0,No,0.0006
PRV52715,3,200,66.66666666666667,80,0.0,0.0,0.0,76.66666666666667,0,3,3,3,0.0,0,0.0,1.0,66.66666666666667,No,0.0022
PRV52717,129,211130,1636.6666666666667,41000,1.813953488372093,0.8062015503875969,172.1705426356589,71.44961240310077,20,109,87,6,0.023255813953488372,0,0.15503875968992248,1.4827586206896552,2426.7816091954023,No,0.1883
PRV52719,63,10840,172.06349206349208,2700,0.8571428571428571,0.0,4.920634920634921,73.92063492063492,0,63,33,1,0.031746031746031744,0,0.0,1.9090909090909092,328.4848484848485,No,0.0121
PRV52720,50,15050,301.0,2700,2.02,0.0,1.6,73.32,0,50,24,8,0.0,0,0.0,2.0833333333333335,627.0833333333334,No,0.0012
PRV52721,7,1810,258.57142857142856,1400,6.285714285714286,0.0,0.0,72.14285714285714,0,7,7,5,0.0,0,0.0,1.0,258.57142857142856,No,0.001
PRV52722,283,147380,520.7773851590106,15000,1.3780918727915195,0.17667844522968199,35.590106007067135,75.08480565371025,9,274,119,6,0.007067137809187279,0,0.03180212014134275,2.3781512605042017,1238.4873949579833,No,0.2604
PRV52723,181,219760,1214.1436464088397,42000,1.9226519337016574,0.7403314917127072,107.42541436464089,73.07182320441989,18,163,93,5,0.0,0,0.09944751381215469,1.946236559139785,2363.010752688172,No,0.2792
PRV52724,24,5040,210.0,2400,1.5,0.0,0.0,73.125,0,24,17,2,0.0,0,0.0,1.411764705882353,296.47058823529414,No,0.0019
PRV52725,42,18850,448.8095238095238,9600,1.2142857142857142,0.0,2.619047619047619,73.88095238095238,0,42,40,1,0.047619047619047616,0,0.0,1.05,471.25,No,0.0056
PRV52726,2,380,190.0,300,10.0,0.0,0.0,78.5,0,2,2,1,0.0,0,0.0,1.0,190.0,No,0.001
PRV52727,12,2650,220.83333333333334,900,1.5833333333333333,0.0,4.166666666666667,81.41666666666667,0,12,10,2,0.0,0,0.0,1.2,265.0,No,0.002
PRV52728,15,3140,209.33333333333334,500,0.6,0.0,0.0,70.53333333333333,0,15,12,6,0.06666666666666667,0,0.0,1.25,261.6666666666667,No,0.0101
PRV52729,2,500,250.0,400,2.0,0.0,0.0,81.5,0,2,2,1,0.0,0,0.0,1.0,250.0,No,0.0015
PRV52731,23,4410,191.7391304347826,2000,2.6956521739130435,0.0,4.782608695652174,74.91304347826087,0,23,13,2,0.2608695652173913,0,0.0,1.7692307692307692,339.2307692307692,No,0.0136
PRV52732,10,2490,249.0,1900,4.0,0.0,0.0,71.2,0,10,6,1,0.0,0,0.0,1.6666666666666667,415.0,No,0.0011
PRV52733,1,30,30.0,30,12.0,0.0,0.0,75.0,0,1,1,1,0.0,0,0.0,1.0,30.0,No,0.0008
PRV52736,1,50,50.0,50,0.0,0.0,0.0,86.0,0,1,1,1,0.0,0,0.0,1.0,50.0,No,0.0043
PRV52738,62,17660,284.83870967741933,3200,1.3709677419354838,0.0,0.8064516129032258,72.16129032258064,0,62,49,1,0.016129032258064516,0,0.0,1.2653061224489797,360.40816326530614,No,0.0025
PRV52739,53,11400,215.0943396226415,1800,1.6226415094339623,0.0,6.037735849056604,74.22641509433963,0,53,39,2,0.0,0,0.0,1.358974358974359,292.3076923076923,No,0.0186
PRV52740,34,6310,185.58823529411765,1300,3.235294117647059,0.0,2.9411764705882355,74.97058823529412,0,34,18,2,0.0,0,0.0,1.8888888888888888,350.55555555555554,No,0.0025
PRV52741,2,80,40.0,60,0.0,0.0,0.0,71.0,0,2,2,1,0.0,0,0.0,1.0,40.0,No,0.0011
PRV52742,6,1270,211.66666666666666,500,3.3333333333333335,0.0,0.0,77.5,0,6,3,4,0.0,0,0.0,2.0,423.3333333333333,No,0.0034
PRV52743,6,2070,345.0,700,0.0,0.0,0.0,73.83333333333333,0,6,6,2,0.16666666666666666,0,0.0,1.0,345.0,No,0.0069
PRV52744,2,400,200.0,200,0.0,0.0,0.0,73.5,0,2,2,2,0.0,0,0.0,1.0,200.0,No,0.003
PRV52745,156,47020,301.4102564102564,14010,1.0897435897435896,0.0,3.58974358974359,73.94871794871794,0,156,152,2,0.00641025641025641,0,0.0,1.0263157894736843,309.3421052631579,No,0.0063
PRV52746,1,50,50.0,50,0.0,0.0,0.0,77.0,0,1,1,1,0.0,0,0.0,1.0,50.0,No,0.0019
PRV52747,21,7520,358.0952380952381,1900,1.7619047619047619,0.0,7.619047619047619,76.04761904761905,0,21,21,1,0.0,0,0.0,1.0,358.0952380952381,No,0.002
PRV52748,10,610,61.0,200,0.0,0.0,0.0,73.4,0,10,10,2,0.0,0,0.0,1.0,61.0,No,0.0008
PRV52750,26,10700,411.53846153846155,2300,4.461538461538462,0.0,6.153846153846154,71.0,0,26,26,2,0.0,0,0.0,1.0,411.53846153846155,No,0.003
PRV52751,3,300,100.0,200,0.0,0.0,0.0,76.66666666666667,0,3,3,2,0.0,0,0.0,1.0,100.0,No,0.0023
PRV52752,2,560,280.0,500,10.0,0.0,0.0,82.5,0,2,2,1,0.0,0,0.0,1.0,280.0,No,0.0012
PRV52753,2,130,65.0,100,0.0,0.0,0.0,62.5,0,2,2,2,0.0,0,0.0,1.0,65.0,No,0.0011
PRV52754,1,10,10.0,10,0.0,0.0,0.0,78.0,0,1,1,1,0.0,0,0.0,1.0,10.0,No,0.0017
PRV52755,11,5930,539.0909090909091,1900,1.8181818181818181,0.0,0.0,70.18181818181819,0,11,9,2,0.0,0,0.0,1.2222222222222223,658.8888888888889,No,0.0007
PRV52756,4,220,55.0,90,0.25,0.0,0.0,67.75,0,4,4,3,0.25,0,0.0,1.0,55.0,No,0.0048
PRV52757,1,50,50.0,50,0.0,0.0,0.0,79.0,0,1,1,1,0.0,0,0.0,1.0,50.0,No,0.0018
PRV52758,4,130,32.5,80,0.0,0.0,0.0,73.25,0,4,4,4,0.0,0,0.0,1.0,32.5,No,0.001
PRV52760,5,4070,814.0,2900,0.4,0.0,0.0,73.2,0,5,5,2,0.0,0,0.0,1.0,814.0,No,0.0008
PRV52761,11,4740,430.90909090909093,2500,1.9090909090909092,0.0,0.0,76.63636363636364,0,11,11,4,0.0,0,0.0,1.0,430.90909090909093,No,0.0005
PRV52763,1,50,50.0,50,0.0,0.0,70.0,68.0,0,1,1,1,0.0,0,0.0,1.0,50.0,No,0.0016
PRV52764,3,450,150.0,400,6.666666666666667,0.0,0.0,72.66666666666667,0,3,3,2,0.0,0,0.0,1.0,150.0,No,0.0008
PRV52766,11,2010,182.72727272727272,900,0.0,0.0,0.0,72.0,0,11,11,3,0.09090909090909091,0,0.0,1.0,182.72727272727272,No,0.0031
PRV52767,4,690,172.5,500,0.25,0.0,10.0,81.75,0,4,4,1,0.0,0,0.0,1.0,172.5,No,0.0025
PRV52768,25,7310,292.4,3300,0.8,0.0,3.6,79.36,0,25,25,1,0.0,0,0.0,1.0,292.4,No,0.0027
PRV52769,1,40,40.0,40,0.0,0.0,0.0,84.0,0,1,1,1,0.0,0,0.0,1.0,40.0,No,0.0037
PRV52770,7,1090,155.71428571428572,500,0.0,0.0,0.0,65.71428571428571,0,7,7,2,0.0,0,0.0,1.0,155.71428571428572,No,0.0007
PRV52771,4,250,62.5,100,0.0,0.0,0.0,76.5,0,4,4,2,0.0,0,0.0,1.0,62.5,No,0.0021
PRV52772,12,2050,170.83333333333334,500,0.4166666666666667,0.0,0.0,72.83333333333333,0,12,12,1,0.0,0,0.0,1.0,170.83333333333334,No,0.0004
PRV52773,2,150,75.0,100,7.0,0.0,0.0,80.5,0,2,2,1,0.0,0,0.0,1.0,75.0,No,0.0013
PRV52774,4,300,75.0,100,0.0,0.0,0.0,83.5,0,4,4,3,0.0,0,0.0,1.0,75.0,No,0.0027
PRV52775,7,3790,541.4285714285714,2000,2.857142857142857,0.0,0.0,71.85714285714286,0,7,7,1,0.0,0,0.0,1.0,541.4285714285714,No,0.0005
PRV52777,2,260,130.0,200,0.0,0.0,0.0,72.0,0,2,2,1,0.0,0,0.0,1.0,130.0,No,0.001
PRV52778,1,100,100.0,100,0.0,0.0,0.0,73.0,0,1,1,1,0.0,0,0.0,1.0,100.0,No,0.0011
PRV52781,1,100,100.0,100,0.0,0.0,0.0,69.0,0,1,1,1,0.0,0,0.0,1.0,100.0,No,0.0018
PRV52782,10,1730,173.0,1100,0.5,0.0,0.0,72.7,0,10,7,1,0.0,0,0.0,1.4285714285714286,247.14285714285714,No,0.0008
PRV52783,1,70,70.0,70,0.0,0.0,0.0,76.0,0,1,1,1,0.0,0,0.0,1.0,70.0,No,0.0017
PRV52784,2,270,135.0,200,0.0,0.0,0.0,78.0,0,2,2,1,0.0,0,0.0,1.0,135.0,No,0.0018
PRV52785,1,60,60.0,60,0.0,0.0,0.0,86.0,0,1,1,1,0.0,0,0.0,1.0,60.0,No,0.0043
PRV52786,2,120,60.0,100,0.0,0.0,0.0,69.5,0,2,2,1,0.0,0,0.0,1.0,60.0,No,0.0015
PRV52787,11,67000,6090.909090909091,11000,2.8181818181818183,2.8181818181818183,1068.0,70.81818181818181,11,0,11,3,0.0,0,1.0,1.0,6090.909090909091,No,0.012
PRV52788,401,115280,287.48129675810475,3300,1.139650872817955,0.0,3.71571072319202,73.28428927680798,0,401,373,3,0.0024937655860349127,0,0.0,1.0750670241286864,309.06166219839145,No,0.0145
PRV52789,38,12500,328.94736842105266,2500,2.4210526315789473,0.0,4.473684210526316,75.57894736842105,0,38,38,1,0.0,0,0.0,1.0,328.94736842105266,No,0.0023
PRV52790,28,6860,245.0,1100,0.7142857142857143,0.0,7.142857142857143,76.17857142857143,0,28,15,1,0.03571428571428571,0,0.0,1.8666666666666667,457.3333333333333,No,0.0231
PRV52791,1,200,200.0,200,0.0,0.0,0.0,78.0,0,1,1,1,0.0,0,0.0,1.0,200.0,No,0.0046
PRV52792,5,320,64.0,100,0.0,0.0,16.0,77.6,0,5,5,1,0.0,0,0.0,1.0,64.0,No,0.0036
PRV52793,17,4230,248.8235294117647,1500,2.176470588235294,0.0,3.5294117647058822,80.0,0,17,17,1,0.0,0,0.0,1.0,248.8235294117647,No,0.0018
PRV52794,1,30,30.0,30,0.0,0.0,0.0,65.0,0,1,1,1,0.0,0,0.0,1.0,30.0,No,0.0011
PRV52795,19,6150,323.6842105263158,2700,2.8947368421052633,0.0,4.2105263157894735,71.73684210526316,0,19,13,11,0.0,0,0.0,1.4615384615384615,473.0769230769231,No,0.0018
PRV52796,48,16690,347.7083333333333,3300,0.7083333333333334,0.0,2.9166666666666665,65.97916666666667,0,48,16,2,0.08333333333333333,0,0.0,3.0,1043.125,No,0.0048
PRV52797,1,300,300.0,300,0.0,0.0,0.0,67.0,0,1,1,1,0.0,0,0.0,1.0,300.0,No,0.0014
PRV52798,56,18160,324.2857142857143,2500,1.6607142857142858,0.0,3.5714285714285716,76.46428571428571,0,56,38,1,0.0,0,0.0,1.4736842105263157,477.89473684210526,No,0.0024
PRV52799,2,150,75.0,100,0.0,0.0,0.0,72.5,0,2,2,1,0.0,0,0.0,1.0,75.0,No,0.001
PRV52800,8,1890,236.25,900,0.0,0.0,11.25,68.0,0,8,6,3,0.0,0,0.0,1.3333333333333333,315.0,No,0.0059
PRV52801,31,10510,339.03225806451616,3200,2.2580645161290325,0.0,8.387096774193548,77.48387096774194,0,31,22,8,0.06451612903225806,0,0.0,1.4090909090909092,477.72727272727275,No,0.0037
PRV52803,2,9000,4500.0,6000,2.0,2.0,1068.0,72.0,2,0,2,2,0.0,0,1.0,1.0,4500.0,No,0.001
PRV52804,1,36000,36000.0,36000,13.0,13.0,1068.0,84.0,1,0,1,1,0.0,0,1.0,1.0,36000.0,No,0.0148
PRV52806,2,16000,8000.0,10000,2.5,2.5,1068.0,71.5,2,0,2,1,0.0,0,1.0,1.0,8000.0,No,0.0011
PRV52807,2,17000,8500.0,9000,5.5,5.5,1068.0,83.0,2,0,2,1,0.0,0,1.0,1.0,8500.0,No,0.0026
PRV52808,5,31080,6216.0,11000,4.8,4.8,854.4,73.4,4,1,5,2,0.0,0,0.8,1.0,6216.0,No,0.007
PRV52810,6,76000,12666.666666666666,32000,5.166666666666667,5.166666666666667,1068.0,72.33333333333333,6,0,6,1,0.0,0,1.0,1.0,12666.666666666666,No,0.0306
PRV52813,17,142000,8352.941176470587,30000,4.588235294117647,4.588235294117647,879.5294117647059,76.11764705882354,17,0,15,4,0.0,0,1.0,1.1333333333333333,9466.666666666666,No,0.0622
PRV52814,2,6000,3000.0,3000,4.0,4.0,1068.0,73.5,2,0,2,1,0.0,0,1.0,1.0,3000.0,No,0.0008
PRV52815,26,390000,15000.0,125000,5.6923076923076925,5.6923076923076925,1068.0,79.46153846153847,26,0,24,4,0.038461538461538464,1,1.0,1.0833333333333333,16250.0,Yes,0.7862
PRV52816,1,3000,3000.0,3000,1.0,1.0,1068.0,40.0,1,0,1,1,0.0,0,1.0,1.0,3000.0,No,0.0009
PRV52818,39,9730,249.48717948717947,2500,0.9743589743589743,0.0,0.2564102564102564,72.1025641025641,0,39,35,19,0.0,0,0.0,1.1142857142857143,278.0,No,0.0017
PRV52820,32,6510,203.4375,1200,0.125,0.0,6.875,74.625,0,32,30,25,0.03125,0,0.0,1.0666666666666667,217.0,No,0.0098
PRV52821,713,1822970,2556.760168302945,57000,2.8162692847124826,1.4403927068723703,253.82047685834502,72.4249649368864,173,540,389,15,0.0070126227208976155,1,0.2426367461430575,1.832904884318766,4686.298200514138,Yes,0.9783
PRV52822,135,43480,322.0740740740741,3300,1.385185185185185,0.0,6.7407407407407405,72.43703703703704,0,135,97,1,0.007407407407407408,0,0.0,1.3917525773195876,448.2474226804124,No,0.0051
PRV52823,87,65100,748.2758620689655,14000,2.4022988505747125,0.8735632183908046,91.44827586206897,70.88505747126437,7,80,70,43,0.022988505747126436,0,0.08045977011494253,1.2428571428571429,930.0,No,0.0266
PRV52824,42,8740,208.0952380952381,3300,0.5238095238095238,0.0,7.142857142857143,69.16666666666667,0,42,39,25,0.0,0,0.0,1.0769230769230769,224.10256410256412,No,0.0105
PRV52825,22,5870,266.8181818181818,1100,1.8636363636363635,0.0,0.0,76.4090909090909,0,22,21,18,0.0,0,0.0,1.0476190476190477,279.5238095238095,No,0.0023
PRV52826,292,101600,347.94520547945206,3300,1.5410958904109588,0.0,3.493150684931507,69.42123287671232,0,292,103,4,0.0,1,0.0,2.8349514563106797,986.4077669902913,Yes,0.0828
PRV52827,804,282060,350.82089552238807,3300,2.2412935323383083,0.0,2.027363184079602,74.63308457711443,0,804,296,7,0.026119402985074626,0,0.0,2.7162162162162162,952.9054054054054,No,0.2712
PRV52828,44,221050,5023.863636363636,39000,4.181818181818182,2.977272727272727,563.2727272727273,69.5909090909091,23,21,38,11,0.022727272727272728,1,0.5227272727272727,1.1578947368421053,5817.105263157895,Yes,0.6919
PRV52829,533,226800,425.515947467167,11300,1.6904315196998123,0.039399624765478425,15.380863039399625,71.89305816135085,6,527,326,34,0.016885553470919325,0,0.01125703564727955,1.6349693251533743,695.7055214723927,No,0.1422
PRV52830,34,7250,213.23529411764707,2300,0.29411764705882354,0.0,6.470588235294118,70.6470588235294,0,34,28,15,0.0,0,0.0,1.2142857142857142,258.92857142857144,No,0.0042
PRV52831,31,247920,7997.419354838709,57000,4.0,3.774193548387097,620.1290322580645,74.06451612903226,20,11,29,9,0.0,0,0.6451612903225806,1.0689655172413792,8548.965517241379,No,0.3348
PRV52832,31,10180,328.38709677419354,3000,0.3548387096774194,0.0,3.225806451612903,73.61290322580645,0,31,30,21,0.0,0,0.0,1.0333333333333334,339.3333333333333,No,0.0034
PRV52833,14,27460,1961.4285714285713,10000,6.428571428571429,4.785714285714286,319.42857142857144,74.14285714285714,4,10,12,8,0.07142857142857142,0,0.2857142857142857,1.1666666666666667,2288.3333333333335,No,0.1297
PRV52835,57,140360,2462.4561403508774,26000,1.912280701754386,1.087719298245614,209.6140350877193,75.84210526315789,11,46,57,39,0.03508771929824561,0,0.19298245614035087,1.0,2462.4561403508774,No,0.0339
PRV52836,21,53680,2556.190476190476,29000,1.8095238095238095,1.619047619047619,206.76190476190476,72.14285714285714,5,16,20,17,0.0,0,0.23809523809523808,1.05,2684.0,No,0.0826
PRV52837,71,31930,449.71830985915494,15000,0.5211267605633803,0.08450704225352113,31.211267605633804,71.22535211267606,2,69,59,43,0.0,0,0.028169014084507043,1.2033898305084745,541.1864406779661,No,0.0053
PRV52838,83,25230,303.9759036144578,3300,0.9156626506024096,0.0,4.457831325301205,73.28915662650603,0,83,61,8,0.0,0,0.0,1.360655737704918,413.60655737704917,No,0.0023
PRV52839,33,12290,372.42424242424244,3300,1.9696969696969697,0.0,11.818181818181818,72.66666666666667,0,33,30,27,0.0,0,0.0,1.1,409.6666666666667,No,0.0016
PRV52841,3,13320,4440.0,13000,0.3333333333333333,0.3333333333333333,356.0,78.33333333333333,1,2,3,3,0.0,0,0.3333333333333333,1.0,4440.0,No,0.0028
PRV52842,445,396510,891.0337078651686,68000,1.4764044943820225,0.25617977528089886,59.98202247191011,72.02696629213483,24,421,263,15,0.0044943820224719105,0,0.05393258426966292,1.6920152091254752,1507.6425855513307,No,0.4788
PRV52843,251,592160,2359.203187250996,57000,1.7729083665338645,1.0079681274900398,201.81673306772907,69.9601593625498,47,204,190,134,0.00398406374501992,1,0.18725099601593626,1.3210526315789475,3116.6315789473683,Yes,0.8263
PRV52844,129,46950,363.95348837209303,8000,1.5426356589147288,0.03875968992248062,18.34108527131783,71.25581395348837,2,127,112,58,0.0,0,0.015503875968992248,1.1517857142857142,419.19642857142856,No,0.0034
PRV52845,231,268340,1161.6450216450216,118000,1.5974025974025974,0.11688311688311688,38.97835497835498,72.03896103896103,8,223,137,24,0.004329004329004329,0,0.03463203463203463,1.686131386861314,1958.6861313868612,No,0.2889
PRV52846,241,2117010,8784.273858921162,57000,4.7012448132780085,4.1161825726141075,771.2531120331951,72.43153526970954,175,66,222,48,0.016597510373443983,1,0.7261410788381742,1.0855855855855856,9536.081081081082,Yes,0.9794
PRV52847,92,617430,6711.195652173913,57000,4.032608695652174,3.597826086956522,640.4347826086956,74.47826086956522,62,30,75,20,0.010869565217391304,1,0.6739130434782609,1.2266666666666666,8232.4,Yes,0.797
PRV52848,25,5280,211.2,1200,1.4,0.0,4.4,77.04,0,25,25,21,0.0,0,0.0,1.0,211.2,No,0.004
PRV52849,14,45780,3270.0,29000,1.1428571428571428,0.6428571428571429,153.28571428571428,71.5,2,12,13,12,0.0,0,0.14285714285714285,1.0769230769230769,3521.5384615384614,No,0.0167
PRV52850,146,48470,331.986301369863,16000,1.5890410958904109,0.03424657534246575,12.10958904109589,73.57534246575342,1,145,52,7,0.0,0,0.00684931506849315,2.8076923076923075,932.1153846153846,No,0.0532
PRV52851,37,67460,1823.2432432432433,16000,2.189189189189189,1.054054054054054,235.51351351351352,70.51351351351352,8,29,35,21,0.0,0,0.21621621621621623,1.0571428571428572,1927.4285714285713,No,0.0486
PRV52853,29,11050,381.0344827586207,3300,2.2413793103448274,0.0,6.206896551724138,75.75862068965517,0,29,24,12,0.0,0,0.0,1.2083333333333333,460.4166666666667,No,0.002
PRV52855,22,31800,1445.4545454545455,11000,2.590909090909091,0.7272727272727273,145.63636363636363,77.22727272727273,3,19,22,13,0.045454545454545456,0,0.13636363636363635,1.0,1445.4545454545455,No,0.0126
PRV52857,459,196310,427.69063180827885,24000,1.4901960784313726,0.08278867102396514,13.943355119825709,70.58169934640523,6,453,178,22,0.026143790849673203,0,0.013071895424836602,2.5786516853932584,1102.8651685393259,No,0.3021
PRV52858,80,164760,2059.5,33000,3.1125,1.125,189.15,75.0375,14,66,77,46,0.0125,0,0.175,1.0389610389610389,2139.7402597402597,No,0.0855
PRV52859,911,287930,316.059275521405,5200,1.5093304061470911,0.0,2.129527991218441,73.801317233809,0,911,441,25,0.010976948408342482,0,0.0,2.0657596371882088,652.9024943310658,No,0.0923
PRV52860,393,107830,274.3765903307888,3300,2.1348600508905853,0.0,3.282442748091603,73.59287531806616,0,393,149,7,0.010178117048346057,1,0.0,2.6375838926174495,723.6912751677852,Yes,0.7165
PRV52861,14,1770,126.42857142857143,500,1.5714285714285714,0.0,15.714285714285714,64.42857142857143,0,14,14,14,0.0,0,0.0,1.0,126.42857142857143,No,0.0012
PRV52862,76,432660,5692.894736842105,36000,3.960526315789474,3.263157894736842,772.8947368421053,72.28947368421052,56,20,67,29,0.039473684210526314,0,0.7368421052631579,1.1343283582089552,6457.611940298508,No,0.2871
PRV52863,52,14650,281.7307692307692,3300,1.9807692307692308,0.0,1.5384615384615385,70.86538461538461,0,52,29,15,0.0,0,0.0,1.793103448275862,505.17241379310343,No,0.0022
PRV52864,28,12870,459.64285714285717,3300,0.8214285714285714,0.0,4.285714285714286,70.32142857142857,0,28,22,16,0.0,0,0.0,1.2727272727272727,585.0,No,0.0054
PRV52865,66,82790,1254.3939393939395,38000,1.4090909090909092,0.25757575757575757,97.39393939393939,71.36363636363636,6,60,57,24,0.0,0,0.09090909090909091,1.1578947368421053,1452.4561403508771,No,0.0129
PRV52868,110,434120,3946.5454545454545,37000,3.309090909090909,1.9363636363636363,408.41818181818184,70.62727272727273,42,68,93,30,0.0,1,0.38181818181818183,1.1827956989247312,4667.956989247312,Yes,0.4499
PRV52869,62,94120,1518.0645161290322,39000,1.4838709677419355,0.7741935483870968,121.06451612903226,73.14516129032258,7,55,50,41,0.0,0,0.11290322580645161,1.24,1882.4,No,0.0463
PRV52870,589,453380,769.7453310696095,52000,1.767402376910017,0.266553480475382,64.4855687606112,71.21901528013582,35,554,220,9,0.01867572156196944,1,0.059422750424448216,2.6772727272727272,2060.818181818182,Yes,0.8088
PRV52872,108,47710,441.75925925925924,11100,1.9351851851851851,0.0,2.314814814814815,72.46296296296296,0,108,102,37,0.018518518518518517,0,0.0,1.0588235294117647,467.7450980392157,No,0.0107
PRV52873,69,16500,239.1304347826087,5300,0.5072463768115942,0.0,1.5942028985507246,76.79710144927536,0,69,56,12,0.0,0,0.0,1.2321428571428572,294.64285714285717,No,0.0015
PRV52875,12,1540,128.33333333333334,600,1.5,0.0,0.0,77.41666666666667,0,12,12,1,0.0,0,0.0,1.0,128.33333333333334,No,0.0006
PRV52876,73,195980,2684.6575342465753,42000,2.8767123287671232,1.5616438356164384,252.0,73.3972602739726,18,55,66,26,0.0,0,0.2465753424657534,1.106060606060606,2969.3939393939395,No,0.1809
PRV52877,19,2450,128.94736842105263,1000,1.4210526315789473,0.0,0.0,77.94736842105263,0,19,19,13,0.0,0,0.0,1.0,128.94736842105263,No,0.001
PRV52878,27,11700,433.3333333333333,3000,1.4814814814814814,0.0,0.0,74.44444444444444,0,27,25,2,0.0,0,0.0,1.08,468.0,No,0.0014
PRV52879,120,26880,224.0,3300,0.7333333333333333,0.0,3.0833333333333335,72.74166666666666,0,120,56,2,0.03333333333333333,0,0.0,2.142857142857143,480.0,No,0.0115
PRV52880,20,19560,978.0,11000,0.6,0.3,163.2,76.0,3,17,19,8,0.0,0,0.15,1.0526315789473684,1029.4736842105262,No,0.0112
PRV52881,302,211510,700.364238410596,31000,1.5,0.24834437086092714,69.80794701986756,72.99337748344371,20,282,225,12,0.0033112582781456954,0,0.06622516556291391,1.3422222222222222,940.0444444444445,No,0.1499
PRV52882,41,14960,364.8780487804878,3300,1.7804878048780488,0.0,3.1707317073170733,73.58536585365853,0,41,32,6,0.0,0,0.0,1.28125,467.5,No,0.0025
PRV52884,707,237930,336.53465346534654,3300,1.7383309759547383,0.0,2.432814710042433,73.16548797736917,0,707,213,5,0.0,1,0.0,3.31924882629108,1117.0422535211267,Yes,0.6156
PRV52886,70,24030,343.2857142857143,3070,1.6428571428571428,0.0,5.285714285714286,74.7,0,70,41,2,0.04285714285714286,0,0.0,1.7073170731707317,586.0975609756098,No,0.0023
PRV52887,530,383590,723.7547169811321,39000,1.5943396226415094,0.35471698113207545,50.00754716981132,72.52452830188679,23,507,202,14,0.0018867924528301887,1,0.04339622641509434,2.623762376237624,1898.960396039604,Yes,0.8284
PRV52889,640,407500,636.71875,29000,1.2171875,0.2,53.0,73.784375,31,609,363,36,0.0109375,0,0.0484375,1.7630853994490359,1122.5895316804408,No,0.2584
PRV52890,22,34950,1588.6363636363637,12000,1.8181818181818181,0.8181818181818182,198.72727272727272,67.81818181818181,4,18,22,8,0.0,0,0.18181818181818182,1.0,1588.6363636363637,No,0.0064
PRV52891,19,2580,135.78947368421052,700,1.0526315789473684,0.0,4.7368421052631575,71.3157894736842,0,19,19,17,0.05263157894736842,0,0.0,1.0,135.78947368421052,No,0.0028
PRV52892,36,108690,3019.1666666666665,46000,2.8055555555555554,1.6666666666666667,207.66666666666666,74.72222222222223,7,29,29,24,0.0,0,0.19444444444444445,1.2413793103448276,3747.9310344827586,No,0.1341
PRV52893,362,131850,364.22651933701655,3300,1.5138121546961325,0.0,3.839779005524862,69.54419889502762,0,362,227,10,0.008287292817679558,0,0.0,1.5947136563876652,580.8370044052864,No,0.0147
PRV52895,81,26180,323.2098765432099,3300,2.3950617283950617,0.0,2.345679012345679,70.71604938271605,0,81,72,4,0.037037037037037035,0,0.0,1.125,363.6111111111111,No,0.0045
PRV52896,142,300920,2119.154929577465,57000,2.028169014084507,0.676056338028169,129.26760563380282,70.21830985915493,17,125,97,18,0.007042253521126761,0,0.11971830985915492,1.4639175257731958,3102.2680412371133,No,0.2565
PRV52897,45,9140,203.11111111111111,1100,0.6666666666666666,0.0,6.666666666666667,73.17777777777778,0,45,39,24,0.0,0,0.0,1.1538461538461537,234.35897435897436,No,0.0062
PRV52898,114,535930,4701.140350877193,57000,3.543859649122807,2.412280701754386,451.0,73.2280701754386,48,66,108,35,0.017543859649122806,0,0.42105263157894735,1.0555555555555556,4962.314814814815,No,0.4267
PRV52899,1,30,30.0,30,0.0,0.0,0.0,66.0,0,1,1,1,0.0,0,0.0,1.0,30.0,No,0.0011
PRV52901,85,23030,270.94117647058823,2300,0.7647058823529411,0.0,0.9411764705882353,74.6470588235294,0,85,50,3,0.0,0,0.0,1.7,460.6,No,0.0012
PRV52902,46,132250,2875.0,12000,1.6521739130434783,1.2608695652173914,467.82608695652175,71.80434782608695,21,25,44,15,0.0,0,0.45652173913043476,1.0454545454545454,3005.681818181818,No,0.0355
PRV52903,200,1568110,7840.55,57000,5.085,4.765,870.72,76.245,167,33,191,26,0.0,1,0.835,1.0471204188481675,8210.0,Yes,0.9105
PRV52904,3,10230,3410.0,10000,2.3333333333333335,2.3333333333333335,356.0,67.66666666666667,1,2,3,2,0.0,0,0.3333333333333333,1.0,3410.0,No,0.0026
PRV52905,130,25440,195.69230769230768,3300,1.5076923076923077,0.0,1.9230769230769231,76.9,0,130,58,4,0.007692307692307693,0,0.0,2.2413793103448274,438.62068965517244,No,0.0036
PRV52907,183,53600,292.89617486338796,3300,1.8907103825136613,0.0,3.060109289617486,71.81420765027322,0,183,79,2,0.00546448087431694,0,0.0,2.3164556962025316,678.4810126582279,No,0.0202
PRV52910,18,151600,8422.222222222223,57000,3.888888888888889,2.6666666666666665,593.3333333333334,77.38888888888889,10,8,16,7,0.0,0,0.5555555555555556,1.125,9475.0,No,0.0788
PRV52911,5,2060,412.0,1900,4.4,0.0,0.0,79.6,0,5,5,2,0.0,0,0.0,1.0,412.0,No,0.0007
PRV52912,16,14640,915.0,13000,0.375,0.25,73.625,74.5625,1,15,14,8,0.0625,0,0.0625,1.1428571428571428,1045.7142857142858,No,0.0064
PRV52913,35,11600,331.42857142857144,2400,0.4,0.0,6.285714285714286,69.65714285714286,0,35,32,20,0.0,0,0.0,1.09375,362.5,No,0.0082
PRV52914,61,17170,281.4754098360656,2400,0.8852459016393442,0.0,5.409836065573771,70.81967213114754,0,61,44,16,0.0,0,0.0,1.3863636363636365,390.22727272727275,No,0.003
PRV52916,26,73130,2812.6923076923076,26000,1.9615384615384615,1.4230769230769231,246.46153846153845,69.61538461538461,6,20,25,14,0.0,0,0.23076923076923078,1.04,2925.2,No,0.033
PRV52917,32,8870,277.1875,2100,0.71875,0.0,2.1875,74.0625,0,32,21,12,0.0,0,0.0,1.5238095238095237,422.3809523809524,No,0.0014
PRV52918,22,114010,5182.272727272727,16000,3.5454545454545454,3.3636363636363638,631.0909090909091,73.04545454545455,13,9,20,5,0.0,0,0.5909090909090909,1.1,5700.5,No,0.1158
PRV52919,66,14070,213.1818181818182,3300,1.2878787878787878,0.0,1.9696969696969697,62.78787878787879,0,66,37,8,0.0,0,0.0,1.7837837837837838,380.27027027027026,No,0.0052
PRV52920,17,14530,854.7058823529412,8000,0.5294117647058824,0.29411764705882354,135.05882352941177,71.41176470588235,2,15,17,9,0.0,0,0.11764705882352941,1.0,854.7058823529412,No,0.0051
PRV52921,46,27450,596.7391304347826,5000,1.8478260869565217,0.21739130434782608,73.1304347826087,72.97826086956522,3,43,43,17,0.043478260869565216,0,0.06521739130434782,1.069767441860465,638.3720930232558,No,0.0062
PRV52922,33,49510,1500.3030303030303,10000,2.0303030303030303,0.7878787878787878,226.54545454545453,71.84848484848484,7,26,24,14,0.0,0,0.21212121212121213,1.375,2062.9166666666665,No,0.0404
PRV52924,13,38730,2979.230769230769,18000,0.7692307692307693,0.7692307692307693,246.46153846153845,73.76923076923077,3,10,11,10,0.0,0,0.23076923076923078,1.1818181818181819,3520.909090909091,No,0.0098
PRV52925,4,29000,7250.0,9000,5.0,5.0,1068.0,80.5,4,0,4,1,0.0,0,1.0,1.0,7250.0,No,0.0044
PRV52926,17,53760,3162.3529411764707,35000,3.411764705882353,1.2941176470588236,254.23529411764707,74.70588235294117,4,13,16,10,0.0,0,0.23529411764705882,1.0625,3360.0,No,0.0488
PRV52928,41,9260,225.85365853658536,1300,1.170731707317073,0.0,7.073170731707317,73.92682926829268,0,41,23,2,0.0,0,0.0,1.7826086956521738,402.60869565217394,No,0.0081
PRV52929,35,6770,193.42857142857142,2300,0.7714285714285715,0.0,0.8571428571428571,78.51428571428572,0,35,20,15,0.0,0,0.0,1.75,338.5,No,0.0051
PRV52930,127,39290,309.37007874015745,3300,1.3858267716535433,0.0,2.3622047244094486,71.1259842519685,0,127,61,1,0.007874015748031496,0,0.0,2.081967213114754,644.0983606557377,No,0.0032
PRV52931,14,3010,215.0,1700,0.7857142857142857,0.0,10.714285714285714,68.71428571428571,0,14,14,8,0.0,0,0.0,1.0,215.0,No,0.0023
PRV52932,40,13830,345.75,2800,2.275,0.0,2.25,72.125,0,40,34,11,0.0,0,0.0,1.1764705882352942,406.7647058823529,No,0.0011
PRV52933,8,69390,8673.75,32000,6.0,3.5,400.5,70.625,4,4,6,3,0.0,1,0.5,1.3333333333333333,11565.0,Yes,0.7271
PRV52934,32,8730,272.8125,2500,1.59375,0.0,7.1875,70.5,0,32,18,8,0.0,0,0.0,1.7777777777777777,485.0,No,0.0032
PRV52935,280,101800,363.57142857142856,3300,1.7857142857142858,0.0,0.8928571428571429,73.83928571428571,0,280,85,2,0.010714285714285714,0,0.0,3.2941176470588234,1197.6470588235295,No,0.133
PRV52936,108,44340,410.55555555555554,10000,0.5,0.10185185185185185,42.425925925925924,77.62962962962963,4,104,34,20,0.0,0,0.037037037037037035,3.176470588235294,1304.1176470588234,No,0.2521
PRV52937,24,6030,251.25,3300,1.4583333333333333,0.0,4.166666666666667,73.5,0,24,21,13,0.0,0,0.0,1.1428571428571428,287.14285714285717,No,0.0011
PRV52938,3,4270,1423.3333333333333,3300,6.666666666666667,0.0,0.0,85.33333333333333,0,3,3,2,0.0,0,0.0,1.0,1423.3333333333333,No,0.0019
PRV52940,9,950,105.55555555555556,600,4.444444444444445,0.0,4.444444444444445,74.55555555555556,0,9,7,1,0.0,0,0.0,1.2857142857142858,135.71428571428572,No,0.002
PRV52941,43,13950,324.4186046511628,2700,0.8372093023255814,0.0,3.953488372093023,71.25581395348837,0,43,39,3,0.0,0,0.0,1.1025641025641026,357.6923076923077,No,0.002
PRV52942,43,10910,253.72093023255815,2800,2.116279069767442,0.0,0.9302325581395349,77.04651162790698,0,43,39,2,0.0,0,0.0,1.1025641025641026,279.7435897435897,No,0.0015
PRV52943,35,6760,193.14285714285714,1200,3.5428571428571427,0.0,2.2857142857142856,74.57142857142857,0,35,33,1,0.0,0,0.0,1.0606060606060606,204.84848484848484,No,0.0023
PRV52944,4,4120,1030.0,3000,0.0,0.0,0.0,62.75,0,4,4,1,0.0,0,0.0,1.0,1030.0,No,0.0008
PRV52945,46,6870,149.34782608695653,1100,1.3043478260869565,0.0,3.4782608695652173,74.6304347826087,0,46,24,1,0.0,0,0.0,1.9166666666666667,286.25,No,0.0061
PRV52948,106,25320,238.8679245283019,2600,1.2547169811320755,0.0,4.811320754716981,69.80188679245283,0,106,47,4,0.009433962264150943,0,0.0,2.25531914893617,538.7234042553191,No,0.0065
PRV52949,79,27080,342.7848101265823,3300,1.2658227848101267,0.0,4.6835443037974684,70.20253164556962,0,79,51,1,0.012658227848101266,0,0.0,1.5490196078431373,530.9803921568628,No,0.0075
PRV52950,116,33830,291.63793103448273,3300,1.043103448275862,0.0,4.051724137931035,73.74137931034483,0,116,64,2,0.0,0,0.0,1.8125,528.59375,No,0.0042
PRV52951,20,9980,499.0,3300,2.0,0.0,5.5,75.4,0,20,20,2,0.0,0,0.0,1.0,499.0,No,0.0066
PRV52952,1,600,600.0,600,7.0,0.0,0.0,84.0,0,1,1,1,0.0,0,0.0,1.0,600.0,No,0.0024
PRV52953,85,23580,277.4117647058824,3300,1.8588235294117648,0.0,1.5294117647058822,73.31764705882352,0,85,61,2,0.0,0,0.0,1.3934426229508197,386.55737704918033,No,0.0012
PRV52954,1,2100,2100.0,2100,0.0,0.0,0.0,89.0,0,1,1,1,1.0,0,0.0,1.0,2100.0,No,0.0083
PRV52955,73,14160,193.97260273972603,1700,1.273972602739726,0.0,6.164383561643835,74.71232876712328,0,73,63,1,0.0136986301369863,0,0.0,1.1587301587301588,224.76190476190476,No,0.011
PRV52956,18,2110,117.22222222222223,400,0.7222222222222222,0.0,5.555555555555555,74.5,0,18,9,1,0.0,0,0.0,2.0,234.44444444444446,No,0.0034
PRV52957,1,0,0.0,0,0.0,0.0,70.0,68.0,0,1,1,1,0.0,0,0.0,1.0,0.0,No,0.0016
PRV52958,16,2020,126.25,300,0.0,0.0,0.0,76.0625,0,16,15,4,0.0,0,0.0,1.0666666666666667,134.66666666666666,No,0.0017
PRV52961,5,320,64.0,100,0.0,0.0,0.0,63.2,0,5,5,2,0.0,0,0.0,1.0,64.0,No,0.001
PRV52962,14,3520,251.42857142857142,2200,0.5,0.0,3.5714285714285716,77.85714285714286,0,14,9,2,0.0,0,0.0,1.5555555555555556,391.1111111111111,No,0.0042
PRV52963,9,850,94.44444444444444,400,2.2222222222222223,0.0,0.0,78.11111111111111,0,9,7,1,0.0,0,0.0,1.2857142857142858,121.42857142857143,No,0.0014
PRV52964,91,27140,298.24175824175825,3300,1.120879120879121,0.0,1.8681318681318682,69.47252747252747,0,91,37,1,0.0,0,0.0,2.4594594594594597,733.5135135135135,No,0.0039
PRV52966,3,710,236.66666666666666,600,0.6666666666666666,0.0,0.0,73.66666666666667,0,3,3,1,0.0,0,0.0,1.0,236.66666666666666,No,0.0008
PRV52970,1,4000,4000.0,4000,3.0,3.0,1068.0,76.0,1,0,1,1,0.0,0,1.0,1.0,4000.0,No,0.0008
PRV52971,3,15000,5000.0,8000,4.0,4.0,1068.0,73.66666666666667,3,0,3,2,0.0,0,1.0,1.0,5000.0,No,0.0018
PRV52972,17,220000,12941.176470588236,57000,4.647058823529412,4.647058823529412,1068.0,70.23529411764706,17,0,14,2,0.0,0,1.0,1.2142857142857142,15714.285714285714,No,0.3147
PRV52976,4,29000,7250.0,15000,2.75,2.75,1068.0,75.5,4,0,4,1,0.0,0,1.0,1.0,7250.0,No,0.0019
PRV52978,5,59000,11800.0,23000,8.0,8.0,1068.0,72.8,5,0,5,1,0.0,0,1.0,1.0,11800.0,No,0.0193
PRV52979,6,68000,11333.333333333334,21000,3.8333333333333335,3.8333333333333335,1068.0,74.83333333333333,6,0,6,2,0.0,0,1.0,1.0,11333.333333333334,No,0.0144
PRV52980,601,142660,237.3710482529118,3300,1.1863560732113145,0.0,2.212978369384359,73.96173044925125,0,601,229,2,0.004991680532445923,0,0.0,2.6244541484716155,622.9694323144105,No,0.2418
PRV52981,369,85830,232.60162601626016,3300,0.9376693766937669,0.0,2.140921409214092,73.76422764227642,0,369,149,4,0.008130081300813009,0,0.0,2.476510067114094,576.0402684563759,No,0.0732
PRV52982,643,216220,336.2674961119751,7000,1.8709175738724728,0.0,3.3592534992223952,74.45256609642301,0,643,231,16,0.00933125972006221,1,0.0,2.7835497835497836,936.017316017316,Yes,0.7964
PRV52985,1403,1720120,1226.0299358517464,71000,1.9942979330007127,0.49750534568781185,91.7776193870278,74.43834640057021,121,1282,500,100,0.007127583749109052,1,0.08624376336421953,2.806,3440.24,Yes,0.9857
PRV52986,36,132490,3680.277777777778,30000,2.7777777777777777,1.1111111111111112,271.44444444444446,75.16666666666667,9,27,31,18,0.0,0,0.25,1.1612903225806452,4273.870967741936,No,0.0578
PRV52988,312,76070,243.81410256410257,3300,1.1378205128205128,0.0,2.8205128205128207,73.62179487179488,0,312,124,4,0.03205128205128205,0,0.0,2.5161290322580645,613.4677419354839,No,0.1036
PRV52989,177,882590,4986.38418079096,57000,2.937853107344633,2.2711864406779663,424.40677966101697,75.03954802259886,70,107,138,90,0.005649717514124294,1,0.3954802259887006,1.2826086956521738,6395.579710144928,Yes,0.9472
PRV52990,79,208160,2634.9367088607596,29000,2.1392405063291138,1.1265822784810127,297.4177215189873,75.36708860759494,22,57,55,32,0.0,1,0.27848101265822783,1.4363636363636363,3784.7272727272725,Yes,0.3904
PRV52991,59,103970,1762.2033898305085,32000,1.5423728813559323,0.8305084745762712,144.8135593220339,75.22033898305085,8,51,54,30,0.0,0,0.13559322033898305,1.0925925925925926,1925.3703703703704,No,0.0675
PRV52993,10,3120,312.0,2100,0.1,0.0,2.0,74.0,0,10,9,8,0.0,0,0.0,1.1111111111111112,346.6666666666667,No,0.0011
PRV52996,37,11510,311.0810810810811,3300,0.8108108108108109,0.0,0.0,75.62162162162163,0,37,30,18,0.0,0,0.0,1.2333333333333334,383.6666666666667,No,0.0032
PRV52998,33,151190,4581.515151515152,46000,3.1818181818181817,2.484848484848485,458.24242424242425,74.36363636363636,15,18,28,22,0.06060606060606061,0,0.45454545454545453,1.1785714285714286,5399.642857142857,No,0.0919
PRV52999,56,73210,1307.3214285714287,19000,3.017857142857143,1.25,154.35714285714286,75.85714285714286,8,48,51,12,0.017857142857142856,0,0.14285714285714285,1.0980392156862746,1435.4901960784314,No,0.0924
PRV53000,703,200250,284.850640113798,3600,1.7041251778093884,0.0,2.887624466571835,74.38975817923186,0,703,469,260,0.005689900426742532,0,0.0,1.4989339019189765,426.9722814498934,No,0.093
PRV53001,150,45460,303.06666666666666,3300,1.5933333333333333,0.0,0.0,72.32666666666667,0,150,105,6,0.02,0,0.0,1.4285714285714286,432.95238095238096,No,0.004
PRV53002,397,116040,292.29219143576825,6040,1.093198992443325,0.0,2.795969773299748,73.96221662468514,0,397,134,4,0.0,0,0.0,2.962686567164179,865.9701492537314,No,0.1534
PRV53004,18,4310,239.44444444444446,2000,2.2222222222222223,0.0,0.0,69.72222222222223,0,18,16,10,0.0,0,0.0,1.125,269.375,No,0.0013
PRV53005,50,168860,3377.2,37000,2.64,1.72,320.4,76.32,16,34,37,27,0.04,1,0.32,1.3513513513513513,4563.783783783784,Yes,0.6459
PRV53007,96,400540,4172.291666666667,57000,2.4166666666666665,1.8125,404.3541666666667,74.51041666666667,37,59,68,50,0.0,1,0.3854166666666667,1.411764705882353,5890.294117647059,Yes,0.7877
PRV53008,52,353600,6800.0,25000,4.576923076923077,4.173076923076923,760.8846153846154,72.98076923076923,39,13,48,17,0.038461538461538464,1,0.75,1.0833333333333333,7366.666666666667,Yes,0.7795
PRV53009,37,35620,962.7027027027027,15000,1.1081081081081081,0.6486486486486487,144.32432432432432,72.48648648648648,5,32,23,10,0.0,0,0.13513513513513514,1.608695652173913,1548.695652173913,No,0.0216
PRV53013,4,5030,1257.5,2600,5.0,0.0,0.0,73.5,0,4,4,3,0.0,0,0.0,1.0,1257.5,No,0.0008
PRV53014,8,1180,147.5,700,2.25,0.0,0.0,72.0,0,8,8,6,0.0,0,0.0,1.0,147.5,No,0.0005
PRV53015,8,1120,140.0,500,1.875,0.0,0.0,57.25,0,8,6,6,0.0,0,0.0,1.3333333333333333,186.66666666666666,No,0.0011
PRV53016,31,16900,545.1612903225806,6100,1.032258064516129,0.0,4.516129032258065,65.35483870967742,0,31,18,6,0.0,0,0.0,1.7222222222222223,938.8888888888889,No,0.0061
PRV53017,9,1000,111.11111111111111,400,0.0,0.0,1.1111111111111112,79.77777777777777,0,9,4,7,0.0,0,0.0,2.25,250.0,No,0.0031
PRV53018,41,11260,274.6341463414634,2700,1.170731707317073,0.0,4.634146341463414,75.04878048780488,0,41,22,7,0.0,0,0.0,1.8636363636363635,511.8181818181818,No,0.0026
PRV53019,15,4920,328.0,2600,0.4666666666666667,0.0,0.0,66.86666666666666,0,15,13,3,0.0,0,0.0,1.1538461538461537,378.46153846153845,No,0.001
PRV53020,2,4500,2250.0,2500,10.0,0.0,0.0,93.0,0,2,2,1,0.0,0,0.0,1.0,2250.0,No,0.0028
PRV53021,28,216950,7748.214285714285,30000,3.857142857142857,3.857142857142857,686.5714285714286,71.71428571428571,18,10,21,4,0.07142857142857142,1,0.6428571428571429,1.3333333333333333,10330.952380952382,Yes,0.6661
PRV53024,26,13800,530.7692307692307,6000,1.8076923076923077,0.2692307692307692,82.15384615384616,79.65384615384616,2,24,19,12,0.038461538461538464,0,0.07692307692307693,1.368421052631579,726.3157894736842,No,0.0056
PRV53025,50,9460,189.2,1700,0.1,0.0,6.6,79.48,0,50,19,5,0.0,0,0.0,2.6315789473684212,497.89473684210526,No,0.0258
PRV53026,26,6140,236.15384615384616,3300,1.5384615384615385,0.0,0.0,73.57692307692308,0,26,16,10,0.0,0,0.0,1.625,383.75,No,0.0008
PRV53027,5,500,100.0,200,0.0,0.0,0.0,74.2,0,5,3,5,0.0,0,0.0,1.6666666666666667,166.66666666666666,No,0.003
PRV53028,3,300,100.0,200,0.0,0.0,0.0,79.33333333333333,0,3,3,2,0.0,0,0.0,1.0,100.0,No,0.0019
PRV53029,16,40050,2503.125,21000,1.8125,1.75,267.0,70.4375,4,12,11,6,0.0,0,0.25,1.4545454545454546,3640.909090909091,No,0.0767
PRV53031,6,1390,231.66666666666666,700,0.0,0.0,0.0,78.83333333333333,0,6,6,6,0.0,0,0.0,1.0,231.66666666666666,No,0.0011
PRV53032,23,48310,2100.4347826086955,17000,1.434782608695652,1.434782608695652,185.7391304347826,74.73913043478261,5,18,19,11,0.0,0,0.21739130434782608,1.2105263157894737,2542.6315789473683,No,0.1591
PRV53033,2,75000,37500.0,73000,3.5,3.5,1068.0,75.0,2,0,1,1,0.0,0,1.0,2.0,75000.0,No,0.0329
PRV53034,2,3400,1700.0,3300,10.0,0.0,0.0,72.5,0,2,2,2,0.0,0,0.0,1.0,1700.0,No,0.0012
PRV53035,34,5140,151.1764705882353,1600,1.6470588235294117,0.0,2.3529411764705883,69.1470588235294,0,34,27,14,0.0,0,0.0,1.2592592592592593,190.37037037037038,No,0.004
PRV53036,122,39530,324.0163934426229,3300,1.5655737704918034,0.0,1.4754098360655739,73.80327868852459,0,122,69,6,0.00819672131147541,0,0.0,1.7681159420289856,572.8985507246376,No,0.0028
PRV53037,9,4340,482.22222222222223,3300,0.0,0.0,0.0,75.11111111111111,0,9,9,6,0.1111111111111111,0,0.0,1.0,482.22222222222223,No,0.0066
PRV53038,24,13310,554.5833333333334,2700,2.5,0.0,6.666666666666667,80.0,0,24,7,3,0.0,0,0.0,3.4285714285714284,1901.4285714285713,No,0.0122
PRV53040,14,51800,3700.0,12000,1.1428571428571428,1.1428571428571428,386.42857142857144,78.28571428571429,5,9,13,9,0.0,0,0.35714285714285715,1.0769230769230769,3984.6153846153848,No,0.0507
PRV53042,39,10090,258.71794871794873,3300,0.5384615384615384,0.0,3.58974358974359,73.2051282051282,0,39,36,20,0.0,0,0.0,1.0833333333333333,280.27777777777777,No,0.0017
PRV53043,61,37740,618.688524590164,3300,3.2295081967213113,0.0,3.1147540983606556,69.67213114754098,0,61,24,3,0.0,0,0.0,2.5416666666666665,1572.5,No,0.0218
PRV53044,67,14460,215.82089552238807,2000,1.5671641791044777,0.0,2.537313432835821,69.61194029850746,0,67,49,13,0.0,0,0.0,1.3673469387755102,295.1020408163265,No,0.0129
PRV53045,216,62730,290.4166666666667,3300,2.0185185185185186,0.0,3.564814814814815,75.47685185185185,0,216,78,3,0.009259259259259259,0,0.0,2.769230769230769,804.2307692307693,No,0.0538
PRV53047,79,13060,165.31645569620252,1400,1.5063291139240507,0.0,1.0126582278481013,78.22784810126582,0,79,32,1,0.0,0,0.0,2.46875,408.125,No,0.0057
PRV53048,7,5620,802.8571428571429,2800,4.571428571428571,0.0,10.0,70.85714285714286,0,7,6,6,0.0,0,0.0,1.1666666666666667,936.6666666666666,No,0.0017
PRV53049,2,10,5.0,10,0.0,0.0,0.0,68.0,0,2,2,2,0.0,0,0.0,1.0,5.0,No,0.0011
PRV53050,8,3730,466.25,3000,0.375,0.375,267.0,77.5,2,6,7,6,0.125,0,0.25,1.1428571428571428,532.8571428571429,No,0.0042
PRV53052,9,5530,614.4444444444445,4000,2.5555555555555554,0.3333333333333333,118.66666666666667,64.77777777777777,1,8,8,5,0.0,0,0.1111111111111111,1.125,691.25,No,0.0011
PRV53054,49,10690,218.16326530612244,3300,1.6326530612244898,0.0,1.836734693877551,70.48979591836735,0,49,27,6,0.0,0,0.0,1.8148148148148149,395.9259259259259,No,0.0022
PRV53055,80,22570,282.125,3300,0.9375,0.0,2.5,80.4,0,80,28,3,0.0,0,0.0,2.857142857142857,806.0714285714286,No,0.0053
PRV53056,35,10110,288.85714285714283,2400,2.657142857142857,0.0,3.7142857142857144,73.97142857142858,0,35,22,12,0.0,0,0.0,1.5909090909090908,459.54545454545456,No,0.0013
PRV53057,53,20640,389.4339622641509,3300,2.6792452830188678,0.0,4.90566037735849,74.60377358490567,0,53,29,3,0.05660377358490566,0,0.0,1.8275862068965518,711.7241379310345,No,0.0041
PRV53059,33,16320,494.54545454545456,2600,1.6363636363636365,0.0,0.9090909090909091,77.42424242424242,0,33,21,3,0.0,0,0.0,1.5714285714285714,777.1428571428571,No,0.0024
PRV53061,1,9000,9000.0,9000,1.0,1.0,1068.0,98.0,1,0,1,1,0.0,0,1.0,1.0,9000.0,No,0.0054
PRV53062,4,190,47.5,100,0.0,0.0,0.0,71.25,0,4,4,3,0.0,0,0.0,1.0,47.5,No,0.0013
PRV53063,4,7450,1862.5,4000,1.0,1.0,551.5,75.5,2,2,4,3,0.0,0,0.5,1.0,1862.5,No,0.0021
PRV53064,35,6640,189.71428571428572,1700,0.17142857142857143,0.0,3.7142857142857144,74.02857142857142,0,35,28,9,0.0,0,0.0,1.25,237.14285714285714,No,0.0027
PRV53065,38,6230,163.94736842105263,1100,0.7631578947368421,0.0,2.6315789473684212,71.71052631578948,0,38,30,7,0.0,0,0.0,1.2666666666666666,207.66666666666666,No,0.0025
PRV53066,7,1220,174.28571428571428,500,0.0,0.0,0.0,76.57142857142857,0,7,5,4,0.0,0,0.0,1.4,244.0,No,0.0026
PRV53067,16,4540,283.75,3300,0.8125,0.0,4.375,78.25,0,16,14,8,0.0,0,0.0,1.1428571428571428,324.2857142857143,No,0.0033
PRV53069,11,2630,239.0909090909091,700,0.0,0.0,0.9090909090909091,68.0909090909091,0,11,9,9,0.0,0,0.0,1.2222222222222223,292.22222222222223,No,0.0008
PRV53070,20,111530,5576.5,39000,3.95,3.95,640.8,77.8,12,8,17,6,0.0,0,0.6,1.1764705882352942,6560.588235294118,No,0.0381
PRV53071,28,12310,439.64285714285717,3300,0.21428571428571427,0.0,2.857142857142857,73.57142857142857,0,28,20,4,0.0,0,0.0,1.4,615.5,No,0.0029
PRV53072,18,4990,277.22222222222223,2600,0.05555555555555555,0.0,0.0,75.38888888888889,0,18,18,9,0.0,0,0.0,1.0,277.22222222222223,No,0.0014
PRV53073,14,1270,90.71428571428571,600,0.0,0.0,0.0,71.5,0,14,7,9,0.0,0,0.0,2.0,181.42857142857142,No,0.0017
PRV53074,178,48950,275.0,2400,1.3314606741573034,0.0,2.359550561797753,77.51123595505618,0,178,66,1,0.0,0,0.0,2.696969696969697,741.6666666666666,No,0.0246
PRV53075,2,1780,890.0,1700,0.0,0.0,0.0,73.0,0,2,2,2,0.0,0,0.0,1.0,890.0,No,0.0011
PRV53076,105,30840,293.7142857142857,3300,1.1238095238095238,0.0,5.333333333333333,76.9047619047619,0,105,47,1,0.0,0,0.0,2.234042553191489,656.1702127659574,No,0.0143
PRV53077,124,38270,308.6290322580645,3300,2.1774193548387095,0.0,0.4838709677419355,74.91935483870968,0,124,81,2,0.008064516129032258,0,0.0,1.5308641975308641,472.4691358024691,No,0.0046
PRV53078,45,10880,241.77777777777777,2800,0.8888888888888888,0.0,4.444444444444445,70.84444444444445,0,45,37,3,0.0,0,0.0,1.2162162162162162,294.05405405405406,No,0.0028
PRV53079,1,50,50.0,50,0.0,0.0,0.0,66.0,0,1,1,1,0.0,0,0.0,1.0,50.0,No,0.0011
PRV53081,9,1800,200.0,900,0.0,0.0,0.0,72.11111111111111,0,9,8,1,0.0,0,0.0,1.125,225.0,No,0.0013
PRV53083,1,10,10.0,10,0.0,0.0,0.0,84.0,0,1,1,1,0.0,0,0.0,1.0,10.0,No,0.0037
PRV53084,1,100,100.0,100,4.0,0.0,100.0,71.0,0,1,1,1,0.0,0,0.0,1.0,100.0,No,0.0021
PRV53085,2,640,320.0,600,3.5,0.0,0.0,75.5,0,2,2,1,0.0,0,0.0,1.0,320.0,No,0.0013
PRV53086,4,1060,265.0,900,5.0,0.0,0.0,82.75,0,4,4,1,0.0,0,0.0,1.0,265.0,No,0.0012
PRV53087,31,9580,309.03225806451616,3300,1.6451612903225807,0.0,0.0,69.29032258064517,0,31,16,2,0.0,0,0.0,1.9375,598.75,No,0.0015
PRV53090,179,58850,328.7709497206704,3300,1.4357541899441342,0.0,3.2402234636871508,77.1731843575419,0,179,71,2,0.0111731843575419,0,0.0,2.5211267605633805,828.8732394366198,No,0.0225
PRV53091,4,19000,4750.0,7000,6.75,6.75,1068.0,79.0,4,0,4,3,0.0,0,1.0,1.0,4750.0,No,0.0049
PRV53095,4,36100,9025.0,29000,3.75,3.5,534.0,66.5,2,2,4,3,0.0,0,0.5,1.0,9025.0,No,0.0095
PRV53096,130,53000,407.6923076923077,3300,1.3307692307692307,0.0,3.3846153846153846,72.13846153846154,0,130,103,73,0.015384615384615385,0,0.0,1.2621359223300972,514.5631067961165,No,0.0141
PRV53099,2,220,110.0,200,0.0,0.0,0.0,89.5,0,2,2,1,0.0,0,0.0,1.0,110.0,No,0.0086
PRV53100,130,86880,668.3076923076923,34000,1.9230769230769231,0.16923076923076924,44.0,72.3076923076923,5,125,74,15,0.015384615384615385,0,0.038461538461538464,1.7567567567567568,1174.054054054054,No,0.0568
PRV53101,8,9410,1176.25,6000,0.75,0.75,267.0,67.75,2,6,8,6,0.0,0,0.25,1.0,1176.25,No,0.0015
PRV53102,19,5910,311.05263157894734,2500,1.6842105263157894,0.0,2.1052631578947367,73.05263157894737,0,19,16,5,0.0,0,0.0,1.1875,369.375,No,0.0005
PRV53103,79,88440,1119.493670886076,33000,2.1012658227848102,0.4177215189873418,97.16455696202532,72.10126582278481,7,72,62,42,0.0,0,0.08860759493670886,1.2741935483870968,1426.4516129032259,No,0.0425
PRV53104,80,252770,3159.625,57000,3.4125,2.1375,349.1,75.125,28,52,55,37,0.0,0,0.35,1.4545454545454546,4595.818181818182,No,0.3453
PRV53106,44,27140,616.8181818181819,8000,0.6590909090909091,0.13636363636363635,100.5,77.9090909090909,4,40,28,23,0.0,1,0.09090909090909091,1.5714285714285714,969.2857142857143,Yes,0.2538
PRV53107,15,103390,6892.666666666667,31000,3.933333333333333,3.933333333333333,649.4666666666667,76.53333333333333,9,6,15,9,0.0,0,0.6,1.0,6892.666666666667,No,0.0283
PRV53108,48,69450,1446.875,32000,2.625,0.6041666666666666,114.58333333333333,73.91666666666667,5,43,37,15,0.0,0,0.10416666666666667,1.2972972972972974,1877.027027027027,No,0.0311
PRV53109,28,22290,796.0714285714286,10000,1.75,0.32142857142857145,117.28571428571429,74.85714285714286,3,25,22,14,0.0,0,0.10714285714285714,1.2727272727272727,1013.1818181818181,No,0.0054
PRV53110,30,23280,776.0,15000,2.033333333333333,0.36666666666666664,36.93333333333333,72.83333333333333,1,29,21,14,0.0,0,0.03333333333333333,1.4285714285714286,1108.5714285714287,No,0.0045
PRV53111,33,68750,2083.3333333333335,13000,3.8484848484848486,1.0,227.15151515151516,74.78787878787878,7,26,29,25,0.0,0,0.21212121212121213,1.1379310344827587,2370.689655172414,No,0.025
PRV53113,81,19320,238.5185185185185,3000,1.6790123456790123,0.0,4.567901234567901,73.27160493827161,0,81,61,23,0.0,0,0.0,1.3278688524590163,316.72131147540983,No,0.0028
PRV53114,29,364680,12575.172413793103,102000,4.172413793103448,3.4482758620689653,477.3448275862069,73.86206896551724,14,15,22,13,0.0,1,0.4827586206896552,1.3181818181818181,16576.363636363636,Yes,0.8966
PRV53116,44,8230,187.04545454545453,1000,0.9318181818181818,0.0,1.1363636363636365,74.86363636363636,0,44,25,11,0.0,0,0.0,1.76,329.2,No,0.0085
PRV53117,251,215370,858.0478087649402,16500,1.8844621513944224,0.47410358565737054,74.24701195219123,74.52988047808765,18,233,167,16,0.0,0,0.07171314741035857,1.5029940119760479,1289.6407185628743,No,0.2105
PRV53119,18,26410,1467.2222222222222,18000,2.2222222222222223,2.2222222222222223,178.0,69.33333333333333,3,15,14,9,0.0,1,0.16666666666666666,1.2857142857142858,1886.4285714285713,Yes,0.4149
PRV53120,65,115950,1783.8461538461538,44000,1.5384615384615385,0.6923076923076923,164.30769230769232,76.35384615384615,10,55,59,45,0.015384615384615385,0,0.15384615384615385,1.1016949152542372,1965.2542372881355,No,0.0906
PRV53121,579,562270,971.1053540587219,56000,1.7841105354058722,0.38169257340241797,87.61312607944733,73.63557858376511,48,531,279,40,0.0034542314335060447,1,0.08290155440414508,2.075268817204301,2015.304659498208,Yes,0.8027
PRV53122,24,8070,336.25,3300,0.8333333333333334,0.0,8.333333333333334,68.95833333333333,0,24,18,4,0.0,0,0.0,1.3333333333333333,448.3333333333333,No,0.0034
PRV53123,132,45750,346.59090909090907,3300,1.7803030303030303,0.0,3.484848484848485,72.03030303030303,0,132,82,55,0.022727272727272728,0,0.0,1.6097560975609757,557.9268292682926,No,0.0037
PRV53124,65,178380,2744.3076923076924,30000,3.8461538461538463,2.0923076923076924,312.18461538461537,71.70769230769231,20,45,53,27,0.03076923076923077,0,0.3076923076923077,1.2264150943396226,3365.6603773584907,No,0.2074
PRV53125,2,500,250.0,500,0.0,0.0,0.0,59.5,0,2,2,2,0.0,0,0.0,1.0,250.0,No,0.0011
PRV53126,34,11820,347.6470588235294,2700,3.911764705882353,0.0,2.3529411764705883,77.26470588235294,0,34,25,12,0.0,0,0.0,1.36,472.8,No,0.002
PRV53127,99,29730,300.3030303030303,10000,0.6464646464646465,0.0707070707070707,13.616161616161616,73.87878787878788,1,98,55,17,0.010101010101010102,0,0.010101010101010102,1.8,540.5454545454545,No,0.0066
PRV53128,33,24220,733.939393939394,6000,1.303030303030303,0.06060606060606061,7.878787878787879,67.27272727272727,1,32,19,9,0.030303030303030304,0,0.030303030303030304,1.736842105263158,1274.7368421052631,No,0.0057
PRV53129,46,82550,1794.5652173913043,57000,1.391304347826087,0.8260869565217391,69.65217391304348,74.95652173913044,3,43,39,21,0.0,0,0.06521739130434782,1.1794871794871795,2116.6666666666665,No,0.0254
PRV53131,13,48330,3717.6923076923076,15000,2.6923076923076925,2.6923076923076925,492.9230769230769,70.07692307692308,6,7,13,7,0.0,0,0.46153846153846156,1.0,3717.6923076923076,No,0.0187
PRV53133,159,46660,293.45911949685535,3300,1.6918238993710693,0.0,3.0817610062893084,73.06918238993711,0,159,106,61,0.0,0,0.0,1.5,440.188679245283,No,0.0035
PRV53134,10,4030,403.0,1600,1.4,0.0,0.0,69.0,0,10,8,3,0.0,0,0.0,1.25,503.75,No,0.0018
PRV53135,7,68000,9714.285714285714,18000,5.714285714285714,5.714285714285714,1068.0,78.42857142857143,7,0,6,1,0.0,0,1.0,1.1666666666666667,11333.333333333334,No,0.1034
PRV53136,43,161020,3744.6511627906975,57000,2.627906976744186,1.627906976744186,176.1860465116279,72.69767441860465,7,36,40,24,0.0,1,0.16279069767441862,1.075,4025.5,Yes,0.5272
PRV53137,30,8900,296.6666666666667,2400,1.9333333333333333,0.0,7.0,76.4,0,30,23,18,0.0,0,0.0,1.3043478260869565,386.95652173913044,No,0.0025
PRV53138,10,1570,157.0,500,0.0,0.0,0.0,72.2,0,10,10,7,0.1,0,0.0,1.0,157.0,No,0.0019
PRV53139,9,780,86.66666666666667,200,3.5555555555555554,0.0,0.0,79.44444444444444,0,9,7,3,0.0,0,0.0,1.2857142857142858,111.42857142857143,No,0.0022
PRV53140,21,2180,103.80952380952381,500,1.8095238095238095,0.0,0.0,68.04761904761905,0,21,19,13,0.0,0,0.0,1.105263157894737,114.73684210526316,No,0.0011
PRV53141,105,332720,3168.7619047619046,57000,2.961904761904762,1.6,308.3809523809524,73.73333333333333,32,73,93,23,0.0,0,0.3047619047619048,1.1290322580645162,3577.6344086021504,No,0.433
PRV53142,111,394050,3550.0,33000,3.2972972972972974,1.9189189189189189,366.52252252252254,72.32432432432432,39,72,98,79,0.0,1,0.35135135135135137,1.1326530612244898,4020.918367346939,Yes,0.7953
PRV53143,12,65670,5472.5,24000,3.1666666666666665,2.0,267.0,83.25,4,8,7,4,0.0,0,0.3333333333333333,1.7142857142857142,9381.42857142857,No,0.0849
PRV53144,39,36460,934.8717948717949,15000,2.8205128205128207,0.8974358974358975,82.92307692307692,75.38461538461539,4,35,34,30,0.0,0,0.10256410256410256,1.1470588235294117,1072.3529411764705,No,0.0212
PRV53145,132,34760,263.3333333333333,3300,1.6666666666666667,0.0,2.272727272727273,72.78030303030303,0,132,111,1,0.007575757575757576,0,0.0,1.1891891891891893,313.15315315315314,No,0.0029
PRV53147,18,6760,375.55555555555554,3300,2.2222222222222223,0.0,7.777777777777778,65.11111111111111,0,18,16,12,0.0,0,0.0,1.125,422.5,No,0.0018
PRV53148,15,2580,172.0,600,0.13333333333333333,0.0,0.0,75.46666666666667,0,15,13,11,0.0,0,0.0,1.1538461538461537,198.46153846153845,No,0.0011
PRV53149,61,14860,243.60655737704917,4050,2.3278688524590163,0.0,0.6557377049180327,75.22950819672131,0,61,21,2,0.0,0,0.0,2.9047619047619047,707.6190476190476,No,0.0035
PRV53150,13,3130,240.76923076923077,1000,0.38461538461538464,0.0,0.0,72.46153846153847,0,13,5,6,0.0,0,0.0,2.6,626.0,No,0.0008
PRV53151,25,6360,254.4,2100,2.2,0.0,4.8,78.4,0,25,19,12,0.0,0,0.0,1.3157894736842106,334.7368421052632,No,0.0058
PRV53153,24,121630,5067.916666666667,40000,3.25,2.4166666666666665,225.0,79.375,6,18,21,7,0.0,0,0.25,1.1428571428571428,5791.9047619047615,No,0.1185
PRV53154,52,23670,455.1923076923077,3300,2.3461538461538463,0.0,2.6923076923076925,77.17307692307692,0,52,15,4,0.019230769230769232,0,0.0,3.466666666666667,1578.0,No,0.0139
PRV53156,16,6570,410.625,3300,0.4375,0.0,2.5,70.25,0,16,10,6,0.0,0,0.0,1.6,657.0,No,0.0028
PRV53157,2,2190,1095.0,2100,0.0,0.0,0.0,82.5,0,2,2,2,0.0,0,0.0,1.0,1095.0,No,0.0016
PRV53158,7,710,101.42857142857143,300,0.14285714285714285,0.0,7.142857142857143,76.14285714285714,0,7,7,4,0.0,0,0.0,1.0,101.42857142857143,No,0.0024
PRV53159,27,36160,1339.2592592592594,22000,0.18518518518518517,0.18518518518518517,79.11111111111111,87.96296296296296,2,25,10,13,0.0,0,0.07407407407407407,2.7,3616.0,No,0.0316
PRV53161,7,6810,972.8571428571429,3000,5.714285714285714,0.0,0.0,69.42857142857143,0,7,7,6,0.0,0,0.0,1.0,972.8571428571429,No,0.0021
PRV53162,5,1350,270.0,800,0.2,0.0,0.0,74.0,0,5,5,3,0.0,0,0.0,1.0,270.0,No,0.0007
PRV53163,12,800,66.66666666666667,200,0.0,0.0,0.0,65.83333333333333,0,12,3,2,0.0,0,0.0,4.0,266.6666666666667,No,0.0019
PRV53164,25,4180,167.2,1500,0.76,0.0,1.6,74.72,0,25,21,13,0.0,0,0.0,1.1904761904761905,199.04761904761904,No,0.001
PRV53166,23,8960,389.5652173913044,5000,1.0,0.34782608695652173,46.43478260869565,75.82608695652173,1,22,21,14,0.0,0,0.043478260869565216,1.0952380952380953,426.6666666666667,No,0.0065
PRV53167,3,1770,590.0,1700,0.3333333333333333,0.0,0.0,70.66666666666667,0,3,3,2,0.0,0,0.0,1.0,590.0,No,0.0018
PRV53168,2,2070,1035.0,2000,0.0,0.0,0.0,54.0,0,2,2,2,0.0,0,0.0,1.0,1035.0,No,0.0009
PRV53169,4,170,42.5,60,0.0,0.0,0.0,83.25,0,4,4,2,0.0,0,0.0,1.0,42.5,No,0.0025
PRV53171,17,8330,490.0,2600,1.4705882352941178,0.0,0.0,66.0,0,17,5,5,0.0,0,0.0,3.4,1666.0,No,0.0025
PRV53172,3,2450,816.6666666666666,2300,0.0,0.0,0.0,82.66666666666667,0,3,3,2,0.0,0,0.0,1.0,816.6666666666666,No,0.0014
PRV53173,43,16610,386.27906976744185,3300,2.488372093023256,0.0,0.9302325581395349,77.18604651162791,0,43,23,16,0.0,0,0.0,1.8695652173913044,722.1739130434783,No,0.0029
PRV53174,5,260,52.0,80,0.4,0.0,0.0,76.6,0,5,4,1,0.0,0,0.0,1.25,65.0,No,0.0039
PRV53175,9,710,78.88888888888889,300,0.8888888888888888,0.0,0.0,76.44444444444444,0,9,9,6,0.0,0,0.0,1.0,78.88888888888889,No,0.001
PRV53176,34,6000,176.47058823529412,1800,0.6176470588235294,0.0,3.823529411764706,70.73529411764706,0,34,13,9,0.0,0,0.0,2.6153846153846154,461.53846153846155,No,0.0028
PRV53177,16,1520,95.0,500,1.1875,0.0,0.625,81.1875,0,16,11,7,0.0,0,0.0,1.4545454545454546,138.1818181818182,No,0.0046
PRV53178,7,730,104.28571428571429,300,0.0,0.0,0.0,59.285714285714285,0,7,5,4,0.0,0,0.0,1.4,146.0,No,0.0015
PRV53179,28,20190,721.0714285714286,8000,1.3571428571428572,0.25,80.21428571428571,69.89285714285714,2,26,27,3,0.0,0,0.07142857142857142,1.037037037037037,747.7777777777778,No,0.0052
PRV53180,5,3010,602.0,1600,1.8,0.0,0.0,80.6,0,5,4,4,0.0,0,0.0,1.25,752.5,No,0.0011
PRV53182,3,100,33.333333333333336,60,0.0,0.0,0.0,75.33333333333333,0,3,3,3,0.0,0,0.0,1.0,33.333333333333336,No,0.002
PRV53183,1,80,80.0,80,0.0,0.0,0.0,86.0,0,1,1,1,0.0,0,0.0,1.0,80.0,No,0.0048
PRV53186,8,4710,588.75,3300,0.25,0.0,0.0,72.5,0,8,7,7,0.0,0,0.0,1.1428571428571428,672.8571428571429,No,0.0016
PRV53187,4,180,45.0,100,0.0,0.0,0.0,74.25,0,4,4,2,0.0,0,0.0,1.0,45.0,No,0.0013
PRV53188,10,1220,122.0,400,0.0,0.0,0.0,70.7,0,10,8,7,0.0,0,0.0,1.25,152.5,No,0.0015
PRV53189,28,53030,1893.9285714285713,17000,1.9285714285714286,0.4642857142857143,152.57142857142858,74.60714285714286,4,24,23,13,0.0,0,0.14285714285714285,1.2173913043478262,2305.6521739130435,No,0.0196
PRV53191,15,3310,220.66666666666666,1500,0.0,0.0,0.0,77.13333333333334,0,15,3,4,0.0,0,0.0,5.0,1103.3333333333333,No,0.0031
PRV53192,149,40610,272.5503355704698,3300,1.6979865771812082,0.0,2.0134228187919465,76.58389261744966,0,149,51,10,0.013422818791946308,0,0.0,2.9215686274509802,796.2745098039215,No,0.0565
PRV53194,32,22330,697.8125,14070,0.6875,0.0,1.25,70.28125,0,32,12,2,0.0,0,0.0,2.6666666666666665,1860.8333333333333,No,0.005
PRV53196,16,4480,280.0,2000,2.125,0.0,0.0,71.0,0,16,9,7,0.0,0,0.0,1.7777777777777777,497.77777777777777,No,0.0015
PRV53197,4,500,125.0,300,0.0,0.0,0.0,66.25,0,4,4,2,0.0,0,0.0,1.0,125.0,No,0.0008
PRV53198,6,250,41.666666666666664,60,1.1666666666666667,0.0,0.0,70.0,0,6,5,5,0.0,0,0.0,1.2,50.0,No,0.0022
PRV53201,13,14220,1093.8461538461538,2800,8.384615384615385,0.0,0.0,74.92307692307692,0,13,8,5,0.0,0,0.0,1.625,1777.5,No,0.0011
PRV53202,11,670,60.90909090909091,400,2.0,0.0,0.0,76.63636363636364,0,11,8,7,0.0,0,0.0,1.375,83.75,No,0.0016
PRV53203,7,420,60.0,100,0.0,0.0,0.0,85.57142857142857,0,7,5,6,0.0,0,0.0,1.4,84.0,No,0.008
PRV53204,7,3020,431.42857142857144,2200,0.5714285714285714,0.0,0.0,70.28571428571429,0,7,6,4,0.0,0,0.0,1.1666666666666667,503.3333333333333,No,0.0021
PRV53205,14,1280,91.42857142857143,600,1.5,0.0,7.142857142857143,62.285714285714285,0,14,10,4,0.0,0,0.0,1.4,128.0,No,0.002
PRV53206,3,570,190.0,500,1.0,0.0,0.0,74.66666666666667,0,3,2,3,0.0,0,0.0,1.5,285.0,No,0.0043
PRV53207,10,500,50.0,100,0.7,0.0,0.0,67.4,0,10,7,5,0.0,0,0.0,1.4285714285714286,71.42857142857143,No,0.0016
PRV53208,23,58500,2543.478260869565,20000,4.565217391304348,1.434782608695652,185.7391304347826,72.30434782608695,4,19,17,8,0.0,1,0.17391304347826086,1.3529411764705883,3441.176470588235,Yes,0.5496
PRV53210,32,27050,845.3125,13000,1.40625,0.46875,100.125,75.875,3,29,30,15,0.0,0,0.09375,1.0666666666666667,901.6666666666666,No,0.012
PRV53211,4,3460,865.0,2500,5.0,0.0,0.0,76.25,0,4,3,1,0.0,0,0.0,1.3333333333333333,1153.3333333333333,No,0.0012
PRV53212,2,100,50.0,90,8.0,0.0,20.0,53.0,0,2,2,2,0.0,0,0.0,1.0,50.0,No,0.0014
PRV53213,22,6910,314.09090909090907,1900,0.7272727272727273,0.0,0.0,73.0909090909091,0,22,19,6,0.0,0,0.0,1.1578947368421053,363.6842105263158,No,0.0013
PRV53214,18,4280,237.77777777777777,2000,1.1111111111111112,0.0,11.666666666666666,81.83333333333333,0,18,14,9,0.0,0,0.0,1.2857142857142858,305.7142857142857,No,0.0083
PRV53215,11,1560,141.8181818181818,300,1.1818181818181819,0.0,0.0,76.0909090909091,0,11,11,5,0.0,0,0.0,1.0,141.8181818181818,No,0.0009
PRV53216,115,20930,182.0,3300,1.1130434782608696,0.0,2.5217391304347827,73.14782608695653,0,115,46,5,0.017391304347826087,0,0.0,2.5,455.0,No,0.0097
PRV53217,5,1570,314.0,500,4.0,0.0,20.0,73.6,0,5,5,5,0.0,0,0.0,1.0,314.0,No,0.0011
PRV53218,13,2780,213.84615384615384,1500,0.15384615384615385,0.0,7.6923076923076925,75.15384615384616,0,13,9,7,0.0,0,0.0,1.4444444444444444,308.8888888888889,No,0.0126
PRV53220,5,110000,22000.0,42000,7.0,7.0,1068.0,73.6,5,0,5,1,0.0,0,1.0,1.0,22000.0,No,0.1058
PRV53221,16,6510,406.875,2800,0.9375,0.0,4.375,73.0,0,16,9,1,0.0,0,0.0,1.7777777777777777,723.3333333333334,No,0.0014
PRV53222,45,10770,239.33333333333334,3300,0.8444444444444444,0.0,7.777777777777778,75.26666666666667,0,45,24,3,0.0,0,0.0,1.875,448.75,No,0.0071
PRV53223,23,11790,512.6086956521739,3500,0.8695652173913043,0.0,3.9130434782608696,68.69565217391305,0,23,18,1,0.0,0,0.0,1.2777777777777777,655.0,No,0.0043
PRV53224,12,1680,140.0,1000,1.6666666666666667,0.0,0.0,70.41666666666667,0,12,12,1,0.0,0,0.0,1.0,140.0,No,0.0005
PRV53225,49,415300,8475.510204081633,30000,5.918367346938775,5.918367346938775,1046.204081632653,75.22448979591837,49,0,47,4,0.02040816326530612,0,1.0,1.0425531914893618,8836.170212765957,No,0.1002
PRV53226,19,150000,7894.736842105263,16000,8.0,9.368421052631579,1068.0,79.47368421052632,19,0,19,2,0.0,0,1.0,1.0,7894.736842105263,No,0.0344
PRV53227,74,18610,251.48648648648648,3300,1.4864864864864864,0.0,1.8918918918918919,73.66216216216216,0,74,59,2,0.0,0,0.0,1.2542372881355932,315.4237288135593,No,0.0035
PRV53228,1,600,600.0,600,0.0,0.0,0.0,81.0,0,1,1,1,0.0,0,0.0,1.0,600.0,No,0.003
PRV53229,139,29840,214.67625899280574,3300,1.2949640287769784,0.0,2.5179856115107913,72.10791366906474,0,139,65,4,0.0,0,0.0,2.1384615384615384,459.0769230769231,No,0.0068
PRV53230,56,16260,290.35714285714283,2500,2.017857142857143,0.0,7.142857142857143,72.05357142857143,0,56,40,11,0.0,0,0.0,1.4,406.5,No,0.0017
PRV53232,64,25300,395.3125,3300,2.28125,0.0,2.65625,75.6875,0,64,28,4,0.0,0,0.0,2.2857142857142856,903.5714285714286,No,0.0033
PRV53233,13,96000,7384.615384615385,13000,4.3076923076923075,4.3076923076923075,903.6923076923077,74.38461538461539,13,0,12,4,0.0,0,1.0,1.0833333333333333,8000.0,No,0.0396
PRV53235,2,170,85.0,100,0.0,0.0,0.0,86.5,0,2,2,1,0.0,0,0.0,1.0,85.0,No,0.0045
PRV53236,9,96000,10666.666666666666,27000,5.444444444444445,5.444444444444445,1068.0,78.11111111111111,9,0,8,1,0.0,0,1.0,1.125,12000.0,No,0.1022
PRV53237,8,1230,153.75,600,0.75,0.0,0.0,69.5,0,8,7,1,0.0,0,0.0,1.1428571428571428,175.71428571428572,No,0.0009
PRV53238,195,143590,736.3589743589744,32000,1.6923076923076923,0.3435897435897436,51.6,70.76923076923077,9,186,165,56,0.0,0,0.046153846153846156,1.1818181818181819,870.2424242424242,No,0.0477
PRV53239,113,232580,2058.2300884955753,34000,2.9911504424778763,1.1061946902654867,183.73451327433628,71.20353982300885,19,94,88,37,0.008849557522123894,0,0.168141592920354,1.2840909090909092,2642.9545454545455,No,0.21
PRV53240,6,4860,810.0,3000,0.5,0.5,178.0,66.5,1,5,4,5,0.0,0,0.16666666666666666,1.5,1215.0,No,0.0017
PRV53242,259,1176290,4541.660231660232,57000,3.247104247104247,2.5328185328185326,434.6718146718147,72.4015444015444,105,154,209,66,0.003861003861003861,1,0.40540540540540543,1.2392344497607655,5628.181818181818,Yes,0.9765
PRV53243,75,111760,1490.1333333333334,24000,1.3333333333333333,0.48,128.69333333333333,71.08,9,66,61,23,0.0,0,0.12,1.2295081967213115,1832.1311475409836,No,0.0389
PRV53244,508,465750,916.8307086614174,35000,1.4409448818897639,0.3700787401574803,90.44488188976378,65.6259842519685,42,466,162,25,0.00984251968503937,0,0.08267716535433071,3.1358024691358026,2875.0,No,0.278
PRV53245,146,214800,1471.2328767123288,41000,1.5684931506849316,0.6301369863013698,118.27397260273973,71.23972602739725,16,130,106,44,0.0136986301369863,1,0.1095890410958904,1.3773584905660377,2026.4150943396226,Yes,0.2396
PRV53246,109,56490,518.256880733945,22000,1.385321100917431,0.13761467889908258,24.0,70.56880733944953,2,107,101,32,0.009174311926605505,0,0.01834862385321101,1.0792079207920793,559.3069306930693,No,0.0092
PRV53247,37,65960,1782.7027027027027,20000,1.9189189189189189,0.6486486486486487,207.45945945945945,67.51351351351352,7,30,35,12,0.0,0,0.1891891891891892,1.0571428571428572,1884.5714285714287,No,0.023
PRV53248,57,88890,1559.4736842105262,34000,1.631578947368421,0.43859649122807015,77.9298245614035,69.03508771929825,5,52,39,16,0.05263157894736842,0,0.08771929824561403,1.4615384615384615,2279.230769230769,No,0.014
PRV53249,23,60140,2614.782608695652,17000,3.391304347826087,2.5217391304347827,278.60869565217394,75.69565217391305,6,17,19,6,0.0,0,0.2608695652173913,1.2105263157894737,3165.2631578947367,No,0.0873
PRV53251,233,95400,409.4420600858369,12000,1.6309012875536482,0.04721030042918455,21.42489270386266,70.78111587982832,4,229,117,9,0.04291845493562232,0,0.017167381974248927,1.9914529914529915,815.3846153846154,No,0.038
PRV53252,77,78090,1014.1558441558442,40000,0.8181818181818182,0.2077922077922078,41.61038961038961,74.32467532467533,4,73,31,15,0.03896103896103896,0,0.05194805194805195,2.4838709677419355,2519.032258064516,No,0.0423
PRV53253,110,35600,323.6363636363636,6800,1.8545454545454545,0.0,1.7272727272727273,69.84545454545454,0,110,94,66,0.00909090909090909,0,0.0,1.1702127659574468,378.72340425531917,No,0.0029
PRV53254,9,1190,132.22222222222223,700,2.2222222222222223,0.0,0.0,65.33333333333333,0,9,9,6,0.0,0,0.0,1.0,132.22222222222223,No,0.0006
PRV53255,26,7760,298.46153846153845,3300,0.46153846153846156,0.0,0.0,76.53846153846153,0,26,24,17,0.038461538461538464,0,0.0,1.0833333333333333,323.3333333333333,No,0.007
PRV53256,345,458710,1329.5942028985507,57000,1.9101449275362319,0.5565217391304348,113.32753623188405,70.36521739130434,36,309,284,88,0.02318840579710145,0,0.10434782608695652,1.2147887323943662,1615.1760563380283,No,0.2658
PRV53257,25,11120,444.8,3300,0.24,0.0,0.8,70.16,0,25,21,15,0.0,0,0.0,1.1904761904761905,529.5238095238095,No,0.0048
PRV53258,80,39490,493.625,13000,1.25,0.1625,29.95,69.35,3,77,68,22,0.0125,0,0.0375,1.1764705882352942,580.7352941176471,No,0.0137
PRV53259,187,61050,326.47058823529414,3300,1.3903743315508021,0.0,4.545454545454546,71.54545454545455,0,187,117,38,0.0,0,0.0,1.5982905982905984,521.7948717948718,No,0.0098
PRV53260,134,31320,233.73134328358208,6000,1.2462686567164178,0.04477611940298507,19.37313432835821,72.2910447761194,2,132,104,14,0.007462686567164179,0,0.014925373134328358,1.2884615384615385,301.15384615384613,No,0.0135
PRV53261,194,41550,214.17525773195877,2100,1.0,0.0,3.1443298969072164,71.3917525773196,0,194,101,28,0.010309278350515464,0,0.0,1.9207920792079207,411.38613861386136,No,0.0313
PRV53262,118,45250,383.47457627118644,3300,2.093220338983051,0.0,3.8135593220338984,69.78813559322033,0,118,83,47,0.025423728813559324,0,0.0,1.4216867469879517,545.1807228915662,No,0.0092
PRV53265,92,328820,3574.1304347826085,57000,2.880434782608696,2.0760869565217392,303.67391304347825,69.18478260869566,27,65,68,37,0.010869565217391304,1,0.29347826086956524,1.3529411764705883,4835.588235294118,Yes,0.7907
PRV53266,257,974110,3790.3112840466924,59000,3.007782101167315,1.7003891050583657,348.07003891050584,68.57976653696498,88,169,228,98,0.0038910505836575876,1,0.3424124513618677,1.1271929824561404,4272.412280701755,Yes,0.8826
PRV53268,74,88230,1192.2972972972973,23000,1.5135135135135136,0.8243243243243243,101.02702702702703,67.6891891891892,7,67,63,31,0.0,0,0.0945945945945946,1.1746031746031746,1400.4761904761904,No,0.0139
PRV53269,456,1045640,2293.0701754385964,39000,2.425438596491228,1.3355263157894737,256.17105263157896,71.80701754385964,112,344,357,157,0.015350877192982455,1,0.24561403508771928,1.2773109243697478,2928.9635854341736,Yes,0.9389
PRV53272,24,32660,1360.8333333333333,17000,2.0416666666666665,1.2083333333333333,183.83333333333334,71.33333333333333,4,20,21,14,0.0,0,0.16666666666666666,1.1428571428571428,1555.2380952380952,No,0.0608
PRV53274,30,4490,149.66666666666666,900,1.7,0.0,2.3333333333333335,67.66666666666667,0,30,25,24,0.03333333333333333,0,0.0,1.2,179.6,No,0.0037
PRV53276,291,85280,293.05841924398624,4050,1.268041237113402,0.0,0.8934707903780069,70.98281786941581,0,291,131,8,0.0,0,0.0,2.2213740458015265,650.9923664122138,No,0.0163
PRV53277,44,129060,2933.181818181818,31000,3.340909090909091,2.4545454545454546,365.22727272727275,72.79545454545455,15,29,34,8,0.0,1,0.3409090909090909,1.2941176470588236,3795.8823529411766,Yes,0.6769
PRV53279,36,10520,292.22222222222223,4000,1.3611111111111112,0.08333333333333333,29.666666666666668,71.97222222222223,1,35,34,16,0.0,0,0.027777777777777776,1.0588235294117647,309.4117647058824,No,0.0027
PRV53280,15,2030,135.33333333333334,900,0.2,0.0,0.0,69.53333333333333,0,15,11,6,0.0,0,0.0,1.3636363636363635,184.54545454545453,No,0.0019
PRV53281,53,138310,2609.622641509434,15000,1.2830188679245282,1.2641509433962264,425.0566037735849,71.83018867924528,21,32,43,18,0.0,0,0.39622641509433965,1.2325581395348837,3216.5116279069766,No,0.0446
PRV53282,31,5730,184.83870967741936,2600,0.16129032258064516,0.0,0.0,70.09677419354838,0,31,24,9,0.0,0,0.0,1.2916666666666667,238.75,No,0.0019
PRV53283,97,100220,1033.1958762886597,26000,1.8453608247422681,0.08247422680412371,36.329896907216494,73.29896907216495,3,94,57,19,0.0,0,0.030927835051546393,1.7017543859649122,1758.2456140350878,No,0.0466
PRV53284,148,74780,505.27027027027026,13000,1.4256756756756757,0.12837837837837837,46.608108108108105,68.00675675675676,6,142,79,21,0.0,0,0.04054054054054054,1.8734177215189873,946.5822784810126,No,0.0211
PRV53288,43,12340,286.9767441860465,3300,0.9534883720930233,0.0,0.0,72.37209302325581,0,43,42,27,0.023255813953488372,0,0.0,1.0238095238095237,293.8095238095238,No,0.0021
PRV53289,106,36260,342.07547169811323,8000,2.1037735849056602,0.02830188679245283,12.528301886792454,70.37735849056604,1,105,66,40,0.0,0,0.009433962264150943,1.606060606060606,549.3939393939394,No,0.0101
PRV53290,6,3860,643.3333333333334,1800,6.666666666666667,0.0,0.0,67.33333333333333,0,6,5,5,0.0,0,0.0,1.2,772.0,No,0.0008
PRV53291,10,2730,273.0,1000,2.0,0.0,0.0,81.1,0,10,8,8,0.0,0,0.0,1.25,341.25,No,0.0025
PRV53292,41,33700,821.9512195121952,12000,2.4634146341463414,0.926829268292683,134.390243902439,70.04878048780488,5,36,35,13,0.0,0,0.12195121951219512,1.1714285714285715,962.8571428571429,No,0.0434
PRV53293,41,10080,245.85365853658536,2200,0.8536585365853658,0.0,3.4146341463414633,70.51219512195122,0,41,28,16,0.0,0,0.0,1.4642857142857142,360.0,No,0.0032
PRV53294,582,180760,310.58419243986253,9030,1.7233676975945018,0.0,3.4879725085910653,70.36426116838489,0,582,230,21,0.001718213058419244,0,0.0,2.5304347826086957,785.9130434782609,No,0.3796
PRV53295,197,333990,1695.3807106598986,57000,1.9035532994923858,0.7715736040609137,153.6751269035533,69.94923857868021,29,168,166,50,0.0,1,0.14720812182741116,1.1867469879518073,2011.987951807229,Yes,0.6341
PRV53296,187,62740,335.5080213903743,3300,1.2620320855614973,0.0,1.9786096256684491,71.37967914438502,0,187,131,106,0.0,0,0.0,1.4274809160305344,478.9312977099237,No,0.0086
PRV53297,29,171770,5923.103448275862,57000,7.0,4.241379310344827,552.4137931034483,71.0,15,14,26,14,0.034482758620689655,1,0.5172413793103449,1.1153846153846154,6606.538461538462,Yes,0.565
PRV53298,63,67130,1065.5555555555557,17000,1.746031746031746,0.5873015873015873,136.88888888888889,72.07936507936508,8,55,61,33,0.015873015873015872,0,0.12698412698412698,1.0327868852459017,1100.4918032786886,No,0.0218
PRV53300,354,126160,356.38418079096044,7060,1.6751412429378532,0.0,2.8813559322033897,71.2909604519774,0,354,255,72,0.0,0,0.0,1.388235294117647,494.7450980392157,No,0.0093
PRV53301,67,16070,239.8507462686567,2600,1.9402985074626866,0.0,3.283582089552239,69.02985074626865,0,67,46,7,0.014925373134328358,0,0.0,1.4565217391304348,349.3478260869565,No,0.0183
PRV53303,111,35770,322.2522522522523,3300,1.7387387387387387,0.0,1.8918918918918919,71.26126126126127,0,111,69,7,0.009009009009009009,0,0.0,1.608695652173913,518.4057971014493,No,0.0031
PRV53304,13,59670,4590.0,47000,1.0,1.0,164.30769230769232,68.6923076923077,2,11,13,7,0.0,0,0.15384615384615385,1.0,4590.0,No,0.0246
PRV53305,19,21440,1128.421052631579,14000,2.0,0.3684210526315789,66.73684210526316,70.42105263157895,1,18,16,10,0.05263157894736842,0,0.05263157894736842,1.1875,1340.0,No,0.0068
PRV53306,78,17600,225.64102564102564,2200,1.435897435897436,0.0,1.794871794871795,72.43589743589743,0,78,29,6,0.01282051282051282,0,0.0,2.689655172413793,606.8965517241379,No,0.0043
PRV53307,34,7430,218.52941176470588,2700,0.7941176470588235,0.0,0.29411764705882354,68.29411764705883,0,34,31,11,0.029411764705882353,0,0.0,1.096774193548387,239.67741935483872,No,0.0075
PRV53308,45,125990,2799.777777777778,39000,1.8444444444444446,0.5111111111111111,166.35555555555555,77.71111111111111,7,38,23,6,0.0,0,0.15555555555555556,1.9565217391304348,5477.826086956522,No,0.0312
PRV53309,63,45260,718.4126984126984,19000,1.9841269841269842,0.36507936507936506,71.14285714285714,73.36507936507937,4,59,35,11,0.0,0,0.06349206349206349,1.8,1293.142857142857,No,0.0302
PRV53310,10,2290,229.0,900,0.0,0.0,0.0,71.3,0,10,8,6,0.1,0,0.0,1.25,286.25,No,0.0054
PRV53312,65,29790,458.3076923076923,5000,0.8307692307692308,0.015384615384615385,17.96923076923077,71.98461538461538,1,64,46,9,0.0,0,0.015384615384615385,1.4130434782608696,647.6086956521739,No,0.0061
PRV53313,68,17800,261.7647058823529,2500,0.8088235294117647,0.0,2.3529411764705883,73.26470588235294,0,68,22,17,0.08823529411764706,0,0.0,3.090909090909091,809.0909090909091,No,0.0024
PRV53314,57,92490,1622.6315789473683,57000,1.6140350877192982,0.6491228070175439,75.82456140350877,73.75438596491227,4,53,24,8,0.0,0,0.07017543859649122,2.375,3853.75,No,0.1014
PRV53315,25,8340,333.6,3300,0.96,0.0,3.2,68.6,0,25,18,6,0.0,0,0.0,1.3888888888888888,463.3333333333333,No,0.0083
PRV53317,16,45850,2865.625,19000,1.625,1.5625,335.0,73.875,5,11,15,7,0.0,0,0.3125,1.0666666666666667,3056.6666666666665,No,0.0547
PRV53318,21,9420,448.57142857142856,3200,2.6666666666666665,0.0,6.190476190476191,72.0952380952381,0,21,19,9,0.0,0,0.0,1.105263157894737,495.7894736842105,No,0.0022
PRV53319,114,130220,1142.280701754386,15000,1.8859649122807018,0.4649122807017544,123.36842105263158,67.13157894736842,13,101,46,9,0.0,0,0.11403508771929824,2.4782608695652173,2830.8695652173915,No,0.0887
PRV53320,62,81340,1311.9354838709678,45000,2.6451612903225805,0.06451612903225806,54.74193548387097,68.25806451612904,3,59,35,6,0.0,0,0.04838709677419355,1.7714285714285714,2324.0,No,0.05
PRV53321,81,27530,339.87654320987656,2600,3.0864197530864197,0.0,1.6049382716049383,73.41975308641975,0,81,39,6,0.0,0,0.0,2.076923076923077,705.8974358974359,No,0.0035
PRV53323,18,2920,162.22222222222223,1000,0.2777777777777778,0.0,0.0,66.66666666666667,0,18,11,12,0.0,0,0.0,1.6363636363636365,265.45454545454544,No,0.003
PRV53325,63,12890,204.6031746031746,1100,1.0793650793650793,0.0,3.1746031746031744,72.38095238095238,0,63,27,1,0.0,0,0.0,2.3333333333333335,477.4074074074074,No,0.0092
PRV53326,102,31950,313.2352941176471,3300,1.607843137254902,0.0,4.803921568627451,63.990196078431374,0,102,46,5,0.0,0,0.0,2.217391304347826,694.5652173913044,No,0.0038
PRV53329,11,2070,188.1818181818182,1000,0.18181818181818182,0.09090909090909091,103.45454545454545,66.27272727272727,1,10,11,10,0.0,0,0.09090909090909091,1.0,188.1818181818182,No,0.0011
PRV53331,7,810,115.71428571428571,400,0.0,0.0,0.0,71.14285714285714,0,7,7,1,0.0,0,0.0,1.0,115.71428571428571,No,0.0007
PRV53334,29,9340,322.0689655172414,2000,2.206896551724138,0.0,2.413793103448276,71.27586206896552,0,29,14,2,0.0,0,0.0,2.0714285714285716,667.1428571428571,No,0.0017
PRV53335,381,114030,299.29133858267716,3300,1.6036745406824147,0.0,3.832020997375328,71.37007874015748,0,381,266,8,0.005249343832020997,0,0.0,1.4323308270676691,428.6842105263158,No,0.0147
PRV53336,3,34000,11333.333333333334,21000,5.333333333333333,5.333333333333333,712.0,59.666666666666664,3,0,3,2,0.0,0,1.0,1.0,11333.333333333334,No,0.0089
PRV53337,5,1620,324.0,1300,4.2,0.0,22.0,69.0,0,5,3,1,0.0,0,0.0,1.6666666666666667,540.0,No,0.0025
PRV53339,10,1430,143.0,700,4.4,0.0,0.0,75.8,0,10,8,1,0.0,0,0.0,1.25,178.75,No,0.0011
PRV53340,23,2170,94.34782608695652,500,0.21739130434782608,0.0,0.43478260869565216,70.43478260869566,0,23,16,2,0.0,0,0.0,1.4375,135.625,No,0.0022
PRV53341,9,4090,454.44444444444446,1800,2.2222222222222223,0.0,0.0,68.22222222222223,0,9,9,2,0.0,0,0.0,1.0,454.44444444444446,No,0.001
PRV53342,73,25810,353.56164383561645,3300,1.1917808219178083,0.0,5.205479452054795,70.5068493150685,0,73,59,2,0.0,0,0.0,1.2372881355932204,437.45762711864404,No,0.0054
PRV53343,6,310,51.666666666666664,100,0.0,0.0,0.0,72.5,0,6,6,2,0.16666666666666666,0,0.0,1.0,51.666666666666664,No,0.0055
PRV53344,3,630,210.0,400,0.0,0.0,0.0,64.33333333333333,0,3,3,1,0.0,0,0.0,1.0,210.0,No,0.0014
PRV53346,4,770,192.5,500,5.0,0.0,0.0,57.0,0,4,4,1,0.0,0,0.0,1.0,192.5,No,0.0007
PRV53347,6,280,46.666666666666664,100,0.0,0.0,0.0,72.0,0,6,6,3,0.0,0,0.0,1.0,46.666666666666664,No,0.0013
PRV53349,24,2180,90.83333333333333,400,1.0416666666666667,0.0,2.9166666666666665,65.79166666666667,0,24,16,2,0.0,0,0.0,1.5,136.25,No,0.0074
PRV53350,4,2420,605.0,1200,1.25,0.0,0.0,69.5,0,4,3,1,0.0,0,0.0,1.3333333333333333,806.6666666666666,No,0.0022
PRV53351,18,4660,258.8888888888889,1300,1.1111111111111112,0.0,14.444444444444445,68.38888888888889,0,18,13,1,0.0,0,0.0,1.3846153846153846,358.46153846153845,No,0.0035
PRV53352,288,92300,320.4861111111111,3300,1.3819444444444444,0.0,3.0208333333333335,70.86805555555556,0,288,187,2,0.010416666666666666,0,0.0,1.5401069518716577,493.58288770053474,No,0.0193
PRV53353,30,9310,310.3333333333333,3300,1.6,0.0,0.3333333333333333,73.16666666666667,0,30,25,1,0.03333333333333333,0,0.0,1.2,372.4,No,0.0015
PRV53354,18,5120,284.44444444444446,2200,1.3888888888888888,0.0,5.555555555555555,65.61111111111111,0,18,18,3,0.05555555555555555,0,0.0,1.0,284.44444444444446,No,0.0046
PRV53355,3,510,170.0,400,2.3333333333333335,0.0,3.3333333333333335,75.0,0,3,3,1,0.0,0,0.0,1.0,170.0,No,0.0006
PRV53356,38,3950,103.94736842105263,900,0.0,0.0,2.1052631578947367,71.07894736842105,0,38,36,1,0.0,0,0.0,1.0555555555555556,109.72222222222223,No,0.0017
PRV53357,2,1820,910.0,1800,0.0,0.0,0.0,68.5,0,2,2,1,0.0,0,0.0,1.0,910.0,No,0.0009
PRV53358,3,2840,946.6666666666666,2400,0.0,0.0,0.0,57.666666666666664,0,3,3,1,0.0,0,0.0,1.0,946.6666666666666,No,0.0008
PRV53359,213,57150,268.3098591549296,3300,1.3615023474178405,0.0,1.971830985915493,72.83098591549296,0,213,155,4,0.009389671361502348,0,0.0,1.3741935483870968,368.7096774193548,No,0.0092
PRV53360,20,2660,133.0,780,0.0,0.0,1.5,76.3,0,20,12,1,0.0,0,0.0,1.6666666666666667,221.66666666666666,No,0.0045
PRV53361,9,4540,504.44444444444446,3300,2.2222222222222223,0.0,0.0,68.88888888888889,0,9,7,4,0.0,0,0.0,1.2857142857142858,648.5714285714286,No,0.001
PRV53362,35,13220,377.7142857142857,3300,2.085714285714286,0.0,0.5714285714285714,71.22857142857143,0,35,24,5,0.0,0,0.0,1.4583333333333333,550.8333333333334,No,0.0014
PRV53363,41,16940,413.1707317073171,3300,2.902439024390244,0.0,0.975609756097561,72.53658536585365,0,41,38,3,0.024390243902439025,0,0.0,1.0789473684210527,445.7894736842105,No,0.0027
PRV53364,26,8770,337.3076923076923,3300,0.038461538461538464,0.0,0.0,72.92307692307692,0,26,24,3,0.0,0,0.0,1.0833333333333333,365.4166666666667,No,0.0032
PRV53365,6,730,121.66666666666667,300,0.0,0.0,0.0,62.166666666666664,0,6,6,1,0.0,0,0.0,1.0,121.66666666666667,No,0.0006
PRV53369,1,90,90.0,90,0.0,0.0,0.0,84.0,0,1,1,1,0.0,0,0.0,1.0,90.0,No,0.0043
PRV53370,9,1070,118.88888888888889,400,0.4444444444444444,0.0,0.0,71.22222222222223,0,9,7,1,0.0,0,0.0,1.2857142857142858,152.85714285714286,No,0.0011
PRV53371,43,10930,254.1860465116279,2000,1.0465116279069768,0.0,0.0,70.25581395348837,0,43,29,5,0.0,0,0.0,1.4827586206896552,376.8965517241379,No,0.0035
PRV53373,3,2210,736.6666666666666,2100,0.0,0.0,0.0,73.0,0,3,3,2,0.0,0,0.0,1.0,736.6666666666666,No,0.0011
PRV53374,387,105160,271.7312661498708,3300,1.3643410852713178,0.0,1.0594315245478036,69.30490956072352,0,387,132,11,0.002583979328165375,0,0.0,2.9318181818181817,796.6666666666666,No,0.0838
PRV53375,15,4590,306.0,1900,0.6666666666666666,0.0,2.0,72.13333333333334,0,15,14,4,0.0,0,0.0,1.0714285714285714,327.85714285714283,No,0.001
PRV53376,74,28240,381.6216216216216,5500,1.1216216216216217,0.0,3.5135135135135136,69.48648648648648,0,74,31,4,0.0,0,0.0,2.3870967741935485,910.9677419354839,No,0.0108
PRV53377,7,57000,8142.857142857143,12000,3.857142857142857,3.857142857142857,1068.0,66.57142857142857,7,0,7,3,0.0,0,1.0,1.0,8142.857142857143,No,0.011
PRV53378,10,74000,7400.0,15000,9.4,9.4,1068.0,73.2,10,0,10,1,0.0,0,1.0,1.0,7400.0,No,0.0133
PRV53379,11,153000,13909.09090909091,55000,6.909090909090909,6.909090909090909,1068.0,70.54545454545455,11,0,10,3,0.0,1,1.0,1.1,15300.0,Yes,0.5465
PRV53380,4,22000,5500.0,9000,2.75,2.75,1068.0,67.5,4,0,4,2,0.0,0,1.0,1.0,5500.0,No,0.0014
PRV53381,33,138120,4185.454545454545,22000,3.0,1.9696969696969697,358.1212121212121,74.96969696969697,11,22,29,11,0.0,0,0.3333333333333333,1.1379310344827587,4762.758620689655,No,0.1665
PRV53382,45,18320,407.1111111111111,3300,1.0666666666666667,0.0,0.0,74.44444444444444,0,45,38,15,0.0,0,0.0,1.1842105263157894,482.10526315789474,No,0.0029
PRV53383,22,51890,2358.6363636363635,18000,3.8181818181818183,1.1363636363636365,194.1818181818182,66.4090909090909,4,18,20,11,0.0,0,0.18181818181818182,1.1,2594.5,No,0.0631
PRV53384,62,335120,5405.1612903225805,34000,4.161290322580645,3.4838709677419355,654.741935483871,73.46774193548387,38,24,51,18,0.016129032258064516,1,0.6129032258064516,1.2156862745098038,6570.980392156863,Yes,0.8007
PRV53385,1037,1362570,1313.953712632594,49000,1.9729990356798457,0.5670202507232401,108.56702025072325,71.26808100289296,106,931,418,26,0.0,1,0.10221793635486982,2.4808612440191387,3259.7368421052633,Yes,0.9383
PRV53386,53,13070,246.60377358490567,3300,1.2075471698113207,0.0,0.18867924528301888,74.9245283018868,0,53,51,22,0.0,0,0.0,1.0392156862745099,256.27450980392155,No,0.0012
PRV53387,49,36320,741.2244897959183,19000,0.7142857142857143,0.30612244897959184,66.81632653061224,70.38775510204081,3,46,40,14,0.0,0,0.061224489795918366,1.225,908.0,No,0.0181
PRV53388,122,123340,1010.983606557377,14000,1.5163934426229508,0.29508196721311475,90.0,69.31967213114754,11,111,65,15,0.01639344262295082,0,0.09016393442622951,1.876923076923077,1897.5384615384614,No,0.0663
PRV53389,13,19070,1466.923076923077,15000,1.5384615384615385,0.23076923076923078,82.15384615384616,75.46153846153847,1,12,13,8,0.0,0,0.07692307692307693,1.0,1466.923076923077,No,0.0024
PRV53390,15,4320,288.0,2000,2.6666666666666665,0.0,2.6666666666666665,73.0,0,15,14,4,0.0,0,0.0,1.0714285714285714,308.57142857142856,No,0.0008
PRV53391,69,11420,165.5072463768116,2000,1.1594202898550725,0.0,6.521739130434782,69.6376811594203,0,69,62,28,0.0,0,0.0,1.1129032258064515,184.19354838709677,No,0.0039
PRV53392,99,33790,341.3131313131313,3300,2.8585858585858586,0.0,1.8181818181818181,72.26262626262626,0,99,80,45,0.010101010101010102,0,0.0,1.2375,422.375,No,0.0025
PRV53393,5,9170,1834.0,5000,2.2,1.6,427.2,75.6,2,3,5,5,0.0,0,0.4,1.0,1834.0,No,0.0016
PRV53394,1215,785420,646.4362139917696,57000,1.6576131687242799,0.2551440329218107,42.46913580246913,72.76049382716049,47,1168,368,23,0.007407407407407408,0,0.03868312757201646,3.301630434782609,2134.2934782608695,No,0.5479
PRV53396,99,452600,4571.717171717171,40000,3.878787878787879,2.6363636363636362,475.17171717171715,67.95959595959596,45,54,83,32,0.010101010101010102,0,0.45454545454545453,1.1927710843373494,5453.012048192771,No,0.2136
PRV53397,14,122270,8733.57142857143,91000,5.928571428571429,2.9285714285714284,228.85714285714286,72.28571428571429,3,11,14,11,0.0,1,0.21428571428571427,1.0,8733.57142857143,Yes,0.841
PRV53398,5,17410,3482.0,17000,2.0,2.0,213.6,76.2,1,4,5,5,0.0,0,0.2,1.0,3482.0,No,0.0027
PRV53399,33,74120,2246.060606060606,16000,2.606060606060606,1.6363636363636365,226.54545454545453,75.39393939393939,7,26,30,28,0.0,1,0.21212121212121213,1.1,2470.6666666666665,Yes,0.3193
PRV53401,303,1143010,3772.3102310231025,42000,2.867986798679868,2.4257425742574257,438.32343234323434,72.89438943894389,130,173,275,99,0.006600660066006601,1,0.429042904290429,1.1018181818181818,4156.4,Yes,0.9226
PRV53402,17,7230,425.29411764705884,2500,2.3529411764705883,0.0,0.0,75.29411764705883,0,17,10,2,0.0,0,0.0,1.7,723.0,No,0.0019
PRV53403,72,15250,211.80555555555554,1200,1.5555555555555556,0.0,1.3888888888888888,72.88888888888889,0,72,67,32,0.0,0,0.0,1.0746268656716418,227.61194029850745,No,0.0043
PRV53405,189,239010,1264.6031746031747,24000,2.767195767195767,0.6984126984126984,121.84126984126983,72.55555555555556,21,168,164,90,0.005291005291005291,0,0.1111111111111111,1.1524390243902438,1457.378048780488,No,0.2285
PRV53407,133,53960,405.7142857142857,8000,2.2857142857142856,0.18796992481203006,27.24812030075188,67.24812030075188,3,130,40,9,0.0,0,0.022556390977443608,3.325,1349.0,No,0.1187
PRV53408,47,88780,1888.936170212766,12000,2.127659574468085,1.2340425531914894,205.7872340425532,75.06382978723404,10,37,45,30,0.0,0,0.2127659574468085,1.0444444444444445,1972.888888888889,No,0.02
PRV53409,34,28130,827.3529411764706,12000,1.6176470588235294,0.3235294117647059,96.29411764705883,71.38235294117646,3,31,22,8,0.0,0,0.08823529411764706,1.5454545454545454,1278.6363636363637,No,0.0108
PRV53411,6,2570,428.3333333333333,1900,0.16666666666666666,0.0,5.0,64.66666666666667,0,6,6,5,0.0,0,0.0,1.0,428.3333333333333,No,0.0018
PRV53412,27,9640,357.037037037037,3300,1.4814814814814814,0.0,0.0,72.62962962962963,0,27,26,11,0.0,0,0.0,1.0384615384615385,370.7692307692308,No,0.0008
PRV53413,30,34040,1134.6666666666667,16000,2.2666666666666666,0.26666666666666666,71.2,76.2,2,28,27,22,0.0,0,0.06666666666666667,1.1111111111111112,1260.7407407407406,No,0.0082
PRV53415,34,12050,354.4117647058824,3300,1.2058823529411764,0.0,4.411764705882353,66.97058823529412,0,34,27,22,0.0,0,0.0,1.2592592592592593,446.2962962962963,No,0.0036
PRV53416,87,50840,584.3678160919541,14000,1.839080459770115,0.022988505747126436,12.96551724137931,70.22988505747126,1,86,59,15,0.011494252873563218,0,0.011494252873563218,1.4745762711864407,861.6949152542373,No,0.0253
PRV53417,171,115090,673.0409356725146,22000,1.8128654970760234,0.3216374269005848,47.05263157894737,69.85964912280701,7,164,71,11,0.0,1,0.04093567251461988,2.408450704225352,1620.9859154929577,Yes,0.3875
PRV53419,19,46410,2442.6315789473683,25000,1.7894736842105263,1.7894736842105263,281.05263157894734,73.10526315789474,5,14,18,13,0.0,0,0.2631578947368421,1.0555555555555556,2578.3333333333335,No,0.0687
PRV53421,129,999910,7751.240310077519,57000,4.496124031007752,4.178294573643411,771.5038759689922,71.83720930232558,95,34,110,25,0.0,1,0.7364341085271318,1.1727272727272726,9090.09090909091,Yes,0.9742
PRV53423,53,48240,910.188679245283,11000,2.547169811320755,0.20754716981132076,84.94339622641509,72.54716981132076,5,48,43,11,0.0,0,0.09433962264150944,1.2325581395348837,1121.860465116279,No,0.0188
PRV53424,263,452390,1720.1140684410645,57000,2.1254752851711025,0.9505703422053232,136.09885931558935,71.63498098859316,37,226,125,18,0.0,0,0.14068441064638784,2.104,3619.12,No,0.5224
PRV53426,10,1480,148.0,400,0.2,0.0,0.0,70.2,0,10,6,6,0.0,0,0.0,1.6666666666666667,246.66666666666666,No,0.002
PRV53427,24,8880,370.0,3000,3.5416666666666665,0.0,2.5,71.25,0,24,17,9,0.0,0,0.0,1.411764705882353,522.3529411764706,No,0.0014
PRV53428,22,4930,224.0909090909091,1800,0.5454545454545454,0.0,0.0,72.54545454545455,0,22,22,16,0.0,0,0.0,1.0,224.0909090909091,No,0.0009
PRV53429,29,22690,782.4137931034483,16000,1.4827586206896552,0.13793103448275862,39.241379310344826,71.34482758620689,1,28,27,15,0.0,0,0.034482758620689655,1.0740740740740742,840.3703703703703,No,0.0028
PRV53431,42,30080,716.1904761904761,21000,2.4523809523809526,0.5714285714285714,27.333333333333332,66.16666666666667,1,41,31,2,0.0,0,0.023809523809523808,1.3548387096774193,970.3225806451613,No,0.016
PRV53432,122,191580,1570.327868852459,57000,1.5655737704918034,0.5491803278688525,115.77049180327869,68.74590163934427,13,109,110,70,0.0,0,0.10655737704918032,1.1090909090909091,1741.6363636363637,No,0.168
PRV53433,19,2920,153.68421052631578,900,0.05263157894736842,0.0,3.6842105263157894,68.26315789473684,0,19,15,13,0.0,0,0.0,1.2666666666666666,194.66666666666666,No,0.0039
PRV53435,6,5490,915.0,3000,3.3333333333333335,0.0,0.0,63.5,0,6,6,4,0.0,0,0.0,1.0,915.0,No,0.0006
PRV53436,18,16420,912.2222222222222,5000,0.7222222222222222,0.7222222222222222,189.11111111111111,68.44444444444444,3,15,18,14,0.0,0,0.16666666666666666,1.0,912.2222222222222,No,0.0044
PRV53437,9,7740,860.0,6000,0.3333333333333333,0.2222222222222222,118.66666666666667,68.22222222222223,1,8,9,7,0.0,0,0.1111111111111111,1.0,860.0,No,0.0028
PRV53438,61,67830,1111.967213114754,14000,1.1311475409836065,0.47540983606557374,142.85245901639345,68.95081967213115,8,53,51,15,0.0,0,0.13114754098360656,1.196078431372549,1330.0,No,0.0179
PRV53439,24,5670,236.25,1300,0.9166666666666666,0.0,0.0,75.0,0,24,23,11,0.0,0,0.0,1.0434782608695652,246.52173913043478,No,0.0015
PRV53440,164,59590,363.3536585365854,4000,1.6646341463414633,0.018292682926829267,8.768292682926829,72.60365853658537,1,163,98,10,0.006097560975609756,0,0.006097560975609756,1.6734693877551021,608.0612244897959,No,0.0091
PRV53441,38,187610,4937.105263157895,57000,1.9736842105263157,1.736842105263158,368.7894736842105,69.71052631578948,14,24,36,24,0.0,0,0.3684210526315789,1.0555555555555556,5211.388888888889,No,0.1736
PRV53442,46,92730,2015.8695652173913,31000,2.869565217391304,1.108695652173913,188.34782608695653,66.06521739130434,8,38,40,14,0.0,0,0.17391304347826086,1.15,2318.25,No,0.0794
PRV53443,215,81290,378.09302325581393,3300,2.158139534883721,0.0,0.8372093023255814,68.95813953488373,0,215,100,2,0.0,0,0.0,2.15,812.9,No,0.0132
PRV53444,27,101300,3751.8518518518517,21000,3.185185185185185,1.7037037037037037,395.55555555555554,71.0,10,17,26,19,0.0,0,0.37037037037037035,1.0384615384615385,3896.153846153846,No,0.0558
PRV53445,7,4940,705.7142857142857,2600,2.857142857142857,0.0,0.0,67.14285714285714,0,7,7,3,0.0,0,0.0,1.0,705.7142857142857,No,0.0007
PRV53446,46,12880,280.0,2600,2.717391304347826,0.0,0.0,74.0,0,46,44,18,0.021739130434782608,0,0.0,1.0454545454545454,292.72727272727275,No,0.0018
PRV53447,39,6170,158.2051282051282,1600,0.6410256410256411,0.0,2.5641025641025643,71.41025641025641,0,39,35,20,0.0,0,0.0,1.1142857142857143,176.28571428571428,No,0.0013
PRV53448,64,92430,1444.21875,19000,3.5,0.953125,169.0625,71.375,10,54,62,47,0.0,0,0.15625,1.032258064516129,1490.8064516129032,No,0.0667
PRV53449,9,9980,1108.888888888889,9000,3.111111111111111,3.111111111111111,120.88888888888889,77.11111111111111,1,8,9,9,0.0,0,0.1111111111111111,1.0,1108.888888888889,No,0.0042
PRV53450,50,14890,297.8,3300,2.2,0.0,7.2,71.48,0,50,48,29,0.0,0,0.0,1.0416666666666667,310.2083333333333,No,0.0027
PRV53451,5,25000,5000.0,11000,3.2,3.2,1068.0,73.2,5,0,5,1,0.0,0,1.0,1.0,5000.0,No,0.0015
PRV53452,62,37100,598.3870967741935,3300,3.5161290322580645,0.0,2.096774193548387,69.43548387096774,0,62,44,3,0.016129032258064516,0,0.0,1.4090909090909092,843.1818181818181,No,0.0404
PRV53453,15,42980,2865.3333333333335,14000,1.3333333333333333,1.2666666666666666,214.26666666666668,69.8,4,11,15,15,0.0,0,0.26666666666666666,1.0,2865.3333333333335,No,0.0148
PRV53454,25,5580,223.2,2500,1.28,0.0,0.0,66.12,0,25,21,14,0.0,0,0.0,1.1904761904761905,265.7142857142857,No,0.0013
PRV53455,39,8640,221.53846153846155,2300,0.9487179487179487,0.0,4.102564102564102,70.6923076923077,0,39,36,13,0.0,0,0.0,1.0833333333333333,240.0,No,0.0023
PRV53456,29,69670,2402.4137931034484,28000,2.3793103448275863,1.7586206896551724,152.82758620689654,69.62068965517241,5,24,27,23,0.0,0,0.1724137931034483,1.0740740740740742,2580.3703703703704,No,0.1248
PRV53457,5,9430,1886.0,7300,4.0,0.0,0.0,76.8,0,5,5,4,0.0,0,0.0,1.0,1886.0,No,0.0014
PRV53460,3,820,273.3333333333333,500,0.0,0.0,0.0,68.33333333333333,0,3,3,3,0.0,0,0.0,1.0,273.3333333333333,No,0.0011
PRV53461,36,425080,11807.777777777777,125000,3.111111111111111,2.1666666666666665,440.47222222222223,72.22222222222223,14,22,32,15,0.0,1,0.3888888888888889,1.125,13283.75,Yes,0.7699
PRV53462,11,4450,404.54545454545456,2400,1.4545454545454546,0.0,9.090909090909092,76.0909090909091,0,11,11,10,0.0,0,0.0,1.0,404.54545454545456,No,0.0011
PRV53463,76,38030,500.39473684210526,5000,1.4473684210526316,0.19736842105263158,44.13157894736842,70.65789473684211,3,73,43,10,0.0,0,0.039473684210526314,1.7674418604651163,884.4186046511628,No,0.0245
PRV53465,23,34750,1510.8695652173913,14000,3.5652173913043477,0.9565217391304348,143.65217391304347,70.73913043478261,3,20,21,12,0.0,0,0.13043478260869565,1.0952380952380953,1654.7619047619048,No,0.0248
PRV53467,10,850,85.0,200,0.1,0.0,2.0,74.3,0,10,9,3,0.0,0,0.0,1.1111111111111112,94.44444444444444,No,0.0011
PRV53469,14,7460,532.8571428571429,3300,2.857142857142857,0.0,5.0,70.21428571428571,0,14,13,10,0.0,0,0.0,1.0769230769230769,573.8461538461538,No,0.0034
PRV53470,64,21900,342.1875,3300,0.734375,0.0,1.25,72.96875,0,64,57,29,0.0,0,0.0,1.1228070175438596,384.2105263157895,No,0.001
PRV53471,31,25720,829.6774193548387,19000,1.4516129032258065,0.0,34.45161290322581,72.35483870967742,1,30,26,18,0.0,0,0.03225806451612903,1.1923076923076923,989.2307692307693,No,0.0021
PRV53472,3,3440,1146.6666666666667,3300,6.666666666666667,0.0,0.0,74.33333333333333,0,3,3,2,0.0,0,0.0,1.0,1146.6666666666667,No,0.0011
PRV53473,11,7140,649.0909090909091,2400,5.454545454545454,0.0,0.0,70.9090909090909,0,11,7,3,0.0,0,0.0,1.5714285714285714,1020.0,No,0.0044
PRV53474,6,470,78.33333333333333,200,0.0,0.0,0.0,81.16666666666667,0,6,6,3,0.0,0,0.0,1.0,78.33333333333333,No,0.0016
PRV53475,10,4190,419.0,2300,4.0,0.0,0.0,62.5,0,10,10,7,0.0,0,0.0,1.0,419.0,No,0.0007
PRV53476,10,3310,331.0,1800,2.0,0.0,10.0,70.5,0,10,10,8,0.0,0,0.0,1.0,331.0,No,0.002
PRV53477,50,14170,283.4,2700,1.76,0.0,3.0,67.18,0,50,45,10,0.0,0,0.0,1.1111111111111112,314.8888888888889,No,0.0017
PRV53478,149,50680,340.13422818791946,7600,0.7651006711409396,0.0,3.48993288590604,66.99328859060402,0,149,93,5,0.0,0,0.0,1.6021505376344085,544.9462365591398,No,0.0223
PRV53479,5,390,78.0,100,4.0,0.0,8.0,68.2,0,5,5,4,0.0,0,0.0,1.0,78.0,No,0.0014
PRV53480,10,1520,152.0,600,2.8,0.0,0.0,81.8,0,10,9,5,0.0,0,0.0,1.1111111111111112,168.88888888888889,No,0.0008
PRV53482,24,10120,421.6666666666667,3300,2.4166666666666665,0.0,0.0,69.16666666666667,0,24,21,10,0.0,0,0.0,1.1428571428571428,481.9047619047619,No,0.0034
PRV53483,18,20080,1115.5555555555557,7000,4.5,0.4444444444444444,122.0,70.83333333333333,2,16,15,10,0.0,0,0.1111111111111111,1.2,1338.6666666666667,No,0.0081
PRV53484,63,16720,265.3968253968254,2100,2.3333333333333335,0.0,1.5873015873015872,71.68253968253968,0,63,42,4,0.0,0,0.0,1.5,398.0952380952381,No,0.0011
PRV53485,5,330,66.0,200,0.0,0.0,0.0,72.0,0,5,5,3,0.0,0,0.0,1.0,66.0,No,0.0011
PRV53486,28,5640,201.42857142857142,1000,1.5,0.0,3.2142857142857144,77.96428571428571,0,28,13,4,0.0,0,0.0,2.1538461538461537,433.84615384615387,No,0.0057
PRV53487,40,15530,388.25,5200,1.6,0.0,4.75,72.125,0,40,17,1,0.0,0,0.0,2.3529411764705883,913.5294117647059,No,0.0024
PRV53489,20,74870,3743.5,54000,1.85,1.55,213.6,58.9,5,15,15,6,0.0,0,0.25,1.3333333333333333,4991.333333333333,No,0.1045
PRV53490,145,38620,266.3448275862069,3300,1.1793103448275861,0.0,3.0344827586206895,71.45517241379311,0,145,66,5,0.041379310344827586,0,0.0,2.196969696969697,585.1515151515151,No,0.0088
PRV53491,16,1760,110.0,900,1.25,0.0,0.0,65.9375,0,16,14,5,0.0,0,0.0,1.1428571428571428,125.71428571428571,No,0.0013
PRV53492,3,590,196.66666666666666,500,0.0,0.0,0.0,75.33333333333333,0,3,3,2,0.0,0,0.0,1.0,196.66666666666666,No,0.0013
PRV53494,7,470,67.14285714285714,200,0.0,0.0,0.0,70.71428571428571,0,7,7,5,0.0,0,0.0,1.0,67.14285714285714,No,0.0009
PRV53495,34,14990,440.88235294117646,2700,1.6176470588235294,0.0,10.588235294117647,72.3529411764706,0,34,20,5,0.0,0,0.0,1.7,749.5,No,0.0017
PRV53496,58,14660,252.75862068965517,1900,1.9482758620689655,0.0,0.1724137931034483,75.6896551724138,0,58,29,4,0.0,0,0.0,2.0,505.51724137931035,No,0.0031
PRV53498,2,860,430.0,800,0.0,0.0,25.0,79.0,0,2,2,2,0.0,0,0.0,1.0,430.0,No,0.0042
PRV53499,46,12370,268.9130434782609,3300,1.1304347826086956,0.0,3.6956521739130435,74.78260869565217,0,46,18,5,0.0,0,0.0,2.5555555555555554,687.2222222222222,No,0.0025
PRV53501,1,300,300.0,300,0.0,0.0,0.0,40.0,0,1,1,1,0.0,0,0.0,1.0,300.0,No,0.0015
PRV53502,47,8000,170.2127659574468,1500,0.14893617021276595,0.0,0.0,69.59574468085107,0,47,27,5,0.0,0,0.0,1.7407407407407407,296.2962962962963,No,0.0147
PRV53503,13,5380,413.84615384615387,2300,0.23076923076923078,0.0,0.0,71.0,0,13,9,1,0.0,0,0.0,1.4444444444444444,597.7777777777778,No,0.001
PRV53504,4,730,182.5,600,0.25,0.0,0.0,75.25,0,4,4,4,0.0,0,0.0,1.0,182.5,No,0.001
PRV53506,1,500,500.0,500,0.0,0.0,0.0,69.0,0,1,1,1,0.0,0,0.0,1.0,500.0,No,0.005
PRV53507,9,62000,6888.888888888889,15000,4.444444444444445,4.444444444444445,1068.0,80.66666666666667,9,0,8,2,0.0,0,1.0,1.125,7750.0,No,0.0404
PRV53509,1,15000,15000.0,15000,17.0,17.0,1068.0,75.0,1,0,1,1,0.0,0,1.0,1.0,15000.0,No,0.0019
PRV53510,16,13880,867.5,8000,5.3125,2.25,133.5,66.1875,2,14,12,3,0.0,0,0.125,1.3333333333333333,1156.6666666666667,No,0.0199
PRV53511,1,0,0.0,0,5.0,5.0,1068.0,66.0,1,0,1,1,1.0,0,1.0,1.0,0.0,No,0.0037
PRV53513,2,18000,9000.0,14000,4.0,4.0,1068.0,65.5,2,0,2,2,0.0,0,1.0,1.0,9000.0,No,0.0018
PRV53515,1,14000,14000.0,14000,5.0,5.0,1068.0,49.0,1,0,1,1,0.0,0,1.0,1.0,14000.0,No,0.0018
PRV53516,1,3000,3000.0,3000,8.0,8.0,1068.0,78.0,1,0,1,1,0.0,0,1.0,1.0,3000.0,No,0.0009
PRV53517,2,17000,8500.0,9000,5.5,5.5,1068.0,75.5,2,0,2,1,0.0,0,1.0,1.0,8500.0,No,0.0017
PRV53519,9,61000,6777.777777777777,13000,4.555555555555555,4.555555555555555,1068.0,67.66666666666667,9,0,9,8,0.0,0,1.0,1.0,6777.777777777777,No,0.0158
PRV53520,4,690,172.5,500,0.0,0.0,0.0,73.25,0,4,4,1,0.0,0,0.0,1.0,172.5,No,0.0006
PRV53521,9,380,42.22222222222222,100,1.5555555555555556,0.0,0.0,64.0,0,9,8,2,0.0,0,0.0,1.125,47.5,No,0.0009
PRV53522,26,3690,141.92307692307693,1100,0.5,0.0,9.23076923076923,67.76923076923077,0,26,25,3,0.0,0,0.0,1.04,147.6,No,0.0025
PRV53523,89,26250,294.9438202247191,3300,1.9550561797752808,0.0,5.393258426966292,69.80898876404494,0,89,70,2,0.0,0,0.0,1.2714285714285714,375.0,No,0.0098
PRV53524,52,10110,194.42307692307693,2600,0.19230769230769232,0.0,2.3076923076923075,67.01923076923077,0,52,44,4,0.0,0,0.0,1.1818181818181819,229.77272727272728,No,0.0023
PRV53525,2,700,350.0,500,0.0,0.0,0.0,86.5,0,2,2,1,0.0,0,0.0,1.0,350.0,No,0.0044
PRV53526,60,18440,307.3333333333333,2400,0.8833333333333333,0.0,1.3333333333333333,67.6,0,60,28,2,0.0,0,0.0,2.142857142857143,658.5714285714286,No,0.0013
PRV53527,37,9500,256.7567567567568,3300,1.9189189189189189,0.0,10.81081081081081,71.08108108108108,0,37,31,1,0.0,0,0.0,1.1935483870967742,306.4516129032258,No,0.0035
PRV53530,27,6940,257.037037037037,1100,1.0,0.0,2.962962962962963,73.29629629629629,0,27,26,1,0.0,0,0.0,1.0384615384615385,266.9230769230769,No,0.0031
PRV53531,11,940,85.45454545454545,300,0.0,0.0,0.0,72.9090909090909,0,11,9,1,0.0,0,0.0,1.2222222222222223,104.44444444444444,No,0.0005
PRV53532,9,2230,247.77777777777777,800,2.7777777777777777,0.0,3.3333333333333335,72.44444444444444,0,9,8,2,0.0,0,0.0,1.125,278.75,No,0.0011
PRV53533,51,21850,428.4313725490196,3300,2.843137254901961,0.0,6.862745098039215,64.72549019607843,0,51,32,8,0.0,0,0.0,1.59375,682.8125,No,0.005
PRV53534,76,24190,318.2894736842105,3300,2.3421052631578947,0.0,0.7894736842105263,68.61842105263158,0,76,41,1,0.0,0,0.0,1.853658536585366,590.0,No,0.002
PRV53535,19,8970,472.10526315789474,3300,1.5263157894736843,0.0,2.1052631578947367,77.26315789473684,0,19,18,1,0.0,0,0.0,1.0555555555555556,498.3333333333333,No,0.0024
PRV53536,31,5660,182.58064516129033,2060,0.0967741935483871,0.0,1.2903225806451613,70.90322580645162,0,31,25,3,0.0967741935483871,0,0.0,1.24,226.4,No,0.0103
PRV53539,2,200,100.0,100,1.5,0.0,5.0,64.0,0,2,2,1,0.0,0,0.0,1.0,100.0,No,0.0017
PRV53540,13,3060,235.3846153846154,1000,0.23076923076923078,0.0,0.0,75.6923076923077,0,13,12,3,0.0,0,0.0,1.0833333333333333,255.0,No,0.0017
PRV53544,17,4860,285.88235294117646,1600,1.1764705882352942,0.0,0.0,65.17647058823529,0,17,14,1,0.0,0,0.0,1.2142857142857142,347.14285714285717,No,0.0018
PRV53545,1,60,60.0,60,0.0,0.0,0.0,65.0,0,1,1,1,0.0,0,0.0,1.0,60.0,No,0.0011
PRV53547,21,6850,326.1904761904762,2600,4.095238095238095,0.0,4.285714285714286,74.0,0,21,18,4,0.0,0,0.0,1.1666666666666667,380.55555555555554,No,0.001
PRV53548,4,250,62.5,100,0.0,0.0,0.0,69.75,0,4,4,1,0.0,0,0.0,1.0,62.5,No,0.0014
PRV53549,6,450,75.0,200,0.0,0.0,0.0,64.83333333333333,0,6,6,1,0.0,0,0.0,1.0,75.0,No,0.0007
PRV53550,10,3130,313.0,1600,0.0,0.0,0.0,77.6,0,10,10,6,0.0,0,0.0,1.0,313.0,No,0.0013
PRV53551,29,11220,386.8965517241379,2800,1.5862068965517242,0.0,4.482758620689655,73.55172413793103,0,29,19,2,0.0,0,0.0,1.5263157894736843,590.5263157894736,No,0.0013
PRV53553,30,7060,235.33333333333334,3300,0.9333333333333333,0.0,5.333333333333333,73.26666666666667,0,30,20,1,0.0,0,0.0,1.5,353.0,No,0.0041
PRV53554,2,70,35.0,70,0.0,0.0,0.0,76.5,0,2,2,1,0.0,0,0.0,1.0,35.0,No,0.002
PRV53555,11,3260,296.3636363636364,1600,0.8181818181818182,0.0,4.545454545454546,67.54545454545455,0,11,5,2,0.0,0,0.0,2.2,652.0,No,0.0014
PRV53556,31,11550,372.5806451612903,3300,2.0,0.0,2.903225806451613,62.806451612903224,0,31,26,1,0.0,0,0.0,1.1923076923076923,444.2307692307692,No,0.0015
PRV53558,22,7320,332.72727272727275,3300,0.045454545454545456,0.0,0.0,69.27272727272727,0,22,10,2,0.0,0,0.0,2.2,732.0,No,0.0028
PRV53559,2,60,30.0,40,0.0,0.0,0.0,77.5,0,2,2,1,0.0,0,0.0,1.0,30.0,No,0.0018
PRV53560,23,6960,302.60869565217394,2400,1.2608695652173914,0.0,0.0,71.30434782608695,0,23,21,1,0.0,0,0.0,1.0952380952380953,331.42857142857144,No,0.0022
PRV53561,9,5690,632.2222222222222,3300,0.0,0.0,7.777777777777778,73.44444444444444,0,9,8,3,0.0,0,0.0,1.125,711.25,No,0.0031
PRV53562,10,5890,589.0,3300,2.7,0.0,2.0,66.3,0,10,10,1,0.0,0,0.0,1.0,589.0,No,0.0008
PRV53563,2,60,30.0,60,0.0,0.0,0.0,78.0,0,2,2,1,0.0,0,0.0,1.0,30.0,No,0.0016
PRV53564,5,220,44.0,80,1.0,0.0,0.0,80.2,0,5,4,1,0.0,0,0.0,1.25,55.0,No,0.0063
PRV53565,5,1910,382.0,1200,0.0,0.0,0.0,63.6,0,5,5,1,0.0,0,0.0,1.0,382.0,No,0.0014
PRV53566,4,590,147.5,400,0.0,0.0,0.0,78.0,0,4,4,2,0.0,0,0.0,1.0,147.5,No,0.0011
PRV53568,4,1230,307.5,1000,1.0,0.0,0.0,60.5,0,4,2,2,0.0,0,0.0,2.0,615.0,No,0.002
PRV53569,14,3790,270.7142857142857,1600,2.857142857142857,0.0,0.0,73.14285714285714,0,14,11,6,0.0,0,0.0,1.2727272727272727,344.54545454545456,No,0.0016
PRV53570,18,8110,450.55555555555554,2900,1.8888888888888888,0.0,0.5555555555555556,67.66666666666667,0,18,18,2,0.0,0,0.0,1.0,450.55555555555554,No,0.0016
PRV53571,26,2810,108.07692307692308,600,1.2307692307692308,0.0,0.0,69.23076923076923,0,26,25,3,0.0,0,0.0,1.04,112.4,No,0.0033
PRV53572,5,1610,322.0,1300,2.2,0.0,0.0,73.6,0,5,5,1,0.0,0,0.0,1.0,322.0,No,0.0008
PRV53573,32,10830,338.4375,3300,2.125,0.0,3.75,72.53125,0,32,27,4,0.0,0,0.0,1.1851851851851851,401.1111111111111,No,0.001
PRV53574,17,2750,161.76470588235293,900,1.8235294117647058,0.0,5.882352941176471,69.29411764705883,0,17,14,1,0.0,0,0.0,1.2142857142857142,196.42857142857142,No,0.0017
PRV53577,11,2150,195.45454545454547,900,1.0909090909090908,0.0,0.0,74.0909090909091,0,11,11,2,0.0,0,0.0,1.0,195.45454545454547,No,0.0008
PRV53578,7,570,81.42857142857143,300,0.0,0.0,0.0,73.71428571428571,0,7,6,1,0.0,0,0.0,1.1666666666666667,95.0,No,0.0007
PRV53581,11,990,90.0,200,2.4545454545454546,0.0,5.454545454545454,74.81818181818181,0,11,10,1,0.0,0,0.0,1.1,99.0,No,0.0012
PRV53582,14,6920,494.2857142857143,3300,2.857142857142857,0.0,7.142857142857143,70.42857142857143,0,14,7,1,0.0,0,0.0,2.0,988.5714285714286,No,0.0027
PRV53584,8,1490,186.25,900,0.0,0.0,10.0,65.75,0,8,6,2,0.0,0,0.0,1.3333333333333333,248.33333333333334,No,0.0037
PRV53585,4,500,125.0,300,0.0,0.0,0.0,74.0,0,4,4,1,0.25,0,0.0,1.0,125.0,No,0.003
PRV53586,3,160,53.333333333333336,90,0.3333333333333333,0.0,6.666666666666667,58.333333333333336,0,3,3,2,0.0,0,0.0,1.0,53.333333333333336,No,0.0016
PRV53587,3,770,256.6666666666667,700,0.0,0.0,0.0,73.33333333333333,0,3,3,1,0.0,0,0.0,1.0,256.6666666666667,No,0.0008
PRV53588,1,10,10.0,10,0.0,0.0,0.0,53.0,0,1,1,1,0.0,0,0.0,1.0,10.0,No,0.0011
PRV53589,2,500,250.0,300,0.0,0.0,0.0,61.0,0,2,2,1,0.0,0,0.0,1.0,250.0,No,0.001
PRV53590,19,98820,5201.0526315789475,53000,1.631578947368421,1.5789473684210527,393.4736842105263,76.05263157894737,7,12,18,2,0.0,0,0.3684210526315789,1.0555555555555556,5490.0,No,0.0296
PRV53591,6,70000,11666.666666666666,28000,4.0,4.0,1068.0,71.16666666666667,6,0,6,1,0.0,0,1.0,1.0,11666.666666666666,No,0.0271
PRV53593,17,5090,299.4117647058824,2800,1.2941176470588236,0.0,4.117647058823529,74.0,0,17,11,4,0.0,0,0.0,1.5454545454545454,462.72727272727275,No,0.0021
PRV53594,101,29470,291.7821782178218,3300,1.099009900990099,0.0,2.277227722772277,70.11881188118812,0,101,60,1,0.0,0,0.0,1.6833333333333333,491.1666666666667,No,0.0052
PRV53595,9,4460,495.55555555555554,2200,4.444444444444445,0.0,0.0,76.33333333333333,0,9,9,2,0.0,0,0.0,1.0,495.55555555555554,No,0.0011
PRV53596,4,820,205.0,300,1.25,0.0,0.0,84.75,0,4,4,1,0.0,0,0.0,1.0,205.0,No,0.0041
PRV53597,6,41000,6833.333333333333,17000,5.833333333333333,5.833333333333333,1068.0,59.833333333333336,6,0,6,1,0.0,0,1.0,1.0,6833.333333333333,No,0.0099
PRV53598,8,70000,8750.0,15000,3.375,3.375,1068.0,67.5,8,0,8,1,0.0,0,1.0,1.0,8750.0,No,0.0103
PRV53599,3,22000,7333.333333333333,13000,8.0,8.0,1068.0,69.33333333333333,3,0,3,2,0.0,0,1.0,1.0,7333.333333333333,No,0.0071
PRV53600,1,4000,4000.0,4000,2.0,2.0,1068.0,76.0,1,0,1,1,0.0,0,1.0,1.0,4000.0,No,0.0009
PRV53601,2,6000,3000.0,6000,6.0,6.0,1068.0,64.0,2,0,2,1,0.0,0,1.0,1.0,3000.0,No,0.0015
PRV53602,4,21000,5250.0,7000,3.0,3.0,1068.0,77.75,4,0,4,2,0.0,0,1.0,1.0,5250.0,No,0.0015
PRV53604,6,51000,8500.0,16000,6.333333333333333,6.333333333333333,1068.0,67.66666666666667,6,0,5,2,0.0,0,1.0,1.2,10200.0,No,0.0513
PRV53605,55,7250,131.8181818181818,1500,1.6363636363636365,0.0,0.18181818181818182,71.8,0,55,55,30,0.0,0,0.0,1.0,131.8181818181818,No,0.002
PRV53606,76,11750,154.60526315789474,2100,1.1842105263157894,0.0,1.4473684210526316,73.19736842105263,0,76,74,37,0.0,0,0.0,1.027027027027027,158.78378378378378,No,0.0008
PRV53607,26,8290,318.84615384615387,2300,2.6538461538461537,0.0,5.769230769230769,68.65384615384616,0,26,26,17,0.0,0,0.0,1.0,318.84615384615387,No,0.0017
PRV53608,199,50290,252.71356783919597,3300,0.9095477386934674,0.0,3.0653266331658293,72.06030150753769,0,199,176,86,0.005025125628140704,0,0.0,1.1306818181818181,285.7386363636364,No,0.0065
PRV53609,183,60050,328.14207650273227,6000,1.8907103825136613,0.04918032786885246,13.311475409836065,72.89617486338798,2,181,176,46,0.00546448087431694,0,0.01092896174863388,1.0397727272727273,341.1931818181818,No,0.0081
PRV53611,36,14410,400.27777777777777,2400,1.6944444444444444,0.0,5.277777777777778,69.94444444444444,0,36,36,14,0.0,0,0.0,1.0,400.27777777777777,No,0.0052
PRV53612,46,31180,677.8260869565217,8000,0.6304347826086957,0.5652173913043478,139.95652173913044,74.58695652173913,6,40,46,13,0.0,0,0.13043478260869565,1.0,677.8260869565217,No,0.0196
PRV53613,135,168350,1247.037037037037,21000,1.762962962962963,0.725925925925926,119.70370370370371,73.2,15,120,127,38,0.014814814814814815,0,0.1111111111111111,1.062992125984252,1325.5905511811025,No,0.0884
PRV53614,118,25710,217.88135593220338,1900,2.2711864406779663,0.0,4.067796610169491,75.33050847457628,0,118,104,32,0.0,0,0.0,1.1346153846153846,247.21153846153845,No,0.0042
PRV53616,44,34970,794.7727272727273,23000,2.1363636363636362,0.29545454545454547,53.09090909090909,72.88636363636364,2,42,41,26,0.022727272727272728,0,0.045454545454545456,1.0731707317073171,852.9268292682926,No,0.0078
PRV53617,83,33480,403.3734939759036,3300,1.1204819277108433,0.0,4.457831325301205,73.13253012048193,0,83,70,39,0.012048192771084338,0,0.0,1.1857142857142857,478.2857142857143,No,0.0075
PRV53618,236,115660,490.08474576271186,11000,1.8601694915254237,0.2796610169491525,55.44915254237288,71.32203389830508,12,224,203,82,0.00847457627118644,0,0.05084745762711865,1.1625615763546797,569.7536945812808,No,0.0401
PRV53619,2,560,280.0,500,2.0,0.0,0.0,59.0,0,2,2,2,0.0,0,0.0,1.0,280.0,No,0.0011
PRV53620,128,82850,647.265625,10000,1.6875,0.1953125,54.203125,72.703125,6,122,122,44,0.0078125,0,0.046875,1.0491803278688525,679.0983606557377,No,0.0188
PRV53621,81,22500,277.77777777777777,2900,1.5308641975308641,0.0,2.2222222222222223,72.55555555555556,0,81,75,21,0.0,0,0.0,1.08,300.0,No,0.0009
PRV53622,6,460,76.66666666666667,300,0.0,0.0,0.0,70.5,0,6,6,5,0.0,0,0.0,1.0,76.66666666666667,No,0.0009
PRV53623,894,245450,274.5525727069351,14030,0.9194630872483222,0.0,3.0425055928411635,72.48545861297539,0,894,395,7,0.0145413870246085,1,0.0,2.2632911392405064,621.3924050632911,Yes,0.235
PRV53624,143,40790,285.24475524475525,3300,1.3076923076923077,0.0,2.167832167832168,73.75524475524476,0,143,140,81,0.006993006993006993,0,0.0,1.0214285714285714,291.35714285714283,No,0.0031
PRV53625,147,44210,300.7482993197279,3300,1.7210884353741496,0.0,2.7891156462585034,73.25170068027211,0,147,128,54,0.0,0,0.0,1.1484375,345.390625,No,0.002
PRV53626,13,10560,812.3076923076923,3300,1.9230769230769231,0.3076923076923077,82.15384615384616,75.76923076923077,1,12,13,8,0.0,0,0.07692307692307693,1.0,812.3076923076923,No,0.0024
PRV53627,118,32390,274.49152542372883,3300,1.4915254237288136,0.0,0.6779661016949152,70.57627118644068,0,118,56,1,0.0423728813559322,0,0.0,2.107142857142857,578.3928571428571,No,0.005
PRV53628,202,82780,409.8019801980198,13000,1.4653465346534653,0.09405940594059406,23.07920792079208,73.12871287128714,4,198,178,41,0.0049504950495049506,0,0.019801980198019802,1.1348314606741574,465.0561797752809,No,0.0106
PRV53629,15,3950,263.3333333333333,1600,0.13333333333333333,0.0,6.0,75.73333333333333,0,15,15,10,0.0,0,0.0,1.0,263.3333333333333,No,0.0027
PRV53631,6,470,78.33333333333333,200,0.0,0.0,0.0,74.83333333333333,0,6,6,2,0.0,0,0.0,1.0,78.33333333333333,No,0.0009
PRV53632,15,14380,958.6666666666666,5000,4.4,0.4,142.4,76.66666666666667,2,13,12,9,0.0,0,0.13333333333333333,1.25,1198.3333333333333,No,0.0047
PRV53633,66,18010,272.8787878787879,3300,1.696969696969697,0.0,7.575757575757576,75.93939393939394,0,66,48,10,0.015151515151515152,0,0.0,1.375,375.2083333333333,No,0.0063
PRV53634,497,145400,292.55533199195173,3300,1.2937625754527162,0.0,1.8712273641851107,74.2092555331992,0,497,286,3,0.01006036217303823,0,0.0,1.7377622377622377,508.3916083916084,No,0.0302
PRV53635,54,90660,1678.888888888889,54000,1.5185185185185186,0.3333333333333333,102.5925925925926,69.77777777777777,5,49,52,10,0.0,0,0.09259259259259259,1.0384615384615385,1743.4615384615386,No,0.0395
PRV53638,111,38040,342.7027027027027,3300,1.8018018018018018,0.0,1.2612612612612613,69.70270270270271,0,111,54,11,0.0,0,0.0,2.0555555555555554,704.4444444444445,No,0.0029
PRV53640,33,5660,171.5151515151515,800,1.2727272727272727,0.0,4.848484848484849,72.0909090909091,0,33,27,20,0.0,0,0.0,1.2222222222222223,209.62962962962962,No,0.0018
PRV53641,8,2140,267.5,1700,2.75,0.0,0.0,67.25,0,8,8,1,0.0,0,0.0,1.0,267.5,No,0.0007
PRV53642,6,3270,545.0,1700,1.3333333333333333,0.0,11.666666666666666,73.16666666666667,0,6,6,1,0.0,0,0.0,1.0,545.0,No,0.001
PRV53643,1,200,200.0,200,0.0,0.0,0.0,68.0,0,1,1,1,0.0,0,0.0,1.0,200.0,No,0.0025
PRV53644,22,4640,210.9090909090909,1100,0.7727272727272727,0.0,3.6363636363636362,78.9090909090909,0,22,17,3,0.0,0,0.0,1.2941176470588236,272.94117647058823,No,0.0107
PRV53645,6,3600,600.0,2500,0.6666666666666666,0.0,0.0,72.0,0,6,6,2,0.0,0,0.0,1.0,600.0,No,0.0013
PRV53646,3,20,6.666666666666667,10,0.3333333333333333,0.0,0.0,78.33333333333333,0,3,3,1,0.0,0,0.0,1.0,6.666666666666667,No,0.0016
PRV53647,7,610,87.14285714285714,400,0.0,0.0,0.0,80.14285714285714,0,7,5,2,0.0,0,0.0,1.4,122.0,No,0.0031
PRV53648,20,10540,527.0,6200,0.0,0.0,3.5,80.9,0,20,12,4,0.0,0,0.0,1.6666666666666667,878.3333333333334,No,0.0201
PRV53649,27,4770,176.66666666666666,2200,1.6296296296296295,0.0,7.037037037037037,72.44444444444444,0,27,24,1,0.0,0,0.0,1.125,198.75,No,0.0006
PRV53651,11,900,81.81818181818181,300,0.0,0.0,10.909090909090908,71.63636363636364,0,11,10,2,0.0,0,0.0,1.1,90.0,No,0.0017
PRV53652,25,3640,145.6,2300,0.0,0.0,0.0,71.6,0,25,24,1,0.0,0,0.0,1.0416666666666667,151.66666666666666,No,0.0009
PRV53654,39,12040,308.71794871794873,3300,0.8717948717948718,0.0,2.5641025641025643,78.84615384615384,0,39,35,1,0.0,0,0.0,1.1142857142857143,344.0,No,0.0061
PRV53655,1,20,20.0,20,0.0,0.0,0.0,68.0,0,1,1,1,0.0,0,0.0,1.0,20.0,No,0.001
PRV53656,5,1150,230.0,400,0.0,0.0,16.0,66.4,0,5,5,1,0.0,0,0.0,1.0,230.0,No,0.0012
PRV53657,25,2850,114.0,800,1.4,0.0,2.0,69.68,0,25,24,1,0.0,0,0.0,1.0416666666666667,118.75,No,0.0023
PRV53658,27,3810,141.11111111111111,1700,0.8888888888888888,0.0,0.0,74.22222222222223,0,27,22,3,0.037037037037037035,0,0.0,1.2272727272727273,173.1818181818182,No,0.0046
PRV53659,5,680,136.0,500,0.0,0.0,0.0,77.2,0,5,5,2,0.0,0,0.0,1.0,136.0,No,0.0011
PRV53660,35,5970,170.57142857142858,1200,0.6285714285714286,0.0,10.0,78.17142857142858,0,35,34,5,0.05714285714285714,0,0.0,1.0294117647058822,175.58823529411765,No,0.0075
PRV53661,1,200,200.0,200,0.0,0.0,0.0,78.0,0,1,1,1,0.0,0,0.0,1.0,200.0,No,0.0046
PRV53662,331,86030,259.9093655589124,3300,1.43202416918429,0.0,1.933534743202417,71.2809667673716,0,331,140,6,0.006042296072507553,0,0.0,2.3642857142857143,614.5,No,0.0398
PRV53663,76,19810,260.6578947368421,3300,0.8421052631578947,0.0,1.5789473684210527,68.25,0,76,55,4,0.0,0,0.0,1.3818181818181818,360.1818181818182,No,0.0029
PRV53664,132,59730,452.5,3300,2.8333333333333335,0.0,0.15151515151515152,73.13636363636364,0,132,85,8,0.007575757575757576,0,0.0,1.5529411764705883,702.7058823529412,No,0.0248
PRV53665,65,16330,251.23076923076923,2300,1.353846153846154,0.0,1.8461538461538463,73.70769230769231,0,65,36,2,0.015384615384615385,0,0.0,1.8055555555555556,453.6111111111111,No,0.0065
PRV53666,20,3510,175.5,1600,2.5,0.0,0.0,74.35,0,20,19,2,0.05,0,0.0,1.0526315789473684,184.73684210526315,No,0.0059
PRV53667,9,155000,17222.222222222223,99000,3.0,3.0,1068.0,69.55555555555556,9,0,8,3,0.0,0,1.0,1.125,19375.0,No,0.1314
PRV53668,16,141200,8825.0,31000,4.625,4.625,1068.0,65.4375,16,0,16,6,0.0,1,1.0,1.0,8825.0,Yes,0.2482
PRV53669,13,4250,326.9230769230769,1200,2.076923076923077,0.0,0.7692307692307693,71.6923076923077,0,13,13,11,0.07692307692307693,0,0.0,1.0,326.9230769230769,No,0.0014
PRV53670,1173,322450,274.89343563512364,5600,1.4015345268542199,0.0,2.864450127877238,74.15004262574595,0,1173,788,17,0.004262574595055414,1,0.0,1.4885786802030456,409.2005076142132,Yes,0.0543
PRV53671,55,253590,4610.727272727273,25000,2.8,2.1454545454545455,582.7272727272727,75.0,31,24,46,19,0.0,1,0.5636363636363636,1.1956521739130435,5512.826086956522,Yes,0.0843
PRV53672,487,142060,291.7043121149897,3300,1.3285420944558521,0.0,2.0328542094455853,73.53593429158111,0,487,377,9,0.014373716632443531,0,0.0,1.2917771883289124,376.81697612732097,No,0.0295
PRV53673,36,181630,5045.277777777777,27000,3.5,2.388888888888889,418.1111111111111,73.02777777777777,14,22,36,12,0.0,0,0.3888888888888889,1.0,5045.277777777777,No,0.1131
PRV53674,496,153530,309.53629032258067,14500,1.2358870967741935,0.0,3.2056451612903225,75.1633064516129,0,496,384,13,0.012096774193548387,0,0.0,1.2916666666666667,399.8177083333333,No,0.0211
PRV53675,297,747680,2517.4410774410776,57000,2.542087542087542,1.393939393939394,268.22222222222223,73.45791245791246,76,221,276,90,0.016835016835016835,0,0.2558922558922559,1.076086956521739,2708.985507246377,No,0.3671
PRV53676,471,167540,355.71125265392783,3300,1.454352441613588,0.0,2.208067940552017,74.64543524416136,0,471,374,2,0.006369426751592357,0,0.0,1.2593582887700534,447.96791443850265,No,0.03
PRV53677,562,773150,1375.711743772242,57000,1.6192170818505338,0.6370106761565836,117.77224199288256,75.31138790035587,63,499,172,37,0.005338078291814947,1,0.11209964412811388,3.2674418604651163,4495.058139534884,Yes,0.8661
PRV53678,3,120,40.0,90,0.0,0.0,0.0,74.0,0,3,3,1,0.0,0,0.0,1.0,40.0,No,0.001
PRV53679,826,283020,342.6392251815981,4400,1.3329297820823245,0.0,2.990314769975787,74.1997578692494,0,826,667,12,0.006053268765133172,0,0.0,1.2383808095952025,424.31784107946027,No,0.024
PRV53680,27,7890,292.22222222222223,2200,1.7407407407407407,0.0,0.7407407407407407,75.0,0,27,25,21,0.0,0,0.0,1.08,315.6,No,0.001
PRV53681,31,9970,321.61290322580646,3300,2.5483870967741935,0.0,2.2580645161290325,74.96774193548387,0,31,26,25,0.0,0,0.0,1.1923076923076923,383.46153846153845,No,0.001
PRV53682,365,99570,272.7945205479452,3300,1.8273972602739725,0.0,3.6986301369863015,75.47671232876712,0,365,130,6,0.0,0,0.0,2.8076923076923075,765.9230769230769,No,0.2125
PRV53683,9,37300,4144.444444444444,24000,1.7777777777777777,1.7777777777777777,237.33333333333334,73.77777777777777,2,7,8,8,0.0,0,0.2222222222222222,1.125,4662.5,No,0.0165
PRV53684,4,2570,642.5,2400,1.25,0.0,0.0,71.5,0,4,4,2,0.0,0,0.0,1.0,642.5,No,0.0008
PRV53685,45,17770,394.8888888888889,3300,1.8888888888888888,0.0,1.1111111111111112,73.4888888888889,0,45,29,19,0.0,0,0.0,1.5517241379310345,612.7586206896551,No,0.0012
PRV53686,292,78140,267.6027397260274,3300,1.2431506849315068,0.0,3.184931506849315,74.41095890410959,0,292,232,3,0.00684931506849315,0,0.0,1.2586206896551724,336.8103448275862,No,0.0502
PRV53688,17,3440,202.35294117647058,1000,1.2352941176470589,0.0,5.882352941176471,69.29411764705883,0,17,15,12,0.0,0,0.0,1.1333333333333333,229.33333333333334,No,0.0079
PRV53689,561,178130,317.5222816399287,3300,1.6559714795008913,0.0,3.7254901960784315,74.68270944741533,0,561,383,8,0.012477718360071301,0,0.0,1.4647519582245432,465.09138381201046,No,0.0597
PRV53690,11,1690,153.63636363636363,900,0.0,0.0,0.0,73.18181818181819,0,11,9,11,0.0,0,0.0,1.2222222222222223,187.77777777777777,No,0.0006
PRV53692,244,1397600,5727.868852459016,57000,3.987704918032787,3.1885245901639343,605.5491803278688,73.6311475409836,146,98,216,44,0.00819672131147541,1,0.5983606557377049,1.1296296296296295,6470.37037037037,Yes,0.9736
PRV53694,61,14560,238.68852459016392,3300,1.5573770491803278,0.0,4.918032786885246,75.0327868852459,0,61,61,39,0.0,0,0.0,1.0,238.68852459016392,No,0.0017
PRV53695,116,32120,276.8965517241379,3300,1.6551724137931034,0.0,5.689655172413793,72.84482758620689,0,116,78,16,0.008620689655172414,0,0.0,1.4871794871794872,411.79487179487177,No,0.0052
PRV53696,15,4830,322.0,2100,2.0,0.0,6.666666666666667,67.33333333333333,0,15,15,13,0.0,0,0.0,1.0,322.0,No,0.0009
PRV53697,114,879270,7712.894736842105,72000,3.7982456140350878,3.4035087719298245,665.1578947368421,73.64035087719299,71,43,100,37,0.008771929824561403,0,0.6228070175438597,1.14,8792.7,No,0.8904
PRV53698,77,30550,396.75324675324674,3300,2.6103896103896105,0.0,3.116883116883117,75.36363636363636,0,77,72,36,0.0,0,0.0,1.0694444444444444,424.30555555555554,No,0.0045
PRV53699,361,130970,362.797783933518,10000,1.332409972299169,0.0221606648199446,8.105263157894736,74.41274238227147,2,359,280,8,0.008310249307479225,0,0.00554016620498615,1.2892857142857144,467.75,No,0.0435
PRV53700,913,220320,241.31434830230012,3300,1.11829134720701,0.0,2.3877327491785323,74.92552026286965,0,913,454,2,0.001095290251916758,0,0.0,2.011013215859031,485.2863436123348,No,0.0926
PRV53701,6,2270,378.3333333333333,1300,3.3333333333333335,0.0,13.333333333333334,74.33333333333333,0,6,6,5,0.0,0,0.0,1.0,378.3333333333333,No,0.0012
PRV53702,1010,289070,286.2079207920792,3300,1.4722772277227723,0.0,3.0396039603960396,74.42178217821782,0,1010,729,8,0.01287128712871287,0,0.0,1.3854595336076818,396.5294924554184,No,0.0466
PRV53703,39,6160,157.94871794871796,1300,0.38461538461538464,0.0,0.0,75.02564102564102,0,39,39,30,0.02564102564102564,0,0.0,1.0,157.94871794871796,No,0.0033
PRV53704,15,2950,196.66666666666666,1000,2.2,0.0,0.0,75.66666666666667,0,15,15,8,0.0,0,0.0,1.0,196.66666666666666,No,0.0007
PRV53705,57,48420,849.4736842105264,17000,1.2456140350877194,0.24561403508771928,75.47368421052632,75.50877192982456,4,53,57,31,0.0,0,0.07017543859649122,1.0,849.4736842105264,No,0.0211
PRV53706,473,2831940,5987.188160676533,119000,4.031712473572939,3.460887949260042,628.9090909090909,74.40169133192389,282,191,445,110,0.010570824524312896,1,0.5961945031712473,1.0629213483146067,6363.91011235955,Yes,0.9535
PRV53708,53,20820,392.8301886792453,3300,2.0754716981132075,0.0,1.8867924528301887,74.43396226415095,0,53,36,27,0.03773584905660377,0,0.0,1.4722222222222223,578.3333333333334,No,0.0026
PRV53709,99,25310,255.65656565656565,3300,1.5151515151515151,0.0,4.040404040404041,74.97979797979798,0,99,91,2,0.0,0,0.0,1.0879120879120878,278.13186813186815,No,0.0022
PRV53710,385,615000,1597.4025974025974,47000,1.9766233766233767,0.7714285714285715,161.91168831168832,74.61298701298702,58,327,255,31,0.007792207792207792,0,0.15064935064935064,1.5098039215686274,2411.764705882353,No,0.8888
PRV53712,237,1882420,7942.700421940928,57000,4.9451476793248945,4.413502109704641,721.9409282700421,73.66666666666667,161,76,203,48,0.004219409282700422,1,0.679324894514768,1.167487684729064,9273.004926108375,Yes,0.9826
PRV53713,31,4340,140.0,500,0.7741935483870968,0.0,5.483870967741935,73.0,0,31,28,18,0.0,0,0.0,1.1071428571428572,155.0,No,0.0015
PRV53714,144,44310,307.7083333333333,3300,0.6736111111111112,0.0,1.875,73.17361111111111,0,144,68,2,0.0,0,0.0,2.1176470588235294,651.6176470588235,No,0.0044
PRV53715,24,7140,297.5,3200,1.0416666666666667,0.0,1.25,67.16666666666667,0,24,21,3,0.0,0,0.0,1.1428571428571428,340.0,No,0.005
PRV53716,33,7400,224.24242424242425,3100,1.0909090909090908,0.0,5.151515151515151,68.63636363636364,0,33,30,4,0.030303030303030304,0,0.0,1.1,246.66666666666666,No,0.0081
PRV53717,61,17940,294.0983606557377,2500,2.622950819672131,0.0,0.0,72.63934426229508,0,61,37,2,0.01639344262295082,0,0.0,1.6486486486486487,484.86486486486484,No,0.0051
PRV53718,1,200,200.0,200,0.0,0.0,0.0,71.0,0,1,1,1,0.0,0,0.0,1.0,200.0,No,0.0032
PRV53719,5,770,154.0,600,0.2,0.0,0.0,66.0,0,5,5,1,0.0,0,0.0,1.0,154.0,No,0.0005
PRV53720,55,13700,249.0909090909091,3300,1.709090909090909,0.0,8.181818181818182,69.36363636363636,0,55,51,1,0.01818181818181818,0,0.0,1.0784313725490196,268.62745098039215,No,0.0073
PRV53721,5,2560,512.0,1600,0.0,0.0,0.0,67.0,0,5,5,2,0.0,0,0.0,1.0,512.0,No,0.0016
PRV53722,6,1000,166.66666666666666,400,0.0,0.0,0.0,72.16666666666667,0,6,6,3,0.0,0,0.0,1.0,166.66666666666666,No,0.0008
PRV53723,6,3900,650.0,3300,0.0,0.0,0.0,80.33333333333333,0,6,6,3,0.0,0,0.0,1.0,650.0,No,0.0021
PRV53724,2,120,60.0,70,10.0,0.0,0.0,80.5,0,2,2,2,0.0,0,0.0,1.0,60.0,No,0.0012
PRV53725,1,0,0.0,0,0.0,0.0,0.0,80.0,0,1,1,1,0.0,0,0.0,1.0,0.0,No,0.0019
PRV53726,16,3710,231.875,2100,0.5,0.0,0.0,74.375,0,16,12,2,0.0,0,0.0,1.3333333333333333,309.1666666666667,No,0.0024
PRV53727,20,7230,361.5,2400,4.05,0.0,0.5,71.55,0,20,17,3,0.0,0,0.0,1.1764705882352942,425.29411764705884,No,0.0012
PRV53728,14,3480,248.57142857142858,1400,0.0,0.0,0.0,71.21428571428571,0,14,14,2,0.0,0,0.0,1.0,248.57142857142858,No,0.0013
PRV53729,3,1900,633.3333333333334,1800,0.0,0.0,0.0,83.0,0,3,3,2,0.0,0,0.0,1.0,633.3333333333334,No,0.0022
PRV53730,2,230,115.0,200,0.0,0.0,0.0,97.0,0,2,2,1,0.0,0,0.0,1.0,115.0,No,0.0086
PRV53731,4,2660,665.0,2500,0.0,0.0,0.0,75.25,0,4,4,2,0.0,0,0.0,1.0,665.0,No,0.0017
PRV53732,15,3150,210.0,900,0.8666666666666667,0.0,2.6666666666666665,75.26666666666667,0,15,15,1,0.0,0,0.0,1.0,210.0,No,0.0021
PRV53733,20,6430,321.5,2200,1.05,0.0,1.0,73.45,0,20,19,1,0.0,0,0.0,1.0526315789473684,338.42105263157896,No,0.003
PRV53734,1,20,20.0,20,0.0,0.0,0.0,61.0,0,1,1,1,0.0,0,0.0,1.0,20.0,No,0.0011
PRV53735,3,810,270.0,310,0.0,0.0,0.0,66.0,0,3,3,2,0.0,0,0.0,1.0,270.0,No,0.001
PRV53740,47,12140,258.29787234042556,1900,1.9148936170212767,0.0,10.638297872340425,70.51063829787235,0,47,29,2,0.02127659574468085,0,0.0,1.6206896551724137,418.62068965517244,No,0.008
PRV53741,7,2390,341.42857142857144,1700,2.857142857142857,0.0,0.0,76.28571428571429,0,7,7,4,0.0,0,0.0,1.0,341.42857142857144,No,0.0012
PRV53743,31,14140,456.1290322580645,3300,1.2258064516129032,0.0,3.870967741935484,70.16129032258064,0,31,31,9,0.0,0,0.0,1.0,456.1290322580645,No,0.0057
PRV53745,23,3760,163.47826086956522,700,2.8260869565217392,0.0,3.4782608695652173,75.82608695652173,0,23,20,7,0.043478260869565216,0,0.0,1.15,188.0,No,0.0033
PRV53746,6,35000,5833.333333333333,10000,3.8333333333333335,3.8333333333333335,1068.0,73.0,6,0,6,1,0.0,0,1.0,1.0,5833.333333333333,No,0.0045
PRV53749,69,241350,3497.8260869565215,32000,2.347826086956522,2.246376811594203,356.0,73.8695652173913,24,45,64,24,0.0,1,0.34782608695652173,1.078125,3771.09375,Yes,0.5875
PRV53750,1245,353470,283.9116465863454,7000,1.4923694779116465,0.004016064257028112,2.6329317269076307,73.56465863453815,1,1244,380,24,0.011244979919678716,0,0.0008032128514056225,3.276315789473684,930.1842105263158,No,0.4507
PRV53751,22,9070,412.27272727272725,3100,1.2272727272727273,0.0,0.0,71.18181818181819,0,22,22,11,0.0,0,0.0,1.0,412.27272727272725,No,0.0013
PRV53752,35,11840,338.2857142857143,2600,1.9142857142857144,0.0,5.714285714285714,75.51428571428572,0,35,34,22,0.0,0,0.0,1.0294117647058822,348.2352941176471,No,0.0028
PRV53754,9,2530,281.1111111111111,1800,2.2222222222222223,0.0,0.0,76.33333333333333,0,9,9,7,0.0,0,0.0,1.0,281.1111111111111,No,0.0007
PRV53755,20,2050,102.5,400,0.8,0.0,10.5,72.45,0,20,20,9,0.0,0,0.0,1.0,102.5,No,0.0013
PRV53756,59,18210,308.64406779661016,3300,1.3728813559322033,0.0,1.3559322033898304,70.40677966101696,0,59,59,21,0.0,0,0.0,1.0,308.64406779661016,No,0.0019
PRV53757,56,37230,664.8214285714286,23000,2.8035714285714284,0.125,19.071428571428573,73.125,1,55,54,20,0.0,0,0.017857142857142856,1.037037037037037,689.4444444444445,No,0.0078
PRV53759,56,12020,214.64285714285714,3200,1.8392857142857142,0.0,2.3214285714285716,74.80357142857143,0,56,52,28,0.0,0,0.0,1.0769230769230769,231.15384615384616,No,0.0023
PRV53761,38,9980,262.63157894736844,3000,1.1842105263157894,0.0,6.578947368421052,69.71052631578948,0,38,38,25,0.02631578947368421,0,0.0,1.0,262.63157894736844,No,0.0058
PRV53762,618,1082730,1751.990291262136,112000,1.9514563106796117,0.9207119741100324,144.1359223300971,73.66990291262135,84,534,557,96,0.016181229773462782,1,0.13592233009708737,1.1095152603231597,1943.8599640933573,Yes,0.9297
PRV53763,58,739000,12741.379310344828,57000,5.4655172413793105,5.4655172413793105,1031.1724137931035,73.13793103448276,58,0,57,1,0.017241379310344827,1,1.0,1.0175438596491229,12964.912280701754,Yes,0.7297
PRV53764,39,12390,317.6923076923077,2000,1.4102564102564104,0.02564102564102564,28.923076923076923,73.92307692307692,1,38,38,26,0.02564102564102564,0,0.02564102564102564,1.0263157894736843,326.05263157894734,No,0.0015
PRV53765,67,25080,374.32835820895525,3300,1.1791044776119404,0.0,1.3432835820895523,73.91044776119404,0,67,66,19,0.0,0,0.0,1.0151515151515151,380.0,No,0.0011
PRV53766,30,4860,162.0,1200,0.2,0.0,3.3333333333333335,73.5,0,30,29,21,0.0,0,0.0,1.0344827586206897,167.58620689655172,No,0.0013
PRV53767,18,4130,229.44444444444446,2400,2.2222222222222223,0.0,7.777777777777778,75.66666666666667,0,18,18,8,0.05555555555555555,0,0.0,1.0,229.44444444444446,No,0.0022
PRV53768,62,37180,599.6774193548387,6000,1.6129032258064515,0.3387096774193548,74.2258064516129,68.75806451612904,5,57,59,35,0.0,0,0.08064516129032258,1.0508474576271187,630.1694915254237,No,0.0156
PRV53769,377,1685180,4469.9734748010615,73000,3.3448275862068964,2.2042440318302385,367.59151193633954,73.0079575596817,132,245,354,157,0.005305039787798408,1,0.35013262599469497,1.0649717514124293,4760.395480225989,Yes,0.9742
PRV53770,253,849520,3357.786561264822,47000,2.675889328063241,1.5454545454545454,322.20553359683794,73.83399209486166,77,176,239,87,0.003952569169960474,0,0.30434782608695654,1.0585774058577406,3554.476987447699,No,0.2421
PRV53771,51,21610,423.72549019607845,3300,1.0980392156862746,0.0,1.9607843137254901,68.70588235294117,0,51,50,25,0.0,0,0.0,1.02,432.2,No,0.0031
PRV53772,22,5410,245.9090909090909,1300,0.13636363636363635,0.0,0.0,74.72727272727273,0,22,22,13,0.0,0,0.0,1.0,245.9090909090909,No,0.0012
PRV53773,567,175830,310.1058201058201,5000,1.3368606701940036,0.0,2.998236331569665,73.38800705467372,0,567,531,197,0.003527336860670194,0,0.0,1.0677966101694916,331.12994350282486,No,0.0334
PRV53774,224,589370,2631.1160714285716,57000,2.830357142857143,1.5982142857142858,231.35714285714286,74.33482142857143,50,174,206,75,0.008928571428571428,0,0.22321428571428573,1.087378640776699,2861.019417475728,No,0.2049
PRV53775,47,31170,663.1914893617021,11000,0.574468085106383,0.14893617021276595,51.40425531914894,75.51063829787235,2,45,45,26,0.02127659574468085,0,0.0425531914893617,1.0444444444444445,692.6666666666666,No,0.019
PRV53776,200,571960,2859.8,73000,2.185,1.19,253.68,73.815,47,153,191,84,0.005,1,0.235,1.0471204188481675,2994.5549738219897,Yes,0.8122
PRV53779,49,12430,253.6734693877551,2900,2.326530612244898,0.0,2.0408163265306123,69.95918367346938,0,49,48,27,0.0,0,0.0,1.0208333333333333,258.9583333333333,No,0.0023
PRV53780,26,5080,195.3846153846154,1600,1.1153846153846154,0.0,0.0,73.23076923076923,0,26,26,16,0.0,0,0.0,1.0,195.3846153846154,No,0.0008
PRV53781,393,963190,2450.8651399491096,73000,2.4376590330788805,1.2162849872773538,217.02798982188295,73.01526717557252,79,314,371,223,0.002544529262086514,1,0.2010178117048346,1.059299191374663,2596.199460916442,Yes,0.5524
PRV53782,53,17820,336.22641509433964,2800,1.2264150943396226,0.0,0.0,70.60377358490567,0,53,39,18,0.0,0,0.0,1.358974358974359,456.9230769230769,No,0.0015
PRV53783,30,6640,221.33333333333334,3300,1.5333333333333334,0.0,0.0,70.3,0,30,30,24,0.0,0,0.0,1.0,221.33333333333334,No,0.0013
PRV53784,41,5870,143.17073170731706,1100,1.1219512195121952,0.0,5.121951219512195,74.6829268292683,0,41,38,28,0.0,0,0.0,1.0789473684210527,154.47368421052633,No,0.0038
PRV53785,129,54580,423.1007751937984,3300,0.8604651162790697,0.0,3.10077519379845,74.96899224806202,0,129,124,77,0.007751937984496124,0,0.0,1.0403225806451613,440.16129032258067,No,0.0116
PRV53786,1382,715760,517.9160636758321,28000,1.4167872648335744,0.15846599131693198,30.613603473227208,72.87192474674384,36,1346,538,15,0.005788712011577424,1,0.02604920405209841,2.5687732342007434,1330.4089219330856,Yes,0.9119
PRV53787,74,303480,4101.081081081081,22000,2.8378378378378377,2.135135135135135,461.8378378378378,70.20270270270271,32,42,74,30,0.0,1,0.43243243243243246,1.0,4101.081081081081,Yes,0.1662
PRV53788,18,3500,194.44444444444446,900,0.7777777777777778,0.0,0.0,73.44444444444444,0,18,18,11,0.0,0,0.0,1.0,194.44444444444446,No,0.0007
PRV53790,493,642230,1302.6977687626775,57000,2.101419878296146,0.5172413793103449,97.48884381338742,72.55172413793103,44,449,470,242,0.018255578093306288,1,0.08924949290060852,1.048936170212766,1366.4468085106382,Yes,0.8004
PRV53791,92,62190,675.9782608695652,15000,1.5,0.3695652173913043,73.1304347826087,73.19565217391305,6,86,90,29,0.021739130434782608,0,0.06521739130434782,1.0222222222222221,691.0,No,0.0104
PRV53792,53,272510,5141.698113207547,34000,3.792452830188679,2.7547169811320753,665.9245283018868,71.56603773584905,33,20,52,20,0.018867924528301886,1,0.6226415094339622,1.0192307692307692,5240.576923076923,Yes,0.5465
PRV53793,45,25700,571.1111111111111,9200,2.2444444444444445,0.0,0.8888888888888888,75.57777777777778,0,45,37,27,0.022222222222222223,0,0.0,1.2162162162162162,694.5945945945946,No,0.005
PRV53794,167,47640,285.2694610778443,3300,1.0,0.0,3.1736526946107784,72.93413173652695,0,167,160,92,0.017964071856287425,0,0.0,1.04375,297.75,No,0.0073
PRV53796,28,5960,212.85714285714286,1300,1.6071428571428572,0.0,3.5714285714285716,64.92857142857143,0,28,27,14,0.0,0,0.0,1.037037037037037,220.74074074074073,No,0.0034
PRV53797,4739,1303600,275.0791306182739,16100,1.2357037349651825,0.0,2.958430048533446,73.06372652458325,0,4739,2020,7,0.007385524372230428,1,0.0,2.346039603960396,645.3465346534654,Yes,0.9711
PRV53798,38,15620,411.05263157894734,3300,0.05263157894736842,0.0,0.0,72.55263157894737,0,38,38,16,0.0,0,0.0,1.0,411.05263157894734,No,0.0022
PRV53799,753,306440,406.95883134130145,36000,1.4223107569721116,0.08632138114209828,23.50863213811421,73.80212483399734,14,739,676,265,0.006640106241699867,0,0.01859229747675963,1.113905325443787,453.31360946745565,No,0.103
PRV53801,59,26260,445.08474576271186,3300,0.4915254237288136,0.0,2.3728813559322033,73.77966101694915,0,59,58,39,0.01694915254237288,0,0.0,1.0172413793103448,452.7586206896552,No,0.0037
PRV53802,80,459870,5748.375,37000,3.9625,3.65,589.4,70.5125,46,34,76,29,0.0125,0,0.575,1.0526315789473684,6050.921052631579,No,0.4109
PRV53805,70,22520,321.7142857142857,3300,0.5857142857142857,0.0,2.0,70.68571428571428,0,70,69,37,0.014285714285714285,0,0.0,1.0144927536231885,326.3768115942029,No,0.0024
PRV53806,173,50270,290.5780346820809,3100,2.2716763005780347,0.0,3.179190751445087,71.90751445086705,0,173,161,47,0.011560693641618497,0,0.0,1.0745341614906831,312.2360248447205,No,0.0064
PRV53807,158,375030,2373.6075949367087,42000,1.981012658227848,1.3924050632911393,245.1139240506329,73.31012658227849,36,122,155,79,0.006329113924050633,0,0.22784810126582278,1.0193548387096774,2419.548387096774,No,0.2766
PRV53808,493,1927250,3909.2292089249495,57000,3.1419878296146044,2.3286004056795133,422.15415821501017,73.4685598377282,195,298,468,146,0.006085192697768763,1,0.39553752535496955,1.0534188034188035,4118.055555555556,Yes,0.9518
PRV53812,2,260,130.0,200,0.0,0.0,0.0,81.5,0,2,2,2,0.0,0,0.0,1.0,130.0,No,0.0024
PRV53814,53,30040,566.7924528301887,9000,1.3584905660377358,0.22641509433962265,61.20754716981132,76.39622641509433,3,50,52,8,0.018867924528301886,0,0.05660377358490566,1.0192307692307692,577.6923076923077,No,0.0184
PRV53815,11,1800,163.63636363636363,900,0.0,0.0,0.0,71.54545454545455,0,11,11,2,0.0,0,0.0,1.0,163.63636363636363,No,0.0007
PRV53816,194,57210,294.89690721649487,3300,1.4381443298969072,0.0,4.948453608247423,72.70618556701031,0,194,177,3,0.010309278350515464,0,0.0,1.0960451977401129,323.22033898305085,No,0.0068
PRV53817,21,5180,246.66666666666666,1200,1.8095238095238095,0.0,0.0,74.71428571428571,0,21,21,2,0.0,0,0.0,1.0,246.66666666666666,No,0.0013
PRV53818,10,1020,102.0,300,2.0,0.0,0.0,73.4,0,10,9,1,0.0,0,0.0,1.1111111111111112,113.33333333333333,No,0.0004
PRV53819,53,17930,338.3018867924528,2900,1.6603773584905661,0.0,3.7735849056603774,70.22641509433963,0,53,40,1,0.018867924528301886,0,0.0,1.325,448.25,No,0.0037
PRV53820,15,2450,163.33333333333334,700,2.3333333333333335,0.0,2.6666666666666665,72.8,0,15,15,2,0.0,0,0.0,1.0,163.33333333333334,No,0.0006
PRV53821,10,1070,107.0,700,3.5,0.0,0.0,75.9,0,10,10,1,0.0,0,0.0,1.0,107.0,No,0.0006
PRV53824,114,35580,312.10526315789474,4200,0.9035087719298246,0.0,3.0701754385964914,74.30701754385964,0,114,91,1,0.0,0,0.0,1.2527472527472527,390.989010989011,No,0.0038
PRV53827,9,2830,314.44444444444446,800,4.555555555555555,0.0,11.11111111111111,75.77777777777777,0,9,9,1,0.0,0,0.0,1.0,314.44444444444446,No,0.0016
PRV53828,28,6260,223.57142857142858,1000,0.03571428571428571,0.0,0.0,72.25,0,28,24,1,0.03571428571428571,0,0.0,1.1666666666666667,260.8333333333333,No,0.006
PRV53829,16,5910,369.375,2400,1.9375,0.0,11.25,71.9375,0,16,16,2,0.0,0,0.0,1.0,369.375,No,0.0013
PRV53831,83,27550,331.9277108433735,3300,1.4337349397590362,0.0,1.2048192771084338,67.4578313253012,0,83,71,2,0.0,0,0.0,1.1690140845070423,388.0281690140845,No,0.0021
PRV53832,12,4910,409.1666666666667,1900,2.0833333333333335,0.0,0.0,71.5,0,12,12,1,0.0,0,0.0,1.0,409.1666666666667,No,0.0005
PRV53835,8,2300,287.5,800,3.5,0.0,0.0,68.25,0,8,8,2,0.0,0,0.0,1.0,287.5,No,0.0009
PRV53836,49,10970,223.87755102040816,1600,0.42857142857142855,0.0,2.0408163265306123,72.85714285714286,0,49,44,1,0.0,0,0.0,1.1136363636363635,249.3181818181818,No,0.0021
PRV53837,13,2490,191.53846153846155,800,2.769230769230769,0.0,6.153846153846154,77.6923076923077,0,13,13,2,0.0,0,0.0,1.0,191.53846153846155,No,0.0012
PRV53838,194,57800,297.9381443298969,3300,0.8298969072164949,0.0,1.3917525773195876,73.97422680412372,0,194,148,1,0.010309278350515464,0,0.0,1.3108108108108107,390.5405405405405,No,0.0085
PRV53839,1,0,0.0,0,0.0,0.0,0.0,73.0,0,1,1,1,0.0,0,0.0,1.0,0.0,No,0.001
PRV53840,6,460,76.66666666666667,200,0.0,0.0,6.666666666666667,71.16666666666667,0,6,6,1,0.0,0,0.0,1.0,76.66666666666667,No,0.0013
PRV53841,22,3370,153.1818181818182,700,0.0,0.0,4.545454545454546,75.5909090909091,0,22,19,4,0.0,0,0.0,1.1578947368421053,177.3684210526316,No,0.0045
PRV53842,7,2410,344.2857142857143,2100,4.0,0.0,0.0,78.85714285714286,0,7,7,1,0.0,0,0.0,1.0,344.2857142857143,No,0.0009
PRV53843,14,1460,104.28571428571429,500,1.6428571428571428,0.0,0.7142857142857143,82.35714285714286,0,14,14,2,0.0,0,0.0,1.0,104.28571428571429,No,0.0008
PRV53844,53,7910,149.24528301886792,1000,0.6037735849056604,0.0,0.5660377358490566,75.45283018867924,0,53,40,1,0.0,0,0.0,1.325,197.75,No,0.0071
PRV53845,20,9160,458.0,3200,0.4,0.0,17.0,75.95,0,20,18,1,0.0,0,0.0,1.1111111111111112,508.8888888888889,No,0.0126
PRV53846,12,2640,220.0,1100,0.0,0.0,0.0,77.5,0,12,11,1,0.0,0,0.0,1.0909090909090908,240.0,No,0.0015
PRV53848,8,1080,135.0,800,0.0,0.0,0.0,77.625,0,8,8,3,0.0,0,0.0,1.0,135.0,No,0.0011
PRV53849,21,2930,139.52380952380952,600,0.09523809523809523,0.0,0.0,80.52380952380952,0,21,20,1,0.0,0,0.0,1.05,146.5,No,0.0028
PRV53850,10,1720,172.0,1100,3.3,0.0,0.0,69.9,0,10,10,1,0.0,0,0.0,1.0,172.0,No,0.0007
PRV53851,48,21100,439.5833333333333,7300,1.3541666666666667,0.0,3.3333333333333335,70.66666666666667,0,48,47,3,0.0,0,0.0,1.0212765957446808,448.93617021276594,No,0.003
PRV53855,20,141000,7050.0,22000,4.05,4.05,1068.0,70.9,20,0,17,8,0.0,1,1.0,1.1764705882352942,8294.117647058823,Yes,0.3692
PRV53857,10,140000,14000.0,38000,6.7,6.7,1068.0,75.8,10,0,10,2,0.0,0,1.0,1.0,14000.0,No,0.0549
PRV53859,143,33810,236.43356643356643,3300,1.944055944055944,0.0,4.125874125874126,71.15384615384616,0,143,134,7,0.013986013986013986,0,0.0,1.0671641791044777,252.3134328358209,No,0.01
PRV53860,1,100,100.0,100,0.0,0.0,0.0,63.0,0,1,1,1,0.0,0,0.0,1.0,100.0,No,0.0012
PRV53861,2,11000,5500.0,7000,6.0,6.0,1068.0,60.5,2,0,2,2,0.0,0,1.0,1.0,5500.0,No,0.003
PRV53862,6,50100,8350.0,20000,4.166666666666667,4.166666666666667,712.0,78.83333333333333,4,2,6,3,0.0,0,0.6666666666666666,1.0,8350.0,No,0.0241
PRV53864,2,460,230.0,400,0.5,0.0,0.0,84.0,0,2,2,1,0.0,0,0.0,1.0,230.0,No,0.003
PRV53865,6,60000,10000.0,12000,5.166666666666667,5.166666666666667,1068.0,77.33333333333333,6,0,6,1,0.0,0,1.0,1.0,10000.0,No,0.0126
PRV53867,13,93270,7174.615384615385,34000,4.923076923076923,4.846153846153846,739.3846153846154,71.84615384615384,9,4,13,8,0.07692307692307693,0,0.6923076923076923,1.0,7174.615384615385,No,0.1229
PRV53868,28,161420,5765.0,57000,2.4642857142857144,2.2142857142857144,384.2857142857143,72.75,10,18,27,21,0.0,0,0.35714285714285715,1.037037037037037,5978.518518518518,No,0.1674
PRV53871,1220,272730,223.54918032786884,6060,1.2254098360655739,0.0,2.69672131147541,72.4311475409836,0,1220,531,6,0.010655737704918032,0,0.0,2.297551789077213,513.6158192090395,No,0.1227
PRV53872,231,170480,738.008658008658,28000,1.41991341991342,0.18614718614718614,43.6017316017316,71.61471861471861,9,222,142,24,0.008658008658008658,0,0.03896103896103896,1.6267605633802817,1200.5633802816901,No,0.1937
PRV53873,82,116650,1422.560975609756,19000,1.7439024390243902,0.8658536585365854,185.5121951219512,76.1829268292683,14,68,76,19,0.012195121951219513,0,0.17073170731707318,1.0789473684210527,1534.8684210526317,No,0.0304
PRV53874,524,149580,285.4580152671756,3300,1.4408396946564885,0.0,3.263358778625954,71.88740458015268,0,524,416,15,0.003816793893129771,0,0.0,1.2596153846153846,359.5673076923077,No,0.0124
PRV53875,41,9290,226.58536585365854,2700,2.926829268292683,0.0,0.7317073170731707,73.41463414634147,0,41,35,32,0.024390243902439025,0,0.0,1.1714285714285715,265.42857142857144,No,0.0028
PRV53876,125,31310,250.48,3300,1.096,0.0,3.6,72.688,0,125,60,7,0.016,0,0.0,2.0833333333333335,521.8333333333334,No,0.0112
PRV53877,19,6750,355.2631578947368,2000,2.1578947368421053,0.0,0.5263157894736842,73.6842105263158,0,19,17,13,0.05263157894736842,0,0.0,1.1176470588235294,397.05882352941177,No,0.0013
PRV53878,46,48670,1058.0434782608695,17000,2.6956521739130435,0.5217391304347826,122.3913043478261,69.47826086956522,5,41,40,35,0.0,0,0.10869565217391304,1.15,1216.75,No,0.031
PRV53879,15,1340,89.33333333333333,500,0.0,0.0,0.0,75.46666666666667,0,15,15,6,0.0,0,0.0,1.0,89.33333333333333,No,0.001
PRV53880,61,19790,324.42622950819674,3300,0.9508196721311475,0.0,2.2950819672131146,74.1639344262295,0,61,46,18,0.0,0,0.0,1.326086956521739,430.2173913043478,No,0.0015
PRV53884,269,1039970,3866.059479553903,57000,2.7843866171003717,2.0483271375464684,462.18587360594796,72.88104089219331,117,152,226,61,0.011152416356877323,1,0.4349442379182156,1.1902654867256637,4601.637168141593,Yes,0.9111
PRV53885,12,49630,4135.833333333333,15000,2.8333333333333335,2.0833333333333335,534.0,78.08333333333333,6,6,12,10,0.0,0,0.5,1.0,4135.833333333333,No,0.0115
PRV53887,598,165500,276.75585284280936,3370,1.2692307692307692,0.0,1.6387959866220736,71.11036789297658,0,598,213,6,0.005016722408026756,1,0.0,2.807511737089202,776.9953051643192,Yes,0.6835
PRV53888,70,19410,277.2857142857143,3300,1.7428571428571429,0.0,2.142857142857143,73.34285714285714,0,70,56,28,0.02857142857142857,0,0.0,1.25,346.60714285714283,No,0.0023
PRV53889,195,98480,505.02564102564105,19000,1.1948717948717948,0.18461538461538463,52.06153846153846,72.3025641025641,9,186,187,116,0.0,0,0.046153846153846156,1.0427807486631016,526.6310160427807,No,0.0595
PRV53891,22,10530,478.6363636363636,3300,1.7272727272727273,0.0,4.545454545454546,72.63636363636364,0,22,22,9,0.0,0,0.0,1.0,478.6363636363636,No,0.0025
PRV53892,119,150340,1263.361344537815,40000,1.2773109243697478,0.40336134453781514,74.0672268907563,73.00840336134453,8,111,115,40,0.0,0,0.06722689075630252,1.0347826086956522,1307.304347826087,No,0.0535
PRV53894,217,268080,1235.3917050691243,57000,1.7004608294930876,0.45622119815668205,77.6958525345622,71.6221198156682,15,202,97,6,0.004608294930875576,1,0.06912442396313365,2.2371134020618557,2763.7113402061855,Yes,0.4381
PRV53895,1273,401380,315.30243519245874,12300,1.6087981146897095,0.0,2.568735271013354,71.85467399842891,0,1273,576,3,0.014139827179890024,1,0.0,2.2100694444444446,696.8402777777778,Yes,0.9111
PRV53896,43,10950,254.65116279069767,3300,1.1627906976744187,0.0,3.255813953488372,73.04651162790698,0,43,38,26,0.023255813953488372,0,0.0,1.131578947368421,288.1578947368421,No,0.0028
PRV53899,3,120,40.0,100,0.0,0.0,3.3333333333333335,60.666666666666664,0,3,3,3,0.0,0,0.0,1.0,40.0,No,0.0018
PRV53900,789,201850,255.83016476552598,3300,1.4955640050697085,0.0,3.3840304182509504,73.29911280101395,0,789,317,11,0.005069708491761723,1,0.0,2.4889589905362777,636.7507886435332,Yes,0.5783
PRV53901,14,5400,385.7142857142857,2200,3.0,0.0,0.0,73.07142857142857,0,14,14,10,0.0,0,0.0,1.0,385.7142857142857,No,0.0005
PRV53905,77,21730,282.2077922077922,2200,1.4415584415584415,0.0,2.857142857142857,74.87012987012987,0,77,72,37,0.0,0,0.0,1.0694444444444444,301.80555555555554,No,0.0009
PRV53906,4,480,120.0,300,0.75,0.0,0.0,72.0,0,4,4,3,0.0,0,0.0,1.0,120.0,No,0.0007
PRV53907,126,45960,364.76190476190476,9100,0.8888888888888888,0.0,1.5873015873015872,70.73015873015873,0,126,120,66,0.0,0,0.0,1.05,383.0,No,0.0048
PRV53908,15,8510,567.3333333333334,3000,4.2,0.0,4.0,63.666666666666664,0,15,15,13,0.0,0,0.0,1.0,567.3333333333334,No,0.0019
PRV53909,256,79990,312.4609375,3300,1.578125,0.0,0.78125,73.33984375,0,256,154,30,0.02734375,0,0.0,1.6623376623376624,519.4155844155844,No,0.0067
PRV53910,96,275480,2869.5833333333335,47000,3.1666666666666665,2.1041666666666665,283.2291666666667,74.0,27,69,91,59,0.010416666666666666,0,0.28125,1.054945054945055,3027.252747252747,No,0.3432
PRV53911,536,374480,698.6567164179105,38000,2.074626865671642,0.23507462686567165,29.83582089552239,73.67537313432835,14,522,201,55,0.011194029850746268,1,0.026119402985074626,2.6666666666666665,1863.084577114428,Yes,0.9014
PRV53912,66,16820,254.84848484848484,2300,2.0757575757575757,0.0,3.1818181818181817,73.42424242424242,0,66,61,41,0.0,0,0.0,1.0819672131147542,275.73770491803276,No,0.0012
PRV53913,131,36180,276.1832061068702,2700,1.549618320610687,0.0,1.984732824427481,73.70229007633588,0,131,129,54,0.007633587786259542,0,0.0,1.0155038759689923,280.4651162790698,No,0.0017
PRV53915,545,152600,280.0,3300,1.2256880733944955,0.0,2.770642201834862,72.63119266055045,0,545,434,27,0.005504587155963303,0,0.0,1.2557603686635945,351.61290322580646,No,0.0172
PRV53916,192,43180,224.89583333333334,3300,0.9375,0.0,5.833333333333333,73.3125,0,192,109,5,0.0,0,0.0,1.761467889908257,396.1467889908257,No,0.0138
PRV53917,200,122200,611.0,28000,1.795,0.215,40.23,73.895,7,193,106,28,0.0,0,0.035,1.8867924528301887,1152.8301886792453,No,0.0688
PRV53918,3588,1014510,282.75083612040135,6800,1.3255295429208473,0.0,2.536231884057971,72.63489409141583,0,3588,1709,19,0.00975473801560758,1,0.0,2.099473376243417,593.6278525453481,Yes,0.9662
PRV53919,24,54050,2252.0833333333335,12000,4.875,2.125,274.9166666666667,71.41666666666667,6,18,22,9,0.0,1,0.25,1.0909090909090908,2456.818181818182,Yes,0.7082
PRV53920,221,95610,432.6244343891403,30000,1.2217194570135748,0.07239819004524888,18.11764705882353,72.67873303167421,3,218,118,21,0.00904977375565611,0,0.013574660633484163,1.8728813559322033,810.2542372881356,No,0.05
PRV53921,768,322230,419.5703125,13000,1.4036458333333333,0.044270833333333336,14.520833333333334,72.62369791666667,9,759,498,49,0.010416666666666666,0,0.01171875,1.5421686746987953,647.0481927710844,No,0.0968
PRV53922,55,13530,246.0,1900,1.7454545454545454,0.0,3.6363636363636362,73.56363636363636,0,55,51,25,0.0,0,0.0,1.0784313725490196,265.29411764705884,No,0.0014
PRV53923,155,270400,1744.516129032258,34000,2.0451612903225804,0.7290322580645161,207.48387096774192,71.51612903225806,30,125,139,72,0.0,1,0.1935483870967742,1.1151079136690647,1945.3237410071943,Yes,0.6176
PRV53924,1,0,0.0,0,2.0,0.0,0.0,44.0,0,1,1,1,0.0,0,0.0,1.0,0.0,No,0.001
PRV53925,61,160200,2626.2295081967213,14000,2.540983606557377,1.4754098360655739,351.8032786885246,72.54098360655738,20,41,58,30,0.0,0,0.32786885245901637,1.0517241379310345,2762.0689655172414,No,0.2094
PRV53926,27,8840,327.4074074074074,3100,0.7407407407407407,0.0,4.444444444444445,72.14814814814815,0,27,26,20,0.0,0,0.0,1.0384615384615385,340.0,No,0.0026
PRV53927,11,3600,327.27272727272725,2200,1.9090909090909092,0.0,0.0,75.54545454545455,0,11,11,9,0.0,0,0.0,1.0,327.27272727272725,No,0.0006
PRV53928,41,23750,579.2682926829268,5000,1.146341463414634,0.1951219512195122,80.34146341463415,71.0,3,38,41,29,0.0,0,0.07317073170731707,1.0,579.2682926829268,No,0.0048
PRV53931,55,40410,734.7272727272727,15000,1.1272727272727272,0.14545454545454545,61.70909090909091,74.38181818181818,3,52,48,28,0.0,0,0.05454545454545454,1.1458333333333333,841.875,No,0.0094
PRV53932,304,920140,3026.7763157894738,57000,2.335526315789474,1.444078947368421,283.1578947368421,72.32894736842105,82,222,283,210,0.01644736842105263,0,0.26973684210526316,1.0742049469964665,3251.3780918727916,No,0.2492
PRV53933,265,81990,309.39622641509436,9100,1.5320754716981133,0.0,1.8867924528301887,73.75094339622642,0,265,136,23,0.0,0,0.0,1.9485294117647058,602.8676470588235,No,0.0069
PRV53934,122,33500,274.59016393442624,3010,1.6721311475409837,0.0,4.344262295081967,74.75409836065573,0,122,97,69,0.0,0,0.0,1.2577319587628866,345.36082474226805,No,0.0064
PRV53935,12,5410,450.8333333333333,2600,0.08333333333333333,0.0,0.0,72.33333333333333,0,12,12,11,0.0,0,0.0,1.0,450.8333333333333,No,0.0009
PRV53937,38,217970,5736.0526315789475,42000,4.131578947368421,3.0789473684210527,478.8421052631579,71.1842105263158,17,21,38,27,0.0,1,0.4473684210526316,1.0,5736.0526315789475,Yes,0.6609
PRV53938,111,653670,5888.918918918919,57000,3.954954954954955,3.3423423423423424,779.3513513513514,75.33333333333333,82,29,89,20,0.02702702702702703,1,0.7387387387387387,1.247191011235955,7344.606741573034,Yes,0.8856
PRV53939,304,193440,636.3157894736842,44000,1.2598684210526316,0.1611842105263158,25.125,71.02302631578948,6,298,178,23,0.009868421052631578,0,0.019736842105263157,1.7078651685393258,1086.741573033708,No,0.1341
PRV53940,97,21890,225.6701030927835,2500,1.6288659793814433,0.0,3.402061855670103,74.09278350515464,0,97,93,62,0.0,0,0.0,1.043010752688172,235.3763440860215,No,0.0014
PRV53941,77,82160,1067.012987012987,14000,2.3636363636363638,0.22077922077922077,84.12987012987013,72.18181818181819,6,71,72,34,0.012987012987012988,0,0.07792207792207792,1.0694444444444444,1141.111111111111,No,0.0205
PRV53942,25,77620,3104.8,15000,3.48,1.88,347.36,73.64,8,17,24,12,0.04,0,0.32,1.0416666666666667,3234.1666666666665,No,0.0605
PRV53943,109,91800,842.2018348623853,28000,1.3394495412844036,0.3669724770642202,80.58715596330275,74.1651376146789,8,101,103,46,0.009174311926605505,0,0.07339449541284404,1.058252427184466,891.2621359223301,No,0.0191
PRV53944,104,21740,209.03846153846155,3300,0.7884615384615384,0.0,4.134615384615385,69.98076923076923,0,104,55,2,0.0,0,0.0,1.8909090909090909,395.27272727272725,No,0.0099
PRV53945,49,15300,312.2448979591837,3300,1.6938775510204083,0.0,3.2653061224489797,74.9795918367347,0,49,47,25,0.0,0,0.0,1.0425531914893618,325.531914893617,No,0.0019
PRV53946,21,10070,479.5238095238095,2500,0.14285714285714285,0.0,4.761904761904762,75.0952380952381,0,21,21,13,0.0,0,0.0,1.0,479.5238095238095,No,0.0123
PRV53947,8,430,53.75,100,2.0,0.0,0.0,72.625,0,8,8,7,0.0,0,0.0,1.0,53.75,No,0.001
PRV53949,5,710,142.0,300,1.8,0.0,6.0,69.8,0,5,5,5,0.0,0,0.0,1.0,142.0,No,0.0017
PRV53950,298,82130,275.6040268456376,3600,2.0671140939597317,0.0,2.651006711409396,71.85570469798658,0,298,235,16,0.013422818791946308,0,0.0,1.2680851063829788,349.48936170212767,No,0.0233
PRV53951,54,223620,4141.111111111111,63000,2.0555555555555554,1.6851851851851851,436.22222222222223,74.72222222222223,22,32,49,34,0.0,1,0.4074074074074074,1.1020408163265305,4563.673469387755,Yes,0.2704
PRV53952,15,4580,305.3333333333333,1700,1.0,0.0,0.0,65.6,0,15,13,9,0.0,0,0.0,1.1538461538461537,352.3076923076923,No,0.0022
PRV53956,526,157610,299.638783269962,6800,1.7395437262357414,0.0,3.2129277566539924,72.45437262357414,0,526,454,10,0.0076045627376425855,0,0.0,1.158590308370044,347.15859030837004,No,0.0432
PRV53957,15,6640,442.6666666666667,3000,1.6,0.0,0.0,74.4,0,15,14,8,0.0,0,0.0,1.0714285714285714,474.2857142857143,No,0.0007
PRV53958,713,475260,666.5638148667601,21000,1.7994389901823282,0.14866760168302945,35.21178120617111,70.5610098176718,23,690,340,14,0.005610098176718092,0,0.03225806451612903,2.097058823529412,1397.8235294117646,No,0.4939
PRV53959,214,896830,4190.794392523365,67000,3.2009345794392523,2.2336448598130842,369.86915887850466,71.1588785046729,76,138,202,105,0.004672897196261682,1,0.35514018691588783,1.0594059405940595,4439.752475247525,Yes,0.8915
PRV53960,420,127360,303.23809523809524,3300,1.7976190476190477,0.0,2.4523809523809526,73.22857142857143,0,420,115,22,0.016666666666666666,0,0.0,3.652173913043478,1107.4782608695652,No,0.2241
PRV53961,129,811460,6290.387596899225,57000,4.209302325581396,3.7209302325581395,797.4263565891473,74.1937984496124,97,32,124,23,0.007751937984496124,1,0.751937984496124,1.0403225806451613,6544.032258064516,Yes,0.9092
PRV53963,39,70660,1811.7948717948718,47000,2.1025641025641026,0.3333333333333333,110.05128205128206,74.25641025641026,4,35,37,33,0.0,0,0.10256410256410256,1.054054054054054,1909.7297297297298,No,0.0267
PRV53964,146,40830,279.6575342465753,3300,1.452054794520548,0.0,1.5068493150684932,64.82876712328768,0,146,81,14,0.02054794520547945,0,0.0,1.8024691358024691,504.0740740740741,No,0.011
PRV53965,110,32070,291.54545454545456,3300,1.3909090909090909,0.0,1.5454545454545454,71.9090909090909,0,110,33,13,0.0,0,0.0,3.3333333333333335,971.8181818181819,No,0.0101
PRV53966,2,500,250.0,300,0.0,0.0,0.0,65.5,0,2,2,2,0.0,0,0.0,1.0,250.0,No,0.0011
PRV53967,2,100,50.0,80,0.0,0.0,0.0,79.0,0,2,2,1,0.0,0,0.0,1.0,50.0,No,0.0017
PRV53968,32,6600,206.25,2200,2.0,0.0,4.6875,71.8125,0,32,30,8,0.0,0,0.0,1.0666666666666667,220.0,No,0.0032
PRV53969,118,35990,305.0,3300,1.194915254237288,0.0,2.457627118644068,71.61864406779661,0,118,72,16,0.00847457627118644,0,0.0,1.6388888888888888,499.8611111111111,No,0.009
PRV53970,4,65200,16300.0,32000,3.0,2.75,801.0,79.25,3,1,4,2,0.0,0,0.75,1.0,16300.0,No,0.0222
PRV53971,102,22210,217.7450980392157,2200,0.6666666666666666,0.0,8.03921568627451,73.79411764705883,0,102,55,4,0.00980392156862745,0,0.0,1.8545454545454545,403.8181818181818,No,0.0031
PRV53972,74,51920,701.6216216216217,14000,1.8918918918918919,0.3108108108108108,88.89189189189189,70.36486486486487,6,68,61,19,0.013513513513513514,0,0.08108108108108109,1.2131147540983607,851.1475409836065,No,0.031
PRV53973,170,45130,265.47058823529414,3300,1.723529411764706,0.0,2.2941176470588234,72.62352941176471,0,170,84,13,0.041176470588235294,0,0.0,2.0238095238095237,537.2619047619048,No,0.0082
PRV53974,67,12950,193.28358208955223,2500,1.2388059701492538,0.0,0.8955223880597015,70.5223880597015,0,67,59,13,0.0,0,0.0,1.1355932203389831,219.4915254237288,No,0.0013
PRV53975,70,11390,162.71428571428572,1900,0.5857142857142857,0.0,6.0,74.04285714285714,0,70,42,10,0.0,0,0.0,1.6666666666666667,271.1904761904762,No,0.0065
PRV53977,65,22120,340.3076923076923,4030,1.9230769230769231,0.0,0.0,72.15384615384616,0,65,40,2,0.0,0,0.0,1.625,553.0,No,0.0012
PRV53978,1,100,100.0,100,0.0,0.0,0.0,85.0,0,1,1,1,0.0,0,0.0,1.0,100.0,No,0.0043
PRV53979,77,26170,339.87012987012986,3300,1.0129870129870129,0.0,2.4675324675324677,70.55844155844156,0,77,38,16,0.0,0,0.0,2.026315789473684,688.6842105263158,No,0.0063
PRV53980,22,3730,169.54545454545453,1000,1.6363636363636365,0.0,0.0,72.36363636363636,0,22,15,10,0.0,0,0.0,1.4666666666666666,248.66666666666666,No,0.0019
PRV53981,22,4810,218.63636363636363,2500,0.045454545454545456,0.0,0.0,73.36363636363636,0,22,22,13,0.045454545454545456,0,0.0,1.0,218.63636363636363,No,0.0025
PRV53982,9,980,108.88888888888889,300,1.2222222222222223,0.0,0.0,66.88888888888889,0,9,9,5,0.0,0,0.0,1.0,108.88888888888889,No,0.0007
PRV53983,24,6400,266.6666666666667,3300,0.08333333333333333,0.0,0.8333333333333334,69.29166666666667,0,24,23,8,0.0,0,0.0,1.0434782608695652,278.2608695652174,No,0.003
PRV53985,197,163330,829.0862944162436,31000,2.0964467005076144,0.3299492385786802,46.263959390862944,71.39086294416244,8,189,62,8,0.01015228426395939,1,0.04060913705583756,3.1774193548387095,2634.3548387096776,Yes,0.7471
PRV53986,45,90060,2001.3333333333333,20000,3.3777777777777778,1.7333333333333334,264.1777777777778,74.86666666666666,11,34,42,14,0.0,0,0.24444444444444444,1.0714285714285714,2144.285714285714,No,0.074
PRV53988,32,6360,198.75,800,0.65625,0.0,0.0,78.75,0,32,25,20,0.0,0,0.0,1.28,254.4,No,0.0039
PRV53989,27,22130,819.6296296296297,13000,1.8148148148148149,0.5925925925925926,42.51851851851852,77.03703703703704,1,26,22,14,0.0,0,0.037037037037037035,1.2272727272727273,1005.9090909090909,No,0.0029
PRV53990,99,63350,639.89898989899,12000,1.4646464646464648,0.5050505050505051,55.95959595959596,74.34343434343434,5,94,56,24,0.010101010101010102,0,0.050505050505050504,1.7678571428571428,1131.25,No,0.022
PRV53991,62,14050,226.61290322580646,2400,0.9838709677419355,0.0,2.5806451612903225,72.19354838709677,0,62,57,12,0.016129032258064516,0,0.0,1.087719298245614,246.49122807017545,No,0.0038
PRV53992,244,87620,359.0983606557377,3300,1.6475409836065573,0.0,1.9672131147540983,76.63524590163935,0,244,101,3,0.01639344262295082,0,0.0,2.4158415841584158,867.5247524752475,No,0.0651
PRV53993,201,53770,267.5124378109453,3000,1.7313432835820894,0.0,2.7860696517412937,71.72139303482587,0,201,107,17,0.0,0,0.0,1.8785046728971964,502.5233644859813,No,0.0088
PRV53994,174,46000,264.367816091954,3300,1.0747126436781609,0.0,2.586206896551724,77.72988505747126,0,174,62,2,0.0,0,0.0,2.806451612903226,741.9354838709677,No,0.0186
PRV53995,3,440,146.66666666666666,300,0.3333333333333333,0.0,0.0,75.66666666666667,0,3,3,3,0.0,0,0.0,1.0,146.66666666666666,No,0.0018
PRV53996,5,11390,2278.0,11000,2.0,2.0,427.2,73.4,2,3,5,4,0.0,0,0.4,1.0,2278.0,No,0.0015
PRV53997,172,70230,408.3139534883721,3300,2.308139534883721,0.0,1.802325581395349,72.45348837209302,0,172,95,2,0.0,0,0.0,1.8105263157894738,739.2631578947369,No,0.0117
PRV53999,1,60,60.0,60,0.0,0.0,0.0,65.0,0,1,1,1,0.0,0,0.0,1.0,60.0,No,0.0011
PRV54000,206,42220,204.95145631067962,3300,0.8058252427184466,0.0,3.1553398058252426,75.75728155339806,0,206,95,5,0.0048543689320388345,0,0.0,2.168421052631579,444.42105263157896,No,0.0355
PRV54001,8,61000,7625.0,28000,4.875,4.875,1068.0,68.0,8,0,8,2,0.0,0,1.0,1.0,7625.0,No,0.016
PRV54002,11,2060,187.27272727272728,800,1.8181818181818181,0.0,0.0,73.27272727272727,0,11,11,3,0.0,0,0.0,1.0,187.27272727272728,No,0.0005
PRV54004,8,1090,136.25,400,0.875,0.0,0.0,75.625,0,8,8,1,0.0,0,0.0,1.0,136.25,No,0.0008
PRV54005,8,1800,225.0,800,2.5,0.0,2.5,73.875,0,8,8,2,0.0,0,0.0,1.0,225.0,No,0.0012
PRV54006,1,90,90.0,90,0.0,0.0,0.0,79.0,0,1,1,1,0.0,0,0.0,1.0,90.0,No,0.0021
PRV54007,5,1400,280.0,1100,2.8,0.0,8.0,77.8,0,5,5,2,0.0,0,0.0,1.0,280.0,No,0.0016
PRV54008,50,12860,257.2,2700,1.68,0.0,5.2,73.98,0,50,41,2,0.0,0,0.0,1.2195121951219512,313.6585365853659,No,0.0023
PRV54009,1,40,40.0,40,0.0,0.0,0.0,69.0,0,1,1,1,0.0,0,0.0,1.0,40.0,No,0.0016
PRV54011,2,70,35.0,40,0.0,0.0,0.0,69.0,0,2,2,2,0.0,0,0.0,1.0,35.0,No,0.0018
PRV54012,8,3800,475.0,2600,0.0,0.0,0.0,65.25,0,8,8,2,0.0,0,0.0,1.0,475.0,No,0.0031
PRV54013,1,100,100.0,100,0.0,0.0,0.0,70.0,0,1,1,1,0.0,0,0.0,1.0,100.0,No,0.0018
PRV54014,2,410,205.0,400,0.0,0.0,0.0,88.0,0,2,2,2,0.0,0,0.0,1.0,205.0,No,0.0177
PRV54016,4,640,160.0,500,1.75,0.0,20.0,76.75,0,4,4,2,0.0,0,0.0,1.0,160.0,No,0.0015
PRV54017,13,2610,200.76923076923077,1800,0.5384615384615384,0.0,0.0,67.0,0,13,13,2,0.0,0,0.0,1.0,200.76923076923077,No,0.0014
PRV54019,4,900,225.0,500,0.0,0.0,0.0,70.75,0,4,4,2,0.0,0,0.0,1.0,225.0,No,0.0011
PRV54020,7,2050,292.85714285714283,800,5.285714285714286,0.0,5.714285714285714,67.28571428571429,0,7,6,1,0.0,0,0.0,1.1666666666666667,341.6666666666667,No,0.0025
PRV54021,20,1980,99.0,700,0.0,0.0,9.5,75.8,0,20,19,2,0.05,0,0.0,1.0526315789473684,104.21052631578948,No,0.0229
PRV54023,18,2060,114.44444444444444,500,0.0,0.0,0.0,76.94444444444444,0,18,14,1,0.0,0,0.0,1.2857142857142858,147.14285714285714,No,0.0026
PRV54024,38,17870,470.2631578947368,3300,3.4473684210526314,0.0,1.0526315789473684,69.28947368421052,0,38,32,2,0.05263157894736842,0,0.0,1.1875,558.4375,No,0.0088
PRV54025,20,8980,449.0,3300,2.0,0.0,5.0,68.85,0,20,18,1,0.0,0,0.0,1.1111111111111112,498.8888888888889,No,0.0031
PRV54026,3,2420,806.6666666666666,2200,0.0,0.0,16.666666666666668,74.66666666666667,0,3,3,2,0.0,0,0.0,1.0,806.6666666666666,No,0.002
PRV54027,14,1390,99.28571428571429,600,1.0,0.0,0.0,73.71428571428571,0,14,8,3,0.0,0,0.0,1.75,173.75,No,0.0023
PRV54028,6,720,120.0,400,0.0,0.0,0.0,68.0,0,6,6,3,0.0,0,0.0,1.0,120.0,No,0.0009
PRV54029,2,320,160.0,300,0.0,0.0,0.0,74.5,0,2,2,1,0.0,0,0.0,1.0,160.0,No,0.0011
PRV54030,14,2820,201.42857142857142,1900,2.0,0.0,0.0,68.5,0,14,14,2,0.0,0,0.0,1.0,201.42857142857142,No,0.0011
PRV54031,5,2270,454.0,1800,0.2,0.0,20.0,72.4,0,5,5,2,0.0,0,0.0,1.0,454.0,No,0.002
PRV54033,1,30,30.0,30,0.0,0.0,0.0,54.0,0,1,1,1,0.0,0,0.0,1.0,30.0,No,0.0011
PRV54034,1,70,70.0,70,0.0,0.0,100.0,80.0,0,1,1,1,0.0,0,0.0,1.0,70.0,No,0.0045
PRV54036,100,25890,258.9,3300,1.06,0.0,3.4,71.21,0,100,97,4,0.01,0,0.0,1.0309278350515463,266.9072164948454,No,0.0017
PRV54037,17,10510,618.2352941176471,3300,1.5294117647058822,0.0,0.0,67.76470588235294,0,17,16,3,0.0,0,0.0,1.0625,656.875,No,0.0019
PRV54038,19,5840,307.36842105263156,1900,2.4210526315789473,0.0,4.2105263157894735,80.05263157894737,0,19,15,2,0.0,0,0.0,1.2666666666666666,389.3333333333333,No,0.0022
PRV54039,28,4770,170.35714285714286,900,0.14285714285714285,0.0,1.7857142857142858,75.28571428571429,0,28,18,1,0.03571428571428571,0,0.0,1.5555555555555556,265.0,No,0.0309
PRV54040,2,250,125.0,200,0.0,0.0,0.0,65.5,0,2,2,1,0.0,0,0.0,1.0,125.0,No,0.0012
PRV54041,65,35330,543.5384615384615,14100,2.4153846153846152,0.0,3.076923076923077,76.72307692307692,0,65,32,4,0.0,0,0.0,2.03125,1104.0625,No,0.0199
PRV54043,3,5540,1846.6666666666667,3300,12.666666666666666,0.0,0.0,69.33333333333333,0,3,3,1,0.0,0,0.0,1.0,1846.6666666666667,No,0.0015
PRV54044,6,820,136.66666666666666,400,0.0,0.0,0.0,72.83333333333333,0,6,6,6,0.0,0,0.0,1.0,136.66666666666666,No,0.0006
PRV54045,3,240,80.0,90,6.333333333333333,0.0,0.0,61.333333333333336,0,3,2,1,0.0,0,0.0,1.5,120.0,No,0.004
PRV54046,1,0,0.0,0,20.0,0.0,0.0,77.0,0,1,1,1,0.0,0,0.0,1.0,0.0,No,0.001
PRV54048,4,830,207.5,700,0.0,0.0,0.0,74.0,0,4,4,1,0.0,0,0.0,1.0,207.5,No,0.0014
PRV54049,132,34600,262.1212121212121,3300,1.1818181818181819,0.0,2.5,69.97727272727273,0,132,37,5,0.030303030303030304,0,0.0,3.5675675675675675,935.1351351351351,No,0.0252
PRV54050,1,500,500.0,500,2.0,0.0,0.0,84.0,0,1,1,1,0.0,0,0.0,1.0,500.0,No,0.0028
PRV54051,5,38000,7600.0,13000,4.2,4.2,1068.0,75.8,5,0,5,1,0.0,0,1.0,1.0,7600.0,No,0.0029
PRV54052,6,75000,12500.0,27000,8.333333333333334,8.333333333333334,1068.0,76.16666666666667,6,0,6,1,0.0,0,1.0,1.0,12500.0,No,0.0233
PRV54053,1,10,10.0,10,0.0,0.0,0.0,84.0,0,1,1,1,0.0,0,0.0,1.0,10.0,No,0.0037
PRV54054,1,5000,5000.0,5000,5.0,5.0,1068.0,83.0,1,0,1,1,0.0,0,1.0,1.0,5000.0,No,0.0019
PRV54055,25,214000,8560.0,35000,3.6,3.6,1025.28,74.32,25,0,25,4,0.0,0,1.0,1.0,8560.0,No,0.051
PRV54056,21,197000,9380.952380952382,30000,5.142857142857143,5.142857142857143,966.2857142857143,69.14285714285714,21,0,15,3,0.047619047619047616,1,1.0,1.4,13133.333333333334,Yes,0.7259
PRV54057,1,0,0.0,0,0.0,0.0,0.0,72.0,0,1,1,1,0.0,0,0.0,1.0,0.0,No,0.0009
PRV54058,35,284000,8114.285714285715,28000,6.571428571428571,6.571428571428571,1068.0,67.2,35,0,34,2,0.0,0,1.0,1.0294117647058822,8352.941176470587,No,0.1938
PRV54059,18,172000,9555.555555555555,45000,5.5,5.5,1068.0,69.27777777777777,18,0,18,4,0.0,0,1.0,1.0,9555.555555555555,No,0.1588
PRV54060,16,164000,10250.0,21000,5.875,5.875,1068.0,69.75,16,0,16,1,0.0,0,1.0,1.0,10250.0,No,0.106
PRV54061,11,30470,2770.0,15000,4.545454545454546,4.545454545454546,389.27272727272725,68.9090909090909,4,7,10,8,0.0,0,0.36363636363636365,1.1,3047.0,No,0.0332
PRV54062,11,17730,1611.8181818181818,11000,2.0,0.8181818181818182,198.72727272727272,77.72727272727273,2,9,10,7,0.0,0,0.18181818181818182,1.1,1773.0,No,0.0027
PRV54063,17,8620,507.05882352941177,3300,1.1176470588235294,0.17647058823529413,65.76470588235294,72.41176470588235,1,16,13,12,0.0,0,0.058823529411764705,1.3076923076923077,663.0769230769231,No,0.0035
PRV54064,122,222200,1821.311475409836,34000,3.377049180327869,0.7950819672131147,146.70491803278688,76.01639344262296,16,106,72,15,0.0,0,0.13114754098360656,1.6944444444444444,3086.1111111111113,No,0.2034
PRV54065,94,256620,2730.0,23000,3.25531914893617,1.797872340425532,273.8510638297872,70.95744680851064,24,70,71,19,0.0,1,0.2553191489361702,1.323943661971831,3614.3661971830984,Yes,0.702
PRV54066,148,41710,281.8243243243243,3300,1.777027027027027,0.0,4.864864864864865,72.89189189189189,0,148,110,9,0.0,0,0.0,1.3454545454545455,379.1818181818182,No,0.0049
PRV54068,7,570,81.42857142857143,300,0.0,0.0,0.0,72.0,0,7,7,7,0.0,0,0.0,1.0,81.42857142857143,No,0.0008
PRV54070,1467,393990,268.56850715746424,3300,1.3340149965916837,0.0,2.576687116564417,73.44171779141104,0,1467,1177,256,0.0027266530334014998,1,0.0,1.2463891248937977,334.7408666100255,Yes,0.9442
PRV54071,436,229020,525.2752293577981,20000,2.415137614678899,0.13990825688073394,21.75229357798165,73.16055045871559,8,428,325,24,0.0022935779816513763,0,0.01834862385321101,1.3415384615384616,704.6769230769231,No,0.134
PRV54072,30,105640,3521.3333333333335,34000,2.9,0.9,213.6,68.43333333333334,6,24,26,15,0.03333333333333333,0,0.2,1.1538461538461537,4063.076923076923,No,0.0474
PRV54073,44,116390,2645.2272727272725,34000,1.5227272727272727,0.6363636363636364,173.0909090909091,72.8409090909091,7,37,28,18,0.0,0,0.1590909090909091,1.5714285714285714,4156.785714285715,No,0.0322
PRV54074,113,342890,3034.424778761062,58000,2.3185840707964602,1.1592920353982301,210.76106194690266,73.61946902654867,23,90,109,77,0.0,1,0.20353982300884957,1.036697247706422,3145.7798165137615,Yes,0.4985
PRV54075,1519,697520,459.1968400263331,60000,1.532587228439763,0.11981566820276497,24.863726135615536,73.69256089532587,32,1487,910,38,0.005924950625411455,1,0.02106649111257406,1.6692307692307693,766.5054945054945,Yes,0.9569
PRV54076,52,91970,1768.6538461538462,23000,1.8653846153846154,0.7115384615384616,187.53846153846155,72.9423076923077,9,43,50,26,0.0,0,0.17307692307692307,1.04,1839.4,No,0.0457
PRV54077,76,537320,7070.0,50000,5.578947368421052,4.2631578947368425,702.6315789473684,72.32894736842105,52,24,70,19,0.0,1,0.6842105263157895,1.0857142857142856,7676.0,Yes,0.7156
PRV54078,119,214380,1801.5126050420167,42000,3.0504201680672267,1.4369747899159664,174.9747899159664,69.84873949579831,20,99,109,73,0.0,0,0.16806722689075632,1.091743119266055,1966.788990825688,No,0.3156
PRV54080,573,176370,307.80104712041884,11040,1.5340314136125655,0.0,2.181500872600349,73.36823734729494,0,573,261,5,0.0,0,0.0,2.1954022988505746,675.7471264367816,No,0.1174
PRV54081,14,135200,9657.142857142857,29000,3.9285714285714284,3.9285714285714284,839.1428571428571,73.92857142857143,11,3,13,9,0.07142857142857142,0,0.7857142857142857,1.0769230769230769,10400.0,No,0.081
PRV54082,11,35450,3222.7272727272725,10000,2.6363636363636362,2.6363636363636362,485.45454545454544,76.0909090909091,5,6,11,11,0.0,0,0.45454545454545453,1.0,3222.7272727272725,No,0.0046
PRV54083,279,133780,479.4982078853047,28000,1.6129032258064515,0.21863799283154123,33.562724014336915,74.08243727598567,8,271,173,12,0.0,0,0.02867383512544803,1.6127167630057804,773.2947976878613,No,0.0299
PRV54084,49,82310,1679.795918367347,23000,1.7755102040816326,0.6326530612244898,176.81632653061226,70.6734693877551,8,41,43,43,0.0,0,0.16326530612244897,1.1395348837209303,1914.1860465116279,No,0.0315
PRV54085,234,602110,2573.119658119658,28000,2.3290598290598292,1.2905982905982907,267.1111111111111,72.22222222222223,58,176,197,146,0.0,0,0.24786324786324787,1.1878172588832487,3056.395939086294,No,0.2004
PRV54086,66,12550,190.15151515151516,2700,1.4090909090909092,0.0,4.242424242424242,77.0,0,66,60,39,0.015151515151515152,0,0.0,1.1,209.16666666666666,No,0.0036
PRV54089,41,91230,2225.121951219512,32000,2.8048780487804876,0.9024390243902439,189.17073170731706,70.51219512195122,7,34,41,21,0.0,0,0.17073170731707318,1.0,2225.121951219512,No,0.0861
PRV54090,190,320740,1688.1052631578948,27000,2.2473684210526317,0.8947368421052632,183.03157894736842,74.66842105263157,32,158,123,18,0.005263157894736842,0,0.16842105263157894,1.5447154471544715,2607.642276422764,No,0.173
PRV54091,112,22820,203.75,3300,1.4732142857142858,0.0,1.1607142857142858,77.47321428571429,0,112,76,4,0.044642857142857144,0,0.0,1.4736842105263157,300.2631578947368,No,0.0363
PRV54092,481,141550,294.28274428274426,3300,1.3513513513513513,0.0,3.6590436590436592,73.63825363825364,0,481,401,166,0.010395010395010396,0,0.0,1.199501246882793,352.9925187032419,No,0.0163
PRV54093,89,514980,5786.29213483146,57000,3.5842696629213484,2.853932584269663,482.02247191011236,72.97752808988764,41,48,86,66,0.0,1,0.4606741573033708,1.0348837209302326,5988.139534883721,Yes,0.6162
PRV54096,7,920,131.42857142857142,400,0.0,0.0,0.0,65.14285714285714,0,7,7,5,0.0,0,0.0,1.0,131.42857142857142,No,0.0006
PRV54098,256,120400,470.3125,15000,1.25,0.20703125,35.328125,74.9453125,9,247,96,24,0.0234375,1,0.03515625,2.6666666666666665,1254.1666666666667,Yes,0.5068
PRV54099,217,187860,865.7142857142857,41000,1.3410138248847927,0.21658986175115208,71.80645161290323,73.01382488479263,14,203,97,12,0.004608294930875576,0,0.06451612903225806,2.2371134020618557,1936.701030927835,No,0.3162
PRV54101,29,65790,2268.6206896551726,17000,2.5517241379310347,1.4137931034482758,405.1034482758621,74.58620689655173,11,18,28,22,0.0,0,0.3793103448275862,1.0357142857142858,2349.6428571428573,No,0.0126
PRV54102,23,100720,4379.130434782609,46000,2.347826086956522,1.9565217391304348,373.6521739130435,74.21739130434783,9,14,18,13,0.0,0,0.391304347826087,1.2777777777777777,5595.555555555556,No,0.1133
PRV54103,187,104930,561.1229946524064,17000,0.8021390374331551,0.16042780748663102,47.24064171122995,70.6951871657754,8,179,82,4,0.0,1,0.0427807486631016,2.2804878048780486,1279.6341463414635,Yes,0.4544
PRV54106,39,69910,1792.5641025641025,29000,2.3846153846153846,0.6153846153846154,140.51282051282053,70.61538461538461,5,34,37,25,0.0,0,0.1282051282051282,1.054054054054054,1889.4594594594594,No,0.0495
PRV54107,147,44080,299.86394557823127,3300,1.163265306122449,0.0,1.4965986394557824,72.0952380952381,0,147,129,63,0.0,0,0.0,1.1395348837209303,341.70542635658916,No,0.0021
PRV54109,16,4950,309.375,2500,4.125,0.0,1.875,75.5625,0,16,14,2,0.0,0,0.0,1.1428571428571428,353.57142857142856,No,0.0011
PRV54110,7,450,64.28571428571429,200,2.857142857142857,0.0,2.857142857142857,73.14285714285714,0,7,7,6,0.0,0,0.0,1.0,64.28571428571429,No,0.0008
PRV54111,249,590000,2369.4779116465866,57000,1.7429718875502007,1.2048192771084338,233.7429718875502,73.53815261044177,54,195,176,20,0.004016064257028112,1,0.21686746987951808,1.4147727272727273,3352.2727272727275,Yes,0.8775
PRV54112,31,6590,212.58064516129033,2800,1.5483870967741935,0.0,1.2903225806451613,66.74193548387096,0,31,18,11,0.0,0,0.0,1.7222222222222223,366.1111111111111,No,0.0018
PRV54113,1,60,60.0,60,0.0,0.0,0.0,77.0,0,1,1,1,0.0,0,0.0,1.0,60.0,No,0.0019
PRV54114,11,22790,2071.818181818182,10000,3.5454545454545454,2.727272727272727,304.0,68.45454545454545,3,8,9,6,0.0,0,0.2727272727272727,1.2222222222222223,2532.222222222222,No,0.0122
PRV54115,4,170,42.5,100,0.0,0.0,0.0,75.75,0,4,4,2,0.0,0,0.0,1.0,42.5,No,0.0018
PRV54116,16,1280,80.0,300,1.25,0.0,0.625,58.4375,0,16,4,2,0.0,0,0.0,4.0,320.0,No,0.0037
PRV54117,6,320,53.333333333333336,90,0.0,0.0,0.0,77.83333333333333,0,6,6,4,0.0,0,0.0,1.0,53.333333333333336,No,0.0019
PRV54118,8,470,58.75,90,2.5,0.0,12.5,76.625,0,8,8,5,0.0,0,0.0,1.0,58.75,No,0.0016
PRV54119,14,1980,141.42857142857142,800,0.0,0.0,4.285714285714286,74.28571428571429,0,14,12,10,0.0,0,0.0,1.1666666666666667,165.0,No,0.0014
PRV54120,2,1000,500.0,600,0.0,0.0,0.0,68.0,0,2,2,1,0.5,0,0.0,1.0,500.0,No,0.0065
PRV54121,48,15370,320.2083333333333,2200,1.5,0.0,2.9166666666666665,78.6875,0,48,19,5,0.0,0,0.0,2.526315789473684,808.9473684210526,No,0.0023
PRV54122,4,510,127.5,200,0.0,0.0,0.0,84.75,0,4,4,4,0.0,0,0.0,1.0,127.5,No,0.0024
PRV54123,2,110,55.0,80,0.0,0.0,30.0,75.5,0,2,2,2,0.0,0,0.0,1.0,55.0,No,0.0044
PRV54124,5,700,140.0,500,0.0,0.0,0.0,66.8,0,5,5,4,0.0,0,0.0,1.0,140.0,No,0.0006
PRV54125,11,7180,652.7272727272727,3300,2.909090909090909,0.0,0.0,76.54545454545455,0,11,10,5,0.0,0,0.0,1.1,718.0,No,0.0011
PRV54127,28,9100,325.0,3300,2.5714285714285716,0.0,0.0,72.46428571428571,0,28,25,9,0.0,0,0.0,1.12,364.0,No,0.0008
PRV54128,27,10440,386.6666666666667,1700,1.8148148148148149,0.0,0.0,70.07407407407408,0,27,9,7,0.0,0,0.0,3.0,1160.0,No,0.0078
PRV54129,5,3120,624.0,2100,0.0,0.0,0.0,78.4,0,5,5,4,0.0,0,0.0,1.0,624.0,No,0.0014
PRV54130,64,9210,143.90625,2600,1.359375,0.0,3.4375,74.140625,0,64,36,10,0.0,0,0.0,1.7777777777777777,255.83333333333334,No,0.0033
PRV54131,24,4010,167.08333333333334,1100,0.2916666666666667,0.0,0.4166666666666667,74.375,0,24,12,3,0.0,0,0.0,2.0,334.1666666666667,No,0.0035
PRV54132,5,530,106.0,300,0.0,0.0,0.0,63.6,0,5,5,3,0.0,0,0.0,1.0,106.0,No,0.0008
PRV54133,25,3560,142.4,900,0.08,0.0,0.0,75.36,0,25,24,8,0.0,0,0.0,1.0416666666666667,148.33333333333334,No,0.0022
PRV54134,44,27250,619.3181818181819,5000,0.3409090909090909,0.18181818181818182,50.13636363636363,74.61363636363636,2,42,36,21,0.0,0,0.045454545454545456,1.2222222222222223,756.9444444444445,No,0.0103
PRV54135,3,260,86.66666666666667,100,7.0,0.0,0.0,47.666666666666664,0,3,2,2,0.0,0,0.0,1.5,130.0,No,0.0037
PRV54136,30,7570,252.33333333333334,2800,1.3666666666666667,0.0,4.0,71.13333333333334,0,30,16,6,0.0,0,0.0,1.875,473.125,No,0.0033
PRV54139,99,61480,621.010101010101,25000,1.0808080808080809,0.24242424242424243,55.75757575757576,68.37373737373737,5,94,52,7,0.0,0,0.050505050505050504,1.9038461538461537,1182.3076923076924,No,0.0278
PRV54140,6,230,38.333333333333336,100,0.0,0.0,0.0,71.0,0,6,6,4,0.0,0,0.0,1.0,38.333333333333336,No,0.0013
PRV54141,31,9100,293.5483870967742,2500,1.3870967741935485,0.0,0.3225806451612903,74.06451612903226,0,31,11,9,0.03225806451612903,0,0.0,2.8181818181818183,827.2727272727273,No,0.0017
PRV54142,28,9940,355.0,2700,1.9285714285714286,0.0,3.5714285714285716,70.64285714285714,0,28,7,13,0.0,0,0.0,4.0,1420.0,No,0.0037
PRV54144,294,73130,248.74149659863946,3300,1.3503401360544218,0.0,2.82312925170068,73.14965986394557,0,294,103,12,0.006802721088435374,1,0.0,2.854368932038835,710.0,Yes,0.3357
PRV54145,6,6320,1053.3333333333333,2800,3.5,0.0,3.3333333333333335,75.83333333333333,0,6,5,6,0.0,0,0.0,1.2,1264.0,No,0.001
PRV54146,5,240,48.0,100,0.0,0.0,0.0,80.0,0,5,3,3,0.0,0,0.0,1.6666666666666667,80.0,No,0.0089
PRV54148,1,90,90.0,90,0.0,0.0,0.0,77.0,0,1,1,1,0.0,0,0.0,1.0,90.0,No,0.0022
PRV54149,16,34700,2168.75,8000,1.25,1.25,333.75,70.375,5,11,14,13,0.0,1,0.3125,1.1428571428571428,2478.5714285714284,Yes,0.4507
PRV54150,25,11020,440.8,2500,0.8,0.0,6.8,72.96,0,25,24,5,0.0,0,0.0,1.0416666666666667,459.1666666666667,No,0.0027
PRV54153,14,41410,2957.8571428571427,17000,2.642857142857143,2.5714285714285716,228.85714285714286,69.92857142857143,3,11,11,6,0.0,0,0.21428571428571427,1.2727272727272727,3764.5454545454545,No,0.1145
PRV54154,12,1640,136.66666666666666,300,1.75,0.0,0.0,74.5,0,12,11,8,0.0,0,0.0,1.0909090909090908,149.0909090909091,No,0.0005
PRV54155,51,24440,479.2156862745098,13000,1.6862745098039216,0.058823529411764705,25.254901960784313,75.74509803921569,1,50,29,11,0.0,0,0.0196078431372549,1.7586206896551724,842.7586206896551,No,0.0068
PRV54156,121,30480,251.900826446281,4800,1.0495867768595042,0.0,1.9008264462809918,78.09917355371901,0,121,46,1,0.024793388429752067,0,0.0,2.630434782608696,662.6086956521739,No,0.0286
PRV54157,130,27980,215.23076923076923,2000,1.1846153846153846,0.0,1.3846153846153846,70.91538461538461,0,130,51,10,0.03076923076923077,0,0.0,2.549019607843137,548.6274509803922,No,0.022
PRV54158,9,2360,262.22222222222223,1500,0.6666666666666666,0.0,0.0,71.66666666666667,0,9,9,4,0.0,0,0.0,1.0,262.22222222222223,No,0.0006
PRV54159,34,14400,423.52941176470586,2400,2.3529411764705883,0.0,2.9411764705882355,76.1470588235294,0,34,22,6,0.0,0,0.0,1.5454545454545454,654.5454545454545,No,0.0025
PRV54160,9,4370,485.55555555555554,2000,4.444444444444445,0.0,0.0,73.0,0,9,9,5,0.0,0,0.0,1.0,485.55555555555554,No,0.0008
PRV54162,32,8160,255.0,2000,0.6875,0.0,1.25,77.78125,0,32,18,7,0.0,0,0.0,1.7777777777777777,453.3333333333333,No,0.0026
PRV54163,41,8820,215.1219512195122,1900,0.0975609756097561,0.0,3.1707317073170733,70.78048780487805,0,41,24,1,0.0,0,0.0,1.7083333333333333,367.5,No,0.0081
PRV54164,2,4100,2050.0,4000,2.5,2.5,534.0,79.5,1,1,2,2,0.0,0,0.5,1.0,2050.0,No,0.0014
PRV54166,20,6500,325.0,3300,0.9,0.0,0.0,71.45,0,20,17,1,0.0,0,0.0,1.1764705882352942,382.3529411764706,No,0.0015
PRV54167,9,1840,204.44444444444446,800,0.0,0.0,11.11111111111111,72.77777777777777,0,9,8,7,0.0,0,0.0,1.125,230.0,No,0.0029
PRV54168,67,34350,512.6865671641791,7000,1.9104477611940298,0.04477611940298507,21.16417910447761,74.82089552238806,1,66,39,14,0.029850746268656716,0,0.014925373134328358,1.7179487179487178,880.7692307692307,No,0.0147
PRV54171,72,20740,288.05555555555554,3300,0.9722222222222222,0.0,4.583333333333333,75.38888888888889,0,72,27,4,0.0,0,0.0,2.6666666666666665,768.1481481481482,No,0.0079
PRV54172,2,140,70.0,100,0.0,0.0,0.0,69.0,0,2,2,2,0.0,0,0.0,1.0,70.0,No,0.0018
PRV54173,7,640,91.42857142857143,400,0.0,0.0,0.0,77.0,0,7,7,5,0.0,0,0.0,1.0,91.42857142857143,No,0.0012
PRV54175,1,80,80.0,80,0.0,0.0,0.0,79.0,0,1,1,1,0.0,0,0.0,1.0,80.0,No,0.002
PRV54176,10,1670,167.0,400,0.0,0.0,0.0,72.3,0,10,10,1,0.0,0,0.0,1.0,167.0,No,0.0004
PRV54177,2,1100,550.0,900,0.0,0.0,0.0,79.5,0,2,2,2,0.0,0,0.0,1.0,550.0,No,0.0021
PRV54178,2,90,45.0,60,0.0,0.0,0.0,56.0,0,2,2,1,0.0,0,0.0,1.0,45.0,No,0.001
PRV54179,1,0,0.0,0,0.0,0.0,0.0,67.0,0,1,1,1,0.0,0,0.0,1.0,0.0,No,0.001
PRV54180,2,150,75.0,80,0.0,0.0,0.0,58.5,0,2,2,1,0.0,0,0.0,1.0,75.0,No,0.0011
PRV54181,4,190,47.5,100,0.25,0.0,0.0,75.0,0,4,4,1,0.0,0,0.0,1.0,47.5,No,0.001
PRV54182,4,1750,437.5,1600,5.25,0.0,0.0,75.0,0,4,4,2,0.0,0,0.0,1.0,437.5,No,0.0009
PRV54183,2,4400,2200.0,2300,0.0,0.0,0.0,70.0,0,2,2,1,0.0,0,0.0,1.0,2200.0,No,0.0016
PRV54184,10,3560,356.0,2000,4.0,0.0,0.0,76.2,0,10,8,1,0.1,0,0.0,1.25,445.0,No,0.002
PRV54185,2,350,175.0,300,10.5,0.0,0.0,74.5,0,2,2,1,0.0,0,0.0,1.0,175.0,No,0.0008
PRV54186,11,1730,157.27272727272728,500,0.0,0.0,0.0,72.0,0,11,7,3,0.0,0,0.0,1.5714285714285714,247.14285714285714,No,0.0021
PRV54187,1,200,200.0,200,0.0,0.0,0.0,66.0,0,1,1,1,0.0,0,0.0,1.0,200.0,No,0.0026
PRV54188,4,3060,765.0,2600,5.0,0.0,0.0,66.0,0,4,4,1,0.0,0,0.0,1.0,765.0,No,0.0006
PRV54191,2,360,180.0,300,0.0,0.0,0.0,75.5,0,2,2,1,0.0,0,0.0,1.0,180.0,No,0.0016
PRV54192,2,890,445.0,800,0.0,0.0,0.0,79.5,0,2,2,2,0.0,0,0.0,1.0,445.0,No,0.002
PRV54193,24,4030,167.91666666666666,900,0.20833333333333334,0.0,0.0,76.45833333333333,0,24,12,1,0.0,0,0.0,2.0,335.8333333333333,No,0.0058
PRV54194,7,3630,518.5714285714286,3300,0.14285714285714285,0.0,0.0,72.28571428571429,0,7,7,1,0.0,0,0.0,1.0,518.5714285714286,No,0.0012
PRV54196,10,4320,432.0,2600,2.1,0.0,0.0,71.7,0,10,10,2,0.0,0,0.0,1.0,432.0,No,0.0005
PRV54197,14,850,60.714285714285715,400,0.0,0.0,0.0,76.14285714285714,0,14,12,6,0.0,0,0.0,1.1666666666666667,70.83333333333333,No,0.0013
PRV54198,6,490,81.66666666666667,200,3.3333333333333335,0.0,0.0,68.16666666666667,0,6,6,5,0.0,0,0.0,1.0,81.66666666666667,No,0.0008
PRV54199,1,40,40.0,40,0.0,0.0,0.0,56.0,0,1,1,1,0.0,0,0.0,1.0,40.0,No,0.0011
PRV54200,13,173090,13314.615384615385,43000,4.769230769230769,4.769230769230769,1068.0,74.38461538461539,13,0,13,3,0.0,0,1.0,1.0,13314.615384615385,No,0.0816
PRV54201,4,19600,4900.0,12000,5.25,5.25,1068.0,72.75,4,0,4,3,0.0,0,1.0,1.0,4900.0,No,0.0033
PRV54202,10,137000,13700.0,47000,5.3,5.3,961.2,77.0,10,0,10,4,0.0,0,1.0,1.0,13700.0,No,0.0328
PRV54203,51,12930,253.52941176470588,2300,1.3529411764705883,0.0,3.1372549019607843,76.13725490196079,0,51,45,2,0.0,0,0.0,1.1333333333333333,287.3333333333333,No,0.0024
PRV54204,4,62200,15550.0,49000,9.0,9.0,1068.0,72.0,4,0,4,2,0.0,0,1.0,1.0,15550.0,No,0.1472
PRV54205,9,65000,7222.222222222223,13000,4.666666666666667,4.666666666666667,1068.0,72.88888888888889,9,0,8,3,0.0,0,1.0,1.125,8125.0,No,0.0251
PRV54206,44,21400,486.3636363636364,10000,1.75,0.06818181818181818,25.40909090909091,73.72727272727273,1,43,41,16,0.0,0,0.022727272727272728,1.0731707317073171,521.9512195121952,No,0.0024
PRV54207,41,6950,169.5121951219512,2300,0.7560975609756098,0.0,2.4390243902439024,71.17073170731707,0,41,32,25,0.0,0,0.0,1.28125,217.1875,No,0.003
PRV54208,27,114160,4228.148148148148,28000,3.5555555555555554,2.111111111111111,395.55555555555554,71.14814814814815,10,17,24,17,0.037037037037037035,0,0.37037037037037035,1.125,4756.666666666667,No,0.1598
PRV54209,151,178900,1184.76821192053,29000,1.390728476821192,0.6423841059602649,144.56953642384107,73.19867549668874,20,131,139,87,0.0,1,0.13245033112582782,1.0863309352517985,1287.0503597122301,Yes,0.3019
PRV54210,20,4610,230.5,800,2.25,0.0,5.0,74.1,0,20,18,5,0.0,0,0.0,1.1111111111111112,256.1111111111111,No,0.0019
PRV54212,54,11920,220.74074074074073,2300,1.0925925925925926,0.0,0.0,73.88888888888889,0,54,32,8,0.037037037037037035,0,0.0,1.6875,372.5,No,0.0047
PRV54213,67,169320,2527.1641791044776,18000,2.328358208955224,1.328358208955224,336.089552238806,70.17910447761194,21,46,61,24,0.0,0,0.31343283582089554,1.098360655737705,2775.7377049180327,No,0.1811
PRV54215,31,144370,4657.096774193548,28000,3.7096774193548385,3.032258064516129,415.35483870967744,72.0,14,17,26,13,0.0,0,0.45161290322580644,1.1923076923076923,5552.692307692308,No,0.1711
PRV54216,49,163340,3333.469387755102,33000,1.8775510204081634,1.4081632653061225,217.9591836734694,70.44897959183673,10,39,43,27,0.02040816326530612,0,0.20408163265306123,1.1395348837209303,3798.6046511627906,No,0.1267
PRV54217,30,5260,175.33333333333334,1200,1.0,0.0,3.3333333333333335,76.46666666666667,0,30,14,7,0.0,0,0.0,2.142857142857143,375.7142857142857,No,0.0054
PRV54219,101,18730,185.44554455445544,3300,1.386138613861386,0.0,0.8910891089108911,68.23762376237623,0,101,33,5,0.0,0,0.0,3.0606060606060606,567.5757575757576,No,0.0028
PRV54220,32,185140,5785.625,77000,3.6875,2.15625,233.625,75.75,8,24,29,16,0.03125,0,0.25,1.103448275862069,6384.137931034483,No,0.1337
PRV54222,19,3130,164.73684210526315,1200,0.3684210526315789,0.0,0.0,72.05263157894737,0,19,11,3,0.0,0,0.0,1.7272727272727273,284.54545454545456,No,0.0022
PRV54223,74,16480,222.7027027027027,3300,1.1486486486486487,0.0,2.1621621621621623,65.55405405405405,0,74,25,5,0.0,0,0.0,2.96,659.2,No,0.0032
PRV54224,43,15460,359.5348837209302,3300,0.8604651162790697,0.0,0.6976744186046512,74.20930232558139,0,43,23,5,0.0,0,0.0,1.8695652173913044,672.1739130434783,No,0.002
PRV54225,104,53620,515.5769230769231,12200,2.0,0.0,5.096153846153846,66.00961538461539,0,104,59,1,0.019230769230769232,1,0.0,1.7627118644067796,908.8135593220339,Yes,0.2865
PRV54226,13,760,58.46153846153846,200,1.0769230769230769,0.0,0.0,80.07692307692308,0,13,11,7,0.0,0,0.0,1.1818181818181819,69.0909090909091,No,0.0013
PRV54227,53,7630,143.96226415094338,2100,1.830188679245283,0.0,0.5660377358490566,74.18867924528301,0,53,47,22,0.0,0,0.0,1.127659574468085,162.3404255319149,No,0.0007
PRV54228,352,406000,1153.409090909091,23000,1.9943181818181819,0.6278409090909091,122.67045454545455,69.90056818181819,41,311,198,55,0.0,0,0.11647727272727272,1.7777777777777777,2050.5050505050503,No,0.3037
PRV54230,126,408650,3243.253968253968,31000,2.619047619047619,2.119047619047619,376.8412698412698,72.19047619047619,44,82,113,76,0.007936507936507936,1,0.3492063492063492,1.1150442477876106,3616.3716814159293,Yes,0.4019
PRV54231,190,67880,357.2631578947368,3300,2.3947368421052633,0.0,1.736842105263158,68.54736842105264,0,190,64,21,0.005263157894736842,0,0.0,2.96875,1060.625,No,0.0448
PRV54232,42,107750,2565.4761904761904,37000,2.4285714285714284,1.2380952380952381,203.42857142857142,72.73809523809524,8,34,34,18,0.0,0,0.19047619047619047,1.2352941176470589,3169.1176470588234,No,0.0827
PRV54233,7,6350,907.1428571428571,6000,0.2857142857142857,0.2857142857142857,152.57142857142858,79.71428571428571,1,6,7,6,0.0,0,0.14285714285714285,1.0,907.1428571428571,No,0.0025
PRV54235,16,4280,267.5,1900,1.0625,0.0,0.0,69.9375,0,16,13,9,0.0,0,0.0,1.2307692307692308,329.2307692307692,No,0.0022
PRV54237,234,52560,224.6153846153846,3300,0.9102564102564102,0.0,3.9316239316239314,72.83333333333333,0,234,119,15,0.0,0,0.0,1.9663865546218486,441.6806722689076,No,0.0191
PRV54238,348,92890,266.92528735632186,3800,1.235632183908046,0.0,2.586206896551724,72.37068965517241,0,348,153,4,0.008620689655172414,0,0.0,2.2745098039215685,607.124183006536,No,0.0691
PRV54239,62,20980,338.38709677419354,2300,1.4838709677419355,0.0,2.903225806451613,72.33870967741936,0,62,44,2,0.0,0,0.0,1.4090909090909092,476.8181818181818,No,0.0011
PRV54240,72,14400,200.0,2700,0.5833333333333334,0.0,4.027777777777778,72.88888888888889,0,72,37,12,0.0,0,0.0,1.945945945945946,389.18918918918916,No,0.0033
PRV54242,88,53270,605.3409090909091,12000,0.7613636363636364,0.14772727272727273,49.90909090909091,71.57954545454545,4,84,74,42,0.011363636363636364,0,0.045454545454545456,1.1891891891891893,719.8648648648649,No,0.0292
PRV54244,231,576370,2495.1082251082253,40000,2.4372294372294374,1.3463203463203464,218.94372294372295,71.71861471861472,49,182,189,97,0.0,0,0.21212121212121213,1.2222222222222223,3049.5767195767194,No,0.127
PRV54245,173,157450,910.1156069364162,38000,1.5144508670520231,0.5549132947976878,90.99421965317919,74.3699421965318,14,159,104,55,0.011560693641618497,0,0.08092485549132948,1.6634615384615385,1513.9423076923076,No,0.2362
PRV54246,43,9900,230.2325581395349,1700,1.8604651162790697,0.0,2.7906976744186047,68.97674418604652,0,43,27,18,0.0,0,0.0,1.5925925925925926,366.6666666666667,No,0.0096
PRV54247,70,47030,671.8571428571429,11000,1.4285714285714286,0.7857142857142857,63.02857142857143,74.05714285714286,4,66,48,13,0.014285714285714285,0,0.05714285714285714,1.4583333333333333,979.7916666666666,No,0.0215
PRV54250,62,22530,363.38709677419354,3300,0.6451612903225806,0.0,3.5483870967741935,70.08064516129032,0,62,61,41,0.0,0,0.0,1.0163934426229508,369.344262295082,No,0.0029
PRV54251,47,77590,1650.8510638297873,16000,3.723404255319149,0.6382978723404256,138.46808510638297,68.29787234042553,6,41,32,5,0.0,0,0.1276595744680851,1.46875,2424.6875,No,0.03
PRV54252,17,6030,354.70588235294116,2100,1.5294117647058822,0.0,0.0,67.70588235294117,0,17,16,6,0.0,0,0.0,1.0625,376.875,No,0.0009
PRV54253,14,82850,5917.857142857143,51000,3.5714285714285716,2.0,305.14285714285717,73.0,4,10,13,9,0.0,0,0.2857142857142857,1.0769230769230769,6373.076923076923,No,0.0978
PRV54254,104,23140,222.5,3300,1.5192307692307692,0.0,2.7884615384615383,70.35576923076923,0,104,44,18,0.0,0,0.0,2.3636363636363638,525.9090909090909,No,0.0029
PRV54255,232,107230,462.19827586206895,10100,1.5086206896551724,0.0,0.6896551724137931,70.25862068965517,0,232,154,6,0.0,0,0.0,1.5064935064935066,696.2987012987013,No,0.0167
PRV54256,262,117080,446.8702290076336,14000,1.4122137404580153,0.07251908396946564,22.633587786259543,69.54198473282443,5,257,100,17,0.003816793893129771,0,0.019083969465648856,2.62,1170.8,No,0.2
PRV54257,282,69540,246.59574468085106,3300,1.7836879432624113,0.0,2.198581560283688,68.12411347517731,0,282,134,2,0.0070921985815602835,0,0.0,2.1044776119402986,518.955223880597,No,0.0136
PRV54258,238,1217250,5114.495798319328,57000,3.226890756302521,2.726890756302521,503.42857142857144,71.81932773109244,118,120,201,75,0.0,1,0.4957983193277311,1.1840796019900497,6055.9701492537315,Yes,0.9518
PRV54259,29,89900,3100.0,14000,2.9655172413793105,2.0689655172413794,441.9310344827586,68.20689655172414,12,17,26,12,0.0,0,0.41379310344827586,1.1153846153846154,3457.6923076923076,No,0.0355
PRV54261,75,25490,339.8666666666667,3300,2.4,0.0,5.066666666666666,75.13333333333334,0,75,66,38,0.0,0,0.0,1.1363636363636365,386.2121212121212,No,0.0023
PRV54262,1,3000,3000.0,3000,4.0,4.0,1068.0,78.0,1,0,1,1,0.0,0,1.0,1.0,3000.0,No,0.0007
PRV54263,6,4860,810.0,4000,0.16666666666666666,0.16666666666666666,194.66666666666666,65.33333333333333,1,5,6,5,0.0,0,0.16666666666666666,1.0,810.0,No,0.0012
PRV54265,406,112930,278.1527093596059,3300,1.2635467980295567,0.0,3.3497536945812807,69.99261083743842,0,406,197,13,0.0024630541871921183,0,0.0,2.0609137055837565,573.248730964467,No,0.0363
PRV54266,65,339180,5218.153846153846,51000,2.3846153846153846,1.6,330.0,71.46153846153847,21,44,59,20,0.0,0,0.3230769230769231,1.1016949152542372,5748.813559322034,No,0.3568
PRV54267,226,78960,349.3805309734513,14040,1.0663716814159292,0.0,2.433628318584071,70.84070796460178,0,226,84,2,0.0,0,0.0,2.6904761904761907,940.0,No,0.0301
PRV54269,118,32740,277.45762711864404,3300,0.8813559322033898,0.0,2.457627118644068,75.64406779661017,0,118,26,14,0.0,0,0.0,4.538461538461538,1259.2307692307693,No,0.0307
PRV54270,34,11320,332.94117647058823,2300,1.1764705882352942,0.0,4.411764705882353,68.0,0,34,27,4,0.029411764705882353,0,0.0,1.2592592592592593,419.25925925925924,No,0.0071
PRV54271,29,6240,215.17241379310346,1000,1.4137931034482758,0.0,4.482758620689655,65.41379310344827,0,29,12,9,0.0,0,0.0,2.4166666666666665,520.0,No,0.0042
PRV54273,234,72020,307.77777777777777,11100,1.5683760683760684,0.0,3.9743589743589745,72.4017094017094,0,234,108,5,0.0,0,0.0,2.1666666666666665,666.8518518518518,No,0.0151
PRV54274,47,16740,356.17021276595744,3300,2.0425531914893615,0.0,0.851063829787234,72.97872340425532,0,47,17,7,0.0,0,0.0,2.764705882352941,984.7058823529412,No,0.0025
PRV54275,1,50,50.0,50,4.0,0.0,0.0,81.0,0,1,1,1,0.0,0,0.0,1.0,50.0,No,0.0017
PRV54276,77,100810,1309.2207792207791,57000,1.0909090909090908,0.2857142857142857,59.63636363636363,68.49350649350649,4,73,35,13,0.05194805194805195,0,0.05194805194805195,2.2,2880.285714285714,No,0.0663
PRV54278,61,19690,322.78688524590166,3200,2.3114754098360657,0.0,2.2950819672131146,66.78688524590164,0,61,27,6,0.0,0,0.0,2.259259259259259,729.2592592592592,No,0.0014
PRV54280,20,7030,351.5,2300,0.5,0.0,0.0,70.2,0,20,15,1,0.0,0,0.0,1.3333333333333333,468.6666666666667,No,0.004
PRV54282,19,6540,344.2105263157895,2000,1.105263157894737,0.0,3.6842105263157894,65.84210526315789,0,19,11,1,0.05263157894736842,0,0.0,1.7272727272727273,594.5454545454545,No,0.0023
PRV54283,5,550,110.0,500,0.0,0.0,0.0,57.4,0,5,5,4,0.0,0,0.0,1.0,110.0,No,0.0007
PRV54284,113,96100,850.4424778761062,14000,2.0973451327433628,0.34513274336283184,77.64601769911505,68.38938053097345,8,105,43,5,0.0,0,0.07079646017699115,2.627906976744186,2234.8837209302324,No,0.1207
PRV54285,20,2550,127.5,700,1.55,0.0,10.0,75.35,0,20,16,10,0.0,0,0.0,1.25,159.375,No,0.0048
PRV54287,155,37900,244.51612903225808,3000,0.9870967741935484,0.0,4.645161290322581,71.6258064516129,0,155,67,8,0.0064516129032258064,0,0.0,2.3134328358208953,565.6716417910447,No,0.007
PRV54288,15,4100,273.3333333333333,2300,1.1333333333333333,0.0,0.0,67.86666666666666,0,15,13,7,0.0,0,0.0,1.1538461538461537,315.38461538461536,No,0.001
PRV54289,56,17720,316.42857142857144,3300,1.9107142857142858,0.0,3.0357142857142856,73.89285714285714,0,56,28,2,0.0,0,0.0,2.0,632.8571428571429,No,0.0012
PRV54290,6,3300,550.0,1700,0.0,0.0,0.0,71.33333333333333,0,6,6,2,0.0,0,0.0,1.0,550.0,No,0.0021
PRV54291,10,1710,171.0,500,0.0,0.0,6.0,69.7,0,10,9,5,0.0,0,0.0,1.1111111111111112,190.0,No,0.0024
PRV54293,2,2520,1260.0,2500,0.0,0.0,0.0,70.5,0,2,2,1,0.0,0,0.0,1.0,1260.0,No,0.0011
PRV54294,1,60,60.0,60,0.0,0.0,0.0,76.0,0,1,1,1,0.0,0,0.0,1.0,60.0,No,0.0017
PRV54295,1,3300,3300.0,3300,7.0,0.0,0.0,89.0,0,1,1,1,0.0,0,0.0,1.0,3300.0,No,0.0042
PRV54296,54,10460,193.7037037037037,2200,0.9444444444444444,0.0,3.7037037037037037,75.0,0,54,18,2,0.0,0,0.0,3.0,581.1111111111111,No,0.0021
PRV54297,8,168000,21000.0,57000,6.875,6.875,1068.0,76.375,8,0,7,4,0.0,1,1.0,1.1428571428571428,24000.0,Yes,0.5146
PRV54298,3,38000,12666.666666666666,21000,5.333333333333333,5.333333333333333,1068.0,67.66666666666667,3,0,3,3,0.0,0,1.0,1.0,12666.666666666666,No,0.0065
PRV54299,5,1800,360.0,1000,5.4,0.0,0.0,71.2,0,5,5,1,0.0,0,0.0,1.0,360.0,No,0.0011
PRV54300,6,1490,248.33333333333334,800,2.0,0.0,46.666666666666664,68.83333333333333,0,6,6,2,0.0,0,0.0,1.0,248.33333333333334,No,0.0016
PRV54301,13,3690,283.84615384615387,2500,2.6923076923076925,0.0,0.0,71.46153846153847,0,13,11,1,0.0,0,0.0,1.1818181818181819,335.45454545454544,No,0.0008
PRV54302,1,3300,3300.0,3300,0.0,0.0,0.0,81.0,0,1,1,1,0.0,0,0.0,1.0,3300.0,No,0.0019
PRV54303,16,5160,322.5,1900,2.5625,0.0,0.0,67.25,0,16,14,1,0.0,0,0.0,1.1428571428571428,368.57142857142856,No,0.0007
PRV54304,1,50,50.0,50,0.0,0.0,0.0,76.0,0,1,1,1,0.0,0,0.0,1.0,50.0,No,0.0017
PRV54305,6,2660,443.3333333333333,1800,1.6666666666666667,0.0,1.6666666666666667,69.16666666666667,0,6,5,1,0.0,0,0.0,1.2,532.0,No,0.0008
PRV54306,33,13300,403.030303030303,2200,4.757575757575758,0.0,12.121212121212121,68.48484848484848,0,33,28,3,0.0,0,0.0,1.1785714285714286,475.0,No,0.0026
PRV54307,2,400,200.0,300,0.0,0.0,0.0,58.0,0,2,2,1,0.0,0,0.0,1.0,200.0,No,0.0021
PRV54308,1,70,70.0,70,0.0,0.0,0.0,84.0,0,1,1,1,0.0,0,0.0,1.0,70.0,No,0.0037
PRV54309,29,6160,212.41379310344828,1000,2.413793103448276,0.0,7.586206896551724,75.06896551724138,0,29,18,1,0.0,0,0.0,1.6111111111111112,342.22222222222223,No,0.013
PRV54310,7,300,42.857142857142854,60,5.285714285714286,0.0,0.0,67.28571428571429,0,7,3,1,0.0,0,0.0,2.3333333333333335,100.0,No,0.0033
PRV54311,3,100,33.333333333333336,90,6.666666666666667,0.0,0.0,85.0,0,3,3,1,0.0,0,0.0,1.0,33.333333333333336,No,0.0023
PRV54312,4,350,87.5,200,0.0,0.0,7.5,76.25,0,4,4,2,0.0,0,0.0,1.0,87.5,No,0.0049
PRV54313,16,7070,441.875,3300,3.875,0.0,5.0,67.5,0,16,16,5,0.0,0,0.0,1.0,441.875,No,0.0026
PRV54315,103,37770,366.6990291262136,3300,2.3592233009708736,0.0,2.4271844660194173,68.19417475728156,0,103,41,2,0.0,0,0.0,2.5121951219512195,921.219512195122,No,0.0046
PRV54316,2,250,125.0,200,0.0,0.0,0.0,87.5,0,2,1,1,0.0,0,0.0,2.0,250.0,No,0.0103
PRV54317,25,3650,146.0,600,0.88,0.0,1.6,68.76,0,25,22,1,0.04,0,0.0,1.1363636363636365,165.9090909090909,No,0.0068
PRV54319,1,100,100.0,100,0.0,0.0,0.0,84.0,0,1,1,1,0.0,0,0.0,1.0,100.0,No,0.0043
PRV54320,102,21760,213.33333333333334,3100,1.7254901960784315,0.0,1.7647058823529411,74.57843137254902,0,102,44,1,0.0196078431372549,0,0.0,2.3181818181818183,494.54545454545456,No,0.0102
PRV54323,51,10380,203.52941176470588,1600,2.196078431372549,0.0,6.078431372549019,70.01960784313725,0,51,30,5,0.0,1,0.0,1.7,346.0,Yes,0.2391
PRV54324,32,266000,8312.5,32000,5.8125,5.8125,1068.0,73.65625,32,0,28,3,0.0,0,1.0,1.1428571428571428,9500.0,No,0.3885
PRV54325,15,142000,9466.666666666666,22000,4.533333333333333,4.533333333333333,1068.0,67.73333333333333,15,0,15,2,0.06666666666666667,0,1.0,1.0,9466.666666666666,No,0.1025
PRV54326,5,20000,4000.0,9000,5.2,5.2,1068.0,77.8,5,0,4,2,0.0,0,1.0,1.25,5000.0,No,0.0118
PRV54327,70,195380,2791.1428571428573,57000,2.642857142857143,1.0714285714285714,200.4857142857143,77.58571428571429,13,57,43,36,0.014285714285714285,1,0.18571428571428572,1.627906976744186,4543.720930232558,Yes,0.6339
PRV54328,117,195980,1675.042735042735,37000,2.5384615384615383,1.1282051282051282,147.5042735042735,74.25641025641026,17,100,99,36,0.017094017094017096,0,0.1452991452991453,1.1818181818181819,1979.5959595959596,No,0.1407
PRV54330,472,280120,593.4745762711865,22000,1.38135593220339,0.13771186440677965,40.605932203389834,73.94703389830508,18,454,372,103,0.00211864406779661,0,0.038135593220338986,1.2688172043010753,753.010752688172,No,0.1494
PRV54332,995,333170,334.84422110552765,14200,1.3809045226130654,0.0,2.371859296482412,71.90954773869346,0,995,531,4,0.009045226130653266,0,0.0,1.8738229755178908,627.4387947269303,No,0.1041
PRV54333,360,629430,1748.4166666666667,65000,1.5583333333333333,0.7138888888888889,150.38888888888889,71.43611111111112,50,310,291,93,0.0,1,0.1388888888888889,1.2371134020618557,2162.9896907216494,Yes,0.8535
PRV54334,105,22590,215.14285714285714,3300,0.9428571428571428,0.0,2.5714285714285716,73.0952380952381,0,105,49,12,0.009523809523809525,0,0.0,2.142857142857143,461.0204081632653,No,0.0044
PRV54335,219,245690,1121.8721461187215,25000,1.1598173515981736,0.3881278538812785,94.5296803652968,71.93150684931507,19,200,187,94,0.0,0,0.0867579908675799,1.1711229946524064,1313.850267379679,No,0.1029
PRV54336,232,232060,1000.2586206896551,48000,1.1810344827586208,0.3146551724137931,65.74137931034483,72.98275862068965,14,218,103,29,0.0,1,0.0603448275862069,2.2524271844660193,2253.009708737864,Yes,0.7072
PRV54337,149,640510,4298.724832214765,57000,3.3959731543624163,2.38255033557047,447.28859060402687,75.77852348993288,64,85,132,72,0.0,0,0.42953020134228187,1.128787878787879,4852.348484848485,No,0.4616
PRV54339,123,143870,1169.6747967479675,21000,1.975609756097561,0.5609756097560976,97.0569105691057,72.4959349593496,11,112,68,28,0.0,0,0.08943089430894309,1.8088235294117647,2115.735294117647,No,0.0978
PRV54340,96,69900,728.125,23000,1.6979166666666667,0.13541666666666666,39.9375,70.36458333333333,3,93,54,36,0.0,0,0.03125,1.7777777777777777,1294.4444444444443,No,0.02
PRV54341,55,23970,435.8181818181818,6100,1.5272727272727273,0.01818181818181818,22.145454545454545,75.89090909090909,1,54,34,11,0.0,0,0.01818181818181818,1.6176470588235294,705.0,No,0.0076
PRV54342,35,44280,1265.142857142857,9000,0.8571428571428571,0.8571428571428571,218.74285714285713,69.22857142857143,7,28,34,18,0.0,0,0.2,1.0294117647058822,1302.3529411764705,No,0.0217
PRV54343,17,3110,182.94117647058823,900,0.29411764705882354,0.0,5.882352941176471,67.29411764705883,0,17,16,14,0.0,0,0.0,1.0625,194.375,No,0.0031
PRV54344,51,17170,336.6666666666667,3300,1.6666666666666667,0.0,3.9215686274509802,68.88235294117646,0,51,42,32,0.0196078431372549,0,0.0,1.2142857142857142,408.8095238095238,No,0.0027
PRV54345,167,47280,283.1137724550898,3300,1.3712574850299402,0.0,2.9940119760479043,74.0059880239521,0,167,139,75,0.005988023952095809,0,0.0,1.2014388489208634,340.1438848920863,No,0.0051
PRV54347,26,6530,251.15384615384616,2100,0.6923076923076923,0.0,0.0,71.76923076923077,0,26,25,17,0.0,0,0.0,1.04,261.2,No,0.0008
PRV54348,217,959880,4423.410138248848,86000,3.410138248847926,2.543778801843318,439.59447004608296,73.26267281105991,91,126,203,93,0.009216589861751152,0,0.41935483870967744,1.0689655172413792,4728.472906403941,No,0.4121
PRV54349,77,17850,231.8181818181818,2000,0.7142857142857143,0.0,7.142857142857143,70.36363636363636,0,77,27,10,0.0,0,0.0,2.8518518518518516,661.1111111111111,No,0.0038
PRV54350,1495,1425070,953.2240802675585,98000,1.534448160535117,0.4107023411371237,77.2,72.16923076923077,105,1390,530,85,0.006688963210702341,1,0.07023411371237458,2.8207547169811322,2688.811320754717,Yes,0.9871
PRV54352,12,1670,139.16666666666666,900,0.0,0.0,0.0,62.25,0,12,7,1,0.0,0,0.0,1.7142857142857142,238.57142857142858,No,0.0014
PRV54353,32,6620,206.875,1900,1.125,0.0,7.8125,72.84375,0,32,31,22,0.03125,0,0.0,1.032258064516129,213.5483870967742,No,0.0037
PRV54354,100,259620,2596.2,30000,3.01,0.99,267.7,73.87,25,75,89,34,0.0,1,0.25,1.1235955056179776,2917.078651685393,Yes,0.3765
PRV54355,16,14040,877.5,5000,1.25,0.3125,146.0,70.25,2,14,10,10,0.0,0,0.125,1.6,1404.0,No,0.0091
PRV54356,31,195370,6302.258064516129,51000,3.5483870967741935,2.225806451612903,482.3225806451613,69.16129032258064,15,16,24,15,0.0,0,0.4838709677419355,1.2916666666666667,8140.416666666667,No,0.3232
PRV54357,10,2190,219.0,1700,0.3,0.0,0.0,78.7,0,10,9,6,0.0,0,0.0,1.1111111111111112,243.33333333333334,No,0.0009
PRV54358,43,13150,305.8139534883721,3200,1.813953488372093,0.0,0.6976744186046512,68.4186046511628,0,43,30,20,0.0,0,0.0,1.4333333333333333,438.3333333333333,No,0.0017
PRV54359,490,584210,1192.265306122449,90000,1.4653061224489796,0.4326530612244898,97.73877551020408,70.52857142857142,44,446,152,43,0.004081632653061225,1,0.08979591836734693,3.223684210526316,3843.4868421052633,Yes,0.6564
PRV54360,37,9100,245.94594594594594,2500,1.6216216216216217,0.0,5.405405405405405,78.67567567567568,0,37,32,27,0.02702702702702703,0,0.0,1.15625,284.375,No,0.005
PRV54361,40,83640,2091.0,33000,2.55,1.3,160.7,70.8,7,33,27,13,0.0,1,0.175,1.4814814814814814,3097.777777777778,Yes,0.1442
PRV54362,50,14510,290.2,3300,0.24,0.0,8.2,73.14,0,50,38,18,0.0,0,0.0,1.3157894736842106,381.8421052631579,No,0.0032
PRV54363,64,136700,2135.9375,33000,2.28125,1.078125,204.46875,73.484375,12,52,47,23,0.0,0,0.1875,1.3617021276595744,2908.5106382978724,No,0.0933
PRV54365,115,31190,271.2173913043478,2900,1.208695652173913,0.0,3.3043478260869565,76.25217391304348,0,115,61,16,0.0,0,0.0,1.8852459016393444,511.3114754098361,No,0.009
PRV54367,636,3133880,4927.4842767295595,57000,3.5267295597484276,2.720125786163522,527.3490566037735,73.00786163522012,322,314,558,164,0.0031446540880503146,1,0.5062893081761006,1.1397849462365592,5616.272401433692,Yes,0.9665
PRV54368,110,45340,412.1818181818182,5000,1.309090909090909,0.07272727272727272,41.92727272727273,71.7909090909091,4,106,98,39,0.0,0,0.03636363636363636,1.1224489795918366,462.6530612244898,No,0.0127
PRV54370,181,42270,233.53591160220995,3300,0.47513812154696133,0.0,2.707182320441989,72.22651933701657,0,181,113,75,0.0055248618784530384,0,0.0,1.6017699115044248,374.070796460177,No,0.0093
PRV54371,31,8280,267.0967741935484,1900,2.2903225806451615,0.0,1.6129032258064515,72.90322580645162,0,31,30,19,0.0,0,0.0,1.0333333333333334,276.0,No,0.0013
PRV54372,1617,673000,416.20284477427333,49000,1.3129251700680271,0.08101422387136673,16.46134817563389,72.27458256029685,21,1596,805,69,0.009894867037724181,1,0.012987012987012988,2.008695652173913,836.0248447204968,Yes,0.9649
PRV54373,8,5830,728.75,5000,0.375,0.375,133.5,74.0,1,7,8,5,0.0,0,0.125,1.0,728.75,No,0.0025
PRV54374,854,280020,327.89227166276345,15000,1.5011709601873535,0.0,2.65807962529274,72.9192037470726,0,854,455,11,0.01053864168618267,0,0.0,1.876923076923077,615.4285714285714,No,0.0544
PRV54375,56,143990,2571.25,17000,3.7857142857142856,1.8214285714285714,286.25,72.28571428571429,16,40,48,37,0.0,0,0.2857142857142857,1.1666666666666667,2999.7916666666665,No,0.3148
PRV54377,20,33110,1655.5,16000,2.7,0.25,111.3,63.65,2,18,19,16,0.0,0,0.1,1.0526315789473684,1742.6315789473683,No,0.0096
PRV54378,79,200510,2538.1012658227846,32000,2.7088607594936707,1.2278481012658229,248.40506329113924,72.82278481012658,18,61,58,50,0.012658227848101266,0,0.22784810126582278,1.3620689655172413,3457.0689655172414,No,0.1952
PRV54379,116,280670,2419.5689655172414,35000,2.956896551724138,0.9741379310344828,241.5344827586207,69.86206896551724,28,88,96,40,0.008620689655172414,0,0.2413793103448276,1.2083333333333333,2923.6458333333335,No,0.141
PRV54380,12,16940,1411.6666666666667,12000,1.6666666666666667,1.6666666666666667,178.0,71.0,2,10,11,9,0.0,0,0.16666666666666666,1.0909090909090908,1540.0,No,0.009
PRV54381,129,163410,1266.7441860465117,57000,1.0852713178294573,0.43410852713178294,109.64341085271317,73.2015503875969,13,116,124,76,0.015503875968992248,0,0.10077519379844961,1.0403225806451613,1317.8225806451612,No,0.1993
PRV54382,257,704830,2742.5291828793775,57000,2.4396887159533076,1.3424124513618676,263.20622568093387,73.3385214007782,66,191,214,88,0.0038910505836575876,1,0.25680933852140075,1.2009345794392523,3293.5981308411215,Yes,0.4335
PRV54383,29,5470,188.6206896551724,2500,0.6896551724137931,0.0,0.0,77.51724137931035,0,29,22,14,0.0,0,0.0,1.3181818181818181,248.63636363636363,No,0.002
PRV54384,28,44280,1581.4285714285713,33000,1.0714285714285714,0.2857142857142857,76.28571428571429,73.67857142857143,2,26,27,21,0.03571428571428571,0,0.07142857142857142,1.037037037037037,1640.0,No,0.0107
PRV54387,415,113710,274.0,3300,2.1156626506024097,0.0,3.108433734939759,72.02409638554217,0,415,235,3,0.00963855421686747,0,0.0,1.7659574468085106,483.8723404255319,No,0.1055
PRV54388,76,48840,642.6315789473684,7000,2.526315789473684,0.39473684210526316,85.23684210526316,75.19736842105263,6,70,73,27,0.0,1,0.07894736842105263,1.0410958904109588,669.0410958904109,Yes,0.1544
PRV54389,56,25590,456.9642857142857,3300,1.5892857142857142,0.0,1.7857142857142858,72.26785714285714,0,56,44,39,0.0,0,0.0,1.2727272727272727,581.5909090909091,No,0.0016
PRV54390,95,352760,3713.2631578947367,32000,4.063157894736842,2.8842105263157896,427.93684210526317,73.58947368421053,38,57,86,49,0.010526315789473684,0,0.4,1.1046511627906976,4101.860465116279,No,0.376
PRV54391,318,237230,746.0062893081761,33000,1.6918238993710693,0.29245283018867924,68.30188679245283,72.61635220125787,21,297,222,142,0.009433962264150943,1,0.0660377358490566,1.4324324324324325,1068.6036036036037,Yes,0.6437
PRV54392,35,4860,138.85714285714286,700,0.2857142857142857,0.0,0.5714285714285714,67.08571428571429,0,35,33,28,0.0,0,0.0,1.0606060606060606,147.27272727272728,No,0.0013
PRV54393,75,48090,641.2,12000,1.5466666666666666,0.48,76.93333333333334,68.4,5,70,63,30,0.013333333333333334,0,0.06666666666666667,1.1904761904761905,763.3333333333334,No,0.0154
PRV54396,44,26840,610.0,10000,3.0454545454545454,0.11363636363636363,25.636363636363637,74.38636363636364,1,43,32,21,0.0,0,0.022727272727272728,1.375,838.75,No,0.0108
PRV54399,349,263040,753.6962750716332,32000,1.9226361031518624,0.3037249283667622,42.24641833810888,72.30945558739255,13,336,144,21,0.008595988538681949,1,0.03724928366762178,2.423611111111111,1826.6666666666667,Yes,0.8342
PRV54400,96,28030,291.9791666666667,2600,2.21875,0.0,0.20833333333333334,73.02083333333333,0,96,88,2,0.010416666666666666,0,0.0,1.0909090909090908,318.52272727272725,No,0.0025
PRV54401,22,3020,137.27272727272728,1400,1.8181818181818181,0.0,0.0,72.45454545454545,0,22,22,17,0.0,0,0.0,1.0,137.27272727272728,No,0.0007
PRV54402,56,74520,1330.7142857142858,20000,1.3214285714285714,0.48214285714285715,116.39285714285714,72.01785714285714,6,50,50,23,0.0,0,0.10714285714285714,1.12,1490.4,No,0.0127
PRV54403,12,1880,156.66666666666666,500,0.6666666666666666,0.0,8.333333333333334,64.41666666666667,0,12,11,9,0.0,0,0.0,1.0909090909090908,170.9090909090909,No,0.001
PRV54404,266,83080,312.3308270676692,6000,1.3270676691729324,0.06015037593984962,11.902255639097744,72.18045112781955,2,264,188,26,0.015037593984962405,0,0.007518796992481203,1.4148936170212767,441.9148936170213,No,0.0102
PRV54407,19,2540,133.68421052631578,600,1.7894736842105263,0.0,1.0526315789473684,73.21052631578948,0,19,16,8,0.0,0,0.0,1.1875,158.75,No,0.0006
PRV54408,106,53140,501.3207547169811,6000,2.4056603773584904,0.0660377358490566,20.528301886792452,68.58490566037736,2,104,28,14,0.0,0,0.018867924528301886,3.7857142857142856,1897.857142857143,No,0.1034
PRV54409,19,35160,1850.5263157894738,14000,3.1052631578947367,0.9473684210526315,281.05263157894734,76.47368421052632,5,14,16,9,0.0,0,0.2631578947368421,1.1875,2197.5,No,0.0266
PRV54410,37,10350,279.72972972972974,2200,0.7567567567567568,0.0,1.3513513513513513,62.62162162162162,0,37,20,4,0.08108108108108109,0,0.0,1.85,517.5,No,0.0052
PRV54411,22,8070,366.8181818181818,2000,1.6363636363636365,0.18181818181818182,56.27272727272727,70.31818181818181,1,21,16,7,0.0,0,0.045454545454545456,1.375,504.375,No,0.0036
PRV54412,70,12280,175.42857142857142,1900,0.7142857142857143,0.0,0.42857142857142855,70.15714285714286,0,70,43,6,0.014285714285714285,0,0.0,1.627906976744186,285.5813953488372,No,0.0357
PRV54413,20,3150,157.5,800,0.05,0.0,2.0,72.7,0,20,14,5,0.0,0,0.0,1.4285714285714286,225.0,No,0.0018
PRV54414,30,31780,1059.3333333333333,13000,2.533333333333333,0.13333333333333333,42.93333333333333,72.13333333333334,1,29,18,6,0.0,0,0.03333333333333333,1.6666666666666667,1765.5555555555557,No,0.0127
PRV54415,27,7130,264.0740740740741,3300,0.0,0.0,7.777777777777778,72.5925925925926,0,27,16,8,0.0,0,0.0,1.6875,445.625,No,0.0041
PRV54416,17,7880,463.52941176470586,3300,0.058823529411764705,0.0,0.0,70.88235294117646,0,17,16,9,0.0,0,0.0,1.0625,492.5,No,0.008
PRV54419,28,4970,177.5,1100,1.4642857142857142,0.0,0.0,73.39285714285714,0,28,27,10,0.0,0,0.0,1.037037037037037,184.07407407407408,No,0.0007
PRV54420,1,300,300.0,300,5.0,0.0,0.0,46.0,0,1,1,1,0.0,0,0.0,1.0,300.0,No,0.0014
PRV54421,65,14530,223.53846153846155,2500,1.7692307692307692,0.0,1.5384615384615385,67.01538461538462,0,65,31,7,0.0,0,0.0,2.096774193548387,468.7096774193548,No,0.0021
PRV54422,15,2750,183.33333333333334,1100,0.0,0.0,0.0,69.66666666666667,0,15,12,5,0.0,0,0.0,1.25,229.16666666666666,No,0.002
PRV54423,93,22480,241.72043010752688,2600,0.5806451612903226,0.0,4.193548387096774,73.97849462365592,0,93,51,11,0.03225806451612903,0,0.0,1.8235294117647058,440.7843137254902,No,0.0029
PRV54424,2,150,75.0,90,10.0,0.0,0.0,69.5,0,2,2,2,0.0,0,0.0,1.0,75.0,No,0.0019
PRV54425,18,74300,4127.777777777777,29000,2.111111111111111,2.0555555555555554,237.33333333333334,72.05555555555556,4,14,13,11,0.0,0,0.2222222222222222,1.3846153846153846,5715.384615384615,No,0.1847
PRV54426,24,100390,4182.916666666667,19000,3.2083333333333335,2.2083333333333335,400.5,72.79166666666667,9,15,20,13,0.0,0,0.375,1.2,5019.5,No,0.0935
PRV54427,62,11740,189.3548387096774,3300,2.1451612903225805,0.0,4.67741935483871,71.24193548387096,0,62,20,12,0.0,0,0.0,3.1,587.0,No,0.004
PRV54429,65,51170,787.2307692307693,14000,1.9384615384615385,0.16923076923076924,36.4,65.01538461538462,3,62,27,11,0.0,0,0.046153846153846156,2.4074074074074074,1895.1851851851852,No,0.0253
PRV54430,64,12900,201.5625,1400,1.21875,0.0,6.875,70.84375,0,64,30,5,0.0,0,0.0,2.1333333333333333,430.0,No,0.0213
PRV54431,9,1580,175.55555555555554,600,4.0,0.0,0.0,66.77777777777777,0,9,9,7,0.0,0,0.0,1.0,175.55555555555554,No,0.0008
PRV54432,5,1110,222.0,700,0.0,0.0,0.0,70.4,0,5,5,4,0.0,0,0.0,1.0,222.0,No,0.001
PRV54433,14,4040,288.57142857142856,2700,1.2142857142857142,0.0,0.0,71.14285714285714,0,14,12,9,0.0,0,0.0,1.1666666666666667,336.6666666666667,No,0.0013
PRV54434,42,28830,686.4285714285714,12000,1.5238095238095237,0.8571428571428571,54.904761904761905,75.4047619047619,2,40,31,25,0.0,0,0.047619047619047616,1.3548387096774193,930.0,No,0.0149
PRV54435,11,4280,389.09090909090907,1600,0.18181818181818182,0.0,0.0,69.45454545454545,0,11,8,4,0.0,0,0.0,1.375,535.0,No,0.002
PRV54436,2,2200,1100.0,2100,3.5,0.0,0.0,76.0,0,2,2,2,0.0,0,0.0,1.0,1100.0,No,0.0008
PRV54437,14,3230,230.71428571428572,2100,1.7857142857142858,0.0,0.0,71.35714285714286,0,14,14,7,0.0,0,0.0,1.0,230.71428571428572,No,0.0005
PRV54438,272,61630,226.5808823529412,3300,1.2941176470588236,0.0,2.610294117647059,67.27941176470588,0,272,98,1,0.0,0,0.0,2.7755102040816326,628.8775510204082,No,0.0117
PRV54439,3,190,63.333333333333336,100,0.0,0.0,0.0,83.33333333333333,0,3,3,1,0.0,0,0.0,1.0,63.333333333333336,No,0.0023
PRV54441,4,480,120.0,300,0.0,0.0,0.0,80.5,0,4,4,1,0.0,0,0.0,1.0,120.0,No,0.0011
PRV54442,68,25300,372.05882352941177,3300,2.2058823529411766,0.0,1.0294117647058822,74.16176470588235,0,68,56,1,0.014705882352941176,0,0.0,1.2142857142857142,451.7857142857143,No,0.0022
PRV54443,61,27200,445.9016393442623,3300,2.8360655737704916,0.0,5.081967213114754,75.32786885245902,0,61,51,2,0.01639344262295082,0,0.0,1.196078431372549,533.3333333333334,No,0.0157
PRV54444,27,9770,361.85185185185185,3300,1.5925925925925926,0.0,5.185185185185185,73.85185185185185,0,27,25,3,0.0,0,0.0,1.08,390.8,No,0.0022
PRV54448,23,6720,292.17391304347825,2800,1.1304347826086956,0.0,2.608695652173913,69.69565217391305,0,23,23,5,0.0,0,0.0,1.0,292.17391304347825,No,0.0026
PRV54449,1,50,50.0,50,0.0,0.0,0.0,71.0,0,1,1,1,0.0,0,0.0,1.0,50.0,No,0.0012
PRV54450,10,5790,579.0,2400,3.0,0.0,0.0,66.0,0,10,10,1,0.0,0,0.0,1.0,579.0,No,0.0006
PRV54451,13,8310,639.2307692307693,2900,1.6153846153846154,0.0,5.384615384615385,75.6923076923077,0,13,13,1,0.0,0,0.0,1.0,639.2307692307693,No,0.0015
PRV54452,5,520,104.0,300,0.0,0.0,18.0,75.2,0,5,5,2,0.0,0,0.0,1.0,104.0,No,0.0028
PRV54454,171,45040,263.39181286549706,3300,1.4795321637426901,0.0,2.456140350877193,71.70175438596492,0,171,138,1,0.011695906432748537,0,0.0,1.2391304347826086,326.3768115942029,No,0.012
PRV54455,6,1390,231.66666666666666,1100,0.0,0.0,0.0,75.16666666666667,0,6,6,1,0.0,0,0.0,1.0,231.66666666666666,No,0.0009
PRV54456,8,1370,171.25,500,0.0,0.0,0.0,72.75,0,8,6,2,0.0,0,0.0,1.3333333333333333,228.33333333333334,No,0.0014
PRV54457,16,2220,138.75,1000,1.25,0.0,0.0,67.75,0,16,8,1,0.0,0,0.0,2.0,277.5,No,0.0018
PRV54459,9,3080,342.22222222222223,2200,2.2222222222222223,0.0,0.0,69.77777777777777,0,9,9,2,0.0,0,0.0,1.0,342.22222222222223,No,0.0017
PRV54460,5,47000,9400.0,16000,4.4,4.4,1068.0,65.0,5,0,5,5,0.0,0,1.0,1.0,9400.0,No,0.0077
PRV54461,12,152000,12666.666666666666,32000,5.583333333333333,5.583333333333333,979.0,72.66666666666667,12,0,12,4,0.0,0,1.0,1.0,12666.666666666666,No,0.1191
PRV54462,80,16330,204.125,2500,1.2875,0.0,1.5,70.225,0,80,75,3,0.0125,0,0.0,1.0666666666666667,217.73333333333332,No,0.0074
PRV54463,3,2010,670.0,1300,0.0,0.0,0.0,58.666666666666664,0,3,3,3,0.0,0,0.0,1.0,670.0,No,0.0013
PRV54465,9,3610,401.1111111111111,2200,0.0,0.0,15.555555555555555,71.88888888888889,0,9,5,1,0.0,0,0.0,1.8,722.0,No,0.0023
PRV54466,3,120,40.0,100,0.0,0.0,0.0,78.0,0,3,3,2,0.0,0,0.0,1.0,40.0,No,0.0017
PRV54467,7,1380,197.14285714285714,900,0.0,0.0,0.0,68.85714285714286,0,7,5,2,0.0,0,0.0,1.4,276.0,No,0.0022
PRV54468,21,1710,81.42857142857143,400,0.0,0.0,0.0,71.57142857142857,0,21,19,4,0.0,0,0.0,1.105263157894737,90.0,No,0.0012
PRV54469,11,3290,299.09090909090907,1100,0.09090909090909091,0.0,0.0,68.45454545454545,0,11,10,2,0.0,0,0.0,1.1,329.0,No,0.002
PRV54471,46,16700,363.04347826086956,3300,1.3043478260869565,0.0,0.21739130434782608,72.23913043478261,0,46,23,1,0.0,0,0.0,2.0,726.0869565217391,No,0.0011
PRV54472,32,16300,509.375,3300,2.0625,0.0,5.0,71.625,0,32,19,1,0.0,0,0.0,1.6842105263157894,857.8947368421053,No,0.0035
PRV54473,19,11020,580.0,2300,5.2631578947368425,0.0,0.0,71.10526315789474,0,19,8,3,0.0,0,0.0,2.375,1377.5,No,0.0068
PRV54475,151,43120,285.5629139072848,2600,1.6688741721854305,0.0,2.3178807947019866,70.90728476821192,0,151,60,1,0.0,0,0.0,2.5166666666666666,718.6666666666666,No,0.0037
PRV54477,100,34310,343.1,4010,1.76,0.0,5.5,69.65,0,100,60,11,0.0,0,0.0,1.6666666666666667,571.8333333333334,No,0.0072
PRV54478,64,21590,337.34375,2700,0.609375,0.0,0.0,77.78125,0,64,47,3,0.015625,0,0.0,1.3617021276595744,459.36170212765956,No,0.0075
PRV54479,17,8640,508.2352941176471,3300,1.1764705882352942,0.0,0.0,76.17647058823529,0,17,9,4,0.0,0,0.0,1.8888888888888888,960.0,No,0.0049
PRV54480,6,40000,6666.666666666667,11000,3.5,3.5,1068.0,75.0,6,0,6,1,0.0,0,1.0,1.0,6666.666666666667,No,0.0044
PRV54481,8,1890,236.25,700,0.0,0.0,12.5,72.625,0,8,8,2,0.0,0,0.0,1.0,236.25,No,0.002
PRV54482,6,370,61.666666666666664,100,0.0,0.0,0.0,72.66666666666667,0,6,6,3,0.0,0,0.0,1.0,61.666666666666664,No,0.0013
PRV54483,13,1170,90.0,200,0.23076923076923078,0.0,10.76923076923077,74.6923076923077,0,13,11,1,0.0,0,0.0,1.1818181818181819,106.36363636363636,No,0.0014
PRV54486,28,8010,286.07142857142856,2700,2.0,0.0,0.0,74.17857142857143,0,28,19,2,0.0,0,0.0,1.4736842105263157,421.57894736842104,No,0.0009
PRV54489,14,6300,450.0,3300,1.6428571428571428,0.0,0.0,72.35714285714286,0,14,14,2,0.07142857142857142,0,0.0,1.0,450.0,No,0.0014
PRV54490,23,2160,93.91304347826087,600,0.0,0.0,3.9130434782608696,77.1304347826087,0,23,19,2,0.0,0,0.0,1.2105263157894737,113.6842105263158,No,0.0036
PRV54491,14,8730,623.5714285714286,3300,1.5,0.0,6.428571428571429,72.07142857142857,0,14,10,2,0.0,0,0.0,1.4,873.0,No,0.0018
PRV54496,8,2360,295.0,700,3.0,0.0,12.5,74.25,0,8,7,1,0.0,0,0.0,1.1428571428571428,337.14285714285717,No,0.002
PRV54497,5,51000,10200.0,14000,4.2,4.2,854.4,68.8,5,0,5,3,0.2,0,1.0,1.0,10200.0,No,0.0167
PRV54498,1,12000,12000.0,12000,6.0,6.0,1068.0,97.0,1,0,1,1,0.0,0,1.0,1.0,12000.0,No,0.0111
PRV54499,1,11000,11000.0,11000,1.0,1.0,1068.0,68.0,1,0,1,1,0.0,0,1.0,1.0,11000.0,No,0.0013
PRV54500,2,25000,12500.0,16000,13.5,13.5,1068.0,76.5,2,0,2,1,0.0,0,1.0,1.0,12500.0,No,0.0022
PRV54501,3,40000,13333.333333333334,24000,3.0,3.0,1068.0,84.0,3,0,3,2,0.0,0,1.0,1.0,13333.333333333334,No,0.0079
PRV54502,3,55000,18333.333333333332,23000,11.333333333333334,11.333333333333334,1068.0,61.0,3,0,3,1,0.0,0,1.0,1.0,18333.333333333332,No,0.015
PRV54503,1,8000,8000.0,8000,8.0,8.0,1068.0,72.0,1,0,1,1,0.0,0,1.0,1.0,8000.0,No,0.0019
PRV54504,120,434920,3624.3333333333335,57000,2.1166666666666667,1.4333333333333333,392.26666666666665,75.10833333333333,44,76,103,41,0.008333333333333333,1,0.36666666666666664,1.1650485436893203,4222.52427184466,Yes,0.2359
PRV54505,38,55140,1451.0526315789473,14000,0.868421052631579,0.8421052631578947,143.1578947368421,74.52631578947368,5,33,24,21,0.02631578947368421,1,0.13157894736842105,1.5833333333333333,2297.5,Yes,0.0179
PRV54506,134,56570,422.1641791044776,9000,0.8731343283582089,0.04477611940298507,27.119402985074625,71.71641791044776,3,131,75,47,0.0,0,0.022388059701492536,1.7866666666666666,754.2666666666667,No,0.0177
PRV54507,109,363310,3333.119266055046,32000,1.7155963302752293,1.688073394495413,363.6330275229358,73.65137614678899,39,70,73,55,0.027522935779816515,0,0.3577981651376147,1.4931506849315068,4976.8493150684935,No,0.3604
PRV54508,90,33010,366.77777777777777,3300,1.511111111111111,0.0,4.0,71.93333333333334,0,90,75,44,0.011111111111111112,0,0.0,1.2,440.1333333333333,No,0.0017
PRV54509,4,250,62.5,100,3.75,0.0,0.0,73.25,0,4,4,2,0.0,0,0.0,1.0,62.5,No,0.0009
PRV54510,149,41250,276.8456375838926,3300,1.308724832214765,0.0,3.422818791946309,71.88590604026845,0,149,75,26,0.006711409395973154,0,0.0,1.9866666666666666,550.0,No,0.0063
PRV54511,32,8690,271.5625,2000,1.4375,0.0,0.0,71.28125,0,32,30,22,0.0,0,0.0,1.0666666666666667,289.6666666666667,No,0.0011
PRV54514,387,644010,1664.108527131783,61000,1.5348837209302326,0.6925064599483204,134.27390180878552,74.29715762273902,48,339,305,147,0.00516795865633075,1,0.12403100775193798,1.2688524590163934,2111.5081967213114,Yes,0.8944
PRV54515,67,22750,339.55223880597015,3300,0.8955223880597015,0.0,2.6865671641791047,74.07462686567165,0,67,66,28,0.014925373134328358,0,0.0,1.0151515151515151,344.6969696969697,No,0.0027
PRV54517,45,5660,125.77777777777777,600,0.06666666666666667,0.0,1.7777777777777777,78.88888888888889,0,45,16,10,0.0,0,0.0,2.8125,353.75,No,0.0054
PRV54519,15,4540,302.6666666666667,2500,1.3333333333333333,0.0,10.0,74.2,0,15,10,3,0.0,0,0.0,1.5,454.0,No,0.0017
PRV54520,15,8080,538.6666666666666,2200,4.6,0.0,8.0,77.06666666666666,0,15,11,7,0.0,0,0.0,1.3636363636363635,734.5454545454545,No,0.0028
PRV54521,64,31840,497.5,3300,1.734375,0.0,4.375,68.8125,0,64,39,8,0.03125,0,0.0,1.641025641025641,816.4102564102565,No,0.011
PRV54522,2,2030,1015.0,2000,0.5,0.0,0.0,66.0,0,2,2,2,0.0,0,0.0,1.0,1015.0,No,0.0009
PRV54523,1,90,90.0,90,0.0,0.0,0.0,83.0,0,1,1,1,0.0,0,0.0,1.0,90.0,No,0.0032
PRV54524,21,2840,135.23809523809524,600,0.09523809523809523,0.0,0.0,69.42857142857143,0,21,16,8,0.0,0,0.0,1.3125,177.5,No,0.0037
PRV54526,46,10230,222.3913043478261,2100,0.15217391304347827,0.0,1.7391304347826086,62.84782608695652,0,46,17,7,0.043478260869565216,0,0.0,2.7058823529411766,601.7647058823529,No,0.0058
PRV54528,23,5710,248.2608695652174,2100,0.8695652173913043,0.0,0.0,77.34782608695652,0,23,9,1,0.0,0,0.0,2.5555555555555554,634.4444444444445,No,0.0014
PRV54529,5,160,32.0,50,0.0,0.0,14.0,83.0,0,5,5,5,0.0,0,0.0,1.0,32.0,No,0.0052
PRV54530,13,2580,198.46153846153845,1400,3.076923076923077,0.0,3.8461538461538463,76.3076923076923,0,13,4,2,0.0,0,0.0,3.25,645.0,No,0.0023
PRV54531,30,14030,467.6666666666667,5000,1.1333333333333333,0.1,38.93333333333333,74.43333333333334,1,29,26,14,0.0,0,0.03333333333333333,1.1538461538461537,539.6153846153846,No,0.0025
PRV54535,34,7090,208.52941176470588,2900,2.235294117647059,0.0,2.9411764705882355,68.3529411764706,0,34,29,14,0.0,0,0.0,1.1724137931034482,244.48275862068965,No,0.0025
PRV54536,13,4890,376.15384615384613,2700,0.8461538461538461,0.0,0.0,71.53846153846153,0,13,11,6,0.0,0,0.0,1.1818181818181819,444.54545454545456,No,0.0008
PRV54537,60,22470,374.5,3300,2.316666666666667,0.0,3.3333333333333335,72.03333333333333,0,60,20,1,0.0,0,0.0,3.0,1123.5,No,0.0026
PRV54538,48,21330,444.375,3300,1.3333333333333333,0.0,10.0,75.5,0,48,32,11,0.0,0,0.0,1.5,666.5625,No,0.012
PRV54539,69,18130,262.7536231884058,3300,0.463768115942029,0.0,4.492753623188406,73.56521739130434,0,69,43,15,0.0,0,0.0,1.6046511627906976,421.6279069767442,No,0.0026
PRV54540,20,9690,484.5,3300,0.0,0.0,5.0,75.35,0,20,19,11,0.0,1,0.0,1.0526315789473684,510.0,Yes,0.108
PRV54541,7,6050,864.2857142857143,3000,0.7142857142857143,0.7142857142857143,305.14285714285717,76.42857142857143,2,5,6,5,0.0,0,0.2857142857142857,1.1666666666666667,1008.3333333333334,No,0.0036
PRV54542,20,35420,1771.0,10000,2.35,1.6,271.0,72.55,5,15,14,6,0.0,0,0.25,1.4285714285714286,2530.0,No,0.1549
PRV54543,17,41500,2441.176470588235,17000,3.0,1.8235294117647058,203.76470588235293,70.58823529411765,3,14,15,10,0.11764705882352941,1,0.17647058823529413,1.1333333333333333,2766.6666666666665,Yes,0.5456
PRV54544,28,5250,187.5,800,1.4285714285714286,0.0,3.5714285714285716,75.75,0,28,8,2,0.0,0,0.0,3.5,656.25,No,0.0027
PRV54545,2,180,90.0,90,0.0,0.0,0.0,96.5,0,2,1,1,0.0,0,0.0,2.0,180.0,No,0.0195
PRV54546,6,910,151.66666666666666,600,0.0,0.0,16.666666666666668,64.66666666666667,0,6,6,2,0.0,0,0.0,1.0,151.66666666666666,No,0.0013
PRV54547,3,540,180.0,400,0.0,0.0,0.0,70.0,0,3,3,2,0.0,0,0.0,1.0,180.0,No,0.0013
PRV54548,12,1890,157.5,900,0.08333333333333333,0.0,0.0,66.91666666666667,0,12,7,2,0.0,0,0.0,1.7142857142857142,270.0,No,0.0014
PRV54549,1,40,40.0,40,0.0,0.0,0.0,66.0,0,1,1,1,0.0,0,0.0,1.0,40.0,No,0.0011
PRV54550,21,5550,264.2857142857143,2400,2.4285714285714284,0.0,0.0,72.9047619047619,0,21,13,1,0.0,0,0.0,1.6153846153846154,426.9230769230769,No,0.0009
PRV54551,7,1960,280.0,1300,1.4285714285714286,0.0,0.0,77.28571428571429,0,7,5,1,0.0,0,0.0,1.4,392.0,No,0.0011
PRV54552,45,11370,252.66666666666666,2100,0.8,0.0,4.444444444444445,76.46666666666667,0,45,28,4,0.0,0,0.0,1.6071428571428572,406.07142857142856,No,0.007
PRV54553,18,3740,207.77777777777777,1700,0.0,0.0,0.0,75.05555555555556,0,18,12,3,0.0,0,0.0,1.5,311.6666666666667,No,0.009
PRV54554,26,6990,268.84615384615387,3050,0.46153846153846156,0.0,0.0,78.26923076923077,0,26,8,2,0.0,0,0.0,3.25,873.75,No,0.0032
PRV54555,6,51000,8500.0,18000,7.0,7.0,1068.0,76.66666666666667,6,0,6,5,0.0,0,1.0,1.0,8500.0,No,0.0329
PRV54557,564,157890,279.9468085106383,14090,1.5407801418439717,0.0,3.0673758865248226,72.89716312056737,0,564,263,41,0.0017730496453900709,1,0.0,2.1444866920152093,600.3422053231939,Yes,0.6087
PRV54558,73,197970,2711.917808219178,36000,2.1506849315068495,1.273972602739726,220.41095890410958,73.83561643835617,15,58,69,50,0.0136986301369863,0,0.2054794520547945,1.0579710144927537,2869.1304347826085,No,0.1876
PRV54559,66,255560,3872.121212121212,43000,3.5,2.121212121212121,372.4848484848485,70.62121212121212,24,42,57,48,0.015151515151515152,0,0.36363636363636365,1.1578947368421053,4483.508771929824,No,0.6212
PRV54560,98,473080,4827.34693877551,50000,3.520408163265306,2.204081632653061,435.9183673469388,73.89795918367346,40,58,87,49,0.02040816326530612,1,0.40816326530612246,1.1264367816091954,5437.701149425287,Yes,0.6797
PRV54561,186,269670,1449.8387096774193,51000,2.510752688172043,0.7258064516129032,145.48387096774192,76.1236559139785,25,161,102,44,0.0,0,0.13440860215053763,1.8235294117647058,2643.823529411765,No,0.3228
PRV54562,206,57510,279.1747572815534,2700,1.1990291262135921,0.0,2.1359223300970873,76.97087378640776,0,206,75,8,0.0,0,0.0,2.7466666666666666,766.8,No,0.0313
PRV54563,267,79070,296.14232209737827,4060,1.6666666666666667,0.0,4.082397003745318,71.68539325842697,0,267,172,40,0.00749063670411985,0,0.0,1.552325581395349,459.7093023255814,No,0.0065
PRV54564,803,229780,286.1519302615193,14020,1.7048567870485678,0.0,2.8019925280199254,72.99252801992527,0,803,330,69,0.007471980074719801,0,0.0,2.433333333333333,696.3030303030303,No,0.4874
PRV54565,130,412130,3170.230769230769,57000,2.669230769230769,1.7384615384615385,313.7230769230769,75.67692307692307,39,91,106,78,0.007692307692307693,0,0.3,1.2264150943396226,3888.0188679245284,No,0.1735
PRV54566,308,755660,2453.4415584415583,103000,2.477272727272727,0.8571428571428571,136.5974025974026,72.97402597402598,40,268,247,154,0.022727272727272728,1,0.12987012987012986,1.2469635627530364,3059.3522267206476,Yes,0.9143
PRV54567,57,112690,1977.017543859649,37000,1.6140350877192982,0.7719298245614035,114.17543859649123,75.56140350877193,6,51,34,25,0.0,0,0.10526315789473684,1.6764705882352942,3314.4117647058824,No,0.0471
PRV54568,56,53640,957.8571428571429,12000,1.3214285714285714,0.375,95.35714285714286,72.25,5,51,46,26,0.0,0,0.08928571428571429,1.2173913043478262,1166.0869565217392,No,0.0158
PRV54569,63,209350,3323.0158730158732,49000,1.9365079365079365,0.9047619047619048,204.85714285714286,72.34920634920636,12,51,42,27,0.0,0,0.19047619047619047,1.5,4984.523809523809,No,0.2137
PRV54571,17,50610,2977.0588235294117,20000,4.176470588235294,1.4705882352941178,251.2941176470588,69.88235294117646,4,13,17,7,0.0,0,0.23529411764705882,1.0,2977.0588235294117,No,0.1149
PRV54572,146,53110,363.7671232876712,3300,1.773972602739726,0.0,1.8493150684931507,75.38356164383562,0,146,117,34,0.0136986301369863,0,0.0,1.2478632478632479,453.9316239316239,No,0.0135
PRV54573,22,5960,270.90909090909093,2800,0.9545454545454546,0.0,5.454545454545454,73.9090909090909,0,22,14,8,0.0,0,0.0,1.5714285714285714,425.7142857142857,No,0.003
PRV54574,35,7800,222.85714285714286,2400,0.9428571428571428,0.0,3.7142857142857144,69.74285714285715,0,35,24,12,0.0,0,0.0,1.4583333333333333,325.0,No,0.0101
PRV54575,273,504080,1846.4468864468865,95000,2.3003663003663,0.8644688644688645,123.10622710622711,74.89010989010988,33,240,155,19,0.003663003663003663,0,0.12087912087912088,1.761290322580645,3252.1290322580644,No,0.4065
PRV54576,16,113100,7068.75,18000,6.75,5.5,801.0,76.3125,14,2,16,13,0.0,0,0.875,1.0,7068.75,No,0.0368
PRV54577,61,494010,8098.524590163935,57000,4.737704918032787,4.081967213114754,752.8524590163935,75.8688524590164,45,16,56,21,0.0,0,0.7377049180327869,1.0892857142857142,8821.607142857143,No,0.399
PRV54578,77,24130,313.3766233766234,3000,0.5194805194805194,0.0,5.064935064935065,74.79220779220779,0,77,37,27,0.012987012987012988,0,0.0,2.081081081081081,652.1621621621622,No,0.0045
PRV54579,2,1290,645.0,1200,0.0,0.0,0.0,48.0,0,2,2,2,0.0,0,0.0,1.0,645.0,No,0.0012
PRV54580,30,7280,242.66666666666666,3200,1.3666666666666667,0.0,2.0,73.03333333333333,0,30,19,15,0.0,0,0.0,1.5789473684210527,383.1578947368421,No,0.0013
PRV54581,11,2160,196.36363636363637,900,0.0,0.0,0.0,74.27272727272727,0,11,9,5,0.0,0,0.0,1.2222222222222223,240.0,No,0.0006
PRV54582,71,18960,267.0422535211268,3100,0.6056338028169014,0.0,4.225352112676056,76.73239436619718,0,71,35,14,0.0,0,0.0,2.0285714285714285,541.7142857142857,No,0.0039
PRV54585,75,22620,301.6,3300,2.013333333333333,0.0,4.266666666666667,71.16,0,75,34,13,0.0,0,0.0,2.2058823529411766,665.2941176470588,No,0.0034
PRV54587,3,150,50.0,70,0.0,0.0,0.0,94.66666666666667,0,3,2,3,0.0,0,0.0,1.5,75.0,No,0.0258
PRV54588,63,17220,273.3333333333333,2900,1.2063492063492063,0.0,1.9047619047619047,74.2063492063492,0,63,47,5,0.0,0,0.0,1.3404255319148937,366.3829787234043,No,0.0013
PRV54589,11,1700,154.54545454545453,700,0.0,0.0,0.0,67.0909090909091,0,11,5,4,0.0,0,0.0,2.2,340.0,No,0.0022
PRV54590,66,28700,434.8484848484849,16000,1.5,0.030303030303030304,18.90909090909091,78.33333333333333,1,65,34,7,0.0,0,0.015151515151515152,1.9411764705882353,844.1176470588235,No,0.021
PRV54591,45,8280,184.0,1110,1.2444444444444445,0.0,1.7777777777777777,72.93333333333334,0,45,14,8,0.0,0,0.0,3.2142857142857144,591.4285714285714,No,0.0052
PRV54593,35,10960,313.14285714285717,3300,0.9714285714285714,0.0,0.8571428571428571,70.11428571428571,0,35,22,1,0.0,0,0.0,1.5909090909090908,498.1818181818182,No,0.0075
PRV54595,11,7620,692.7272727272727,2300,3.6363636363636362,0.0,0.0,74.72727272727273,0,11,9,4,0.0,0,0.0,1.2222222222222223,846.6666666666666,No,0.0007
PRV54596,64,16490,257.65625,1800,1.125,0.0,2.34375,77.28125,0,64,20,1,0.0,0,0.0,3.2,824.5,No,0.0078
PRV54597,15,5000,333.3333333333333,3300,0.0,0.0,0.6666666666666666,71.6,0,15,10,4,0.0,0,0.0,1.5,500.0,No,0.0027
PRV54598,9,1010,112.22222222222223,300,0.1111111111111111,0.0,0.0,66.88888888888889,0,9,7,6,0.0,0,0.0,1.2857142857142858,144.28571428571428,No,0.0013
PRV54599,17,3820,224.7058823529412,800,1.1764705882352942,0.0,3.5294117647058822,73.23529411764706,0,17,11,7,0.0,0,0.0,1.5454545454545454,347.27272727272725,No,0.0042
PRV54601,11,710,64.54545454545455,200,1.8181818181818181,0.0,5.454545454545454,70.27272727272727,0,11,6,3,0.0,0,0.0,1.8333333333333333,118.33333333333333,No,0.0058
PRV54602,14,1710,122.14285714285714,700,2.857142857142857,0.0,2.142857142857143,71.42857142857143,0,14,13,5,0.07142857142857142,0,0.0,1.0769230769230769,131.53846153846155,No,0.0027
PRV54603,57,16180,283.859649122807,3300,1.9824561403508771,0.0,4.912280701754386,75.3859649122807,0,57,32,9,0.0,0,0.0,1.78125,505.625,No,0.0138
PRV54604,38,8240,216.8421052631579,1500,0.5789473684210527,0.0,1.8421052631578947,71.65789473684211,0,38,15,3,0.0,0,0.0,2.533333333333333,549.3333333333334,No,0.0069
PRV54606,8,1510,188.75,900,2.5,0.0,0.0,66.875,0,8,8,4,0.0,0,0.0,1.0,188.75,No,0.0006
PRV54608,33,10650,322.72727272727275,3300,2.515151515151515,0.0,0.0,74.51515151515152,0,33,10,2,0.0,0,0.0,3.3,1065.0,No,0.0028
PRV54609,45,17160,381.3333333333333,2300,0.6666666666666666,0.0,3.7777777777777777,67.26666666666667,0,45,14,4,0.0,0,0.0,3.2142857142857144,1225.7142857142858,No,0.0034
PRV54610,45,14470,321.55555555555554,2900,2.688888888888889,0.0,4.222222222222222,76.93333333333334,0,45,21,3,0.0,0,0.0,2.142857142857143,689.047619047619,No,0.0025
PRV54611,6,4760,793.3333333333334,4000,0.3333333333333333,0.3333333333333333,194.66666666666666,69.0,1,5,6,5,0.0,0,0.16666666666666666,1.0,793.3333333333334,No,0.002
PRV54612,12,1120,93.33333333333333,400,0.0,0.0,7.5,71.0,0,12,4,4,0.0,0,0.0,3.0,280.0,No,0.0065
PRV54614,15,1440,96.0,300,0.6,0.0,2.6666666666666665,60.2,0,15,8,4,0.0,0,0.0,1.875,180.0,No,0.002
PRV54615,5,310,62.0,100,0.0,0.0,0.0,80.6,0,5,2,1,0.0,0,0.0,2.5,155.0,No,0.006
PRV54616,5,23310,4662.0,18000,1.6,1.6,427.2,77.8,2,3,5,4,0.0,0,0.4,1.0,4662.0,No,0.0015
PRV54618,32,10200,318.75,2300,0.0625,0.0,5.625,68.96875,0,32,18,1,0.0,0,0.0,1.7777777777777777,566.6666666666666,No,0.0041
PRV54619,33,9710,294.24242424242425,1500,1.0303030303030303,0.0,0.0,79.33333333333333,0,33,21,2,0.0,0,0.0,1.5714285714285714,462.3809523809524,No,0.0241
PRV54620,13,74520,5732.307692307692,34000,2.923076923076923,2.076923076923077,575.0769230769231,72.07692307692308,7,6,12,5,0.0,0,0.5384615384615384,1.0833333333333333,6210.0,No,0.0349
PRV54621,1,900,900.0,900,0.0,0.0,0.0,79.0,0,1,1,1,0.0,0,0.0,1.0,900.0,No,0.0014
PRV54622,10,890,89.0,300,1.8,0.0,3.0,73.9,0,10,8,6,0.0,0,0.0,1.25,111.25,No,0.001
PRV54623,43,8030,186.74418604651163,1400,0.8837209302325582,0.0,6.976744186046512,75.69767441860465,0,43,11,2,0.0,0,0.0,3.909090909090909,730.0,No,0.0139
PRV54624,10,10180,1018.0,3300,4.0,0.0,0.0,67.3,0,10,8,6,0.0,0,0.0,1.25,1272.5,No,0.0016
PRV54625,16,7290,455.625,2900,1.875,0.0,0.0,74.0,0,16,7,1,0.0,0,0.0,2.2857142857142856,1041.4285714285713,No,0.0012
PRV54627,26,5530,212.69230769230768,2000,0.8076923076923077,0.0,0.0,79.53846153846153,0,26,13,6,0.0,0,0.0,2.0,425.38461538461536,No,0.0027
PRV54628,4,1540,385.0,1400,0.75,0.0,0.0,74.75,0,4,4,2,0.0,0,0.0,1.0,385.0,No,0.0013
PRV54629,3,580,193.33333333333334,400,0.0,0.0,0.0,79.0,0,3,3,2,0.0,0,0.0,1.0,193.33333333333334,No,0.0012
PRV54630,85,25680,302.11764705882354,4300,1.576470588235294,0.0,1.1764705882352942,77.34117647058824,0,85,23,4,0.0,0,0.0,3.6956521739130435,1116.5217391304348,No,0.0039
PRV54633,12,1430,119.16666666666667,500,3.25,0.0,2.5,65.66666666666667,0,12,6,7,0.0,0,0.0,2.0,238.33333333333334,No,0.0026
PRV54634,32,6110,190.9375,1900,0.71875,0.0,5.9375,72.0625,0,32,23,12,0.0,0,0.0,1.391304347826087,265.6521739130435,No,0.0022
PRV54635,33,6590,199.6969696969697,2400,2.121212121212121,0.0,7.2727272727272725,75.93939393939394,0,33,11,1,0.12121212121212122,0,0.0,3.0,599.0909090909091,No,0.0035
PRV54636,76,26500,348.6842105263158,3300,2.039473684210526,0.0,1.0526315789473684,74.82894736842105,0,76,51,2,0.0,0,0.0,1.4901960784313726,519.6078431372549,No,0.0024
PRV54637,13,226000,17384.615384615383,57000,7.3076923076923075,7.3076923076923075,985.8461538461538,67.46153846153847,13,0,12,4,0.0,0,1.0,1.0833333333333333,18833.333333333332,No,0.2565
PRV54638,6,82000,13666.666666666666,41000,3.5,3.5,1068.0,80.5,6,0,6,3,0.0,0,1.0,1.0,13666.666666666666,No,0.0256
PRV54639,13,110000,8461.538461538461,41000,4.0,4.0,985.8461538461538,78.61538461538461,13,0,12,4,0.0,0,1.0,1.0833333333333333,9166.666666666666,No,0.0304
PRV54640,19,74260,3908.4210526315787,29000,3.6842105263157894,2.5789473684210527,395.57894736842104,68.73684210526316,7,12,19,17,0.05263157894736842,0,0.3684210526315789,1.0,3908.4210526315787,No,0.0426
PRV54642,49,14110,287.9591836734694,2800,2.2653061224489797,0.0,4.8979591836734695,74.6938775510204,0,49,46,30,0.02040816326530612,0,0.0,1.065217391304348,306.7391304347826,No,0.0021
PRV54643,18,8380,465.55555555555554,3300,0.0,0.0,0.0,70.77777777777777,0,18,18,16,0.05555555555555555,0,0.0,1.0,465.55555555555554,No,0.0135
PRV54644,68,212370,3123.0882352941176,57000,2.0588235294117645,1.161764705882353,345.8235294117647,72.25,22,46,66,53,0.014705882352941176,1,0.3235294117647059,1.0303030303030303,3217.7272727272725,Yes,0.6395
PRV54645,2,1010,505.0,1000,0.0,0.0,30.0,85.0,0,2,2,2,0.0,0,0.0,1.0,505.0,No,0.0129
PRV54646,23,11180,486.0869565217391,3300,2.4782608695652173,0.0,0.0,63.43478260869565,0,23,13,1,0.0,0,0.0,1.7692307692307692,860.0,No,0.0023
PRV54649,75,315080,4201.066666666667,57000,3.16,2.1333333333333333,302.9066666666667,76.17333333333333,22,53,73,47,0.013333333333333334,1,0.29333333333333333,1.0273972602739727,4316.164383561644,Yes,0.5514
PRV54651,91,291760,3206.153846153846,36000,2.208791208791209,1.3626373626373627,235.93406593406593,71.3956043956044,21,70,87,61,0.0,1,0.23076923076923078,1.0459770114942528,3353.5632183908046,Yes,0.1616
PRV54652,38,12020,316.3157894736842,2800,1.2105263157894737,0.0,2.1052631578947367,73.71052631578948,0,38,33,2,0.02631578947368421,0,0.0,1.1515151515151516,364.24242424242425,No,0.0035
PRV54653,70,377740,5396.285714285715,42000,3.1285714285714286,3.0,610.2857142857143,74.28571428571429,40,30,61,34,0.0,0,0.5714285714285714,1.1475409836065573,6192.459016393443,No,0.2963
PRV54656,35,11380,325.14285714285717,2500,0.7714285714285715,0.0,0.8571428571428571,72.28571428571429,0,35,35,21,0.0,0,0.0,1.0,325.14285714285717,No,0.0011
PRV54657,46,292220,6352.608695652174,101000,2.3260869565217392,1.434782608695652,394.69565217391306,73.76086956521739,17,29,46,34,0.0,0,0.3695652173913043,1.0,6352.608695652174,No,0.2527
PRV54658,85,192580,2265.6470588235293,12000,2.3411764705882354,1.2705882352941176,315.29411764705884,72.61176470588235,27,58,85,58,0.0,0,0.3176470588235294,1.0,2265.6470588235293,No,0.048
PRV54660,24,5110,212.91666666666666,2400,1.3333333333333333,0.0,1.25,69.29166666666667,0,24,21,18,0.0,0,0.0,1.1428571428571428,243.33333333333334,No,0.0029
PRV54661,19,88200,4642.105263157895,68000,0.9473684210526315,0.8947368421052632,168.6315789473684,72.84210526315789,3,16,19,12,0.0,0,0.15789473684210525,1.0,4642.105263157895,No,0.0307
PRV54662,45,25590,568.6666666666666,8000,3.533333333333333,0.28888888888888886,73.64444444444445,72.44444444444444,3,42,44,22,0.0,0,0.06666666666666667,1.0227272727272727,581.5909090909091,No,0.0038
PRV54664,2,1200,600.0,900,0.0,0.0,50.0,71.0,0,2,2,2,0.0,0,0.0,1.0,600.0,No,0.0038
PRV54666,5,11310,2262.0,10000,2.0,2.0,231.6,72.2,1,4,5,3,0.0,0,0.2,1.0,2262.0,No,0.0032
PRV54667,166,136690,823.433734939759,17000,3.1325301204819276,0.40963855421686746,52.674698795180724,68.28915662650603,9,157,66,16,0.0,0,0.05421686746987952,2.515151515151515,2071.060606060606,No,0.1895
PRV54668,306,96050,313.8888888888889,3300,1.2581699346405228,0.0,5.222222222222222,72.62745098039215,1,305,261,27,0.013071895424836602,0,0.0032679738562091504,1.1724137931034482,368.00766283524905,No,0.0111
PRV54670,159,39370,247.61006289308176,3200,1.9119496855345912,0.0,1.509433962264151,73.54088050314465,0,159,115,13,0.006289308176100629,0,0.0,1.382608695652174,342.3478260869565,No,0.008
PRV54671,3,920,306.6666666666667,800,0.0,0.0,0.0,74.0,0,3,1,2,0.0,0,0.0,3.0,920.0,No,0.0018
PRV54672,10,4200,420.0,1700,3.4,0.0,0.0,59.4,0,10,7,4,0.0,0,0.0,1.4285714285714286,600.0,No,0.0009
PRV54673,1,6000,6000.0,6000,13.0,13.0,0.0,66.0,1,0,1,1,0.0,0,1.0,1.0,6000.0,No,0.0014
PRV54674,3,27000,9000.0,16000,10.0,10.0,1068.0,85.66666666666667,3,0,3,1,0.0,0,1.0,1.0,9000.0,No,0.0064
PRV54675,37,422000,11405.405405405405,47000,5.054054054054054,5.054054054054054,1068.0,72.16216216216216,37,0,34,3,0.0,1,1.0,1.088235294117647,12411.764705882353,Yes,0.7626
PRV54676,40,375200,9380.0,40000,5.125,5.125,1014.6,73.475,40,0,36,4,0.0,1,1.0,1.1111111111111112,10422.222222222223,Yes,0.7066
PRV54677,27,16270,602.5925925925926,2800,4.962962962962963,0.0,4.074074074074074,72.92592592592592,0,27,15,2,0.037037037037037035,0,0.0,1.8,1084.6666666666667,No,0.005
PRV54678,15,6850,456.6666666666667,2500,0.0,0.0,4.666666666666667,69.46666666666667,0,15,7,3,0.0,0,0.0,2.142857142857143,978.5714285714286,No,0.006
PRV54679,1,7000,7000.0,7000,5.0,5.0,1068.0,71.0,1,0,1,1,0.0,0,1.0,1.0,7000.0,No,0.0024
PRV54680,18,257000,14277.777777777777,57000,7.277777777777778,7.277777777777778,1068.0,69.61111111111111,18,0,17,4,0.0,1,1.0,1.0588235294117647,15117.64705882353,Yes,0.6748
PRV54681,301,63790,211.9269102990033,3300,1.1295681063122924,0.0,1.9601328903654485,74.09634551495017,0,301,285,125,0.013289036544850499,0,0.0,1.056140350877193,223.82456140350877,No,0.0453
PRV54682,96,57690,600.9375,9000,1.3854166666666667,0.17708333333333334,59.791666666666664,69.77083333333333,6,90,88,51,0.0,0,0.0625,1.0909090909090908,655.5681818181819,No,0.0106
PRV54683,462,123850,268.0735930735931,8060,1.2878787878787878,0.0,2.3376623376623376,73.56926406926407,0,462,406,140,0.008658008658008658,0,0.0,1.1379310344827587,305.04926108374383,No,0.0156
PRV54684,133,43360,326.01503759398497,3000,2.0,0.0,1.8045112781954886,73.54135338345864,0,133,128,44,0.007518796992481203,0,0.0,1.0390625,338.75,No,0.0031
PRV54685,145,40150,276.8965517241379,3300,2.3241379310344827,0.0,1.793103448275862,75.77241379310345,0,145,139,46,0.006896551724137931,0,0.0,1.0431654676258992,288.84892086330933,No,0.0069
PRV54686,157,145620,927.515923566879,13000,1.5541401273885351,0.36942675159235666,97.97452229299363,70.73248407643312,14,143,125,55,0.006369426751592357,0,0.08917197452229299,1.256,1164.96,No,0.055
PRV54687,18,9390,521.6666666666666,2200,1.1111111111111112,0.0,3.888888888888889,73.55555555555556,0,18,18,16,0.0,0,0.0,1.0,521.6666666666666,No,0.0018
PRV54688,1032,401660,389.20542635658916,81000,1.193798449612403,0.04263565891472868,14.503875968992247,71.44186046511628,11,1021,481,31,0.0048449612403100775,1,0.01065891472868217,2.1455301455301456,835.0519750519751,Yes,0.7779
PRV54689,20,2070,103.5,600,0.1,0.0,0.0,77.0,0,20,20,16,0.0,0,0.0,1.0,103.5,No,0.0014
PRV54690,840,224960,267.8095238095238,3300,1.2738095238095237,0.0,2.0952380952380953,71.84166666666667,0,840,366,11,0.002380952380952381,0,0.0,2.2950819672131146,614.6448087431694,No,0.1222
PRV54691,67,98310,1467.313432835821,41000,0.9850746268656716,0.6865671641791045,105.19402985074628,71.85074626865672,7,60,66,34,0.0,0,0.1044776119402985,1.0151515151515151,1489.5454545454545,No,0.0416
PRV54692,72,375880,5220.555555555556,51000,3.8194444444444446,3.2222222222222223,712.0,78.26388888888889,48,24,62,16,0.013888888888888888,1,0.6666666666666666,1.1612903225806452,6062.580645161291,Yes,0.2083
PRV54693,52,39930,767.8846153846154,11000,3.0576923076923075,0.25,41.07692307692308,72.57692307692308,2,50,51,26,0.0,0,0.038461538461538464,1.0196078431372548,782.9411764705883,No,0.0097
PRV54694,330,90760,275.030303030303,3300,1.396969696969697,0.0,1.303030303030303,71.64545454545454,0,330,155,18,0.015151515151515152,0,0.0,2.129032258064516,585.5483870967741,No,0.0802
PRV54695,53,15750,297.1698113207547,3300,1.7735849056603774,0.0,4.90566037735849,76.62264150943396,0,53,53,25,0.0,0,0.0,1.0,297.1698113207547,No,0.0027
PRV54696,71,139150,1959.8591549295775,50000,2.6901408450704225,0.5774647887323944,95.74647887323944,71.05633802816901,6,65,63,28,0.014084507042253521,0,0.08450704225352113,1.126984126984127,2208.7301587301586,No,0.1307
PRV54697,8,10880,1360.0,10000,3.125,0.625,133.5,75.625,1,7,8,6,0.0,0,0.125,1.0,1360.0,No,0.0019
PRV54699,4,360,90.0,200,0.0,0.0,25.0,76.75,0,4,4,4,0.0,0,0.0,1.0,90.0,No,0.0057
PRV54701,6,1310,218.33333333333334,1000,0.0,0.0,0.0,81.83333333333333,0,6,5,5,0.0,0,0.0,1.2,262.0,No,0.0017
PRV54703,11,660,60.0,200,0.0,0.0,0.0,75.18181818181819,0,11,11,11,0.0,0,0.0,1.0,60.0,No,0.0009
PRV54704,161,44710,277.70186335403724,3000,1.1055900621118013,0.0,1.0559006211180124,73.82608695652173,0,161,115,21,0.0,0,0.0,1.4,388.7826086956522,No,0.0028
PRV54705,257,219740,855.0194552529183,19000,1.5330739299610896,0.45525291828793774,80.43579766536965,73.852140077821,20,237,119,19,0.0,0,0.07782101167315175,2.1596638655462184,1846.5546218487395,No,0.2938
PRV54707,9,1280,142.22222222222223,500,0.0,0.0,0.0,64.22222222222223,0,9,8,1,0.0,0,0.0,1.125,160.0,No,0.0006
PRV54708,8,2680,335.0,1800,0.125,0.0,0.0,74.5,0,8,8,2,0.0,0,0.0,1.0,335.0,No,0.0019
PRV54710,2,860,430.0,800,0.0,0.0,0.0,61.0,0,2,2,2,0.0,0,0.0,1.0,430.0,No,0.0016
PRV54711,2,40,20.0,20,0.0,0.0,0.0,81.0,0,2,2,1,0.0,0,0.0,1.0,20.0,No,0.0018
PRV54712,14,7460,532.8571428571429,2300,1.4285714285714286,0.0,0.0,68.35714285714286,0,14,13,1,0.0,0,0.0,1.0769230769230769,573.8461538461538,No,0.0009
PRV54713,17,1770,104.11764705882354,400,1.2941176470588236,0.0,11.764705882352942,69.52941176470588,0,17,17,1,0.0,0,0.0,1.0,104.11764705882354,No,0.002
PRV54714,10,2480,248.0,1400,0.3,0.0,0.0,78.1,0,10,10,1,0.0,0,0.0,1.0,248.0,No,0.0009
PRV54715,19,6890,362.63157894736844,2200,2.0526315789473686,0.0,5.2631578947368425,76.94736842105263,0,19,18,2,0.0,0,0.0,1.0555555555555556,382.77777777777777,No,0.0035
PRV54716,141,39240,278.29787234042556,3300,0.8014184397163121,0.0,4.822695035460993,74.09929078014184,0,141,55,3,0.0070921985815602835,0,0.0,2.5636363636363635,713.4545454545455,No,0.0118
PRV54717,3,2400,800.0,2300,0.0,0.0,0.0,59.0,0,3,3,1,0.0,0,0.0,1.0,800.0,No,0.0008
PRV54718,29,302000,10413.793103448275,57000,6.137931034482759,6.137931034482759,1068.0,74.79310344827586,29,0,24,2,0.0,1,1.0,1.2083333333333333,12583.333333333334,Yes,0.6749
PRV54720,9,127000,14111.111111111111,27000,3.888888888888889,3.888888888888889,949.3333333333334,76.22222222222223,9,0,9,1,0.0,0,1.0,1.0,14111.111111111111,No,0.015
PRV54723,90,24350,270.55555555555554,2200,1.5444444444444445,0.0,1.8888888888888888,74.05555555555556,0,90,86,36,0.0,0,0.0,1.0465116279069768,283.13953488372096,No,0.0012
PRV54724,71,495650,6980.985915492958,57000,4.295774647887324,4.014084507042254,707.9718309859155,77.63380281690141,48,23,67,14,0.0,0,0.676056338028169,1.0597014925373134,7397.761194029851,No,0.2273
PRV54725,116,34700,299.13793103448273,3300,2.0344827586206895,0.0,1.293103448275862,76.57758620689656,0,116,112,66,0.0,0,0.0,1.0357142857142858,309.82142857142856,No,0.0029
PRV54726,34,33290,979.1176470588235,22000,1.8823529411764706,0.35294117647058826,67.23529411764706,73.47058823529412,2,32,34,26,0.0,0,0.058823529411764705,1.0,979.1176470588235,No,0.008
PRV54727,59,24270,411.35593220338984,3300,1.7118644067796611,0.0,6.271186440677966,77.40677966101696,0,59,59,47,0.0,0,0.0,1.0,411.35593220338984,No,0.0026
PRV54728,11,13690,1244.5454545454545,6000,3.1818181818181817,1.0909090909090908,194.1818181818182,76.0,2,9,11,9,0.0,0,0.18181818181818182,1.0,1244.5454545454545,No,0.0022
PRV54730,40,9450,236.25,2700,1.875,0.0,0.0,71.65,0,40,39,21,0.0,0,0.0,1.0256410256410255,242.30769230769232,No,0.0007
PRV54734,138,42870,310.6521739130435,3300,1.108695652173913,0.0,2.8260869565217392,73.2536231884058,0,138,127,38,0.007246376811594203,0,0.0,1.0866141732283465,337.5590551181102,No,0.0032
PRV54735,38,59710,1571.3157894736842,20000,2.473684210526316,0.8947368421052632,147.3684210526316,75.39473684210526,5,33,38,28,0.0,0,0.13157894736842105,1.0,1571.3157894736842,No,0.0375
PRV54737,35,169510,4843.142857142857,42000,4.228571428571429,2.085714285714286,396.6857142857143,76.88571428571429,13,22,35,23,0.0,0,0.37142857142857144,1.0,4843.142857142857,No,0.0653
PRV54739,186,632650,3401.3440860215055,57000,2.3118279569892475,1.6129032258064515,242.61290322580646,73.97849462365592,45,141,180,42,0.0,1,0.24193548387096775,1.0333333333333334,3514.722222222222,Yes,0.6
PRV54741,177,47650,269.2090395480226,3300,0.8361581920903954,0.0,5.423728813559322,73.55367231638418,0,177,171,91,0.005649717514124294,0,0.0,1.0350877192982457,278.65497076023394,No,0.0076
PRV54742,1892,2969530,1569.5190274841439,125000,1.885306553911205,0.6834038054968288,129.52325581395348,74.24418604651163,231,1661,989,16,0.0021141649048625794,1,0.12209302325581395,1.9130434782608696,3002.5581395348836,Yes,0.9876
PRV54743,80,87470,1093.375,18000,2.075,0.8,81.725,71.85,7,73,77,57,0.0,1,0.0875,1.0389610389610389,1135.974025974026,Yes,0.016
PRV54745,828,295740,357.17391304347825,14000,1.2330917874396135,0.06521739130434782,15.809178743961352,74.69202898550725,10,818,502,23,0.0036231884057971015,0,0.012077294685990338,1.649402390438247,589.1235059760957,No,0.0681
PRV54747,21,5420,258.0952380952381,2700,1.0476190476190477,0.0,7.619047619047619,73.0,0,21,20,18,0.0,0,0.0,1.05,271.0,No,0.0024
PRV54748,85,32110,377.7647058823529,2800,2.1176470588235294,0.0,3.411764705882353,75.76470588235294,0,85,83,38,0.0,0,0.0,1.0240963855421688,386.86746987951807,No,0.0026
PRV54753,16,7780,486.25,3300,1.9375,0.0,0.0,75.0,0,16,16,9,0.0,0,0.0,1.0,486.25,No,0.0017
PRV54756,19,17390,915.2631578947369,4000,2.473684210526316,0.3684210526315789,171.26315789473685,69.63157894736842,3,16,19,13,0.0,0,0.15789473684210525,1.0,915.2631578947369,No,0.0074
PRV54757,65,117290,1804.4615384615386,16000,2.0923076923076924,1.2,213.90769230769232,77.21538461538462,15,50,65,50,0.03076923076923077,0,0.23076923076923078,1.0,1804.4615384615386,No,0.0438
PRV54758,95,25690,270.42105263157896,3300,1.6526315789473685,0.0,4.421052631578948,74.07368421052631,0,95,93,68,0.0,0,0.0,1.021505376344086,276.23655913978496,No,0.0013
PRV54759,44,45140,1025.909090909091,15000,1.5,0.4772727272727273,122.27272727272727,71.5,5,39,44,22,0.0,0,0.11363636363636363,1.0,1025.909090909091,No,0.009
PRV54760,31,195090,6293.225806451613,38000,3.967741935483871,3.967741935483871,826.8387096774194,77.90322580645162,24,7,29,10,0.0,0,0.7741935483870968,1.0689655172413792,6727.241379310345,No,0.1063
PRV54761,822,216040,262.82238442822387,3300,1.6313868613138687,0.0,2.7858880778588806,73.65936739659368,0,822,483,9,0.006082725060827251,0,0.0,1.7018633540372672,447.28778467908904,No,0.0758
PRV54763,34,11770,346.1764705882353,3300,1.5588235294117647,0.0,0.0,72.97058823529412,0,34,33,23,0.0,0,0.0,1.0303030303030303,356.6666666666667,No,0.0009
PRV54764,51,162080,3178.0392156862745,34000,1.7450980392156863,1.2745098039215685,275.7647058823529,73.80392156862744,13,38,48,36,0.0,0,0.2549019607843137,1.0625,3376.6666666666665,No,0.1408
PRV54765,239,2000500,8370.292887029289,57000,4.510460251046025,4.079497907949791,858.3096234309623,73.80334728033473,196,43,201,33,0.0041841004184100415,1,0.8200836820083682,1.1890547263681592,9952.73631840796,Yes,0.9802
PRV54767,63,62080,985.3968253968254,10000,1.0634920634920635,0.5238095238095238,136.88888888888889,74.25396825396825,8,55,62,35,0.0,0,0.12698412698412698,1.0161290322580645,1001.2903225806451,No,0.0162
PRV54768,32,79420,2481.875,17000,3.34375,0.90625,202.4375,69.40625,7,25,31,26,0.0,0,0.21875,1.032258064516129,2561.935483870968,No,0.0382
PRV54771,85,171560,2018.3529411764705,38000,1.4470588235294117,0.6941176470588235,151.83529411764707,73.37647058823529,12,73,80,50,0.0,1,0.1411764705882353,1.0625,2144.5,Yes,0.4431
PRV54772,2115,1751320,828.0472813238771,57000,1.7546099290780142,0.3111111111111111,57.12718676122932,74.13853427895981,109,2006,1061,43,0.00425531914893617,1,0.051536643026004726,1.993402450518379,1650.631479736098,Yes,0.9873
PRV54773,34,160210,4712.058823529412,38000,4.088235294117647,2.5294117647058822,288.88235294117646,74.11764705882354,10,24,34,24,0.029411764705882353,0,0.29411764705882354,1.0,4712.058823529412,No,0.1061
PRV54774,488,203170,416.33196721311475,33000,1.7336065573770492,0.055327868852459015,13.62704918032787,73.05327868852459,5,483,264,16,0.0020491803278688526,0,0.010245901639344262,1.8484848484848484,769.5833333333334,No,0.175
PRV54776,37,37450,1012.1621621621622,15000,1.8108108108108107,0.21621621621621623,144.32432432432432,73.64864864864865,5,32,37,31,0.0,0,0.13513513513513514,1.0,1012.1621621621622,No,0.0099
PRV54778,1672,998160,596.9856459330143,33000,1.8026315789473684,0.20095693779904306,43.202153110047846,74.93361244019138,64,1608,857,9,0.004186602870813397,1,0.03827751196172249,1.9509918319719954,1164.7141190198367,Yes,0.9358
PRV54779,31,120680,3892.9032258064517,34000,1.935483870967742,1.6129032258064515,310.06451612903226,71.29032258064517,9,22,31,26,0.0,0,0.2903225806451613,1.0,3892.9032258064517,No,0.0631
PRV54780,21,4950,235.71428571428572,2400,1.9047619047619047,0.0,2.380952380952381,77.9047619047619,0,21,21,9,0.047619047619047616,0,0.0,1.0,235.71428571428572,No,0.002
PRV54781,205,776560,3788.0975609756097,53000,3.029268292682927,2.3121951219512193,366.1951219512195,74.50243902439024,71,134,189,44,0.004878048780487805,1,0.3463414634146341,1.0846560846560847,4108.783068783069,Yes,0.8888
PRV54783,28,20530,733.2142857142857,3300,2.892857142857143,0.0,6.428571428571429,74.78571428571429,0,28,26,14,0.0,0,0.0,1.0769230769230769,789.6153846153846,No,0.0026
PRV54784,9,1520,168.88888888888889,600,0.7777777777777778,0.0,0.0,76.22222222222223,0,9,9,5,0.0,0,0.0,1.0,168.88888888888889,No,0.0009
PRV54785,8,26330,3291.25,17000,4.25,1.75,279.5,68.625,2,6,8,7,0.0,0,0.25,1.0,3291.25,No,0.0059
PRV54786,1316,415900,316.03343465045594,11900,1.7765957446808511,0.0,2.5835866261398177,73.59574468085107,0,1316,697,10,0.0022796352583586625,1,0.0,1.8880918220946916,596.700143472023,Yes,0.8094
PRV54787,77,297820,3867.7922077922076,55000,2.0259740259740258,1.2727272727272727,321.09090909090907,72.07792207792208,24,53,76,48,0.012987012987012988,0,0.3116883116883117,1.013157894736842,3918.684210526316,No,0.2719
PRV54789,3,30000,10000.0,14000,4.333333333333333,4.333333333333333,1068.0,73.66666666666667,3,0,3,3,0.0,0,1.0,1.0,10000.0,No,0.0051
PRV54790,8,3560,445.0,1800,3.0,0.0,0.0,74.875,0,8,8,2,0.0,0,0.0,1.0,445.0,No,0.0008
PRV54792,22,5390,245.0,1300,1.0909090909090908,0.0,2.727272727272727,75.4090909090909,0,22,22,2,0.0,0,0.0,1.0,245.0,No,0.0036
PRV54793,10,3820,382.0,2500,2.8,0.0,0.0,67.0,0,10,5,3,0.0,0,0.0,2.0,764.0,No,0.0008
PRV54794,3,450,150.0,300,0.0,0.0,0.0,74.0,0,3,3,3,0.0,0,0.0,1.0,150.0,No,0.0009
PRV54795,21,7510,357.6190476190476,3300,0.9523809523809523,0.0,2.857142857142857,78.76190476190476,0,21,21,6,0.0,0,0.0,1.0,357.6190476190476,No,0.0035
PRV54796,2,1700,850.0,1100,0.0,0.0,0.0,50.5,0,2,2,1,0.0,0,0.0,1.0,850.0,No,0.001
PRV54798,5,290,58.0,100,4.0,0.0,0.0,83.4,0,5,5,1,0.0,0,0.0,1.0,58.0,No,0.0018
PRV54799,1,100,100.0,100,0.0,0.0,0.0,66.0,0,1,1,1,0.0,0,0.0,1.0,100.0,No,0.0012
PRV54800,2,500,250.0,400,0.0,0.0,0.0,66.0,0,2,2,2,0.0,0,0.0,1.0,250.0,No,0.0011
PRV54802,17,1770,104.11764705882354,500,1.5294117647058822,0.0,0.0,77.05882352941177,0,17,17,4,0.0,0,0.0,1.0,104.11764705882354,No,0.0008
PRV54803,3,1880,626.6666666666666,1800,0.0,0.0,0.0,69.66666666666667,0,3,3,2,0.0,0,0.0,1.0,626.6666666666666,No,0.0021
PRV54805,5,270,54.0,200,4.0,0.0,0.0,75.2,0,5,5,1,0.0,0,0.0,1.0,54.0,No,0.0011
PRV54806,75,13300,177.33333333333334,2000,1.1866666666666668,0.0,6.8,75.0,0,75,56,1,0.0,0,0.0,1.3392857142857142,237.5,No,0.0052
PRV54808,32,15140,473.125,4020,0.03125,0.0,3.4375,69.46875,0,32,32,3,0.03125,1,0.0,1.0,473.125,Yes,0.2069
PRV54809,55,21170,384.90909090909093,3300,0.8909090909090909,0.0,2.909090909090909,75.2909090909091,0,55,53,4,0.01818181818181818,0,0.0,1.0377358490566038,399.4339622641509,No,0.0065
PRV54810,7,3800,542.8571428571429,2700,2.857142857142857,0.0,5.714285714285714,70.85714285714286,0,7,7,2,0.0,0,0.0,1.0,542.8571428571429,No,0.0016
PRV54812,12,156000,13000.0,42000,5.833333333333333,5.833333333333333,1068.0,76.58333333333333,12,0,12,3,0.0,0,1.0,1.0,13000.0,No,0.0714
PRV54813,1056,300030,284.1193181818182,5300,1.4583333333333333,0.0,3.484848484848485,74.21022727272727,0,1056,711,2,0.011363636363636364,0,0.0,1.4852320675105486,421.9831223628692,No,0.0544
PRV54814,82,20790,253.53658536585365,2700,1.2926829268292683,0.0,2.5609756097560976,72.0,0,82,72,3,0.0,0,0.0,1.1388888888888888,288.75,No,0.0014
PRV54817,1,7000,7000.0,7000,19.0,19.0,1068.0,99.0,1,0,1,1,0.0,0,1.0,1.0,7000.0,No,0.0057
PRV54818,5,46000,9200.0,26000,3.0,3.0,1068.0,70.0,5,0,5,3,0.0,0,1.0,1.0,9200.0,No,0.0104
PRV54819,25,158110,6324.4,20000,4.36,4.36,897.12,74.96,23,2,23,4,0.0,0,0.92,1.0869565217391304,6874.347826086957,No,0.1723
PRV54820,1,12000,12000.0,12000,2.0,2.0,1068.0,96.0,1,0,1,1,0.0,0,1.0,1.0,12000.0,No,0.0056
PRV54821,7,39000,5571.428571428572,9000,4.571428571428571,4.571428571428571,1068.0,74.28571428571429,7,0,7,1,0.0,0,1.0,1.0,5571.428571428572,No,0.0056
PRV54822,16,136000,8500.0,18000,6.125,6.125,1068.0,68.1875,16,0,16,2,0.0,1,1.0,1.0,8500.0,Yes,0.2907
PRV54824,10,100000,10000.0,23000,6.5,6.5,1068.0,71.8,10,0,10,1,0.0,0,1.0,1.0,10000.0,No,0.0386
PRV54827,17,2570,151.1764705882353,600,1.2941176470588236,0.0,0.0,75.52941176470588,0,17,12,1,0.0,0,0.0,1.4166666666666667,214.16666666666666,No,0.002
PRV54828,60,111610,1860.1666666666667,57000,2.0,0.6833333333333333,56.4,69.1,3,57,22,16,0.0,1,0.05,2.727272727272727,5073.181818181818,Yes,0.5161
PRV54829,75,21140,281.8666666666667,2500,1.3333333333333333,0.0,2.6666666666666665,74.68,0,75,55,30,0.0,0,0.0,1.3636363636363635,384.3636363636364,No,0.0012
PRV54830,11,13810,1255.4545454545455,13000,2.5454545454545454,0.7272727272727273,97.0909090909091,73.0909090909091,1,10,11,6,0.0,0,0.09090909090909091,1.0,1255.4545454545455,No,0.0017
PRV54831,17,34040,2002.3529411764705,20000,0.8235294117647058,0.8235294117647058,251.2941176470588,69.29411764705883,4,13,17,13,0.058823529411764705,0,0.23529411764705882,1.0,2002.3529411764705,No,0.024
PRV54832,60,95240,1587.3333333333333,54000,1.9,0.31666666666666665,90.83333333333333,72.85,5,55,58,19,0.016666666666666666,1,0.08333333333333333,1.0344827586206897,1642.0689655172414,Yes,0.2673
PRV54833,88,19000,215.9090909090909,3300,1.3068181818181819,0.0,3.8636363636363638,69.125,0,88,48,3,0.0,0,0.0,1.8333333333333333,395.8333333333333,No,0.0088
PRV54834,16,59300,3706.25,24000,3.4375,0.9375,413.0,72.3125,6,10,15,8,0.0,0,0.375,1.0666666666666667,3953.3333333333335,No,0.0331
PRV54836,8,3400,425.0,1600,0.125,0.0,3.75,70.75,0,8,8,6,0.0,0,0.0,1.0,425.0,No,0.0018
PRV54837,1843,524060,284.35160065111234,16300,1.6006511123168747,0.0,3.038524145415084,72.6842105263158,0,1843,728,13,0.010851871947911014,1,0.0,2.5315934065934065,719.8626373626373,Yes,0.9397
PRV54838,58,10800,186.20689655172413,1600,0.6896551724137931,0.0,2.9310344827586206,73.94827586206897,0,58,31,1,0.0,0,0.0,1.8709677419354838,348.38709677419354,No,0.006
PRV54840,26,6520,250.76923076923077,1900,1.3846153846153846,0.0,0.0,70.88461538461539,0,26,21,12,0.038461538461538464,0,0.0,1.2380952380952381,310.4761904761905,No,0.003
PRV54841,6,50250,8375.0,27000,1.5,1.5,534.0,77.5,3,3,5,5,0.0,0,0.5,1.2,10050.0,No,0.0248
PRV54842,130,62420,480.15384615384613,11000,1.1076923076923078,0.07692307692307693,27.184615384615384,73.66923076923077,3,127,59,18,0.007692307692307693,0,0.023076923076923078,2.2033898305084745,1057.9661016949153,No,0.0392
PRV54845,41,100280,2445.8536585365855,37000,2.048780487804878,1.5609756097560976,216.6829268292683,69.34146341463415,8,33,36,18,0.024390243902439025,1,0.1951219512195122,1.1388888888888888,2785.5555555555557,Yes,0.4227
PRV54846,42,117930,2807.8571428571427,31000,0.8333333333333334,0.6190476190476191,230.28571428571428,72.47619047619048,9,33,40,27,0.0,0,0.21428571428571427,1.05,2948.25,No,0.0601
PRV54847,296,128200,433.1081081081081,16000,1.2905405405405406,0.21621621621621623,40.4054054054054,69.65202702702703,10,286,135,60,0.0033783783783783786,0,0.033783783783783786,2.1925925925925926,949.6296296296297,No,0.1083
PRV54848,28,239270,8545.357142857143,57000,6.785714285714286,6.785714285714286,884.4285714285714,73.07142857142857,24,4,26,5,0.0,0,0.8571428571428571,1.0769230769230769,9202.692307692309,No,0.6085
PRV54849,12,1590,132.5,300,0.0,0.0,0.0,71.58333333333333,0,12,12,9,0.0,0,0.0,1.0,132.5,No,0.0006
PRV54852,180,51420,285.6666666666667,3300,1.9444444444444444,0.0,2.5,75.35555555555555,0,180,82,3,0.0,0,0.0,2.1951219512195124,627.0731707317074,No,0.018
PRV54854,131,39660,302.7480916030534,3300,1.6870229007633588,0.0,3.3587786259541983,69.54961832061069,0,131,55,3,0.0,0,0.0,2.381818181818182,721.0909090909091,No,0.0055
PRV54855,212,56930,268.5377358490566,3200,1.5943396226415094,0.0,2.311320754716981,72.13207547169812,0,212,129,3,0.0,0,0.0,1.6434108527131783,441.3178294573643,No,0.006
PRV54856,1,40,40.0,40,0.0,0.0,0.0,65.0,0,1,1,1,0.0,0,0.0,1.0,40.0,No,0.0011
PRV54859,25,12250,490.0,3300,1.16,0.0,11.2,68.76,0,25,6,4,0.0,0,0.0,4.166666666666667,2041.6666666666667,No,0.0067
PRV54860,21,14080,670.4761904761905,3300,3.0476190476190474,0.0,13.333333333333334,69.47619047619048,0,21,8,1,0.0,0,0.0,2.625,1760.0,No,0.0074
PRV54861,43,6450,150.0,900,1.4186046511627908,0.0,4.186046511627907,66.79069767441861,0,43,32,10,0.0,0,0.0,1.34375,201.5625,No,0.0076
PRV54862,7,3530,504.2857142857143,2800,0.14285714285714285,0.0,0.0,85.71428571428571,0,7,1,2,0.0,0,0.0,7.0,3530.0,No,0.0062
PRV54863,6,1140,190.0,500,0.6666666666666666,0.0,0.0,68.66666666666667,0,6,6,2,0.0,0,0.0,1.0,190.0,No,0.0009
PRV54864,5,860,172.0,500,2.8,0.0,0.0,68.8,0,5,5,2,0.0,0,0.0,1.0,172.0,No,0.0007
PRV54865,6,610,101.66666666666667,300,0.0,0.0,8.333333333333334,74.83333333333333,0,6,6,2,0.0,0,0.0,1.0,101.66666666666667,No,0.0019
PRV54866,2,40,20.0,20,0.0,0.0,45.0,52.5,0,2,2,1,0.0,0,0.0,1.0,20.0,No,0.0017
PRV54867,3,3550,1183.3333333333333,3300,6.666666666666667,0.0,6.666666666666667,76.33333333333333,0,3,3,2,0.0,0,0.0,1.0,1183.3333333333333,No,0.0017
PRV54868,105,25220,240.1904761904762,3100,1.6,0.0,2.4761904761904763,72.00952380952381,0,105,91,1,0.0,0,0.0,1.1538461538461537,277.14285714285717,No,0.0011
PRV54869,8,950,118.75,300,0.0,0.0,0.0,69.25,0,8,8,1,0.0,0,0.0,1.0,118.75,No,0.0008
PRV54870,8,1080,135.0,300,0.0,0.0,0.0,79.5,0,8,8,1,0.0,0,0.0,1.0,135.0,No,0.0007
PRV54871,10,3260,326.0,2000,0.0,0.0,0.0,73.7,0,10,8,1,0.0,0,0.0,1.25,407.5,No,0.0008
PRV54873,8,420,52.5,90,0.0,0.0,0.0,63.75,0,8,8,3,0.0,0,0.0,1.0,52.5,No,0.0012
PRV54875,20,172000,8600.0,25000,9.15,9.15,1014.6,68.85,20,0,19,3,0.05,1,1.0,1.0526315789473684,9052.631578947368,Yes,0.428
PRV54876,3,58000,19333.333333333332,37000,10.666666666666666,10.666666666666666,712.0,70.33333333333333,3,0,3,2,0.0,1,1.0,1.0,19333.333333333332,Yes,0.149
PRV54877,70,26290,375.57142857142856,3300,1.8285714285714285,0.0,2.5714285714285716,73.61428571428571,0,70,63,21,0.014285714285714285,0,0.0,1.1111111111111112,417.3015873015873,No,0.0015
PRV54878,16,9240,577.5,5000,2.125,0.0625,72.375,73.1875,1,15,15,7,0.0,0,0.0625,1.0666666666666667,616.0,No,0.0026
PRV54879,245,643720,2627.4285714285716,57000,2.2816326530612243,1.2571428571428571,254.5469387755102,72.89387755102041,60,185,197,36,0.0,1,0.24489795918367346,1.2436548223350254,3267.6142131979695,Yes,0.8654
PRV54881,39,294510,7551.538461538462,35000,5.538461538461538,4.82051282051282,903.6923076923077,72.76923076923077,33,6,39,7,0.0,0,0.8461538461538461,1.0,7551.538461538462,No,0.1573
PRV54882,253,369680,1461.1857707509882,34000,2.067193675889328,0.7984189723320159,138.12648221343875,73.9407114624506,32,221,220,132,0.003952569169960474,1,0.12648221343873517,1.15,1680.3636363636363,Yes,0.7077
PRV54883,1,13000,13000.0,13000,7.0,7.0,1068.0,81.0,1,0,1,1,0.0,0,1.0,1.0,13000.0,No,0.0032
PRV54885,316,411400,1301.8987341772151,41000,2.0348101265822787,0.7626582278481012,123.0,72.79430379746836,36,280,289,181,0.006329113924050633,0,0.11392405063291139,1.0934256055363323,1423.5294117647059,No,0.559
PRV54886,9,7940,882.2222222222222,5300,3.4444444444444446,0.0,0.0,77.66666666666667,0,9,9,8,0.0,0,0.0,1.0,882.2222222222222,No,0.0013
PRV54887,143,48780,341.1188811188811,3300,1.3006993006993006,0.0,3.006993006993007,74.68531468531468,0,143,126,77,0.0,0,0.0,1.1349206349206349,387.14285714285717,No,0.003
PRV54888,413,120880,292.6876513317191,3300,1.74818401937046,0.0,1.7191283292978208,74.47215496368038,0,413,324,147,0.009685230024213076,0,0.0,1.2746913580246915,373.08641975308643,No,0.0208
PRV54889,56,100580,1796.0714285714287,34000,1.625,0.5357142857142857,134.03571428571428,74.05357142857143,7,49,48,33,0.0,0,0.125,1.1666666666666667,2095.4166666666665,No,0.0643
PRV54890,77,74320,965.1948051948052,44000,2.5064935064935066,0.45454545454545453,60.675324675324674,73.74025974025975,4,73,77,54,0.012987012987012988,0,0.05194805194805195,1.0,965.1948051948052,No,0.0301
PRV54891,50,83380,1667.6,35000,0.52,0.48,109.2,73.06,6,44,44,19,0.0,0,0.12,1.1363636363636365,1895.0,No,0.0148
PRV54892,49,10670,217.75510204081633,3300,1.6122448979591837,0.0,0.0,69.95918367346938,0,49,46,30,0.02040816326530612,0,0.0,1.065217391304348,231.95652173913044,No,0.0076
PRV54893,8,1830,228.75,1000,3.875,0.0,0.0,66.25,0,8,8,6,0.0,0,0.0,1.0,228.75,No,0.0008
PRV54894,229,1757060,7672.751091703057,103000,4.471615720524017,4.008733624454148,620.7161572052402,74.06550218340611,138,91,209,65,0.004366812227074236,1,0.6026200873362445,1.0956937799043063,8406.985645933015,Yes,0.9806
PRV54895,3436,1057610,307.80267753201394,36000,1.3780558789289872,0.008440046565774156,4.355064027939465,73.03317811408614,3,3433,1469,27,0.007275902211874272,1,0.0008731082654249127,2.339006126616746,719.9523485364193,Yes,0.9598
PRV54896,159,616860,3879.622641509434,57000,3.0377358490566038,2.0377358490566038,380.49056603773585,73.86163522012579,56,103,152,56,0.018867924528301886,1,0.3522012578616352,1.0460526315789473,4058.2894736842104,Yes,0.8675
PRV54898,9,72000,8000.0,17000,5.444444444444445,5.444444444444445,1068.0,71.33333333333333,9,0,9,1,0.0,0,1.0,1.0,8000.0,No,0.0212
PRV54900,14,3490,249.28571428571428,1000,1.3571428571428572,0.0,7.142857142857143,71.71428571428571,0,14,14,14,0.0,0,0.0,1.0,249.28571428571428,No,0.0012
PRV54901,25,103960,4158.4,46000,2.84,1.2,303.04,74.52,8,17,25,23,0.0,0,0.32,1.0,4158.4,No,0.0442
PRV54902,16,9840,615.0,5000,1.375,0.125,66.75,69.375,1,15,15,10,0.0,0,0.0625,1.0666666666666667,656.0,No,0.0059
PRV54903,7,57000,8142.857142857143,17000,2.142857142857143,2.142857142857143,1068.0,70.14285714285714,7,0,6,1,0.0,0,1.0,1.1666666666666667,9500.0,No,0.0174
PRV54904,19,7970,419.4736842105263,2900,1.0,0.0,5.2631578947368425,73.42105263157895,0,19,19,9,0.0,0,0.0,1.0,419.4736842105263,No,0.003
PRV54905,149,79620,534.3624161073825,17000,0.7516778523489933,0.09395973154362416,31.221476510067113,76.14093959731544,4,145,114,44,0.006711409395973154,0,0.026845637583892617,1.3070175438596492,698.421052631579,No,0.0437
PRV54906,22,127150,5779.545454545455,57000,4.045454545454546,2.409090909090909,388.3636363636364,74.0,8,14,22,14,0.045454545454545456,0,0.36363636363636365,1.0,5779.545454545455,No,0.0738
PRV54907,170,59920,352.47058823529414,5020,1.4058823529411764,0.0,3.0588235294117645,74.91176470588235,0,170,120,22,0.011764705882352941,0,0.0,1.4166666666666667,499.3333333333333,No,0.0123
PRV54908,115,34230,297.6521739130435,4200,1.2434782608695651,0.0,0.8695652173913043,74.0,0,115,109,41,0.017391304347826087,0,0.0,1.055045871559633,314.0366972477064,No,0.0026
PRV54909,27,89860,3328.1481481481483,15000,2.4814814814814814,1.962962962962963,276.8888888888889,75.22222222222223,8,19,27,22,0.0,0,0.2962962962962963,1.0,3328.1481481481483,No,0.0273
PRV54910,215,80880,376.1860465116279,12000,0.6558139534883721,0.03255813953488372,15.413953488372092,73.68837209302326,3,212,152,70,0.013953488372093023,0,0.013953488372093023,1.4144736842105263,532.1052631578947,No,0.0203
PRV54911,85,25520,300.2352941176471,3000,0.9529411764705882,0.0,3.176470588235294,73.21176470588236,0,85,82,35,0.0,0,0.0,1.0365853658536586,311.219512195122,No,0.0014
PRV54914,402,212930,529.6766169154229,24000,1.256218905472637,0.21144278606965175,40.22885572139303,75.01741293532338,14,388,220,14,0.0,0,0.03482587064676617,1.8272727272727274,967.8636363636364,No,0.1577
PRV54916,107,183750,1717.2897196261683,55000,2.3551401869158877,1.1308411214953271,162.13084112149534,72.85046728971963,16,91,99,13,0.009345794392523364,0,0.14953271028037382,1.0808080808080809,1856.060606060606,No,0.16
PRV54917,37,112450,3039.189189189189,13000,3.5405405405405403,2.3783783783783785,433.2432432432432,74.72972972972973,15,22,36,5,0.02702702702702703,0,0.40540540540540543,1.0277777777777777,3123.6111111111113,No,0.0426
PRV54918,166,874860,5270.240963855422,83000,2.9397590361445785,2.144578313253012,458.2409638554217,75.45180722891567,71,95,139,50,0.024096385542168676,1,0.42771084337349397,1.1942446043165467,6293.956834532374,Yes,0.9193
PRV54919,178,66770,375.1123595505618,9000,1.2134831460674158,0.0449438202247191,24.730337078651687,75.40449438202248,4,174,155,40,0.011235955056179775,0,0.02247191011235955,1.1483870967741936,430.7741935483871,No,0.011
PRV54923,79,30400,384.8101265822785,3300,1.3164556962025316,0.0,0.25316455696202533,69.77215189873418,0,79,57,17,0.0,0,0.0,1.3859649122807018,533.3333333333334,No,0.0039
PRV54924,173,279220,1613.9884393063585,41000,1.7341040462427746,0.6763005780346821,132.64739884393063,74.86127167630057,21,152,144,46,0.011560693641618497,0,0.12138728323699421,1.2013888888888888,1939.0277777777778,No,0.1324
PRV54925,122,478870,3925.1639344262294,57000,2.6557377049180326,1.5573770491803278,333.88524590163934,72.50819672131148,39,83,97,24,0.0,1,0.319672131147541,1.2577319587628866,4936.80412371134,Yes,0.7597
PRV54926,47,85620,1821.7021276595744,32000,2.25531914893617,1.0,183.27659574468086,68.87234042553192,8,39,45,19,0.0,0,0.1702127659574468,1.0444444444444445,1902.6666666666667,No,0.0284
PRV54927,102,22600,221.5686274509804,2300,1.588235294117647,0.0,0.49019607843137253,74.90196078431373,0,102,94,40,0.0196078431372549,0,0.0,1.0851063829787233,240.4255319148936,No,0.0026
PRV54929,26,197630,7601.153846153846,41000,5.5,4.038461538461538,616.1538461538462,73.5,15,11,26,21,0.0,1,0.5769230769230769,1.0,7601.153846153846,Yes,0.4177
PRV54930,211,93570,443.45971563981044,10000,1.872037914691943,0.09004739336492891,29.95260663507109,74.01895734597156,5,206,186,56,0.018957345971563982,0,0.023696682464454975,1.1344086021505377,503.06451612903226,No,0.0199
PRV54931,52,248540,4779.615384615385,37000,4.346153846153846,3.923076923076923,492.9230769230769,74.63461538461539,24,28,50,36,0.057692307692307696,1,0.46153846153846156,1.04,4970.8,Yes,0.613
PRV54932,59,21160,358.64406779661016,3300,0.8983050847457628,0.0847457627118644,2.8813559322033897,72.88135593220339,1,58,59,45,0.01694915254237288,0,0.01694915254237288,1.0,358.64406779661016,No,0.0017
PRV54933,64,273200,4268.75,41000,3.34375,2.640625,452.59375,71.828125,29,35,53,16,0.015625,1,0.453125,1.2075471698113207,5154.7169811320755,Yes,0.5666
PRV54934,71,178930,2520.1408450704225,23000,2.183098591549296,1.2535211267605635,257.83098591549293,73.80281690140845,18,53,57,28,0.04225352112676056,0,0.2535211267605634,1.2456140350877194,3139.122807017544,No,0.206
PRV54935,89,23250,261.23595505617976,3300,0.7640449438202247,0.11235955056179775,39.59550561797753,73.49438202247191,3,86,77,32,0.0,0,0.033707865168539325,1.155844155844156,301.94805194805195,No,0.0024
PRV54936,221,1139730,5157.149321266968,57000,3.981900452488688,3.3619909502262444,590.6153846153846,72.46153846153847,131,90,209,55,0.02262443438914027,1,0.5927601809954751,1.0574162679425838,5453.253588516746,Yes,0.9497
PRV54937,36,36260,1007.2222222222222,11000,2.888888888888889,0.2777777777777778,90.94444444444444,69.27777777777777,3,33,36,26,0.0,0,0.08333333333333333,1.0,1007.2222222222222,No,0.0128
PRV54938,86,25530,296.86046511627904,3100,1.1162790697674418,0.0,3.13953488372093,73.72093023255815,0,86,86,57,0.023255813953488372,0,0.0,1.0,296.86046511627904,No,0.0013
PRV54939,1380,407800,295.5072463768116,7900,1.267391304347826,0.0,2.550724637681159,73.63913043478261,0,1380,1163,240,0.006521739130434782,1,0.0,1.1865864144454,350.64488392089424,Yes,0.8315
PRV54941,18,4990,277.22222222222223,2100,1.8888888888888888,0.0,0.0,72.27777777777777,0,18,18,12,0.0,0,0.0,1.0,277.22222222222223,No,0.0005
PRV54942,130,365970,2815.153846153846,124000,1.8846153846153846,0.7923076923076923,160.24615384615385,75.62307692307692,20,110,119,58,0.0,1,0.15384615384615385,1.0924369747899159,3075.378151260504,Yes,0.7008
PRV54943,23,23450,1019.5652173913044,16000,0.30434782608695654,0.30434782608695654,92.8695652173913,67.95652173913044,2,21,21,16,0.0,0,0.08695652173913043,1.0952380952380953,1116.6666666666667,No,0.0067
PRV54944,120,38620,321.8333333333333,3300,0.8916666666666667,0.0,2.5833333333333335,74.06666666666666,0,120,115,86,0.008333333333333333,0,0.0,1.0434782608695652,335.82608695652175,No,0.006
PRV54945,37,5950,160.8108108108108,1100,1.2162162162162162,0.0,2.7027027027027026,71.5945945945946,0,37,36,14,0.0,0,0.0,1.0277777777777777,165.27777777777777,No,0.0015
PRV54946,91,33740,370.7692307692308,3300,0.9120879120879121,0.0,1.3186813186813187,72.34065934065934,0,91,91,61,0.02197802197802198,0,0.0,1.0,370.7692307692308,No,0.0025
PRV54947,26,7630,293.46153846153845,3060,0.8461538461538461,0.0,1.9230769230769231,71.96153846153847,0,26,24,15,0.0,0,0.0,1.0833333333333333,317.9166666666667,No,0.0016
PRV54949,412,525140,1274.611650485437,45000,2.383495145631068,0.6820388349514563,106.2621359223301,73.95388349514563,42,370,375,138,0.019417475728155338,0,0.10194174757281553,1.0986666666666667,1400.3733333333332,No,0.2411
PRV54950,18,75400,4188.888888888889,37000,3.4444444444444446,3.388888888888889,301.6666666666667,77.22222222222223,5,13,18,14,0.0,1,0.2777777777777778,1.0,4188.888888888889,Yes,0.2063
PRV54952,149,181650,1219.1275167785234,79000,2.1073825503355703,0.48322147651006714,80.9261744966443,74.36241610738254,12,137,147,78,0.006711409395973154,1,0.08053691275167785,1.0136054421768708,1235.7142857142858,Yes,0.702
PRV54953,102,28200,276.47058823529414,3200,1.2352941176470589,0.0,2.3529411764705883,71.88235294117646,0,102,84,34,0.0,0,0.0,1.2142857142857142,335.7142857142857,No,0.002
PRV54954,71,18080,254.64788732394365,3300,1.7605633802816902,0.0,1.1267605633802817,73.14084507042253,0,71,71,47,0.0,0,0.0,1.0,254.64788732394365,No,0.0008
PRV54955,314,2134890,6799.012738853503,57000,4.308917197452229,3.929936305732484,667.1592356687898,73.73248407643312,205,109,300,69,0.006369426751592357,1,0.6528662420382165,1.0466666666666666,7116.3,Yes,0.9787
PRV54959,95,86510,910.6315789473684,12000,1.8736842105263158,0.6736842105263158,81.01052631578948,73.01052631578948,7,88,92,54,0.010526315789473684,0,0.07368421052631578,1.0326086956521738,940.3260869565217,No,0.016
PRV54960,193,51400,266.32124352331607,3300,1.6424870466321244,0.0,0.31088082901554404,75.66839378238342,0,193,187,70,0.015544041450777202,0,0.0,1.032085561497326,274.8663101604278,No,0.0102
PRV54963,67,29770,444.32835820895525,13000,1.2537313432835822,0.04477611940298507,17.432835820895523,73.49253731343283,1,66,67,46,0.0,0,0.014925373134328358,1.0,444.32835820895525,No,0.0026
PRV54965,107,151480,1415.7009345794393,55000,2.074766355140187,0.411214953271028,91.70093457943925,75.14018691588785,9,98,105,74,0.018691588785046728,0,0.08411214953271028,1.019047619047619,1442.6666666666667,No,0.1559
PRV54966,1796,502010,279.51559020044544,3300,1.2733853006681515,0.0,3.329621380846325,74.08685968819599,0,1796,1289,11,0.008351893095768375,1,0.0,1.3933281613653996,389.4569433669511,Yes,0.8903
PRV54967,51,21920,429.80392156862746,3300,1.196078431372549,0.0,1.7647058823529411,73.92156862745098,0,51,51,26,0.058823529411764705,0,0.0,1.0,429.80392156862746,No,0.0022
PRV54968,49,127820,2608.5714285714284,57000,2.36734693877551,0.5714285714285714,221.83673469387756,68.53061224489795,10,39,41,24,0.0,0,0.20408163265306123,1.1951219512195121,3117.560975609756,No,0.0591
PRV54970,233,106170,455.6652360515021,15000,1.4334763948497855,0.05150214592274678,31.278969957081546,73.48497854077253,6,227,180,36,0.0,0,0.02575107296137339,1.2944444444444445,589.8333333333334,No,0.0221
PRV54971,429,541030,1261.1421911421912,47000,1.8484848484848484,0.7132867132867133,126.64335664335664,71.48717948717949,52,377,189,12,0.002331002331002331,0,0.12121212121212122,2.2698412698412698,2862.5925925925926,No,0.4411
PRV54972,62,16950,273.38709677419354,2400,1.032258064516129,0.0,2.903225806451613,73.58064516129032,0,62,56,32,0.0,0,0.0,1.1071428571428572,302.67857142857144,No,0.0013
PRV54973,129,68880,533.953488372093,10000,2.3255813953488373,0.27906976744186046,76.52713178294573,76.76744186046511,9,120,123,70,0.0,0,0.06976744186046512,1.048780487804878,560.0,No,0.0296
PRV54975,132,36460,276.2121212121212,3500,0.7651515151515151,0.0,1.8181818181818181,74.45454545454545,0,132,122,39,0.0,0,0.0,1.0819672131147542,298.8524590163934,No,0.0024
PRV54976,55,19940,362.54545454545456,3300,1.8181818181818181,0.0,3.272727272727273,74.76363636363637,0,55,53,23,0.0,0,0.0,1.0377358490566038,376.22641509433964,No,0.0014
PRV54977,53,89140,1681.8867924528302,28000,1.6603773584905661,0.39622641509433965,100.75471698113208,75.86792452830188,5,48,41,28,0.0,0,0.09433962264150944,1.2926829268292683,2174.1463414634145,No,0.0362
PRV54978,265,86760,327.39622641509436,5900,1.1622641509433962,0.0,1.8867924528301887,74.45283018867924,0,265,126,14,0.0037735849056603774,0,0.0,2.1031746031746033,688.5714285714286,No,0.0217
PRV54981,95,816730,8597.157894736842,57000,5.768421052631579,5.494736842105263,888.1263157894737,74.06315789473685,81,14,90,14,0.010526315789473684,0,0.8526315789473684,1.0555555555555556,9074.777777777777,No,0.3251
PRV54982,37,11860,320.5405405405405,3300,0.7837837837837838,0.0,1.6216216216216217,76.51351351351352,0,37,33,16,0.02702702702702703,0,0.0,1.121212121212121,359.3939393939394,No,0.0047
PRV54983,126,42140,334.44444444444446,3300,1.3571428571428572,0.0,1.3492063492063493,72.23015873015873,0,126,116,53,0.0,0,0.0,1.0862068965517242,363.2758620689655,No,0.002
PRV54985,223,63340,284.0358744394619,3100,1.6771300448430493,0.0,3.8565022421524664,74.67264573991031,0,223,203,100,0.0,0,0.0,1.0985221674876848,312.0197044334975,No,0.0023
PRV54986,618,1693410,2740.145631067961,85000,2.598705501618123,1.4692556634304208,256.53074433656957,72.4967637540453,153,465,542,106,0.008090614886731391,1,0.24757281553398058,1.1402214022140222,3124.372693726937,Yes,0.9613
PRV54988,41,14310,349.0243902439024,3300,1.6097560975609757,0.0,0.0,70.39024390243902,0,41,41,26,0.024390243902439025,0,0.0,1.0,349.0243902439024,No,0.0033
PRV54990,20,46600,2330.0,27000,1.05,1.0,213.6,74.35,4,16,20,16,0.0,0,0.2,1.0,2330.0,No,0.018
PRV54991,130,21180,162.92307692307693,3300,1.0153846153846153,0.0,5.076923076923077,73.79230769230769,0,130,125,63,0.0,0,0.0,1.04,169.44,No,0.0033
PRV54992,18,11710,650.5555555555555,3300,2.6666666666666665,0.0,0.0,71.88888888888889,0,18,17,14,0.0,0,0.0,1.0588235294117647,688.8235294117648,No,0.002
PRV54993,53,185920,3507.9245283018868,92000,3.1132075471698113,1.0188679245283019,161.96226415094338,73.39622641509433,8,45,48,28,0.03773584905660377,0,0.1509433962264151,1.1041666666666667,3873.3333333333335,No,0.1903
PRV54995,16,6060,378.75,3300,0.6875,0.0,8.125,76.5625,0,16,16,9,0.0,0,0.0,1.0,378.75,No,0.0032
PRV54997,34,39770,1169.7058823529412,15000,1.6470588235294117,0.6470588235294118,158.52941176470588,74.0,5,29,22,15,0.0,0,0.14705882352941177,1.5454545454545454,1807.7272727272727,No,0.0099
PRV54998,207,563540,2722.415458937198,33000,2.7246376811594204,1.608695652173913,301.3719806763285,75.91787439613526,59,148,130,23,0.004830917874396135,1,0.28502415458937197,1.5923076923076922,4334.923076923077,Yes,0.7374
PRV54999,10,40940,4094.0,16000,4.0,4.0,320.4,75.3,3,7,10,9,0.0,0,0.3,1.0,4094.0,No,0.0355
PRV55000,764,1166020,1526.2041884816754,49000,1.9921465968586387,0.7185863874345549,119.71465968586388,74.00523560209425,86,678,707,140,0.010471204188481676,0,0.112565445026178,1.0806223479490806,1649.2503536067893,No,0.2696
PRV55001,158,41400,262.0253164556962,3300,1.1265822784810127,0.0,2.3417721518987342,73.0,0,158,153,68,0.012658227848101266,0,0.0,1.0326797385620916,270.5882352941176,No,0.0072
PRV55002,100,27060,270.6,3300,1.26,0.0,4.4,71.03,0,100,93,30,0.0,0,0.0,1.075268817204301,290.96774193548384,No,0.0029
PRV55003,76,77850,1024.342105263158,28000,2.1710526315789473,0.21052631578947367,70.39473684210526,75.02631578947368,5,71,73,32,0.0,0,0.06578947368421052,1.0410958904109588,1066.4383561643835,No,0.0369
PRV55004,2399,703610,293.29303876615256,23000,1.4651938307628178,0.005418924551896623,3.9499791579824928,73.27594831179658,3,2396,992,26,0.007503126302626094,1,0.0012505210504376823,2.4183467741935485,709.2842741935484,Yes,0.9656
PRV55005,130,516780,3975.230769230769,42000,2.8923076923076922,2.207692307692308,452.38461538461536,74.61538461538461,56,74,128,44,0.007692307692307693,0,0.4307692307692308,1.015625,4037.34375,No,0.1116
PRV55006,41,37250,908.5365853658536,10000,2.4146341463414633,0.36585365853658536,81.5609756097561,71.78048780487805,3,38,41,21,0.0,0,0.07317073170731707,1.0,908.5365853658536,No,0.0101
PRV55007,14,3330,237.85714285714286,1600,1.4285714285714286,0.0,0.0,77.85714285714286,0,14,13,9,0.0,0,0.0,1.0769230769230769,256.15384615384613,No,0.0009
PRV55010,289,66400,229.75778546712803,3300,1.1038062283737025,0.0,2.041522491349481,76.04152249134948,0,289,143,26,0.010380622837370242,1,0.0,2.020979020979021,464.3356643356643,Yes,0.0794
PRV55011,56,13750,245.53571428571428,3300,0.5,0.0,4.464285714285714,73.92857142857143,0,56,54,28,0.0,0,0.0,1.037037037037037,254.62962962962962,No,0.0017
PRV55012,73,19800,271.2328767123288,3300,0.9178082191780822,0.0,4.52054794520548,74.61643835616438,0,73,69,25,0.0136986301369863,0,0.0,1.0579710144927537,286.95652173913044,No,0.002
PRV55013,83,17800,214.4578313253012,3300,2.3734939759036147,0.0,6.626506024096385,71.97590361445783,0,83,78,49,0.0,0,0.0,1.064102564102564,228.2051282051282,No,0.0036
PRV55016,146,38140,261.2328767123288,3300,0.9178082191780822,0.0,3.493150684931507,72.11643835616438,0,146,86,27,0.0,0,0.0,1.697674418604651,443.48837209302326,No,0.0033
PRV55018,75,615940,8212.533333333333,49000,4.666666666666667,4.333333333333333,897.12,74.42666666666666,63,12,72,10,0.0,1,0.84,1.0416666666666667,8554.722222222223,Yes,0.6709
PRV55019,285,1857020,6515.859649122807,57000,3.6912280701754385,3.2280701754385963,588.8631578947368,73.9578947368421,158,127,221,52,0.0,1,0.5543859649122806,1.2895927601809956,8402.805429864253,Yes,0.9862
PRV55022,137,716850,5232.481751824817,57000,3.4963503649635035,2.883211678832117,586.4233576642335,75.69343065693431,76,61,123,35,0.0072992700729927005,1,0.5547445255474452,1.113821138211382,5828.048780487805,Yes,0.7899
PRV55023,64,420150,6564.84375,57000,5.09375,4.140625,534.0,71.6875,34,30,52,13,0.0,0,0.53125,1.2307692307692308,8079.807692307692,No,0.6821
PRV55024,46,32980,716.9565217391304,8000,2.0434782608695654,0.13043478260869565,73.34782608695652,73.19565217391305,3,43,45,40,0.0,0,0.06521739130434782,1.0222222222222221,732.8888888888889,No,0.0087
PRV55026,272,76910,282.75735294117646,3300,1.3419117647058822,0.0,2.9779411764705883,72.6875,0,272,239,125,0.007352941176470588,0,0.0,1.1380753138075315,321.7991631799163,No,0.0031
PRV55027,156,191990,1230.7051282051282,57000,1.9679487179487178,0.4358974358974359,91.88461538461539,74.60897435897436,13,143,147,69,0.01282051282051282,1,0.08333333333333333,1.0612244897959184,1306.0544217687075,Yes,0.5943
PRV55028,223,241790,1084.2600896860986,51000,1.3004484304932735,0.600896860986547,93.19282511210763,71.41255605381166,20,203,87,12,0.0,0,0.08968609865470852,2.5632183908045976,2779.1954022988507,No,0.2833
PRV55029,255,224000,878.4313725490196,22000,1.6784313725490196,0.23529411764705882,55.976470588235294,73.08627450980393,14,241,209,90,0.0,0,0.054901960784313725,1.2200956937799043,1071.7703349282297,No,0.089
PRV55030,311,782900,2517.363344051447,57000,2.9356913183279745,1.3890675241157557,242.31511254019293,73.66881028938907,73,238,239,78,0.006430868167202572,1,0.2347266881028939,1.301255230125523,3275.7322175732215,Yes,0.8744
PRV55031,32,45300,1415.625,19000,2.59375,0.71875,133.5,71.03125,4,28,30,27,0.0,0,0.125,1.0666666666666667,1510.0,No,0.0346
PRV55032,36,20340,565.0,5000,0.8333333333333334,0.027777777777777776,48.27777777777778,75.66666666666667,1,35,36,18,0.027777777777777776,0,0.027777777777777776,1.0,565.0,No,0.0161
PRV55034,612,435780,712.0588235294117,48000,1.3725490196078431,0.20915032679738563,42.833333333333336,73.61437908496733,26,586,466,3,0.006535947712418301,1,0.042483660130718956,1.3133047210300428,935.1502145922747,Yes,0.4963
PRV55035,14,3860,275.7142857142857,3300,1.6428571428571428,0.0,0.0,76.14285714285714,0,14,14,5,0.07142857142857142,0,0.0,1.0,275.7142857142857,No,0.0013
PRV55036,64,14760,230.625,2400,2.765625,0.0,5.625,75.609375,0,64,63,30,0.015625,0,0.0,1.0158730158730158,234.28571428571428,No,0.0063
PRV55037,649,313660,483.2973805855162,26000,1.546995377503852,0.09244992295839753,20.231124807395993,72.442218798151,11,638,448,15,0.0015408320493066256,0,0.01694915254237288,1.4486607142857142,700.1339285714286,No,0.0812
PRV55038,15,4230,282.0,1400,0.06666666666666667,0.0,0.0,68.2,0,15,15,13,0.0,0,0.0,1.0,282.0,No,0.001
PRV55039,2058,816200,396.5986394557823,27000,1.3760932944606414,0.07920310981535471,17.547133138969873,74.37220602526725,31,2027,647,56,0.003401360544217687,1,0.015063168124392614,3.1808346213292116,1261.514683153014,Yes,0.9133
PRV55040,6,6630,1105.0,3300,3.3333333333333335,0.0,0.0,78.83333333333333,0,6,6,5,0.16666666666666666,0,0.0,1.0,1105.0,No,0.0016
PRV55041,21,63880,3041.904761904762,30000,3.0952380952380953,2.142857142857143,254.28571428571428,73.95238095238095,5,16,20,18,0.0,0,0.23809523809523808,1.05,3194.0,No,0.0822
PRV55042,124,126300,1018.5483870967741,29000,1.7903225806451613,0.4596774193548387,72.12903225806451,73.33870967741936,8,116,110,47,0.0,0,0.06451612903225806,1.1272727272727272,1148.1818181818182,No,0.0528
PRV55043,119,35450,297.89915966386553,3300,1.361344537815126,0.0,4.53781512605042,74.81512605042016,0,119,114,66,0.025210084033613446,0,0.0,1.043859649122807,310.96491228070175,No,0.0052
PRV55044,9,1070,118.88888888888889,700,1.8888888888888888,0.0,0.0,81.22222222222223,0,9,9,9,0.0,0,0.0,1.0,118.88888888888889,No,0.0007
PRV55045,66,27630,418.6363636363636,4700,1.9393939393939394,0.0,0.15151515151515152,74.31818181818181,0,66,65,22,0.015151515151515152,0,0.0,1.0153846153846153,425.0769230769231,No,0.0026
PRV55048,94,866240,9215.31914893617,56000,5.23404255319149,4.638297872340425,908.936170212766,73.26595744680851,82,12,88,14,0.0,1,0.8723404255319149,1.0681818181818181,9843.636363636364,Yes,0.7347
PRV55049,148,725150,4899.6621621621625,49000,4.27027027027027,2.675675675675676,534.0,73.23648648648648,75,73,117,39,0.0,1,0.5067567567567568,1.264957264957265,6197.863247863248,Yes,0.9588
PRV55050,183,49610,271.09289617486337,3300,1.530054644808743,0.0,2.7868852459016393,72.91256830601093,0,183,137,1,0.00546448087431694,0,0.0,1.3357664233576643,362.11678832116786,No,0.0084
PRV55051,7,60000,8571.42857142857,18000,10.857142857142858,10.857142857142858,1068.0,75.0,7,0,7,2,0.0,0,1.0,1.0,8571.42857142857,No,0.0302
PRV55052,49,8480,173.0612244897959,2100,0.04081632653061224,0.0,0.0,74.79591836734694,0,49,31,7,0.0,0,0.0,1.5806451612903225,273.5483870967742,No,0.0045
PRV55053,54,13340,247.03703703703704,3000,2.2962962962962963,0.0,1.8518518518518519,74.05555555555556,0,54,29,5,0.05555555555555555,0,0.0,1.8620689655172413,460.0,No,0.0035
PRV55054,69,12650,183.33333333333334,1300,0.9565217391304348,0.0,0.7246376811594203,74.34782608695652,0,69,59,6,0.0,0,0.0,1.1694915254237288,214.40677966101694,No,0.003
PRV55056,100,40290,402.9,8900,0.84,0.0,3.6,74.41,0,100,91,20,0.01,0,0.0,1.098901098901099,442.74725274725273,No,0.0037
PRV55057,347,94560,272.507204610951,9200,1.7377521613832854,0.0,2.9971181556195967,71.70893371757926,0,347,146,6,0.002881844380403458,1,0.0,2.3767123287671232,647.6712328767123,Yes,0.0864
PRV55058,227,63470,279.6035242290749,7600,1.2819383259911894,0.0,5.286343612334802,72.67400881057269,0,227,164,9,0.0,0,0.0,1.3841463414634145,387.0121951219512,No,0.0144
PRV55059,153,51910,339.281045751634,3300,1.7320261437908497,0.0,2.3529411764705883,74.59477124183006,0,153,84,5,0.0,0,0.0,1.8214285714285714,617.9761904761905,No,0.0076
PRV55061,95,24290,255.68421052631578,2900,1.2105263157894737,0.0,0.7368421052631579,75.70526315789473,0,95,83,21,0.010526315789473684,0,0.0,1.144578313253012,292.65060240963857,No,0.0019
PRV55062,29,7460,257.2413793103448,1600,1.0344827586206897,0.0,0.0,77.0,0,29,28,8,0.0,0,0.0,1.0357142857142858,266.42857142857144,No,0.0047
PRV55063,10,660,66.0,200,0.0,0.0,0.0,78.6,0,10,10,10,0.0,0,0.0,1.0,66.0,No,0.001
PRV55064,621,187750,302.33494363929145,8700,1.4363929146537842,0.0,2.0933977455716586,72.81159420289855,0,621,380,2,0.008051529790660225,0,0.0,1.6342105263157896,494.07894736842104,No,0.0311
PRV55067,1,29000,29000.0,29000,20.0,20.0,1068.0,77.0,1,0,1,1,0.0,0,1.0,1.0,29000.0,No,0.0064
PRV55068,6,2620,436.6666666666667,1700,3.6666666666666665,0.0,0.0,65.16666666666667,0,6,6,1,0.0,0,0.0,1.0,436.6666666666667,No,0.001
PRV55069,21,2050,97.61904761904762,500,0.9523809523809523,0.0,4.761904761904762,70.85714285714286,0,21,20,4,0.0,0,0.0,1.05,102.5,No,0.0065
PRV55070,20,3220,161.0,1000,1.3,0.0,0.0,74.0,0,20,19,1,0.05,0,0.0,1.0526315789473684,169.47368421052633,No,0.0062
PRV55071,70,25930,370.42857142857144,3300,1.7428571428571429,0.0,4.142857142857143,74.9,0,70,58,5,0.014285714285714285,0,0.0,1.206896551724138,447.0689655172414,No,0.0016
PRV55072,48,9550,198.95833333333334,3000,0.5416666666666666,0.0,1.6666666666666667,73.89583333333333,0,48,41,3,0.020833333333333332,0,0.0,1.170731707317073,232.9268292682927,No,0.007
PRV55073,18,6570,365.0,1200,0.1111111111111111,0.0,5.0,71.0,0,18,17,2,0.0,0,0.0,1.0588235294117647,386.47058823529414,No,0.0083
PRV55074,1,10,10.0,10,0.0,0.0,0.0,86.0,0,1,1,1,0.0,0,0.0,1.0,10.0,No,0.0043
PRV55076,5,770,154.0,400,0.0,0.0,0.0,64.2,0,5,5,3,0.0,0,0.0,1.0,154.0,No,0.0007
PRV55077,8,390,48.75,90,0.0,0.0,0.0,70.375,0,8,7,1,0.0,0,0.0,1.1428571428571428,55.714285714285715,No,0.0013
PRV55078,1,0,0.0,0,0.0,0.0,0.0,67.0,0,1,1,1,0.0,0,0.0,1.0,0.0,No,0.001
PRV55079,47,10940,232.7659574468085,2800,1.446808510638298,0.0,2.127659574468085,73.8936170212766,0,47,46,1,0.0,0,0.0,1.0217391304347827,237.82608695652175,No,0.001
PRV55080,8,4820,602.5,1800,0.0,0.0,8.75,80.25,0,8,8,3,0.0,0,0.0,1.0,602.5,No,0.0055
PRV55081,30,6950,231.66666666666666,1700,0.6666666666666666,0.0,2.0,71.63333333333334,0,30,28,1,0.0,0,0.0,1.0714285714285714,248.21428571428572,No,0.0027
PRV55083,196,50470,257.5,3300,1.3775510204081634,0.0,4.540816326530612,74.30102040816327,0,196,152,2,0.0,0,0.0,1.2894736842105263,332.0394736842105,No,0.047
PRV55085,24,9180,382.5,2500,0.7916666666666666,0.0,8.333333333333334,74.79166666666667,0,24,22,5,0.0,0,0.0,1.0909090909090908,417.27272727272725,No,0.0021
PRV55086,78,14690,188.33333333333334,3300,2.128205128205128,0.0,3.8461538461538463,77.26923076923077,0,78,60,3,0.0,0,0.0,1.3,244.83333333333334,No,0.0066
PRV55087,201,43770,217.76119402985074,3300,1.6169154228855722,0.0,2.5870646766169156,73.25373134328358,0,201,154,3,0.0,0,0.0,1.3051948051948052,284.2207792207792,No,0.0176
PRV55088,31,15250,491.93548387096774,3300,1.064516129032258,0.0,0.3225806451612903,74.74193548387096,0,31,31,4,0.0,0,0.0,1.0,491.93548387096774,No,0.0056
PRV55089,1,400,400.0,400,0.0,0.0,0.0,80.0,0,1,1,1,0.0,0,0.0,1.0,400.0,No,0.0034
PRV55091,18,4750,263.8888888888889,2100,1.1111111111111112,0.0,2.7777777777777777,67.38888888888889,0,18,18,4,0.0,0,0.0,1.0,263.8888888888889,No,0.0013
PRV55092,8,660,82.5,200,0.125,0.0,17.5,75.25,0,8,8,1,0.0,0,0.0,1.0,82.5,No,0.0022
PRV55093,19,3380,177.89473684210526,1000,1.263157894736842,0.0,8.421052631578947,76.42105263157895,0,19,18,2,0.05263157894736842,0,0.0,1.0555555555555556,187.77777777777777,No,0.0084
PRV55094,19,17100,900.0,3300,3.0526315789473686,0.0,0.0,70.05263157894737,0,19,18,3,0.0,0,0.0,1.0555555555555556,950.0,No,0.0035
PRV55095,20,7520,376.0,2800,1.9,0.0,12.0,78.35,0,20,20,4,0.0,0,0.0,1.0,376.0,No,0.0018
PRV55096,27,5350,198.14814814814815,1000,0.4444444444444444,0.0,2.5925925925925926,73.51851851851852,0,27,26,1,0.037037037037037035,0,0.0,1.0384615384615385,205.76923076923077,No,0.0027
PRV55097,4,720,180.0,500,0.0,0.0,0.0,81.25,0,4,4,2,0.0,0,0.0,1.0,180.0,No,0.0013
PRV55098,27,6970,258.14814814814815,1400,0.18518518518518517,0.0,5.185185185185185,73.51851851851852,0,27,17,1,0.0,0,0.0,1.588235294117647,410.0,No,0.0082
PRV55099,97,24200,249.48453608247422,3300,0.7525773195876289,0.0,6.597938144329897,75.10309278350516,0,97,54,7,0.0,0,0.0,1.7962962962962963,448.14814814814815,No,0.0024
PRV55103,78,15100,193.5897435897436,3300,0.6282051282051282,0.0,2.4358974358974357,74.5,0,78,74,2,0.01282051282051282,0,0.0,1.054054054054054,204.05405405405406,No,0.0036
PRV55104,52,14880,286.15384615384613,2000,1.3846153846153846,0.0,7.3076923076923075,72.51923076923077,0,52,46,2,0.0,0,0.0,1.1304347826086956,323.4782608695652,No,0.0021
PRV55106,5,3870,774.0,3300,4.0,0.0,0.0,73.2,0,5,5,1,0.0,0,0.0,1.0,774.0,No,0.0006
PRV55108,223,63340,284.0358744394619,3300,0.7488789237668162,0.0,2.7354260089686098,73.4170403587444,0,223,152,6,0.013452914798206279,0,0.0,1.4671052631578947,416.7105263157895,No,0.0102
PRV55110,40,9960,249.0,3300,1.8,0.0,3.25,75.125,0,40,23,2,0.0,0,0.0,1.7391304347826086,433.04347826086956,No,0.0017
PRV55111,29,4070,140.3448275862069,1200,0.7586206896551724,0.0,4.827586206896552,73.10344827586206,0,29,25,2,0.0,0,0.0,1.16,162.8,No,0.0016
PRV55112,32,5750,179.6875,2600,0.96875,0.0,0.3125,74.6875,0,32,31,2,0.0,0,0.0,1.032258064516129,185.48387096774192,No,0.0013
PRV55114,13,4480,344.61538461538464,2200,3.076923076923077,0.0,0.0,75.61538461538461,0,13,13,3,0.0,0,0.0,1.0,344.61538461538464,No,0.0009
PRV55116,284,81920,288.4507042253521,3300,1.6690140845070423,0.0,1.1619718309859155,77.26408450704226,0,284,143,3,0.01056338028169014,0,0.0,1.986013986013986,572.8671328671329,No,0.014
PRV55117,4,800,200.0,400,5.0,0.0,0.0,65.75,0,4,4,3,0.0,0,0.0,1.0,200.0,No,0.0016
PRV55118,5,10600,2120.0,10000,1.6,1.6,427.2,64.8,2,3,5,4,0.0,0,0.4,1.0,2120.0,No,0.0015
PRV55120,9,58200,6466.666666666667,19000,3.5555555555555554,3.5555555555555554,949.3333333333334,78.33333333333333,8,1,9,3,0.0,0,0.8888888888888888,1.0,6466.666666666667,No,0.0114
PRV55121,20,173070,8653.5,57000,6.1,6.1,1068.0,69.15,20,0,20,4,0.0,0,1.0,1.0,8653.5,No,0.2798
PRV55122,1,5000,5000.0,5000,3.0,3.0,1068.0,81.0,1,0,1,1,0.0,0,1.0,1.0,5000.0,No,0.0012
PRV55123,2,90,45.0,70,0.0,0.0,0.0,77.0,0,2,2,2,0.0,0,0.0,1.0,45.0,No,0.002
PRV55124,9,152000,16888.88888888889,46000,7.666666666666667,7.666666666666667,1068.0,78.66666666666667,9,0,8,5,0.0,0,1.0,1.125,19000.0,No,0.0924
PRV55126,2,13000,6500.0,7000,19.0,19.0,1068.0,69.5,2,0,2,2,0.0,0,1.0,1.0,6500.0,No,0.0053
PRV55128,8,111000,13875.0,35000,6.875,6.875,1068.0,81.0,8,0,8,3,0.0,0,1.0,1.0,13875.0,No,0.1357
PRV55129,3,10600,3533.3333333333335,10000,1.0,1.0,356.0,74.33333333333333,1,2,3,2,0.0,0,0.3333333333333333,1.0,3533.3333333333335,No,0.0021
PRV55130,3,28000,9333.333333333334,17000,5.0,5.0,1068.0,63.0,3,0,3,1,0.0,0,1.0,1.0,9333.333333333334,No,0.0046
PRV55131,2,47000,23500.0,32000,5.0,5.0,1068.0,82.0,2,0,2,1,0.0,0,1.0,1.0,23500.0,No,0.0176
PRV55132,10,108000,10800.0,17000,2.9,2.9,961.2,70.9,10,0,10,2,0.1,0,1.0,1.0,10800.0,No,0.0605
PRV55133,2,50000,25000.0,34000,10.5,10.5,1068.0,77.5,2,0,2,2,0.0,0,1.0,1.0,25000.0,No,0.0624
PRV55134,1,11000,11000.0,11000,4.0,4.0,1068.0,85.0,1,0,1,1,0.0,0,1.0,1.0,11000.0,No,0.0023
PRV55135,3,25000,8333.333333333334,19000,3.0,3.0,1068.0,58.0,3,0,3,3,0.0,0,1.0,1.0,8333.333333333334,No,0.0029
PRV55136,8,102000,12750.0,41000,6.5,6.5,1068.0,73.75,8,0,8,6,0.125,0,1.0,1.0,12750.0,No,0.1537
PRV55137,2,38000,19000.0,27000,11.0,11.0,1068.0,77.5,2,0,2,2,0.0,0,1.0,1.0,19000.0,No,0.0097
PRV55138,3,25000,8333.333333333334,11000,13.333333333333334,13.333333333333334,1068.0,83.66666666666667,3,0,3,1,0.0,0,1.0,1.0,8333.333333333334,No,0.0026
PRV55140,9,85000,9444.444444444445,39000,3.3333333333333335,3.3333333333333335,1068.0,67.33333333333333,9,0,9,1,0.0,0,1.0,1.0,9444.444444444445,No,0.0194
PRV55141,2,90,45.0,60,7.0,0.0,0.0,83.0,0,2,2,1,0.0,0,0.0,1.0,45.0,No,0.0017
PRV55143,1,10000,10000.0,10000,2.0,2.0,1068.0,79.0,1,0,1,1,0.0,0,1.0,1.0,10000.0,No,0.001
PRV55144,2,41000,20500.0,36000,12.0,12.0,1068.0,60.0,2,0,2,1,0.0,0,1.0,1.0,20500.0,No,0.0134
PRV55145,14,143000,10214.285714285714,57000,5.214285714285714,5.214285714285714,1068.0,71.28571428571429,14,0,14,2,0.0,0,1.0,1.0,10214.285714285714,No,0.1784
PRV55146,1,6000,6000.0,6000,2.0,2.0,1068.0,71.0,1,0,1,1,0.0,0,1.0,1.0,6000.0,No,0.001
PRV55147,6,112200,18700.0,57000,7.333333333333333,7.333333333333333,890.0,74.83333333333333,6,0,6,3,0.0,1,1.0,1.0,18700.0,Yes,0.3917
PRV55148,1,7000,7000.0,7000,7.0,7.0,1068.0,84.0,1,0,1,1,0.0,0,1.0,1.0,7000.0,No,0.0033
PRV55149,16,145000,9062.5,32000,5.75,5.75,1068.0,76.75,16,0,16,1,0.0,0,1.0,1.0,9062.5,No,0.0291
PRV55150,6,19100,3183.3333333333335,9000,2.0,2.0,712.0,74.83333333333333,4,2,6,3,0.0,0,0.6666666666666666,1.0,3183.3333333333335,No,0.0013
PRV55151,1,10000,10000.0,10000,1.0,1.0,1068.0,62.0,1,0,1,1,0.0,0,1.0,1.0,10000.0,No,0.0014
PRV55152,10,78300,7830.0,17000,4.3,4.3,1068.0,73.9,10,0,10,3,0.0,0,1.0,1.0,7830.0,No,0.0115
PRV55154,1,900,900.0,900,0.0,0.0,0.0,79.0,0,1,1,1,0.0,0,0.0,1.0,900.0,No,0.0014
PRV55155,9,68000,7555.555555555556,18000,6.444444444444445,6.444444444444445,1068.0,68.77777777777777,9,0,9,2,0.0,0,1.0,1.0,7555.555555555556,No,0.0348
PRV55156,1,6000,6000.0,6000,5.0,5.0,1068.0,69.0,1,0,1,1,0.0,0,1.0,1.0,6000.0,No,0.0015
PRV55157,3,16000,5333.333333333333,7000,5.333333333333333,5.333333333333333,1068.0,78.0,3,0,3,1,0.0,0,1.0,1.0,5333.333333333333,No,0.002
PRV55158,698,508210,728.0945558739255,57000,1.4154727793696276,0.2163323782234957,44.34670487106017,73.72063037249283,29,669,534,12,0.01002865329512894,0,0.04154727793696275,1.307116104868914,951.7041198501872,No,0.2353
PRV55160,10,120000,12000.0,42000,8.5,8.5,961.2,67.5,10,0,10,3,0.0,0,1.0,1.0,12000.0,No,0.0708
PRV55161,2,28000,14000.0,24000,2.0,2.0,1068.0,68.5,2,0,2,2,0.0,0,1.0,1.0,14000.0,No,0.0023
PRV55163,587,168750,287.4787052810903,13000,1.8568994889267463,0.0068143100511073255,4.647359454855196,73.0732538330494,1,586,365,43,0.005110732538330494,1,0.0017035775127768314,1.6082191780821917,462.32876712328766,Yes,0.4293
PRV55164,154,239760,1556.8831168831168,36000,1.0194805194805194,0.6883116883116883,119.84415584415585,71.65584415584415,17,137,113,38,0.012987012987012988,0,0.11038961038961038,1.3628318584070795,2121.7699115044247,No,0.1302
PRV55165,241,329870,1368.7551867219918,33000,2.2780082987551866,0.6348547717842323,135.8091286307054,71.5103734439834,30,211,228,130,0.008298755186721992,1,0.12448132780082988,1.0570175438596492,1446.798245614035,Yes,0.6862
PRV55166,72,19740,274.1666666666667,3300,0.875,0.0,2.9166666666666665,68.61111111111111,0,72,70,28,0.013888888888888888,0,0.0,1.0285714285714285,282.0,No,0.0034
PRV55167,94,33300,354.25531914893617,3300,1.8191489361702127,0.0,2.5531914893617023,71.13829787234043,0,94,80,29,0.010638297872340425,0,0.0,1.175,416.25,No,0.0016
PRV55168,134,51960,387.76119402985074,3300,1.5820895522388059,0.0,2.1641791044776117,73.58955223880596,0,134,82,16,0.022388059701492536,0,0.0,1.6341463414634145,633.6585365853658,No,0.011
PRV55169,721,1011760,1403.2732316227462,57000,1.884882108183079,0.6907073509015257,123.48959778085991,71.60332871012483,83,638,585,233,0.009708737864077669,0,0.11511789181692095,1.2324786324786325,1729.5042735042734,No,0.3342
PRV55171,247,407360,1649.2307692307693,23000,2.0526315789473686,0.9392712550607287,167.54655870445345,71.56275303643724,41,206,110,28,0.0,1,0.1659919028340081,2.2454545454545456,3703.2727272727275,Yes,0.5966
PRV55172,114,727600,6382.456140350877,125000,3.5526315789473686,2.745614035087719,514.719298245614,73.13157894736842,55,59,98,40,0.0,1,0.4824561403508772,1.163265306122449,7424.489795918367,Yes,0.8977
PRV55173,25,8350,334.0,3300,1.72,0.0,2.8,73.96,0,25,24,14,0.0,0,0.0,1.0416666666666667,347.9166666666667,No,0.0019
PRV55175,304,254600,837.5,47000,1.493421052631579,0.33881578947368424,83.69736842105263,73.38815789473684,23,281,267,111,0.006578947368421052,0,0.0756578947368421,1.1385767790262171,953.558052434457,No,0.1331
PRV55176,20,8650,432.5,6000,1.15,0.1,55.4,74.05,1,19,20,11,0.05,0,0.05,1.0,432.5,No,0.0025
PRV55177,327,104420,319.3272171253823,11300,1.003058103975535,0.0,2.874617737003058,73.32721712538226,0,327,286,132,0.009174311926605505,0,0.0,1.1433566433566433,365.1048951048951,No,0.0152
PRV55178,31,18510,597.0967741935484,6000,1.8064516129032258,0.12903225806451613,68.90322580645162,73.41935483870968,2,29,29,13,0.03225806451612903,0,0.06451612903225806,1.0689655172413792,638.2758620689655,No,0.0025
PRV55179,74,178930,2417.972972972973,25000,2.0135135135135136,0.8783783783783784,220.0,71.06756756756756,16,58,66,25,0.02702702702702703,0,0.21621621621621623,1.121212121212121,2711.060606060606,No,0.0873
PRV55180,127,108440,853.8582677165355,22000,1.921259842519685,0.3228346456692913,54.62992125984252,71.7244094488189,7,120,112,56,0.007874015748031496,0,0.05511811023622047,1.1339285714285714,968.2142857142857,No,0.0779
PRV55181,439,413360,941.5945330296128,31000,1.6195899772209568,0.5421412300683371,88.74715261958998,71.96583143507972,35,404,332,74,0.011389521640091117,0,0.07972665148063782,1.322289156626506,1245.0602409638554,No,0.3229
PRV55182,102,25940,254.31372549019608,2800,0.22549019607843138,0.0,0.0,70.42156862745098,0,102,78,37,0.00980392156862745,0,0.0,1.3076923076923077,332.56410256410254,No,0.0048
PRV55183,117,257750,2202.991452991453,37000,2.8119658119658117,1.0,184.7008547008547,70.58974358974359,21,96,90,37,0.008547008547008548,0,0.1794871794871795,1.3,2863.8888888888887,No,0.1952
PRV55184,56,15760,281.42857142857144,3300,1.0178571428571428,0.07142857142857142,20.857142857142858,70.80357142857143,1,55,45,25,0.0,0,0.017857142857142856,1.2444444444444445,350.22222222222223,No,0.0047
PRV55185,206,112170,544.5145631067961,28000,0.7912621359223301,0.05339805825242718,28.349514563106798,68.91747572815534,5,201,70,30,0.043689320388349516,0,0.024271844660194174,2.942857142857143,1602.4285714285713,No,0.3111
PRV55187,125,29270,234.16,3300,1.568,0.0,5.44,72.816,0,125,101,40,0.008,0,0.0,1.2376237623762376,289.8019801980198,No,0.0048
PRV55188,207,73470,354.92753623188406,17000,1.4830917874396135,0.057971014492753624,22.183574879227052,72.79227053140097,4,203,112,23,0.004830917874396135,0,0.01932367149758454,1.8482142857142858,655.9821428571429,No,0.0198
PRV55189,133,339940,2555.93984962406,24000,1.6390977443609023,0.9924812030075187,290.812030075188,72.23308270676692,36,97,115,68,0.022556390977443608,0,0.2706766917293233,1.1565217391304348,2956.0,No,0.27
PRV55191,90,17290,192.11111111111111,2500,0.9111111111111111,0.0,0.0,72.17777777777778,0,90,87,63,0.011111111111111112,0,0.0,1.0344827586206897,198.73563218390805,No,0.0008
PRV55192,253,218640,864.1897233201581,24000,1.466403162055336,0.25296442687747034,64.38735177865613,70.49802371541502,15,238,234,122,0.003952569169960474,0,0.05928853754940711,1.0811965811965811,934.3589743589744,No,0.106
PRV55193,44,444380,10099.545454545454,102000,5.2272727272727275,4.7727272727272725,752.4545454545455,71.97727272727273,31,13,38,11,0.0,1,0.7045454545454546,1.1578947368421053,11694.21052631579,Yes,0.8781
PRV55194,421,1700900,4040.142517814727,57000,3.294536817102138,2.0878859857482186,428.061757719715,71.90023752969121,169,252,368,121,0.0023752969121140144,1,0.4014251781472684,1.1440217391304348,4622.010869565217,Yes,0.944
PRV55195,77,246730,3204.285714285714,65000,1.9870129870129871,1.2597402597402598,195.4805194805195,69.9090909090909,16,61,69,20,0.0,1,0.2077922077922078,1.1159420289855073,3575.7971014492755,Yes,0.5958
PRV55196,173,150790,871.6184971098265,83000,1.439306358381503,0.2254335260115607,39.005780346820806,72.05780346820809,6,167,153,84,0.023121387283236993,0,0.03468208092485549,1.130718954248366,985.5555555555555,No,0.0402
PRV55197,73,24210,331.64383561643837,3300,2.3424657534246576,0.0,3.0136986301369864,71.02739726027397,0,73,50,17,0.0136986301369863,0,0.0,1.46,484.2,No,0.0073
PRV55198,68,22280,327.6470588235294,8000,2.764705882352941,0.1323529411764706,33.3235294117647,70.83823529411765,2,66,60,32,0.0,0,0.029411764705882353,1.1333333333333333,371.3333333333333,No,0.0021
PRV55200,69,20250,293.4782608695652,3300,0.9420289855072463,0.0,4.202898550724638,73.89855072463769,0,69,55,1,0.0,0,0.0,1.2545454545454546,368.1818181818182,No,0.0017
PRV55202,30,11980,399.3333333333333,3300,1.4,0.0,2.0,67.23333333333333,0,30,27,12,0.0,0,0.0,1.1111111111111112,443.7037037037037,No,0.0014
PRV55203,25,46470,1858.8,15000,1.12,0.96,218.0,74.24,5,20,25,13,0.04,0,0.2,1.0,1858.8,No,0.0137
PRV55205,260,638060,2454.076923076923,102000,1.6576923076923078,0.9115384615384615,150.2923076923077,73.39615384615385,38,222,240,139,0.0,0,0.14615384615384616,1.0833333333333333,2658.5833333333335,No,0.4999
PRV55206,103,33090,321.2621359223301,4100,0.5436893203883495,0.0,2.0388349514563107,74.60194174757281,0,103,92,71,0.0,0,0.0,1.1195652173913044,359.67391304347825,No,0.002
PRV55207,167,41510,248.562874251497,2800,1.1017964071856288,0.0,2.035928143712575,72.4311377245509,0,167,151,85,0.005988023952095809,0,0.0,1.1059602649006623,274.9006622516556,No,0.0044
PRV55208,53,76300,1439.622641509434,31000,2.169811320754717,0.8301886792452831,141.0566037735849,73.24528301886792,7,46,50,36,0.0,0,0.1320754716981132,1.06,1526.0,No,0.0305
PRV55209,762,2914700,3825.0656167979005,57000,2.811023622047244,1.9278215223097113,380.62729658792654,71.67847769028872,275,487,659,172,0.013123359580052493,1,0.36089238845144356,1.1562974203338392,4422.913505311078,Yes,0.9442
PRV55210,174,50480,290.11494252873564,3300,2.0172413793103448,0.0,2.7011494252873565,72.13793103448276,0,174,68,7,0.011494252873563218,0,0.0,2.5588235294117645,742.3529411764706,No,0.049
PRV55211,32,7030,219.6875,3300,0.6875,0.0,2.5,70.53125,0,32,32,21,0.0,0,0.0,1.0,219.6875,No,0.0025
PRV55213,81,80390,992.4691358024692,57000,1.8024691358024691,0.9876543209876543,39.55555555555556,74.06172839506173,3,78,66,25,0.0,0,0.037037037037037035,1.2272727272727273,1218.030303030303,No,0.0177
PRV55214,190,45880,241.47368421052633,3300,1.1105263157894736,0.0,2.3684210526315788,72.89473684210526,0,190,173,56,0.0,0,0.0,1.0982658959537572,265.2023121387283,No,0.0038
PRV55215,3393,2284560,673.315649867374,45000,1.6713822575891542,0.23342175066312998,46.957264957264954,72.08576480990274,143,3250,2638,545,0.009136457412319481,1,0.0421455938697318,1.2862016679302501,866.0197119029568,Yes,0.9576
PRV55216,80,59370,742.125,18000,0.9375,0.3,73.375,73.6625,5,75,52,24,0.0,0,0.0625,1.5384615384615385,1141.7307692307693,No,0.0176
PRV55218,94,20910,222.4468085106383,2500,1.8404255319148937,0.0,3.8297872340425534,70.7872340425532,0,94,82,35,0.0,0,0.0,1.146341463414634,255.0,No,0.0013
PRV55219,89,17530,196.96629213483146,1700,1.1235955056179776,0.0,3.8202247191011236,70.69662921348315,0,89,85,48,0.011235955056179775,0,0.0,1.0470588235294118,206.23529411764707,No,0.0054
PRV55220,102,23280,228.23529411764707,3300,1.3235294117647058,0.0,2.156862745098039,71.32352941176471,0,102,89,44,0.0196078431372549,0,0.0,1.146067415730337,261.5730337078652,No,0.0029
PRV55224,23,5800,252.17391304347825,3300,0.0,0.0,0.0,70.47826086956522,0,23,23,9,0.0,0,0.0,1.0,252.17391304347825,No,0.0016
PRV55225,66,199390,3021.060606060606,57000,1.7424242424242424,0.9242424242424242,147.75757575757575,74.68181818181819,9,57,64,31,0.0,1,0.13636363636363635,1.03125,3115.46875,Yes,0.4578
PRV55226,242,80690,333.4297520661157,3300,1.2727272727272727,0.0,1.9008264462809918,73.08677685950413,0,242,219,115,0.004132231404958678,0,0.0,1.1050228310502284,368.4474885844749,No,0.0042
PRV55227,46,12100,263.04347826086956,3300,1.2391304347826086,0.0,0.0,72.17391304347827,0,46,42,20,0.0,0,0.0,1.0952380952380953,288.0952380952381,No,0.0009
PRV55229,243,257520,1059.7530864197531,57000,1.617283950617284,0.4444444444444444,68.72427983539094,73.1275720164609,16,227,218,108,0.0,0,0.06584362139917696,1.114678899082569,1181.2844036697247,No,0.1873
PRV55230,565,2612740,4624.3185840707965,57000,3.7150442477876107,2.6442477876106194,409.5008849557522,72.1008849557522,225,340,515,161,0.010619469026548672,1,0.39823008849557523,1.0970873786407767,5073.281553398058,Yes,0.9626
PRV55231,126,41470,329.12698412698415,3300,1.9841269841269842,0.0,1.0317460317460319,71.86507936507937,0,126,99,39,0.015873015873015872,0,0.0,1.2727272727272727,418.8888888888889,No,0.0065
PRV55232,107,310420,2901.121495327103,58000,2.177570093457944,1.0841121495327102,280.31775700934577,69.09345794392523,28,79,95,23,0.009345794392523364,0,0.2616822429906542,1.1263157894736842,3267.5789473684213,No,0.2083
PRV55233,187,54940,293.7967914438503,4000,1.5828877005347595,0.016042780748663103,7.903743315508021,73.61497326203208,1,186,99,33,0.0053475935828877,0,0.0053475935828877,1.8888888888888888,554.9494949494949,No,0.0108
PRV55234,184,94600,514.1304347826087,10000,1.815217391304348,0.30434782608695654,44.65217391304348,70.83695652173913,7,177,172,58,0.005434782608695652,0,0.03804347826086957,1.069767441860465,550.0,No,0.0218
PRV55235,160,60920,380.75,3300,1.16875,0.0,3.75,72.75625,0,160,118,39,0.0,0,0.0,1.3559322033898304,516.271186440678,No,0.0073
PRV55236,54,237260,4393.7037037037035,57000,4.944444444444445,3.259259259259259,397.4074074074074,74.05555555555556,20,34,35,18,0.0,0,0.37037037037037035,1.542857142857143,6778.857142857143,No,0.4968
PRV55237,117,131700,1125.6410256410256,21000,1.7692307692307692,0.5213675213675214,138.63247863247864,71.1880341880342,15,102,108,39,0.0,0,0.1282051282051282,1.0833333333333333,1219.4444444444443,No,0.0652
PRV55238,101,39250,388.61386138613864,6100,2.3366336633663365,0.0,4.752475247524752,71.62376237623762,0,101,101,43,0.0,0,0.0,1.0,388.61386138613864,No,0.0041
PRV55239,161,49540,307.70186335403724,3300,1.484472049689441,0.0,4.285714285714286,74.472049689441,0,161,154,53,0.018633540372670808,0,0.0,1.0454545454545454,321.68831168831167,No,0.01
PRV55240,163,119840,735.2147239263803,24000,1.01840490797546,0.2392638036809816,74.95705521472392,73.66871165644172,11,152,145,42,0.0,0,0.06748466257668712,1.1241379310344828,826.4827586206897,No,0.0314
PRV55242,34,65630,1930.2941176470588,15000,1.7352941176470589,1.1176470588235294,314.70588235294116,73.88235294117646,10,24,28,20,0.0,0,0.29411764705882354,1.2142857142857142,2343.9285714285716,No,0.033
PRV55243,257,66230,257.70428015564204,3300,1.6186770428015564,0.0,2.178988326848249,72.75486381322958,0,257,231,114,0.011673151750972763,0,0.0,1.1125541125541125,286.7099567099567,No,0.0064
PRV55244,25,7500,300.0,2100,1.72,0.0,4.0,68.8,0,25,25,6,0.0,0,0.0,1.0,300.0,No,0.0016
PRV55246,227,57290,252.37885462555067,3300,1.669603524229075,0.0,2.7312775330396475,72.5330396475771,0,227,213,89,0.0,0,0.0,1.0657276995305165,268.96713615023475,No,0.0028
PRV55247,355,128140,360.9577464788732,13000,1.332394366197183,0.04225352112676056,10.12394366197183,72.5887323943662,3,352,175,15,0.0028169014084507044,0,0.008450704225352112,2.0285714285714285,732.2285714285714,No,0.0494
PRV55248,133,46760,351.57894736842104,3300,1.4586466165413534,0.0,3.8345864661654137,74.54135338345864,0,133,103,26,0.0,0,0.0,1.2912621359223302,453.9805825242718,No,0.0029
PRV55250,301,343940,1142.6578073089702,57000,1.9800664451827243,0.5348837209302325,75.64119601328903,71.83388704318936,23,278,116,21,0.013289036544850499,1,0.07641196013289037,2.5948275862068964,2965.0,Yes,0.9125
PRV55252,45,14220,316.0,3100,1.0444444444444445,0.0,2.2222222222222223,71.91111111111111,0,45,39,3,0.0,0,0.0,1.1538461538461537,364.61538461538464,No,0.0012
PRV55254,15,4960,330.6666666666667,3300,0.06666666666666667,0.0,4.666666666666667,70.4,0,15,14,10,0.0,0,0.0,1.0714285714285714,354.2857142857143,No,0.0031
PRV55255,12,2590,215.83333333333334,1200,0.08333333333333333,0.0,8.333333333333334,78.25,0,12,12,8,0.0,0,0.0,1.0,215.83333333333334,No,0.0033
PRV55256,28,34150,1219.642857142857,14000,1.7142857142857142,0.9642857142857143,155.07142857142858,73.67857142857143,4,24,27,13,0.03571428571428571,0,0.14285714285714285,1.037037037037037,1264.8148148148148,No,0.0062
PRV55257,137,35840,261.6058394160584,3300,0.9416058394160584,0.0,1.532846715328467,72.75912408759125,0,137,74,10,0.0072992700729927005,0,0.0,1.8513513513513513,484.3243243243243,No,0.0044
PRV55258,42,25200,600.0,12000,2.857142857142857,0.30952380952380953,0.23809523809523808,69.80952380952381,1,41,36,17,0.0,0,0.023809523809523808,1.1666666666666667,700.0,No,0.0062
PRV55259,42,13890,330.7142857142857,3300,1.2142857142857142,0.0,1.1904761904761905,73.57142857142857,0,42,41,19,0.023809523809523808,0,0.0,1.024390243902439,338.780487804878,No,0.0023
PRV55260,57,22310,391.4035087719298,3300,2.491228070175439,0.0,1.2280701754385965,71.08771929824562,0,57,41,15,0.0,0,0.0,1.3902439024390243,544.1463414634146,No,0.0022
PRV55261,30,4780,159.33333333333334,800,1.0,0.0,3.3333333333333335,72.36666666666666,0,30,19,12,0.0,0,0.0,1.5789473684210527,251.57894736842104,No,0.0038
PRV55262,397,235860,594.1057934508816,46000,1.3375314861460956,0.19143576826196473,43.09823677581864,70.98488664987406,16,381,210,18,0.005037783375314861,0,0.04030226700251889,1.8904761904761904,1123.142857142857,No,0.2275
PRV55263,319,103750,325.23510971786834,3300,1.6489028213166144,0.0,3.479623824451411,73.05956112852665,0,319,247,33,0.006269592476489028,0,0.0,1.291497975708502,420.0404858299595,No,0.0117
PRV55264,528,147430,279.2234848484849,10080,1.4526515151515151,0.0,2.5,72.26325757575758,0,528,305,33,0.015151515151515152,0,0.0,1.7311475409836066,483.37704918032784,No,0.0553
PRV55265,201,43280,215.3233830845771,3300,1.064676616915423,0.0,2.0398009950248754,67.72636815920399,0,201,71,11,0.0,0,0.0,2.8309859154929575,609.5774647887324,No,0.0278
PRV55266,25,45740,1829.6,7000,1.44,1.44,384.48,76.2,9,16,22,9,0.0,1,0.36,1.1363636363636365,2079.090909090909,Yes,0.5334
PRV55267,144,36020,250.13888888888889,3300,1.4583333333333333,0.0,2.8472222222222223,72.20138888888889,0,144,78,13,0.0,0,0.0,1.8461538461538463,461.79487179487177,No,0.0026
PRV55268,48,13310,277.2916666666667,3300,1.5,0.0,0.0,77.3125,0,48,20,4,0.041666666666666664,0,0.0,2.4,665.5,No,0.0034
PRV55269,172,53490,310.98837209302326,6000,1.0872093023255813,0.0755813953488372,23.046511627906977,69.17441860465117,3,169,124,21,0.005813953488372093,0,0.01744186046511628,1.3870967741935485,431.3709677419355,No,0.0286
PRV55270,204,63190,309.7549019607843,5000,1.7401960784313726,0.03431372549019608,8.519607843137255,68.44607843137256,1,203,108,8,0.0,0,0.004901960784313725,1.8888888888888888,585.0925925925926,No,0.0106
PRV55271,15,6020,401.3333333333333,1500,0.4,0.0,6.666666666666667,68.6,0,15,12,4,0.0,0,0.0,1.25,501.6666666666667,No,0.0052
PRV55272,211,53340,252.7962085308057,3300,1.2748815165876777,0.0,2.5118483412322274,71.77251184834124,0,211,185,12,0.018957345971563982,0,0.0,1.1405405405405404,288.3243243243243,No,0.0087
PRV55273,18,4240,235.55555555555554,1700,1.2222222222222223,0.0,10.0,74.22222222222223,0,18,12,10,0.0,0,0.0,1.5,353.3333333333333,No,0.0043
PRV55274,70,20800,297.14285714285717,3300,1.8142857142857143,0.0,1.4285714285714286,74.25714285714285,0,70,45,1,0.0,0,0.0,1.5555555555555556,462.22222222222223,No,0.0011
PRV55275,54,12370,229.07407407407408,1700,1.1296296296296295,0.0,3.5185185185185186,76.07407407407408,0,54,39,3,0.0,0,0.0,1.3846153846153846,317.1794871794872,No,0.0272
PRV55276,58,10830,186.72413793103448,2900,2.103448275862069,0.0,2.0689655172413794,75.62068965517241,0,58,38,2,0.0,0,0.0,1.5263157894736843,285.0,No,0.0056
PRV55277,17,4200,247.05882352941177,1800,1.1764705882352942,0.0,0.0,70.76470588235294,0,17,16,2,0.0,0,0.0,1.0625,262.5,No,0.0025
PRV55278,45,7200,160.0,700,1.3555555555555556,0.0,0.0,71.64444444444445,0,45,33,2,0.0,0,0.0,1.3636363636363635,218.1818181818182,No,0.005
PRV55279,81,28610,353.2098765432099,3300,0.9012345679012346,0.0,0.37037037037037035,70.4320987654321,0,81,49,1,0.0,0,0.0,1.653061224489796,583.8775510204082,No,0.0032
PRV55281,190,54330,285.94736842105266,3300,0.9631578947368421,0.0,2.473684210526316,74.53157894736842,0,190,95,1,0.0,0,0.0,2.0,571.8947368421053,No,0.0166
PRV55283,36,12390,344.1666666666667,2400,2.6944444444444446,0.0,0.2777777777777778,68.44444444444444,0,36,31,2,0.0,0,0.0,1.1612903225806452,399.6774193548387,No,0.0018
PRV55285,7,530,75.71428571428571,400,0.0,0.0,0.0,64.71428571428571,0,7,7,3,0.0,0,0.0,1.0,75.71428571428571,No,0.0009
PRV55286,4,570,142.5,400,0.0,0.0,0.0,84.0,0,4,3,2,0.0,0,0.0,1.3333333333333333,190.0,No,0.0046
PRV55289,14,3710,265.0,1200,5.0,0.0,0.0,75.14285714285714,0,14,12,3,0.0,0,0.0,1.1666666666666667,309.1666666666667,No,0.0012
PRV55291,6,2190,365.0,1700,0.0,0.0,0.0,78.83333333333333,0,6,4,1,0.0,0,0.0,1.5,547.5,No,0.0027
PRV55292,6,610,101.66666666666667,300,0.0,0.0,0.0,73.33333333333333,0,6,6,2,0.0,0,0.0,1.0,101.66666666666667,No,0.0008
PRV55293,33,5530,167.57575757575756,3300,1.7272727272727273,0.0,0.0,69.9090909090909,0,33,25,2,0.0,0,0.0,1.32,221.2,No,0.0023
PRV55295,88,20380,231.5909090909091,3300,1.7159090909090908,0.0,6.590909090909091,70.4659090909091,0,88,71,3,0.06818181818181818,0,0.0,1.2394366197183098,287.0422535211268,No,0.01
PRV55296,57,12750,223.68421052631578,2500,2.1052631578947367,0.0,0.0,73.96491228070175,0,57,50,1,0.0,0,0.0,1.14,255.0,No,0.0008
PRV55297,98,21280,217.14285714285714,2400,1.0918367346938775,0.0,5.510204081632653,64.54081632653062,0,98,44,3,0.030612244897959183,0,0.0,2.227272727272727,483.6363636363636,No,0.0121
PRV55298,57,15740,276.140350877193,2400,1.5263157894736843,0.0,0.7017543859649122,75.40350877192982,0,57,32,2,0.0,0,0.0,1.78125,491.875,No,0.0031
PRV55299,18,5930,329.44444444444446,2400,1.0,0.0,0.0,70.83333333333333,0,18,17,2,0.0,0,0.0,1.0588235294117647,348.8235294117647,No,0.0054
PRV55300,32,8320,260.0,1600,1.125,0.0,2.1875,76.125,0,32,23,1,0.0,0,0.0,1.391304347826087,361.7391304347826,No,0.0073
PRV55302,1,400,400.0,400,0.0,0.0,0.0,68.0,0,1,1,1,0.0,0,0.0,1.0,400.0,No,0.002
PRV55304,204,76330,374.1666666666667,14400,1.4509803921568627,0.0,1.7156862745098038,72.5343137254902,0,204,122,3,0.00980392156862745,0,0.0,1.6721311475409837,625.655737704918,No,0.0103
PRV55305,3,4210,1403.3333333333333,4060,0.0,0.0,3.3333333333333335,60.0,0,3,3,3,0.0,0,0.0,1.0,1403.3333333333333,No,0.0017
PRV55306,59,16500,279.66101694915255,2700,1.0,0.0,0.1694915254237288,72.86440677966101,0,59,34,2,0.0,0,0.0,1.7352941176470589,485.29411764705884,No,0.0031
PRV55307,110,24250,220.45454545454547,2300,1.9181818181818182,0.0,2.272727272727273,72.28181818181818,0,110,84,5,0.00909090909090909,0,0.0,1.3095238095238095,288.6904761904762,No,0.0038
PRV55309,35,11800,337.14285714285717,3060,0.9714285714285714,0.0,1.7142857142857142,72.71428571428571,0,35,24,2,0.02857142857142857,0,0.0,1.4583333333333333,491.6666666666667,No,0.0136
PRV55312,91,17280,189.8901098901099,3300,1.6263736263736264,0.0,2.3076923076923075,72.82417582417582,0,91,77,3,0.01098901098901099,0,0.0,1.1818181818181819,224.41558441558442,No,0.0016
PRV55313,192,57410,299.0104166666667,3300,1.0,0.0,0.5208333333333334,70.44791666666667,0,192,129,2,0.0,0,0.0,1.4883720930232558,445.0387596899225,No,0.0157
PRV55314,89,25040,281.34831460674155,2800,1.3370786516853932,0.0,2.134831460674157,71.34831460674157,0,89,53,4,0.0,0,0.0,1.679245283018868,472.45283018867923,No,0.0027
PRV55316,65,15490,238.30769230769232,3300,1.2615384615384615,0.0,2.923076923076923,75.18461538461538,0,65,45,3,0.0,0,0.0,1.4444444444444444,344.22222222222223,No,0.0078
PRV55318,63,26300,417.46031746031747,12100,1.1428571428571428,0.0,2.0634920634920637,72.47619047619048,0,63,45,2,0.0,0,0.0,1.4,584.4444444444445,No,0.0027
PRV55319,17,4570,268.8235294117647,3300,0.17647058823529413,0.0,0.0,74.58823529411765,0,17,11,1,0.0,0,0.0,1.5454545454545454,415.45454545454544,No,0.0012
PRV55320,34,6400,188.23529411764707,900,1.4411764705882353,0.0,0.0,73.67647058823529,0,34,27,2,0.029411764705882353,0,0.0,1.2592592592592593,237.03703703703704,No,0.0087
PRV55322,28,7270,259.64285714285717,3200,1.0714285714285714,0.0,4.642857142857143,74.39285714285714,0,28,24,3,0.0,0,0.0,1.1666666666666667,302.9166666666667,No,0.003
PRV55323,144,36470,253.26388888888889,3300,0.8472222222222222,0.0,0.8333333333333334,72.74305555555556,0,144,108,5,0.006944444444444444,0,0.0,1.3333333333333333,337.68518518518516,No,0.0069
PRV55324,25,7530,301.2,3300,1.76,0.0,2.0,74.92,0,25,24,3,0.0,0,0.0,1.0416666666666667,313.75,No,0.0016
PRV55325,41,14980,365.3658536585366,3300,1.8048780487804879,0.0,9.75609756097561,73.41463414634147,0,41,20,3,0.0,0,0.0,2.05,749.0,No,0.002
PRV55326,58,11700,201.72413793103448,3300,0.6896551724137931,0.0,6.724137931034483,73.24137931034483,0,58,30,3,0.0,0,0.0,1.9333333333333333,390.0,No,0.0058
PRV55329,2,360,180.0,300,0.0,0.0,0.0,73.0,0,2,2,2,0.0,0,0.0,1.0,180.0,No,0.0011
PRV55330,4,1170,292.5,900,0.0,0.0,0.0,74.75,0,4,4,2,0.0,0,0.0,1.0,292.5,No,0.001
PRV55331,23,4700,204.34782608695653,1400,1.2173913043478262,0.0,0.0,75.0,0,23,19,2,0.0,0,0.0,1.2105263157894737,247.3684210526316,No,0.0027
PRV55333,51,9500,186.27450980392157,1700,0.5882352941176471,0.0,3.9215686274509802,72.45098039215686,0,51,31,1,0.0196078431372549,0,0.0,1.6451612903225807,306.4516129032258,No,0.0412
PRV55335,24,1760,73.33333333333333,300,1.1666666666666667,0.0,6.666666666666667,71.79166666666667,0,24,16,1,0.0,0,0.0,1.5,110.0,No,0.0043
PRV55337,13,1890,145.3846153846154,500,1.7692307692307692,0.0,0.0,70.6923076923077,0,13,13,2,0.0,0,0.0,1.0,145.3846153846154,No,0.0006
PRV55338,46,8790,191.08695652173913,1900,1.326086956521739,0.0,0.0,69.58695652173913,0,46,44,1,0.0,0,0.0,1.0454545454545454,199.77272727272728,No,0.0041
PRV55339,30,7880,262.6666666666667,2100,0.0,0.0,0.0,69.23333333333333,0,30,28,1,0.0,0,0.0,1.0714285714285714,281.42857142857144,No,0.0038
PRV55340,108,32730,303.05555555555554,3300,2.0925925925925926,0.0,2.2222222222222223,72.42592592592592,0,108,83,1,0.027777777777777776,0,0.0,1.3012048192771084,394.33734939759034,No,0.0064
PRV55341,14,1240,88.57142857142857,600,0.07142857142857142,0.0,0.0,72.78571428571429,0,14,14,1,0.0,0,0.0,1.0,88.57142857142857,No,0.0004
PRV55342,9,2440,271.1111111111111,1300,0.2222222222222222,0.0,0.0,67.11111111111111,0,9,8,2,0.0,0,0.0,1.125,305.0,No,0.0014
PRV55343,90,23940,266.0,3300,1.4111111111111112,0.0,3.3333333333333335,73.58888888888889,0,90,74,7,0.03333333333333333,0,0.0,1.2162162162162162,323.5135135135135,No,0.0024
PRV55344,14,8320,594.2857142857143,2300,0.5714285714285714,0.0,0.0,73.0,0,14,8,2,0.14285714285714285,0,0.0,1.75,1040.0,No,0.0049
PRV55345,15,7310,487.3333333333333,3000,1.4666666666666666,0.0,6.0,75.46666666666667,0,15,14,2,0.0,0,0.0,1.0714285714285714,522.1428571428571,No,0.0028
PRV55348,7,610,87.14285714285714,200,0.0,0.0,0.0,73.14285714285714,0,7,5,2,0.0,0,0.0,1.4,122.0,No,0.002
PRV55350,31,4210,135.80645161290323,700,0.5806451612903226,0.0,0.0,70.90322580645162,0,31,23,3,0.0,0,0.0,1.3478260869565217,183.04347826086956,No,0.0023
PRV55351,10,1650,165.0,800,0.2,0.0,0.0,79.4,0,10,8,1,0.0,0,0.0,1.25,206.25,No,0.0017
PRV55352,39,12850,329.4871794871795,3200,1.1025641025641026,0.0,4.871794871794871,65.17948717948718,0,39,27,1,0.0,0,0.0,1.4444444444444444,475.9259259259259,No,0.0059
PRV55353,12,2970,247.5,1700,0.08333333333333333,0.0,3.3333333333333335,78.75,0,12,12,3,0.0,0,0.0,1.0,247.5,No,0.002
PRV55354,178,43990,247.13483146067415,2300,1.4382022471910112,0.0,2.4719101123595504,74.21348314606742,0,178,105,4,0.0056179775280898875,0,0.0,1.6952380952380952,418.95238095238096,No,0.0054
PRV55355,1,90,90.0,90,0.0,0.0,0.0,98.0,0,1,1,1,0.0,0,0.0,1.0,90.0,No,0.0098
PRV55356,27,5030,186.2962962962963,1000,1.2222222222222223,0.0,6.296296296296297,67.85185185185185,0,27,27,2,0.037037037037037035,0,0.0,1.0,186.2962962962963,No,0.0068
PRV55357,161,37270,231.49068322981367,3300,1.0683229813664596,0.0,3.7267080745341614,69.83229813664596,0,161,106,1,0.006211180124223602,0,0.0,1.5188679245283019,351.60377358490564,No,0.0219
PRV55358,37,14710,397.56756756756755,3200,2.1621621621621623,0.0,0.0,69.1891891891892,0,37,34,1,0.02702702702702703,0,0.0,1.088235294117647,432.6470588235294,No,0.0076
PRV55359,113,47940,424.24778761061947,3300,1.5309734513274336,0.0,5.398230088495575,70.82300884955752,0,113,52,3,0.0,0,0.0,2.173076923076923,921.9230769230769,No,0.0234
PRV55360,17,4880,287.05882352941177,2600,2.4705882352941178,0.0,0.0,71.76470588235294,0,17,17,1,0.0,0,0.0,1.0,287.05882352941177,No,0.0005
PRV55361,85,23420,275.52941176470586,3200,1.776470588235294,0.0,1.1764705882352942,72.21176470588236,0,85,59,5,0.0,0,0.0,1.4406779661016949,396.9491525423729,No,0.0007
PRV55362,148,36170,244.3918918918919,3300,1.087837837837838,0.0,2.77027027027027,72.95945945945945,0,148,101,4,0.0,0,0.0,1.4653465346534653,358.1188118811881,No,0.0064
PRV55363,62,24070,388.2258064516129,3300,3.1129032258064515,0.0,3.064516129032258,71.56451612903226,0,62,32,1,0.016129032258064516,0,0.0,1.9375,752.1875,No,0.0063
PRV55364,1,80,80.0,80,0.0,0.0,0.0,78.0,0,1,1,1,0.0,0,0.0,1.0,80.0,No,0.0018
PRV55365,7,370,52.857142857142854,90,0.0,0.0,0.0,68.14285714285714,0,7,5,1,0.0,0,0.0,1.4,74.0,No,0.0023
PRV55366,107,20310,189.81308411214954,2400,0.7476635514018691,0.0,4.953271028037383,68.53271028037383,0,107,53,1,0.0,0,0.0,2.018867924528302,383.20754716981133,No,0.0036
PRV55368,115,24770,215.3913043478261,3300,0.6173913043478261,0.0,2.6956521739130435,71.63478260869566,0,115,101,57,0.008695652173913044,0,0.0,1.1386138613861385,245.24752475247524,No,0.0022
PRV55371,3,330,110.0,200,6.666666666666667,0.0,0.0,76.33333333333333,0,3,3,1,0.0,0,0.0,1.0,110.0,No,0.0012
PRV55372,12,2620,218.33333333333334,500,0.0,0.0,5.833333333333333,68.83333333333333,0,12,7,1,0.0,0,0.0,1.7142857142857142,374.2857142857143,No,0.0047
PRV55374,33,335000,10151.515151515152,43000,5.212121212121212,5.212121212121212,1068.0,73.96969696969697,33,0,31,6,0.0,1,1.0,1.064516129032258,10806.451612903225,Yes,0.6716
PRV55375,14,147900,10564.285714285714,57000,5.928571428571429,5.928571428571429,991.7142857142857,71.5,14,0,14,2,0.07142857142857142,1,1.0,1.0,10564.285714285714,Yes,0.5508
PRV55376,88,21470,243.97727272727272,3300,1.0454545454545454,0.0,2.5,72.22727272727273,0,88,79,13,0.03409090909090909,0,0.0,1.1139240506329113,271.7721518987342,No,0.0023
PRV55377,4,3410,852.5,3300,0.0,0.0,0.0,68.25,0,4,4,2,0.0,0,0.0,1.0,852.5,No,0.0012
PRV55378,14,132000,9428.57142857143,35000,5.428571428571429,5.428571428571429,1068.0,67.85714285714286,14,0,13,4,0.0,0,1.0,1.0769230769230769,10153.846153846154,No,0.0923
PRV55379,4,36000,9000.0,19000,5.0,5.0,1068.0,68.25,4,0,4,1,0.0,0,1.0,1.0,9000.0,No,0.0044
PRV55381,45,173700,3860.0,32000,2.6,1.6444444444444444,476.8888888888889,72.08888888888889,20,25,40,4,0.0,0,0.4444444444444444,1.125,4342.5,No,0.1722
PRV55382,8,129000,16125.0,57000,7.625,7.625,1068.0,64.875,8,0,8,5,0.0,0,1.0,1.0,16125.0,No,0.1641
PRV55383,8,70000,8750.0,14000,4.125,4.125,1068.0,73.875,8,0,8,2,0.0,0,1.0,1.0,8750.0,No,0.013
PRV55384,1,30,30.0,30,0.0,0.0,0.0,70.0,0,1,1,1,0.0,0,0.0,1.0,30.0,No,0.0016
PRV55385,8,70000,8750.0,29000,2.875,2.875,1068.0,72.625,8,0,7,3,0.0,0,1.0,1.1428571428571428,10000.0,No,0.028
PRV55386,82,21010,256.219512195122,3300,1.1341463414634145,0.0,1.5853658536585367,73.48780487804878,0,82,62,2,0.036585365853658534,0,0.0,1.3225806451612903,338.8709677419355,No,0.019
PRV55387,6,90000,15000.0,57000,5.0,5.0,890.0,81.33333333333333,6,0,6,1,0.0,0,1.0,1.0,15000.0,No,0.0635
PRV55388,515,134180,260.54368932038835,3300,1.5456310679611651,0.0,2.7572815533980584,71.67184466019417,0,515,307,16,0.0,0,0.0,1.6775244299674268,437.0684039087948,No,0.0108
PRV55390,26,23150,890.3846153846154,3300,3.3076923076923075,0.0,2.6923076923076925,78.07692307692308,0,26,16,5,0.0,0,0.0,1.625,1446.875,No,0.0053
PRV55392,192,302110,1573.4895833333333,36000,2.5104166666666665,0.8489583333333334,123.98958333333333,75.64583333333333,23,169,115,28,0.0,0,0.11979166666666667,1.6695652173913043,2627.0434782608695,No,0.1764
PRV55395,12,2970,247.5,1300,0.0,0.0,0.8333333333333334,68.25,0,12,10,2,0.0,0,0.0,1.2,297.0,No,0.0012
PRV55396,75,153830,2051.0666666666666,17000,1.8666666666666667,0.8266666666666667,215.06666666666666,72.88,15,60,63,47,0.0,0,0.2,1.1904761904761905,2441.746031746032,No,0.066
PRV55397,6,630,105.0,400,0.0,0.0,0.0,79.83333333333333,0,6,5,5,0.0,0,0.0,1.2,126.0,No,0.0013
PRV55398,13,1430,110.0,500,0.15384615384615385,0.0,0.0,76.84615384615384,0,13,8,2,0.0,0,0.0,1.625,178.75,No,0.0036
PRV55399,27,35790,1325.5555555555557,15000,1.2592592592592593,0.48148148148148145,118.66666666666667,79.96296296296296,3,24,14,10,0.0,0,0.1111111111111111,1.9285714285714286,2556.4285714285716,No,0.0533
PRV55400,1,200,200.0,200,1.0,0.0,0.0,82.0,0,1,1,1,0.0,0,0.0,1.0,200.0,No,0.0123
PRV55401,49,11560,235.91836734693877,2400,1.0816326530612246,0.0,2.0408163265306123,77.73469387755102,0,49,23,11,0.061224489795918366,0,0.0,2.130434782608696,502.60869565217394,No,0.0106
PRV55402,44,17720,402.72727272727275,3300,2.7045454545454546,0.0,0.0,75.18181818181819,0,44,21,8,0.0,0,0.0,2.0952380952380953,843.8095238095239,No,0.0028
PRV55404,25,2420,96.8,500,0.0,0.0,0.0,75.64,0,25,9,1,0.0,0,0.0,2.7777777777777777,268.8888888888889,No,0.0032
PRV55405,10,2730,273.0,1100,0.4,0.0,20.0,84.2,0,10,1,1,0.0,0,0.0,10.0,2730.0,No,0.0089
PRV55408,16,5160,322.5,2500,1.4375,0.0,6.25,86.0625,0,16,11,2,0.0,0,0.0,1.4545454545454546,469.09090909090907,No,0.0061
PRV55409,5,280,56.0,200,0.4,0.0,2.0,81.0,0,5,4,2,0.0,0,0.0,1.25,70.0,No,0.0057
PRV55410,56,15380,274.64285714285717,3300,2.625,0.0,1.7857142857142858,76.05357142857143,0,56,33,8,0.0,0,0.0,1.696969696969697,466.06060606060606,No,0.0056
PRV55411,39,11990,307.43589743589746,1700,1.6666666666666667,0.0,2.8205128205128207,78.3076923076923,0,39,23,2,0.0,0,0.0,1.6956521739130435,521.304347826087,No,0.0057
PRV55412,11,1940,176.36363636363637,500,2.3636363636363638,0.0,0.0,71.63636363636364,0,11,4,3,0.0,0,0.0,2.75,485.0,No,0.0013
PRV55413,4,2200,550.0,2100,5.0,0.0,0.0,82.5,0,4,4,3,0.0,0,0.0,1.0,550.0,No,0.0009
PRV55414,12,13670,1139.1666666666667,5000,2.0,0.3333333333333333,178.0,73.33333333333333,2,10,12,4,0.0,0,0.16666666666666666,1.0,1139.1666666666667,No,0.0012
PRV55416,73,20330,278.4931506849315,5000,1.4931506849315068,0.3013698630136986,30.63013698630137,73.35616438356165,2,71,40,21,0.0273972602739726,0,0.0273972602739726,1.825,508.25,No,0.0034
PRV55417,30,3710,123.66666666666667,500,2.8666666666666667,0.0,1.0,76.73333333333333,0,30,12,1,0.0,0,0.0,2.5,309.1666666666667,No,0.0034
PRV55418,9,20190,2243.3333333333335,8000,2.5555555555555554,2.5555555555555554,367.1111111111111,75.33333333333333,3,6,6,2,0.0,0,0.3333333333333333,1.5,3365.0,No,0.0373
PRV55419,8,4430,553.75,2200,2.5,0.0,0.0,72.5,0,8,6,1,0.0,0,0.0,1.3333333333333333,738.3333333333334,No,0.0007
PRV55423,25,4710,188.4,1200,1.6,0.0,0.0,73.08,0,25,11,5,0.0,0,0.0,2.272727272727273,428.1818181818182,No,0.001
PRV55424,10,830,83.0,400,0.0,0.0,12.0,72.5,0,10,6,1,0.0,0,0.0,1.6666666666666667,138.33333333333334,No,0.0039
PRV55425,26,3880,149.23076923076923,1200,0.2692307692307692,0.0,0.0,85.3076923076923,0,26,6,3,0.0,0,0.0,4.333333333333333,646.6666666666666,No,0.003
PRV55426,77,22110,287.14285714285717,3300,1.0649350649350648,0.0,4.285714285714286,75.83116883116882,0,77,38,2,0.0,0,0.0,2.026315789473684,581.8421052631579,No,0.0052
PRV55427,1,50,50.0,50,0.0,0.0,0.0,91.0,0,1,1,1,0.0,0,0.0,1.0,50.0,No,0.0084
PRV55428,1,7000,7000.0,7000,8.0,8.0,1068.0,67.0,1,0,1,1,0.0,0,1.0,1.0,7000.0,No,0.0014
PRV55430,7,79000,11285.714285714286,31000,6.857142857142857,6.857142857142857,1068.0,80.71428571428571,7,0,6,2,0.0,1,1.0,1.1666666666666667,13166.666666666666,Yes,0.4374
PRV55431,2,58000,29000.0,55000,1.5,1.5,1068.0,87.0,2,0,2,1,0.0,0,1.0,1.0,29000.0,No,0.0228
PRV55432,29,7430,256.2068965517241,1700,0.8275862068965517,0.0,6.206896551724138,76.3103448275862,0,29,22,21,0.034482758620689655,0,0.0,1.3181818181818181,337.72727272727275,No,0.0431
PRV55433,87,342020,3931.264367816092,57000,2.6091954022988504,1.6781609195402298,393.4022988505747,71.4367816091954,32,55,77,48,0.0,1,0.367816091954023,1.12987012987013,4441.818181818182,Yes,0.5179
PRV55434,40,69800,1745.0,15000,1.75,1.1,216.6,76.9,8,32,39,28,0.0,0,0.2,1.0256410256410255,1789.7435897435898,No,0.0205
PRV55435,151,1250050,8278.476821192053,77000,5.344370860927152,5.125827814569536,856.1456953642385,73.71523178807946,128,23,133,17,0.0,1,0.847682119205298,1.1353383458646618,9398.872180451128,Yes,0.966
PRV55436,11,2430,220.9090909090909,1300,2.6363636363636362,0.0,0.0,74.54545454545455,0,11,11,10,0.0,0,0.0,1.0,220.9090909090909,No,0.0008
PRV55437,106,400250,3775.943396226415,57000,2.7264150943396226,2.009433962264151,283.4339622641509,74.33962264150944,28,78,102,69,0.009433962264150943,1,0.2641509433962264,1.0392156862745099,3924.0196078431372,Yes,0.3243
PRV55438,219,70190,320.50228310502285,9050,1.3424657534246576,0.0,2.0547945205479454,71.32876712328768,0,219,73,4,0.0,0,0.0,3.0,961.5068493150685,No,0.0446
PRV55439,224,96290,429.86607142857144,3300,1.4508928571428572,0.0,2.142857142857143,72.69196428571429,0,224,188,5,0.013392857142857142,0,0.0,1.1914893617021276,512.1808510638298,No,0.0116
PRV55441,32,67910,2122.1875,12000,3.59375,1.0,233.625,70.625,7,25,30,16,0.0,0,0.21875,1.0666666666666667,2263.6666666666665,No,0.0547
PRV55442,61,119850,1964.7540983606557,13000,2.8688524590163933,1.0819672131147542,264.59016393442624,75.21311475409836,15,46,55,24,0.0,0,0.2459016393442623,1.1090909090909091,2179.090909090909,No,0.0533
PRV55443,38,341390,8983.947368421053,39000,5.842105263157895,5.368421052631579,815.0526315789474,72.02631578947368,30,8,34,7,0.0,0,0.7894736842105263,1.1176470588235294,10040.882352941177,No,0.7586
PRV55444,128,1313260,10259.84375,57000,5.234375,5.109375,917.8125,71.5703125,114,14,109,15,0.015625,1,0.890625,1.1743119266055047,12048.256880733945,Yes,0.9753
PRV55445,133,56500,424.812030075188,10400,1.263157894736842,0.0,2.556390977443609,71.86466165413533,0,133,39,21,0.045112781954887216,0,0.0,3.41025641025641,1448.7179487179487,No,0.0606
PRV55446,98,23140,236.12244897959184,2800,1.1326530612244898,0.0,0.30612244897959184,73.33673469387755,0,98,87,74,0.01020408163265306,0,0.0,1.1264367816091954,265.97701149425285,No,0.001
PRV55447,66,22990,348.3333333333333,3300,2.0606060606060606,0.0,5.606060606060606,73.84848484848484,0,66,60,40,0.015151515151515152,0,0.0,1.1,383.1666666666667,No,0.0023
PRV55448,40,9000,225.0,1400,0.65,0.0,4.0,74.9,0,40,39,32,0.0,0,0.0,1.0256410256410255,230.76923076923077,No,0.0031
PRV55449,21,6480,308.57142857142856,2200,0.0,0.0,5.238095238095238,77.42857142857143,0,21,20,21,0.0,0,0.0,1.05,324.0,No,0.0175
PRV55450,201,57610,286.6169154228856,5100,1.572139303482587,0.04477611940298507,9.343283582089553,71.0049751243781,1,200,123,14,0.024875621890547265,0,0.004975124378109453,1.6341463414634145,468.3739837398374,No,0.0208
PRV55451,11,860,78.18181818181819,200,1.8181818181818181,0.0,0.0,77.36363636363636,0,11,11,10,0.0,0,0.0,1.0,78.18181818181819,No,0.0007
PRV55452,60,372430,6207.166666666667,57000,3.7666666666666666,3.75,556.1333333333333,71.65,31,29,49,15,0.0,0,0.5166666666666667,1.2244897959183674,7600.6122448979595,No,0.4523
PRV55453,795,294610,370.57861635220127,18000,1.2628930817610062,0.06918238993710692,19.27798742138365,71.57106918238993,13,782,333,16,0.012578616352201259,1,0.016352201257861635,2.3873873873873874,884.7147147147147,Yes,0.6883
PRV55454,368,134960,366.7391304347826,12000,2.0625,0.1358695652173913,19.64673913043478,72.08152173913044,5,363,156,6,0.0,0,0.01358695652173913,2.358974358974359,865.1282051282051,No,0.1755
PRV55455,373,95350,255.63002680965147,3300,1.3324396782841823,0.0,2.386058981233244,71.74262734584451,0,373,145,4,0.0,0,0.0,2.5724137931034483,657.5862068965517,No,0.0591
PRV55456,6,71300,11883.333333333334,39000,4.0,4.0,890.0,72.16666666666667,5,1,6,6,0.0,0,0.8333333333333334,1.0,11883.333333333334,No,0.0413
PRV55458,35,11830,338.0,2000,0.8571428571428571,0.0,8.571428571428571,76.42857142857143,0,35,34,29,0.0,0,0.0,1.0294117647058822,347.94117647058823,No,0.0054
PRV55459,344,114890,333.9825581395349,3300,1.755813953488372,0.0,2.703488372093023,72.27616279069767,0,344,270,20,0.005813953488372093,0,0.0,1.2740740740740741,425.51851851851853,No,0.008
PRV55460,18,3430,190.55555555555554,1200,3.111111111111111,0.0,0.0,77.55555555555556,0,18,16,14,0.0,0,0.0,1.125,214.375,No,0.001
PRV55462,1907,4713830,2471.85631882538,57000,2.467750393287887,1.2039853172522286,215.14944939695857,72.72050340849502,386,1521,969,47,0.012585212375458836,1,0.20241216570529627,1.9680082559339525,4864.633642930857,Yes,0.9919
PRV55463,257,73500,285.9922178988327,3500,1.7431906614785992,0.0,2.9961089494163424,71.58754863813229,0,257,220,139,0.01556420233463035,0,0.0,1.1681818181818182,334.09090909090907,No,0.0077
PRV55464,29,6540,225.51724137931035,1800,1.5862068965517242,0.0,0.6896551724137931,74.55172413793103,0,29,28,16,0.0,0,0.0,1.0357142857142858,233.57142857142858,No,0.0007
PRV55465,339,205830,607.1681415929204,34000,2.15929203539823,0.18289085545722714,31.097345132743364,71.61946902654867,9,330,121,36,0.0029498525073746312,0,0.02654867256637168,2.8016528925619837,1701.0743801652893,No,0.8768
PRV55467,1896,569280,300.253164556962,16000,1.3333333333333333,0.014240506329113924,5.922995780590718,71.85179324894514,6,1890,703,15,0.012130801687763712,1,0.0031645569620253164,2.6970128022759603,809.7866287339972,Yes,0.9633
PRV55468,27,10030,371.48148148148147,2500,2.740740740740741,0.0,1.8518518518518519,73.48148148148148,0,27,25,12,0.037037037037037035,0,0.0,1.08,401.2,No,0.0014
PRV55469,10,2110,211.0,950,0.0,0.0,0.0,76.8,0,10,10,10,0.0,0,0.0,1.0,211.0,No,0.0019
PRV55470,470,135060,287.36170212765956,3300,1.5702127659574467,0.0,1.851063829787234,71.65531914893617,0,470,204,7,0.006382978723404255,0,0.0,2.303921568627451,662.0588235294117,No,0.0634
PRV55471,13,1670,128.46153846153845,400,1.4615384615384615,0.0,0.0,71.46153846153847,0,13,13,9,0.0,0,0.0,1.0,128.46153846153845,No,0.0005
PRV55472,23,255090,11090.869565217392,59000,7.6521739130434785,7.6521739130434785,928.695652173913,70.26086956521739,21,2,19,3,0.0,1,0.9130434782608695,1.2105263157894737,13425.78947368421,Yes,0.6117
PRV55473,6,1350,225.0,1000,0.0,0.0,0.0,87.83333333333333,0,6,5,5,0.0,0,0.0,1.2,270.0,No,0.0022
PRV55474,80,17430,217.875,2200,1.4125,0.0,3.625,71.5625,0,80,74,53,0.0,0,0.0,1.0810810810810811,235.54054054054055,No,0.0017
PRV55475,17,3700,217.64705882352942,2700,0.5882352941176471,0.0,4.117647058823529,73.17647058823529,0,17,17,16,0.0,0,0.0,1.0,217.64705882352942,No,0.0012
PRV55477,46,17290,375.8695652173913,2400,1.5217391304347827,0.0,6.086956521739131,73.3695652173913,0,46,43,26,0.0,0,0.0,1.069767441860465,402.09302325581393,No,0.0012
PRV55479,672,162410,241.68154761904762,3300,1.2083333333333333,0.0,3.3035714285714284,73.05654761904762,0,672,317,2,0.013392857142857142,0,0.0,2.1198738170347005,512.3343848580441,No,0.3791
PRV55480,42,14640,348.57142857142856,3300,1.880952380952381,0.0,3.3333333333333335,69.83333333333333,0,42,42,32,0.0,0,0.0,1.0,348.57142857142856,No,0.0041
PRV55481,52,20310,390.5769230769231,5000,1.6346153846153846,0.019230769230769232,26.692307692307693,74.71153846153847,1,51,27,11,0.0,0,0.019230769230769232,1.9259259259259258,752.2222222222222,No,0.0023
PRV55482,83,509250,6135.542168674699,57000,4.530120481927711,3.63855421686747,503.27710843373495,73.8433734939759,41,42,72,40,0.0,1,0.4939759036144578,1.1527777777777777,7072.916666666667,Yes,0.7027
PRV55483,76,778040,10237.368421052632,57000,5.0,5.0,872.9736842105264,74.52631578947368,65,11,60,13,0.013157894736842105,1,0.8552631578947368,1.2666666666666666,12967.333333333334,Yes,0.9355
PRV55486,15,5170,344.6666666666667,1900,0.0,0.0,0.0,72.26666666666667,0,15,15,12,0.0,0,0.0,1.0,344.6666666666667,No,0.0013
PRV55487,78,27000,346.15384615384613,3600,2.1538461538461537,0.0,5.769230769230769,71.01282051282051,0,78,42,5,0.0,0,0.0,1.8571428571428572,642.8571428571429,No,0.0084
PRV55489,361,111740,309.52908587257616,5020,1.4764542936288088,0.0,3.0193905817174516,72.3213296398892,0,361,217,4,0.0110803324099723,0,0.0,1.663594470046083,514.9308755760369,No,0.0183
PRV55490,50,160900,3218.0,17000,3.06,2.1,386.08,69.9,19,31,46,40,0.02,0,0.38,1.0869565217391304,3497.8260869565215,No,0.3305
PRV55491,355,115770,326.11267605633805,3300,1.7211267605633802,0.0,2.9577464788732395,72.36619718309859,0,355,180,9,0.014084507042253521,0,0.0,1.9722222222222223,643.1666666666666,No,0.0314
PRV55492,42,281980,6713.809523809524,32000,4.595238095238095,3.7142857142857144,635.7142857142857,71.19047619047619,25,17,40,31,0.0,1,0.5952380952380952,1.05,7049.5,Yes,0.7891
PRV55493,39,6270,160.76923076923077,1100,1.2564102564102564,0.0,5.128205128205129,76.7948717948718,0,39,39,18,0.0,0,0.0,1.0,160.76923076923077,No,0.0047
PRV55494,6,4470,745.0,4000,0.3333333333333333,0.3333333333333333,178.0,72.66666666666667,1,5,6,6,0.0,0,0.16666666666666666,1.0,745.0,No,0.0015
PRV55495,51,282660,5542.35294117647,46000,2.450980392156863,2.3333333333333335,502.5882352941176,73.6078431372549,24,27,51,36,0.0,1,0.47058823529411764,1.0,5542.35294117647,Yes,0.4232
PRV55496,86,277440,3226.046511627907,33000,3.0232558139534884,2.372093023255814,486.06976744186045,70.87209302325581,41,45,78,27,0.0,1,0.47674418604651164,1.1025641025641026,3556.923076923077,Yes,0.5452
PRV55497,7,980,140.0,300,2.857142857142857,0.0,0.0,81.14285714285714,0,7,7,7,0.0,0,0.0,1.0,140.0,No,0.0008
PRV55498,27,2830,104.81481481481481,500,1.8518518518518519,0.0,5.555555555555555,73.62962962962963,0,27,26,20,0.037037037037037035,0,0.0,1.0384615384615385,108.84615384615384,No,0.0027
PRV55499,33,7900,239.3939393939394,3300,1.9090909090909092,0.0,0.0,69.0909090909091,0,33,29,17,0.0,0,0.0,1.1379310344827587,272.41379310344826,No,0.0017
PRV55500,38,15060,396.3157894736842,3300,1.236842105263158,0.0,0.7894736842105263,71.97368421052632,0,38,37,23,0.0,0,0.0,1.027027027027027,407.02702702702703,No,0.0011
PRV55501,13,12940,995.3846153846154,10000,0.3076923076923077,0.3076923076923077,88.3076923076923,69.53846153846153,1,12,13,7,0.0,0,0.07692307692307693,1.0,995.3846153846154,No,0.0053
PRV55503,604,188780,312.5496688741722,9000,1.8559602649006623,0.006622516556291391,3.870860927152318,72.61258278145695,1,603,299,21,0.0033112582781456954,0,0.0016556291390728477,2.020066889632107,631.371237458194,No,0.1384
PRV55505,480,128250,267.1875,3300,1.1458333333333333,0.0,2.5625,73.76458333333333,0,480,276,7,0.004166666666666667,0,0.0,1.7391304347826086,464.67391304347825,No,0.0394
PRV55506,14,124940,8924.285714285714,26000,6.357142857142857,6.357142857142857,915.4285714285714,72.0,12,2,11,5,0.0,1,0.8571428571428571,1.2727272727272727,11358.181818181818,Yes,0.4727
PRV55507,87,44350,509.7701149425287,14000,1.735632183908046,0.25287356321839083,39.241379310344826,71.32183908045977,3,84,32,13,0.011494252873563218,0,0.034482758620689655,2.71875,1385.9375,No,0.0373
PRV55508,16,9310,581.875,2400,2.1875,0.0,0.0,71.25,0,16,14,10,0.0,0,0.0,1.1428571428571428,665.0,No,0.0014
PRV55509,39,362510,9295.128205128205,57000,4.897435897435898,4.256410256410256,766.7692307692307,76.51282051282051,28,11,38,28,0.02564102564102564,1,0.717948717948718,1.0263157894736843,9539.736842105263,Yes,0.6996
PRV55510,861,255210,296.411149825784,3300,1.4819976771196284,0.0,2.8919860627177703,72.93147502903601,0,861,791,419,0.004645760743321719,0,0.0,1.0884955752212389,322.64222503160556,No,0.0416
PRV55511,5,3520,704.0,2100,4.0,0.0,0.0,54.0,0,5,5,5,0.0,0,0.0,1.0,704.0,No,0.0006
PRV55512,128,32330,252.578125,3500,0.9140625,0.0,1.40625,69.34375,0,128,55,2,0.0,0,0.0,2.327272727272727,587.8181818181819,No,0.0038
PRV55513,38,12550,330.2631578947368,3300,0.10526315789473684,0.0,7.631578947368421,72.92105263157895,0,38,36,29,0.0,0,0.0,1.0555555555555556,348.6111111111111,No,0.0045
PRV55514,295,158330,536.7118644067797,18000,1.8610169491525423,0.0711864406779661,27.51186440677966,75.31186440677966,7,288,153,13,0.0,1,0.023728813559322035,1.9281045751633987,1034.8366013071895,Yes,0.523
PRV55515,459,130860,285.0980392156863,3300,1.6427015250544663,0.0,3.6601307189542482,71.26143790849673,0,459,181,14,0.013071895424836602,0,0.0,2.5359116022099446,722.9834254143647,No,0.122
PRV55516,158,254930,1613.4810126582279,26000,1.8417721518987342,0.689873417721519,151.9367088607595,73.15189873417721,22,136,108,45,0.0,0,0.13924050632911392,1.462962962962963,2360.462962962963,No,0.2008
PRV55518,235,205770,875.6170212765958,36000,1.9319148936170212,0.28936170212765955,52.92765957446809,74.34468085106383,11,224,199,57,0.0,0,0.04680851063829787,1.1809045226130652,1034.0201005025126,No,0.1383
PRV55519,23,94710,4117.826086956522,34000,3.869565217391304,1.6956521739130435,329.82608695652175,67.21739130434783,7,16,20,16,0.0,1,0.30434782608695654,1.15,4735.5,Yes,0.4664
PRV55520,287,95890,334.11149825783974,3300,1.5261324041811846,0.0,2.9965156794425085,70.4006968641115,0,287,118,14,0.006968641114982578,0,0.0,2.4322033898305087,812.6271186440678,No,0.0339
PRV55521,615,157650,256.3414634146341,3300,1.3121951219512196,0.0,3.040650406504065,72.0439024390244,0,615,258,6,0.004878048780487805,0,0.0,2.383720930232558,611.046511627907,No,0.311
PRV55522,248,69570,280.5241935483871,3300,1.4516129032258065,0.0,2.9838709677419355,71.78629032258064,0,248,192,11,0.016129032258064516,0,0.0,1.2916666666666667,362.34375,No,0.0114
PRV55523,303,83320,274.983498349835,3300,1.2805280528052805,0.0,3.0033003300330035,73.9075907590759,0,303,158,16,0.006600660066006601,0,0.0,1.9177215189873418,527.3417721518987,No,0.0181
PRV55525,933,294250,315.3804930332262,4900,1.894962486602358,0.0,3.129689174705252,71.39442658092176,0,933,280,4,0.023579849946409433,0,0.0,3.3321428571428573,1050.892857142857,No,0.3075
PRV55527,2,170,85.0,100,0.0,0.0,0.0,74.5,0,2,2,2,0.0,0,0.0,1.0,85.0,No,0.0015
PRV55528,4,880,220.0,600,1.5,0.0,0.0,90.25,0,4,4,4,0.0,0,0.0,1.0,220.0,No,0.0039
PRV55530,71,17730,249.71830985915494,2300,1.8169014084507042,0.0,1.5492957746478873,72.3943661971831,0,71,67,36,0.0,0,0.0,1.0597014925373134,264.6268656716418,No,0.0006
PRV55531,122,886130,7263.360655737705,40000,5.032786885245901,5.032786885245901,920.0,73.13934426229508,108,14,111,11,0.0,1,0.8852459016393442,1.0990990990990992,7983.153153153153,Yes,0.9556
PRV55534,146,35080,240.27397260273972,3360,1.047945205479452,0.0,2.9452054794520546,73.66438356164383,0,146,72,9,0.0,0,0.0,2.0277777777777777,487.22222222222223,No,0.0073
PRV55535,42,9690,230.71428571428572,1200,1.4047619047619047,0.0,1.6666666666666667,74.69047619047619,0,42,35,25,0.0,0,0.0,1.2,276.85714285714283,No,0.0029
PRV55536,222,148350,668.2432432432432,33000,1.2252252252252251,0.2702702702702703,55.98198198198198,74.42792792792793,11,211,106,11,0.0045045045045045045,0,0.04954954954954955,2.0943396226415096,1399.5283018867924,No,0.189
PRV55537,15,4810,320.6666666666667,2000,2.466666666666667,0.0,6.0,65.86666666666666,0,15,13,12,0.0,0,0.0,1.1538461538461537,370.0,No,0.001
PRV55538,2,80,40.0,60,0.0,0.0,0.0,71.5,0,2,2,1,0.0,0,0.0,1.0,40.0,No,0.001
PRV55539,3,2620,873.3333333333334,2000,2.3333333333333335,0.0,0.0,63.333333333333336,0,3,3,3,0.0,0,0.0,1.0,873.3333333333334,No,0.0007
PRV55540,31,221040,7130.322580645161,36000,5.161290322580645,4.032258064516129,757.9354838709677,69.35483870967742,23,8,27,7,0.03225806451612903,0,0.7419354838709677,1.1481481481481481,8186.666666666667,No,0.3338
PRV55541,134,30380,226.71641791044777,3300,0.7985074626865671,0.0,0.8208955223880597,70.93283582089552,0,134,65,3,0.014925373134328358,0,0.0,2.0615384615384613,467.38461538461536,No,0.0347
PRV55543,141,92600,656.7375886524823,44000,0.7163120567375887,0.06382978723404255,30.72340425531915,69.9645390070922,4,137,95,6,0.028368794326241134,0,0.028368794326241134,1.4842105263157894,974.7368421052631,No,0.0516
PRV55547,27,139420,5163.7037037037035,57000,2.925925925925926,2.7777777777777777,363.4074074074074,73.51851851851852,9,18,26,21,0.037037037037037035,0,0.3333333333333333,1.0384615384615385,5362.307692307692,No,0.1378
PRV55548,562,159660,284.0925266903915,3300,1.0355871886120998,0.0,2.7580071174377223,73.68505338078292,0,562,289,8,0.005338078291814947,0,0.0,1.944636678200692,552.4567474048442,No,0.0918
PRV55549,28,7300,260.7142857142857,2000,0.0,0.0,2.142857142857143,73.67857142857143,0,28,11,5,0.0,0,0.0,2.5454545454545454,663.6363636363636,No,0.0023
PRV55550,58,453200,7813.793103448276,57000,4.551724137931035,4.224137931034483,681.3103448275862,74.87931034482759,37,21,54,13,0.0,1,0.6379310344827587,1.0740740740740742,8392.592592592593,Yes,0.6801
PRV55551,91,29760,327.032967032967,3300,1.5384615384615385,0.0,3.1868131868131866,71.71428571428571,0,91,74,41,0.01098901098901099,0,0.0,1.2297297297297298,402.1621621621622,No,0.0017
PRV55552,1206,436740,362.1393034825871,57000,1.7412935323383085,0.03150912106135987,6.45273631840796,72.30348258706468,4,1202,547,20,0.004975124378109453,0,0.003316749585406302,2.2047531992687386,798.4277879341864,No,0.4356
PRV55554,78,16180,207.43589743589743,3300,1.1025641025641026,0.0,0.0,73.02564102564102,0,78,66,3,0.01282051282051282,0,0.0,1.1818181818181819,245.15151515151516,No,0.0081
PRV55555,50,55450,1109.0,9000,3.6,0.9,149.52,72.48,7,43,45,25,0.0,0,0.14,1.1111111111111112,1232.2222222222222,No,0.0293
PRV55556,206,54080,262.5242718446602,2600,0.8786407766990292,0.0,3.883495145631068,72.88349514563107,0,206,181,60,0.0048543689320388345,0,0.0,1.138121546961326,298.78453038674036,No,0.004
PRV55557,68,60450,888.9705882352941,22000,1.5441176470588236,0.20588235294117646,65.02941176470588,73.3970588235294,4,64,63,23,0.0,0,0.058823529411764705,1.0793650793650793,959.5238095238095,No,0.0086
PRV55558,36,11330,314.72222222222223,3300,2.361111111111111,0.0,0.0,68.75,0,36,33,3,0.0,0,0.0,1.0909090909090908,343.3333333333333,No,0.0031
PRV55560,21,5170,246.1904761904762,1700,1.0,0.0,0.0,70.61904761904762,0,21,19,14,0.0,0,0.0,1.105263157894737,272.10526315789474,No,0.0033
PRV55561,24,8360,348.3333333333333,5100,1.0,0.0,2.5,76.33333333333333,0,24,23,14,0.0,0,0.0,1.0434782608695652,363.4782608695652,No,0.0074
PRV55562,17,2950,173.52941176470588,800,3.0588235294117645,0.0,0.0,73.58823529411765,0,17,14,13,0.0,0,0.0,1.2142857142857142,210.71428571428572,No,0.0007
PRV55563,18,4690,260.55555555555554,2800,1.2222222222222223,0.0,2.7777777777777777,74.94444444444444,0,18,17,8,0.0,0,0.0,1.0588235294117647,275.88235294117646,No,0.0013
PRV55564,3,150,50.0,90,0.0,0.0,0.0,76.0,0,3,3,3,0.0,0,0.0,1.0,50.0,No,0.002
PRV55565,23,6440,280.0,2600,2.652173913043478,0.0,0.0,61.91304347826087,0,23,22,18,0.0,0,0.0,1.0454545454545454,292.72727272727275,No,0.0019
PRV55566,53,17310,326.60377358490564,3300,0.5471698113207547,0.0,2.830188679245283,70.41509433962264,0,53,47,4,0.018867924528301886,0,0.0,1.127659574468085,368.29787234042556,No,0.0051
PRV55567,70,213870,3055.285714285714,46000,2.0714285714285716,1.9285714285714286,323.4,71.78571428571429,21,49,66,26,0.0,0,0.3,1.0606060606060606,3240.4545454545455,No,0.3259
PRV55569,9,1480,164.44444444444446,500,0.2222222222222222,0.0,4.444444444444445,79.0,0,9,7,5,0.0,0,0.0,1.2857142857142858,211.42857142857142,No,0.0052
PRV55570,10,4900,490.0,3300,3.6,0.0,0.0,74.7,0,10,9,8,0.0,0,0.0,1.1111111111111112,544.4444444444445,No,0.0007
PRV55571,61,13560,222.29508196721312,3300,0.9672131147540983,0.0,0.0,72.42622950819673,0,61,51,14,0.0,0,0.0,1.196078431372549,265.88235294117646,No,0.0013
PRV55572,1,10,10.0,10,0.0,0.0,0.0,52.0,0,1,1,1,0.0,0,0.0,1.0,10.0,No,0.0011
PRV55573,11,29630,2693.6363636363635,11000,2.5454545454545454,2.4545454545454546,392.90909090909093,69.72727272727273,4,7,11,7,0.0,0,0.36363636363636365,1.0,2693.6363636363635,No,0.0127
PRV55574,15,2340,156.0,1000,2.933333333333333,0.0,4.666666666666667,76.33333333333333,0,15,12,1,0.0,0,0.0,1.25,195.0,No,0.0023
PRV55575,6,470,78.33333333333333,200,0.8333333333333334,0.0,0.0,67.83333333333333,0,6,4,5,0.0,0,0.0,1.5,117.5,No,0.0032
PRV55576,60,26830,447.1666666666667,8000,0.95,0.18333333333333332,54.4,70.61666666666666,3,57,49,10,0.016666666666666666,0,0.05,1.2244897959183674,547.5510204081633,No,0.0148
PRV55577,2,20,10.0,20,0.0,0.0,0.0,53.0,0,2,2,1,0.0,0,0.0,1.0,10.0,No,0.001
PRV55578,1,200,200.0,200,0.0,0.0,0.0,80.0,0,1,1,1,0.0,0,0.0,1.0,200.0,No,0.0055
PRV55579,174,37570,215.91954022988506,2600,2.0,0.0,2.0689655172413794,69.0632183908046,0,174,82,3,0.005747126436781609,0,0.0,2.1219512195121952,458.1707317073171,No,0.0187
PRV55580,66,19380,293.6363636363636,3300,1.121212121212121,0.0,4.696969696969697,73.84848484848484,0,66,26,21,0.0,0,0.0,2.5384615384615383,745.3846153846154,No,0.003
PRV55581,2,70,35.0,50,0.0,0.0,0.0,70.5,0,2,2,2,0.0,0,0.0,1.0,35.0,No,0.0014
PRV55582,24,7870,327.9166666666667,1700,2.625,0.0,1.6666666666666667,74.54166666666667,0,24,22,12,0.0,0,0.0,1.0909090909090908,357.72727272727275,No,0.0025
PRV55583,12,18820,1568.3333333333333,9000,0.6666666666666666,0.6666666666666666,270.3333333333333,73.33333333333333,3,9,11,10,0.0,0,0.25,1.0909090909090908,1710.909090909091,No,0.0036
PRV55584,2,600,300.0,400,0.0,0.0,50.0,79.0,0,2,2,2,0.0,0,0.0,1.0,300.0,No,0.0044
PRV55585,114,32500,285.0877192982456,3200,1.368421052631579,0.0,4.56140350877193,72.4298245614035,0,114,85,16,0.017543859649122806,0,0.0,1.3411764705882352,382.3529411764706,No,0.0062
PRV55586,2,42000,21000.0,35000,18.5,18.5,1068.0,88.5,2,0,2,2,0.0,0,1.0,1.0,21000.0,No,0.0388
PRV55587,7,1730,247.14285714285714,1400,1.5714285714285714,0.0,0.0,78.57142857142857,0,7,7,7,0.0,0,0.0,1.0,247.14285714285714,No,0.0009
PRV55588,3,3800,1266.6666666666667,3300,0.6666666666666666,0.0,0.0,58.333333333333336,0,3,3,3,0.0,0,0.0,1.0,1266.6666666666667,No,0.0011
PRV55589,20,2240,112.0,500,2.4,0.0,2.0,73.6,0,20,18,15,0.0,0,0.0,1.1111111111111112,124.44444444444444,No,0.001
PRV55590,5,2500,500.0,2300,0.0,0.0,0.0,73.6,0,5,5,4,0.0,0,0.0,1.0,500.0,No,0.0024
PRV55591,1,0,0.0,0,0.0,0.0,0.0,99.0,0,1,1,1,0.0,0,0.0,1.0,0.0,No,0.0084
PRV55592,117,22140,189.23076923076923,3300,0.9401709401709402,0.0,2.4786324786324787,73.15384615384616,0,117,52,8,0.0,0,0.0,2.25,425.7692307692308,No,0.0018
PRV55593,147,39820,270.8843537414966,3300,1.4081632653061225,0.0,2.380952380952381,73.01360544217687,0,147,53,12,0.0,0,0.0,2.7735849056603774,751.3207547169811,No,0.008
PRV55595,17,2610,153.52941176470588,1000,1.8823529411764706,0.0,0.0,70.82352941176471,0,17,16,8,0.0,0,0.0,1.0625,163.125,No,0.0011
PRV55596,32,12720,397.5,2900,2.0,0.0,1.5625,66.59375,0,32,24,7,0.0,0,0.0,1.3333333333333333,530.0,No,0.0012
PRV55598,167,46190,276.58682634730536,3300,1.1676646706586826,0.0,3.3532934131736525,68.73652694610779,0,167,84,1,0.017964071856287425,0,0.0,1.9880952380952381,549.8809523809524,No,0.0156
PRV55599,1,100,100.0,100,0.0,0.0,0.0,70.0,0,1,1,1,0.0,0,0.0,1.0,100.0,No,0.0018
PRV55600,4,25000,6250.0,12000,4.75,4.75,1068.0,76.75,4,0,4,4,0.0,0,1.0,1.0,6250.0,No,0.0016
PRV55601,8,1540,192.5,500,3.625,0.0,6.25,70.75,0,8,8,6,0.0,0,0.0,1.0,192.5,No,0.0012
PRV55602,5,780,156.0,400,0.4,0.0,0.0,69.0,0,5,4,4,0.0,0,0.0,1.25,195.0,No,0.0022
PRV55603,2,15000,7500.0,9000,2.0,2.0,1068.0,67.5,2,0,2,2,0.0,0,1.0,1.0,7500.0,No,0.0012
PRV55604,17,130000,7647.058823529412,18000,6.352941176470588,6.352941176470588,1068.0,70.11764705882354,17,0,17,1,0.0,0,1.0,1.0,7647.058823529412,No,0.0496
PRV55606,4,40000,10000.0,24000,2.5,2.5,1068.0,73.5,4,0,3,3,0.0,0,1.0,1.3333333333333333,13333.333333333334,No,0.035
PRV55607,1,40,40.0,40,0.0,0.0,0.0,88.0,0,1,1,1,0.0,0,0.0,1.0,40.0,No,0.0084
PRV55608,18,7400,411.1111111111111,3300,1.8333333333333333,0.0,0.0,72.33333333333333,0,18,18,1,0.0,0,0.0,1.0,411.1111111111111,No,0.0008
PRV55609,10,6850,685.0,4200,0.0,0.0,10.0,71.9,0,10,10,1,0.1,0,0.0,1.0,685.0,No,0.0037
PRV55610,1,1700,1700.0,1700,0.0,0.0,0.0,89.0,0,1,1,1,0.0,0,0.0,1.0,1700.0,No,0.0062
PRV55612,1,800,800.0,800,0.0,0.0,0.0,80.0,0,1,1,1,0.0,0,0.0,1.0,800.0,No,0.0016
PRV55613,7,740,105.71428571428571,500,3.0,0.0,0.0,68.71428571428571,0,7,7,1,0.0,0,0.0,1.0,105.71428571428571,No,0.0006
PRV55614,73,29530,404.52054794520546,14600,0.5753424657534246,0.0,7.534246575342466,72.63013698630137,0,73,68,2,0.0136986301369863,0,0.0,1.0735294117647058,434.2647058823529,No,0.0092
PRV55615,1,50,50.0,50,0.0,0.0,0.0,33.0,0,1,1,1,0.0,0,0.0,1.0,50.0,No,0.0011
PRV55617,2,260,130.0,200,10.0,0.0,0.0,72.5,0,2,2,1,0.0,0,0.0,1.0,130.0,No,0.0009
PRV55618,13,1410,108.46153846153847,300,0.0,0.0,0.0,73.38461538461539,0,13,11,1,0.0,0,0.0,1.1818181818181819,128.1818181818182,No,0.0006
PRV55619,2,60,30.0,50,0.0,0.0,0.0,79.5,0,2,2,1,0.0,0,0.0,1.0,30.0,No,0.0016
PRV55620,15,1840,122.66666666666667,500,0.0,0.0,13.333333333333334,77.73333333333333,0,15,14,1,0.0,0,0.0,1.0714285714285714,131.42857142857142,No,0.0027
PRV55621,62,13030,210.16129032258064,2100,0.5967741935483871,0.0,5.806451612903226,72.87096774193549,0,62,59,2,0.016129032258064516,0,0.0,1.0508474576271187,220.84745762711864,No,0.0129
PRV55622,1,1500,1500.0,1500,0.0,0.0,0.0,71.0,0,1,1,1,0.0,0,0.0,1.0,1500.0,No,0.0013
PRV55623,9,2950,327.77777777777777,1400,2.2222222222222223,0.0,0.0,77.55555555555556,0,9,8,2,0.0,0,0.0,1.125,368.75,No,0.0009
PRV55624,2,100,50.0,70,0.0,0.0,0.0,66.5,0,2,2,1,0.0,0,0.0,1.0,50.0,No,0.001
PRV55625,21,5910,281.42857142857144,1200,0.047619047619047616,0.0,0.0,78.0,0,21,16,4,0.0,0,0.0,1.3125,369.375,No,0.0027
PRV55626,9,810,90.0,300,0.0,0.0,0.0,78.44444444444444,0,9,9,4,0.0,0,0.0,1.0,90.0,No,0.001
PRV55627,38,5980,157.3684210526316,1900,0.7105263157894737,0.0,1.8421052631578947,68.92105263157895,0,38,32,4,0.02631578947368421,0,0.0,1.1875,186.875,No,0.0105
PRV55631,2,400,200.0,400,0.0,0.0,0.0,87.5,0,2,2,2,0.0,0,0.0,1.0,200.0,No,0.0096
PRV55632,1,60,60.0,60,0.0,0.0,100.0,72.0,0,1,1,1,0.0,0,0.0,1.0,60.0,No,0.0018
PRV55633,358,91690,256.1173184357542,4060,1.1396648044692737,0.0,3.212290502793296,72.84078212290503,0,358,209,5,0.01675977653631285,0,0.0,1.7129186602870814,438.7081339712919,No,0.0457
PRV55634,2,3500,1750.0,3300,0.0,0.0,0.0,59.0,0,2,2,2,0.0,0,0.0,1.0,1750.0,No,0.0012
PRV55635,59,13490,228.64406779661016,3300,1.9661016949152543,0.0,1.694915254237288,71.9322033898305,0,59,58,3,0.0,0,0.0,1.0172413793103448,232.58620689655172,No,0.0017
PRV55637,1,300,300.0,300,20.0,0.0,0.0,71.0,0,1,1,1,0.0,0,0.0,1.0,300.0,No,0.0017
PRV55638,5,360,72.0,200,2.4,0.0,0.0,79.6,0,5,4,2,0.0,0,0.0,1.25,90.0,No,0.0029
PRV55639,4,440,110.0,200,0.0,0.0,0.0,67.75,0,4,4,1,0.0,0,0.0,1.0,110.0,No,0.001
PRV55640,64,11900,185.9375,1900,0.390625,0.0,5.9375,72.140625,0,64,49,3,0.0,0,0.0,1.3061224489795917,242.85714285714286,No,0.0081
PRV55641,2,840,420.0,800,0.0,0.0,0.0,72.0,0,2,2,1,0.0,0,0.0,1.0,420.0,No,0.0012
PRV55642,2,2900,1450.0,2500,3.5,0.0,0.0,82.5,0,2,2,1,0.0,0,0.0,1.0,1450.0,No,0.0009
PRV55644,29,5060,174.48275862068965,2200,0.7586206896551724,0.0,1.7241379310344827,72.48275862068965,0,29,26,3,0.0,0,0.0,1.1153846153846154,194.6153846153846,No,0.0008
PRV55646,2,300,150.0,200,0.0,0.0,0.0,77.0,0,2,2,1,0.0,0,0.0,1.0,150.0,No,0.002
PRV55648,2,80,40.0,60,0.0,0.0,50.0,66.0,0,2,2,1,0.0,0,0.0,1.0,40.0,No,0.0017
PRV55649,2,100,50.0,50,0.0,0.0,0.0,84.5,0,2,1,1,0.0,0,0.0,2.0,100.0,No,0.009
PRV55650,4,220,55.0,90,0.0,0.0,0.0,79.75,0,4,4,1,0.0,0,0.0,1.0,55.0,No,0.0016
PRV55652,28,6140,219.28571428571428,3200,1.5357142857142858,0.0,1.7857142857142858,71.0,0,28,27,6,0.0,0,0.0,1.037037037037037,227.40740740740742,No,0.0008
PRV55653,25,6400,256.0,2200,0.8,0.0,0.0,74.96,0,25,25,5,0.0,0,0.0,1.0,256.0,No,0.0007
PRV55654,578,195200,337.71626297577853,3300,1.9186851211072664,0.0,3.961937716262976,72.54671280276817,0,578,374,7,0.01903114186851211,0,0.0,1.5454545454545454,521.9251336898395,No,0.1208
PRV55655,3,230,76.66666666666667,200,0.0,0.0,0.0,76.66666666666667,0,3,3,2,0.0,0,0.0,1.0,76.66666666666667,No,0.0021
PRV55656,30,10170,339.0,3300,2.2333333333333334,0.0,0.0,69.16666666666667,0,30,26,2,0.0,0,0.0,1.1538461538461537,391.15384615384613,No,0.0025
PRV55657,1,1700,1700.0,1700,0.0,0.0,0.0,74.0,0,1,1,1,0.0,0,0.0,1.0,1700.0,No,0.0012
PRV55658,15,196400,13093.333333333334,36000,9.266666666666667,9.266666666666667,1068.0,72.66666666666667,15,0,14,6,0.0,0,1.0,1.0714285714285714,14028.57142857143,No,0.1223
PRV55659,20,227000,11350.0,38000,5.8,5.8,1068.0,73.55,20,0,18,2,0.0,1,1.0,1.1111111111111112,12611.111111111111,Yes,0.5663
PRV55660,4,33000,8250.0,18000,3.25,3.25,1068.0,76.25,4,0,4,1,0.0,0,1.0,1.0,8250.0,No,0.003
PRV55661,14,202000,14428.57142857143,52000,4.285714285714286,4.285714285714286,1068.0,76.28571428571429,14,0,11,2,0.0,0,1.0,1.2727272727272727,18363.636363636364,No,0.1523
PRV55662,28,233000,8321.42857142857,25000,6.714285714285714,6.714285714285714,1068.0,73.07142857142857,28,0,27,1,0.0,0,1.0,1.037037037037037,8629.62962962963,No,0.0887
PRV55663,7,36000,5142.857142857143,13000,4.714285714285714,4.714285714285714,1068.0,70.42857142857143,7,0,7,3,0.0,0,1.0,1.0,5142.857142857143,No,0.013
PRV55664,20,205000,10250.0,40000,5.75,5.75,1014.6,76.3,20,0,17,2,0.0,0,1.0,1.1764705882352942,12058.823529411764,No,0.2667
PRV55665,1,9000,9000.0,9000,4.0,4.0,1068.0,69.0,1,0,1,1,0.0,0,1.0,1.0,9000.0,No,0.002
PRV55666,19,125000,6578.9473684210525,13000,6.631578947368421,6.631578947368421,1068.0,71.73684210526316,19,0,19,3,0.0,0,1.0,1.0,6578.9473684210525,No,0.0918
PRV55667,38,382180,10057.368421052632,46000,6.473684210526316,6.473684210526316,1011.7894736842105,73.42105263157895,38,0,33,4,0.0,1,1.0,1.1515151515151516,11581.212121212122,Yes,0.8353
PRV55668,4,47000,11750.0,22000,3.5,3.5,1068.0,75.5,4,0,4,1,0.0,0,1.0,1.0,11750.0,No,0.0066
PRV55670,9,98000,10888.888888888889,21000,5.666666666666667,5.666666666666667,1068.0,80.22222222222223,9,0,8,3,0.1111111111111111,1,1.0,1.125,12250.0,Yes,0.4305
PRV55671,2,16000,8000.0,9000,8.0,8.0,534.0,75.5,2,0,2,2,0.0,0,1.0,1.0,8000.0,No,0.0023
PRV55673,60,110000,1833.3333333333333,31000,2.3333333333333335,0.7166666666666667,143.23333333333332,71.41666666666667,9,51,56,31,0.0,1,0.15,1.0714285714285714,1964.2857142857142,Yes,0.265
PRV55674,9,4990,554.4444444444445,2300,4.444444444444445,0.0,0.0,74.0,0,9,8,8,0.0,0,0.0,1.125,623.75,No,0.0007
PRV55675,83,98840,1190.8433734939758,75000,1.3975903614457832,0.08433734939759036,28.987951807228917,71.87951807228916,2,81,53,19,0.0,0,0.024096385542168676,1.5660377358490567,1864.9056603773586,No,0.0425
PRV55676,167,1040300,6229.34131736527,42000,3.311377245508982,3.059880239520958,724.0359281437126,72.79041916167665,115,52,150,64,0.005988023952095809,1,0.688622754491018,1.1133333333333333,6935.333333333333,Yes,0.9529
PRV55677,84,17200,204.76190476190476,2400,0.9047619047619048,0.0,5.357142857142857,70.23809523809524,0,84,79,31,0.0,0,0.0,1.0632911392405062,217.72151898734177,No,0.0041
PRV55678,16,129290,8080.625,36000,3.5,2.25,600.75,72.8125,9,7,16,12,0.0625,0,0.5625,1.0,8080.625,No,0.049
PRV55679,229,147280,643.1441048034934,30000,1.4890829694323144,0.1572052401746725,43.76419213973799,70.91266375545851,9,220,89,13,0.0,0,0.039301310043668124,2.5730337078651684,1654.8314606741574,No,0.2719
PRV55680,206,68060,330.3883495145631,9000,1.4854368932038835,0.06796116504854369,27.524271844660195,73.68932038834951,5,201,72,32,0.019417475728155338,0,0.024271844660194174,2.861111111111111,945.2777777777778,No,0.0882
PRV55682,23,62740,2727.8260869565215,15000,2.260869565217391,2.0869565217391304,282.5217391304348,75.43478260869566,6,17,19,11,0.0,0,0.2608695652173913,1.2105263157894737,3302.1052631578946,No,0.0695
PRV55683,28,4100,146.42857142857142,900,1.2142857142857142,0.0,7.142857142857143,72.53571428571429,0,28,10,6,0.0,0,0.0,2.8,410.0,No,0.0027
PRV55684,3,410,136.66666666666666,300,0.0,0.0,0.0,61.0,0,3,3,3,0.0,0,0.0,1.0,136.66666666666666,No,0.001
PRV55687,81,61240,756.0493827160494,12000,1.5308641975308641,0.19753086419753085,67.77777777777777,70.8641975308642,5,76,48,25,0.0,0,0.06172839506172839,1.6875,1275.8333333333333,No,0.0199
PRV55688,47,23600,502.1276595744681,14000,1.8297872340425532,0.1702127659574468,25.70212765957447,78.36170212765957,1,46,29,18,0.0,0,0.02127659574468085,1.6206896551724137,813.7931034482758,No,0.0086
PRV55689,577,1226770,2126.117850953206,57000,2.169844020797227,1.0519930675909879,190.41247833622182,72.63431542461005,104,473,361,43,0.010398613518197574,1,0.18024263431542462,1.5983379501385042,3398.2548476454294,Yes,0.9784
PRV55690,91,168510,1851.7582417582419,37000,1.7142857142857142,0.8681318681318682,166.06593406593407,72.87912087912088,15,76,75,46,0.0,0,0.16483516483516483,1.2133333333333334,2246.8,No,0.1011
PRV55691,40,22060,551.5,7000,1.525,0.525,80.1,78.525,3,37,15,14,0.2,0,0.075,2.6666666666666665,1470.6666666666667,No,0.0254
PRV55692,152,48480,318.94736842105266,10000,1.0263157894736843,0.11842105263157894,24.105263157894736,69.78947368421052,3,149,79,12,0.0,0,0.019736842105263157,1.9240506329113924,613.6708860759494,No,0.0299
PRV55695,73,15150,207.53424657534248,2400,2.315068493150685,0.0,5.7534246575342465,72.21917808219177,0,73,51,6,0.0,0,0.0,1.4313725490196079,297.05882352941177,No,0.0106
PRV55697,26,7430,285.7692307692308,1700,0.38461538461538464,0.0,3.8461538461538463,68.1923076923077,0,26,24,17,0.0,0,0.0,1.0833333333333333,309.5833333333333,No,0.0116
PRV55699,30,22960,765.3333333333334,11000,1.9666666666666666,0.1,40.266666666666666,75.86666666666666,1,29,7,8,0.0,0,0.03333333333333333,4.285714285714286,3280.0,No,0.0093
PRV55700,30,83030,2767.6666666666665,57000,1.3333333333333333,0.6,109.13333333333334,72.4,3,27,26,16,0.0,0,0.1,1.1538461538461537,3193.4615384615386,No,0.0232
PRV55701,186,50800,273.1182795698925,3300,1.118279569892473,0.0,4.193548387096774,71.44623655913979,0,186,70,5,0.005376344086021506,0,0.0,2.657142857142857,725.7142857142857,No,0.0494
PRV55702,14,3640,260.0,1800,0.9285714285714286,0.0,3.5714285714285716,71.92857142857143,0,14,14,8,0.0,0,0.0,1.0,260.0,No,0.0007
PRV55703,58,34700,598.2758620689655,11000,2.310344827586207,0.2413793103448276,57.13793103448276,70.6896551724138,3,55,45,14,0.017241379310344827,0,0.05172413793103448,1.288888888888889,771.1111111111111,No,0.0499
PRV55704,38,28110,739.7368421052631,12000,1.631578947368421,0.3684210526315789,84.3157894736842,73.84210526315789,4,34,32,20,0.0,0,0.10526315789473684,1.1875,878.4375,No,0.0072
PRV55705,253,63920,252.64822134387353,3300,0.7549407114624506,0.0,2.727272727272727,74.60079051383399,0,253,115,2,0.0,0,0.0,2.2,555.8260869565217,No,0.0111
PRV55706,1,12000,12000.0,12000,7.0,7.0,1068.0,57.0,1,0,1,1,0.0,0,1.0,1.0,12000.0,No,0.0021
PRV55707,33,55020,1667.2727272727273,13000,1.6666666666666667,0.6666666666666666,194.1818181818182,73.54545454545455,7,26,24,15,0.0,0,0.21212121212121213,1.375,2292.5,No,0.0166
PRV55709,43,160590,3734.6511627906975,43000,3.1627906976744184,2.13953488372093,399.72093023255815,73.86046511627907,16,27,42,26,0.0,0,0.37209302325581395,1.0238095238095237,3823.5714285714284,No,0.1292
PRV55710,40,48680,1217.0,9000,3.575,1.25,166.2,74.95,6,34,37,22,0.0,0,0.15,1.0810810810810811,1315.6756756756756,No,0.0521
PRV55711,5,660,132.0,400,0.0,0.0,0.0,71.2,0,5,5,3,0.0,0,0.0,1.0,132.0,No,0.0008
PRV55712,26,9880,380.0,3300,1.0769230769230769,0.0,3.076923076923077,68.8076923076923,0,26,25,10,0.0,0,0.0,1.04,395.2,No,0.0041
PRV55714,22,29640,1347.2727272727273,9000,2.909090909090909,0.7272727272727273,148.36363636363637,71.72727272727273,3,19,17,7,0.0,0,0.13636363636363635,1.2941176470588236,1743.5294117647059,No,0.0169
PRV55715,864,730210,845.1504629629629,34000,1.9039351851851851,0.3958333333333333,71.80324074074075,72.65162037037037,57,807,421,20,0.004629629629629629,1,0.06597222222222222,2.0522565320665085,1734.4655581947743,Yes,0.8919
PRV55716,25,6620,264.8,1700,1.64,0.0,0.0,73.32,0,25,23,16,0.0,0,0.0,1.0869565217391304,287.82608695652175,No,0.0012
PRV55717,73,25360,347.3972602739726,3300,1.7671232876712328,0.0,2.4657534246575343,70.79452054794521,0,73,27,5,0.0,0,0.0,2.7037037037037037,939.2592592592592,No,0.0021
PRV55719,23,6600,286.95652173913044,2800,0.9130434782608695,0.0,3.4782608695652173,79.47826086956522,0,23,11,5,0.0,0,0.0,2.090909090909091,600.0,No,0.0023
PRV55720,11,27330,2484.5454545454545,18000,1.0,1.0,388.3636363636364,74.81818181818181,4,7,10,5,0.0,0,0.36363636363636365,1.1,2733.0,No,0.011
PRV55721,5,410,82.0,200,4.0,0.0,14.0,72.4,0,5,5,4,0.0,0,0.0,1.0,82.0,No,0.0016
PRV55723,47,14500,308.51063829787233,3300,3.021276595744681,0.0,0.0,72.80851063829788,0,47,25,6,0.0,0,0.0,1.88,580.0,No,0.0014
PRV55724,31,12550,404.83870967741933,2200,1.5483870967741935,0.0,16.451612903225808,70.51612903225806,0,31,31,7,0.0,0,0.0,1.0,404.83870967741933,No,0.0026
PRV55726,36,9690,269.1666666666667,3300,0.7777777777777778,0.0,7.777777777777778,68.13888888888889,0,36,16,6,0.0,0,0.0,2.25,605.625,No,0.0026
PRV55727,68,16630,244.55882352941177,2800,0.7058823529411765,0.0,3.088235294117647,70.30882352941177,0,68,35,3,0.014705882352941176,0,0.0,1.9428571428571428,475.14285714285717,No,0.013
PRV55728,7,3620,517.1428571428571,3000,2.857142857142857,0.0,0.0,77.28571428571429,0,7,5,3,0.0,0,0.0,1.4,724.0,No,0.0011
PRV55729,114,20910,183.42105263157896,3300,1.8771929824561404,0.0,3.5964912280701755,70.7719298245614,0,114,39,7,0.0,0,0.0,2.923076923076923,536.1538461538462,No,0.0041
PRV55731,135,32410,240.07407407407408,3300,1.4592592592592593,0.0,1.6296296296296295,75.1037037037037,0,135,52,15,0.007407407407407408,0,0.0,2.5961538461538463,623.2692307692307,No,0.0063
PRV55732,111,178660,1609.5495495495495,54000,2.2162162162162162,0.6216216216216216,116.8108108108108,73.37837837837837,12,99,65,9,0.07207207207207207,0,0.10810810810810811,1.7076923076923076,2748.6153846153848,No,0.2815
PRV55733,46,14670,318.9130434782609,3300,2.0434782608695654,0.0,5.0,72.6086956521739,0,46,43,4,0.0,0,0.0,1.069767441860465,341.16279069767444,No,0.0034
PRV55734,310,71190,229.6451612903226,3300,0.8903225806451613,0.0,2.806451612903226,71.00322580645161,0,310,132,14,0.0032258064516129032,0,0.0,2.3484848484848486,539.3181818181819,No,0.023
PRV55735,93,32230,346.55913978494624,3200,1.096774193548387,0.0,4.408602150537634,72.25806451612904,0,93,83,8,0.021505376344086023,0,0.0,1.1204819277108433,388.31325301204816,No,0.0033
PRV55736,230,107940,469.30434782608694,13000,1.4173913043478261,0.1608695652173913,22.182608695652174,70.69130434782609,4,226,114,21,0.021739130434782608,0,0.017391304347826087,2.017543859649123,946.8421052631579,No,0.1804
PRV55737,257,261570,1017.7821011673152,34000,1.622568093385214,0.41245136186770426,80.08560311284047,72.715953307393,19,238,175,35,0.0038910505836575876,0,0.07392996108949416,1.4685714285714286,1494.6857142857143,No,0.1808
PRV55739,86,234640,2728.3720930232557,31000,2.3255813953488373,1.0116279069767442,227.37209302325581,74.15116279069767,19,67,75,18,0.011627906976744186,0,0.22093023255813954,1.1466666666666667,3128.5333333333333,No,0.0928
PRV55740,21,4510,214.76190476190476,2500,0.9523809523809523,0.0,0.0,70.80952380952381,0,21,18,12,0.0,0,0.0,1.1666666666666667,250.55555555555554,No,0.0034
PRV55741,6,1220,203.33333333333334,500,3.5,0.0,20.0,77.83333333333333,0,6,6,4,0.0,0,0.0,1.0,203.33333333333334,No,0.0028
PRV55742,75,70050,934.0,23000,1.7733333333333334,0.32,87.84,71.50666666666666,6,69,36,12,0.02666666666666667,0,0.08,2.0833333333333335,1945.8333333333333,No,0.0221
PRV55743,69,64530,935.2173913043479,18000,1.1884057971014492,0.3333333333333333,77.97101449275362,71.82608695652173,5,64,61,5,0.0,0,0.07246376811594203,1.1311475409836065,1057.8688524590164,No,0.0116
PRV55744,2,80,40.0,70,0.0,0.0,0.0,80.5,0,2,2,1,0.0,0,0.0,1.0,40.0,No,0.0016
PRV55745,81,14410,177.90123456790124,3300,0.037037037037037035,0.0,3.45679012345679,75.03703703703704,0,81,74,6,0.0,0,0.0,1.0945945945945945,194.72972972972974,No,0.0022
PRV55748,10,3470,347.0,2200,2.8,0.0,0.0,69.8,0,10,10,6,0.0,0,0.0,1.0,347.0,No,0.001
PRV55749,4,410,102.5,200,4.5,0.0,0.0,69.25,0,4,4,3,0.0,0,0.0,1.0,102.5,No,0.0017
PRV55750,5,660,132.0,400,3.4,0.0,0.0,71.2,0,5,5,3,0.0,0,0.0,1.0,132.0,No,0.0007
PRV55751,2,1280,640.0,1200,0.0,0.0,0.0,66.5,0,2,2,1,0.0,0,0.0,1.0,640.0,No,0.0011
PRV55752,563,156720,278.3658969804618,3300,1.5879218472468917,0.0,2.1847246891651864,71.47602131438721,0,563,347,44,0.0053285968028419185,0,0.0,1.622478386167147,451.64265129682997,No,0.0529
PRV55753,40,93000,2325.0,18000,0.975,0.7,216.1,70.65,8,32,36,14,0.0,0,0.2,1.1111111111111112,2583.3333333333335,No,0.0988
PRV55754,22,5210,236.8181818181818,1900,1.8181818181818181,0.0,2.727272727272727,67.54545454545455,0,22,21,14,0.0,0,0.0,1.0476190476190477,248.0952380952381,No,0.0021
PRV55755,86,155920,1813.0232558139535,57000,1.744186046511628,0.9418604651162791,137.41860465116278,73.46511627906976,11,75,74,31,0.023255813953488372,0,0.12790697674418605,1.162162162162162,2107.027027027027,No,0.1736
PRV55759,3,240,80.0,100,0.0,0.0,26.666666666666668,73.0,0,3,3,3,0.0,0,0.0,1.0,80.0,No,0.0027
PRV55760,3,210,70.0,80,0.0,0.0,23.333333333333332,74.66666666666667,0,3,3,3,0.0,0,0.0,1.0,70.0,No,0.0029
PRV55761,4,210,52.5,70,1.75,0.0,0.0,75.25,0,4,1,1,0.0,0,0.0,4.0,210.0,No,0.0038
PRV55762,9,1140,126.66666666666667,300,1.2222222222222223,0.0,0.0,76.33333333333333,0,9,9,2,0.0,0,0.0,1.0,126.66666666666667,No,0.0011
PRV55763,10,1480,148.0,600,0.5,0.0,0.0,72.0,0,10,8,4,0.0,0,0.0,1.25,185.0,No,0.0009
PRV55764,29,9830,338.9655172413793,4000,1.5862068965517242,0.20689655172413793,0.3448275862068966,76.34482758620689,1,28,28,10,0.0,0,0.034482758620689655,1.0357142857142858,351.07142857142856,No,0.0012
PRV55765,20,20790,1039.5,12000,1.85,0.2,110.8,75.15,2,18,8,1,0.0,0,0.1,2.5,2598.75,No,0.0031
PRV55766,6,300,50.0,100,2.1666666666666665,0.0,0.0,69.33333333333333,0,6,3,1,0.0,0,0.0,2.0,100.0,No,0.0042
PRV55767,2,80,40.0,80,0.0,0.0,0.0,70.0,0,2,2,2,0.0,0,0.0,1.0,40.0,No,0.0018
PRV55768,64,24570,383.90625,3300,1.703125,0.0,4.0625,72.546875,0,64,34,1,0.015625,0,0.0,1.8823529411764706,722.6470588235294,No,0.0027
PRV55769,15,18000,1200.0,7000,4.8,0.7333333333333333,145.06666666666666,69.66666666666667,2,13,8,2,0.0,0,0.13333333333333333,1.875,2250.0,No,0.0094
PRV55770,19,1870,98.42105263157895,500,0.0,0.0,4.7368421052631575,76.10526315789474,0,19,14,1,0.0,0,0.0,1.3571428571428572,133.57142857142858,No,0.0064
PRV55771,73,18120,248.21917808219177,3300,0.9315068493150684,0.0,2.191780821917808,72.20547945205479,0,73,29,5,0.0,0,0.0,2.5172413793103448,624.8275862068965,No,0.0017
PRV55772,4,490,122.5,300,3.25,0.0,0.0,63.75,0,4,4,3,0.0,0,0.0,1.0,122.5,No,0.0008
PRV55774,14,49930,3566.4285714285716,26000,4.142857142857143,1.2857142857142858,305.14285714285717,78.42857142857143,4,10,12,11,0.0,0,0.2857142857142857,1.1666666666666667,4160.833333333333,No,0.0571
PRV55775,14,11610,829.2857142857143,10000,2.0,0.7857142857142857,76.28571428571429,65.57142857142857,1,13,14,7,0.0,0,0.07142857142857142,1.0,829.2857142857143,No,0.0022
PRV55776,4,90,22.5,60,5.5,0.0,0.0,75.0,0,4,4,4,0.0,0,0.0,1.0,22.5,No,0.0011
PRV55777,17,4620,271.7647058823529,1500,0.8823529411764706,0.0,8.823529411764707,66.11764705882354,0,17,11,8,0.0,0,0.0,1.5454545454545454,420.0,No,0.0033
PRV55778,1,40,40.0,40,0.0,0.0,0.0,66.0,0,1,1,1,0.0,0,0.0,1.0,40.0,No,0.0011
PRV55779,7,2530,361.42857142857144,1300,2.857142857142857,0.0,5.714285714285714,76.71428571428571,0,7,6,6,0.0,0,0.0,1.1666666666666667,421.6666666666667,No,0.0016
PRV55780,52,109220,2100.3846153846152,41000,2.4038461538461537,0.7692307692307693,107.6923076923077,75.0,6,46,34,10,0.019230769230769232,0,0.11538461538461539,1.5294117647058822,3212.3529411764707,No,0.0733
PRV55782,6,1930,321.6666666666667,1100,0.3333333333333333,0.0,0.0,77.83333333333333,0,6,5,2,0.0,0,0.0,1.2,386.0,No,0.0019
PRV55783,7,43040,6148.571428571428,17000,3.2857142857142856,2.7142857142857144,610.2857142857143,68.57142857142857,4,3,7,4,0.0,0,0.5714285714285714,1.0,6148.571428571428,No,0.007
PRV55785,9,4570,507.77777777777777,1900,0.1111111111111111,0.0,0.0,72.33333333333333,0,9,8,5,0.0,0,0.0,1.125,571.25,No,0.0012
PRV55786,11,2120,192.72727272727272,1000,1.8181818181818181,0.0,2.727272727272727,77.9090909090909,0,11,10,6,0.0,0,0.0,1.1,212.0,No,0.0007
PRV55787,1,200,200.0,200,0.0,0.0,0.0,81.0,0,1,1,1,0.0,0,0.0,1.0,200.0,No,0.0061
PRV55788,19,2770,145.78947368421052,1000,0.0,0.0,0.0,74.10526315789474,0,19,16,4,0.0,0,0.0,1.1875,173.125,No,0.0009
PRV55789,23,6860,298.2608695652174,2200,0.0,0.0,1.7391304347826086,72.47826086956522,0,23,17,1,0.043478260869565216,0,0.0,1.3529411764705883,403.52941176470586,No,0.0053
PRV55790,5,48000,9600.0,20000,5.4,5.4,1068.0,71.6,5,0,5,3,0.0,0,1.0,1.0,9600.0,No,0.0222
PRV55791,10,129000,12900.0,33000,5.6,5.6,1068.0,66.6,10,0,10,3,0.0,0,1.0,1.0,12900.0,No,0.0792
PRV55792,1,7000,7000.0,7000,5.0,5.0,1068.0,66.0,1,0,1,1,0.0,0,1.0,1.0,7000.0,No,0.0017
PRV55793,6,72000,12000.0,24000,6.166666666666667,6.166666666666667,1068.0,65.5,6,0,6,1,0.0,0,1.0,1.0,12000.0,No,0.0271
PRV55794,11,2560,232.72727272727272,1300,0.0,0.0,0.0,73.54545454545455,0,11,11,3,0.0,0,0.0,1.0,232.72727272727272,No,0.001
PRV55795,10,4050,405.0,2100,2.0,0.0,0.0,77.0,0,10,9,4,0.0,0,0.0,1.1111111111111112,450.0,No,0.0005
PRV55796,7,870,124.28571428571429,600,0.0,0.0,0.0,73.28571428571429,0,7,7,1,0.0,0,0.0,1.0,124.28571428571429,No,0.0005
PRV55797,3,1060,353.3333333333333,800,13.333333333333334,0.0,0.0,75.33333333333333,0,3,3,3,0.0,0,0.0,1.0,353.3333333333333,No,0.0011
PRV55798,6,3060,510.0,1800,3.3333333333333335,0.0,0.0,70.16666666666667,0,6,6,1,0.0,0,0.0,1.0,510.0,No,0.0011
PRV55800,1,50,50.0,50,0.0,0.0,0.0,77.0,0,1,1,1,0.0,0,0.0,1.0,50.0,No,0.0019
PRV55801,2,70,35.0,60,0.0,0.0,0.0,82.5,0,2,2,1,0.0,0,0.0,1.0,35.0,No,0.002
PRV55802,1,10,10.0,10,0.0,0.0,0.0,77.0,0,1,1,1,0.0,0,0.0,1.0,10.0,No,0.0019
PRV55803,2,140,70.0,70,0.0,0.0,0.0,75.0,0,2,2,1,0.0,0,0.0,1.0,70.0,No,0.001
PRV55804,9,2570,285.55555555555554,800,0.0,0.0,8.88888888888889,72.77777777777777,0,9,9,3,0.0,0,0.0,1.0,285.55555555555554,No,0.0017
PRV55805,8,3850,481.25,3300,2.375,0.0,0.0,63.125,0,8,7,1,0.0,0,0.0,1.1428571428571428,550.0,No,0.0007
PRV55806,16,5090,318.125,2900,1.375,0.0,5.0,76.4375,0,16,16,2,0.0,0,0.0,1.0,318.125,No,0.0039
PRV55807,17,6080,357.6470588235294,3300,0.0,0.0,6.470588235294118,72.94117647058823,0,17,16,2,0.0,0,0.0,1.0625,380.0,No,0.0049
PRV55808,22,4690,213.1818181818182,1100,1.6818181818181819,0.0,3.6363636363636362,77.68181818181819,0,22,10,4,0.0,0,0.0,2.2,469.0,No,0.0052
PRV55809,10,62000,6200.0,16000,5.9,5.9,961.2,70.5,10,0,9,3,0.0,0,1.0,1.1111111111111112,6888.888888888889,No,0.1419
PRV55810,1,12000,12000.0,12000,11.0,11.0,1068.0,70.0,1,0,1,1,0.0,0,1.0,1.0,12000.0,No,0.0035
PRV55811,2,41000,20500.0,29000,5.0,5.0,1068.0,64.0,2,0,2,1,0.0,0,1.0,1.0,20500.0,No,0.0085
PRV55812,17,161000,9470.588235294117,20000,6.882352941176471,6.882352941176471,1005.1764705882352,72.94117647058823,17,0,16,2,0.058823529411764705,1,1.0,1.0625,10062.5,Yes,0.6252
PRV55813,7,38000,5428.571428571428,11000,3.142857142857143,3.142857142857143,1068.0,68.85714285714286,7,0,7,1,0.0,0,1.0,1.0,5428.571428571428,No,0.0043
PRV55814,4,110,27.5,60,0.0,0.0,20.0,62.25,0,4,4,1,0.0,0,0.0,1.0,27.5,No,0.0017
PRV55815,4,12000,3000.0,5000,3.75,3.75,1068.0,75.0,4,0,4,2,0.0,0,1.0,1.0,3000.0,No,0.0015
PRV55816,1,6000,6000.0,6000,2.0,2.0,1068.0,70.0,1,0,1,1,0.0,0,1.0,1.0,6000.0,No,0.0013
PRV55817,25,222000,8880.0,42000,4.8,4.8,1068.0,73.44,25,0,23,4,0.0,0,1.0,1.0869565217391304,9652.173913043478,No,0.35
PRV55818,10,5620,562.0,5000,0.4,0.4,213.6,75.7,2,8,10,6,0.0,0,0.2,1.0,562.0,No,0.0042
PRV55819,198,48390,244.3939393939394,3300,1.02020202020202,0.0,3.6363636363636362,73.20707070707071,0,198,89,23,0.015151515151515152,0,0.0,2.2247191011235956,543.7078651685393,No,0.0377
PRV55820,477,120350,252.30607966457023,7030,1.2410901467505242,0.0,2.6624737945492662,74.42976939203355,0,477,332,13,0.0020964360587002098,0,0.0,1.4367469879518073,362.5,No,0.0197
PRV55821,195,207970,1066.5128205128206,39000,1.6512820512820512,0.4153846153846154,72.84102564102564,70.22564102564102,13,182,135,6,0.005128205128205128,1,0.06666666666666667,1.4444444444444444,1540.5185185185185,Yes,0.432
PRV55822,384,112770,293.671875,5500,1.765625,0.0,2.4479166666666665,73.1015625,0,384,196,26,0.0234375,0,0.0,1.9591836734693877,575.3571428571429,No,0.0239
PRV55826,26,106390,4091.923076923077,57000,2.1538461538461537,1.0769230769230769,168.15384615384616,76.3076923076923,4,22,25,14,0.038461538461538464,0,0.15384615384615385,1.04,4255.6,No,0.0502
PRV55828,24,26970,1123.75,10000,2.375,2.0416666666666665,316.0833333333333,72.58333333333333,7,17,24,21,0.0,0,0.2916666666666667,1.0,1123.75,No,0.0105
PRV55830,10,103120,10312.0,34000,3.9,3.9,854.4,72.7,8,2,8,9,0.0,0,0.8,1.25,12890.0,No,0.174
PRV55831,810,235090,290.2345679012346,8400,1.625925925925926,0.0,2.7160493827160495,73.26543209876543,0,810,471,7,0.003703703703703704,0,0.0,1.7197452229299364,499.1295116772824,No,0.0447
PRV55832,284,481100,1694.0140845070423,30000,2.5211267605633805,1.176056338028169,171.8661971830986,73.61971830985915,45,239,259,119,0.0035211267605633804,0,0.15845070422535212,1.0965250965250966,1857.5289575289576,No,0.2047
PRV55833,144,94850,658.6805555555555,31000,2.1319444444444446,0.06944444444444445,31.541666666666668,72.9375,4,140,84,7,0.027777777777777776,0,0.027777777777777776,1.7142857142857142,1129.1666666666667,No,0.0947
PRV55834,453,197250,435.43046357615896,11050,1.7682119205298013,0.11479028697571744,23.44812362030905,72.20529801324503,9,444,207,29,0.013245033112582781,0,0.019867549668874173,2.1884057971014492,952.8985507246376,No,0.5101
PRV55835,269,139590,518.9219330855019,26000,1.7174721189591078,0.19330855018587362,30.765799256505577,74.24907063197026,7,262,139,22,0.0,1,0.026022304832713755,1.935251798561151,1004.2446043165468,Yes,0.0871
PRV55836,82,122790,1497.439024390244,17000,1.7073170731707317,1.0121951219512195,197.8048780487805,71.23170731707317,15,67,72,39,0.012195121951219513,0,0.18292682926829268,1.1388888888888888,1705.4166666666667,No,0.0309
PRV55837,45,155370,3452.6666666666665,38000,2.311111111111111,1.2222222222222223,190.53333333333333,73.62222222222222,8,37,44,23,0.022222222222222223,0,0.17777777777777778,1.0227272727272727,3531.1363636363635,No,0.0883
PRV55839,186,76630,411.98924731182797,17000,1.4516129032258065,0.04838709677419355,18.623655913978496,72.37096774193549,3,183,115,7,0.016129032258064516,0,0.016129032258064516,1.617391304347826,666.3478260869565,No,0.0297
PRV55842,122,49540,406.0655737704918,4080,1.1967213114754098,0.0,5.0,76.04098360655738,0,122,43,21,0.0,1,0.0,2.8372093023255816,1152.093023255814,Yes,0.4997
PRV55843,213,46740,219.43661971830986,3300,1.2629107981220657,0.0,2.347417840375587,73.39906103286386,0,213,106,23,0.009389671361502348,0,0.0,2.009433962264151,440.9433962264151,No,0.0139
PRV55846,127,511670,4028.8976377952754,80000,2.8976377952755907,2.0236220472440944,387.54330708661416,74.63779527559055,46,81,125,87,0.0,0,0.36220472440944884,1.016,4093.36,No,0.4965
PRV55847,185,40460,218.7027027027027,2800,1.4054054054054055,0.0,2.972972972972973,72.25405405405405,0,185,105,6,0.005405405405405406,0,0.0,1.7619047619047619,385.3333333333333,No,0.0063
PRV55848,39,34010,872.0512820512821,15000,1.8717948717948718,0.7692307692307693,82.66666666666667,74.15384615384616,3,36,32,22,0.05128205128205128,0,0.07692307692307693,1.21875,1062.8125,No,0.0117
PRV55849,176,1283730,7293.920454545455,72000,3.75,3.5511363636363638,753.875,72.625,128,48,167,62,0.011363636363636364,1,0.7272727272727273,1.0538922155688624,7687.005988023952,Yes,0.9562
PRV55850,236,416040,1762.8813559322034,87000,1.5338983050847457,0.326271186440678,78.62711864406779,70.92372881355932,18,218,153,27,0.025423728813559324,0,0.07627118644067797,1.542483660130719,2719.2156862745096,No,0.4796
PRV55851,45,43640,969.7777777777778,7000,0.6444444444444445,0.5555555555555556,145.95555555555555,75.04444444444445,6,39,35,15,0.0,0,0.13333333333333333,1.2857142857142858,1246.857142857143,No,0.0349
PRV55852,60,31730,528.8333333333334,12000,2.5833333333333335,0.2833333333333333,55.06666666666667,79.11666666666666,3,57,32,11,0.016666666666666666,1,0.05,1.875,991.5625,Yes,0.4121
PRV55854,2,2460,1230.0,2400,0.0,0.0,35.0,84.5,0,2,2,2,0.0,0,0.0,1.0,1230.0,No,0.0046
PRV55855,114,23150,203.0701754385965,1800,1.3859649122807018,0.0,2.1052631578947367,73.2719298245614,0,114,77,3,0.008771929824561403,0,0.0,1.4805194805194806,300.64935064935065,No,0.0312
PRV55856,54,12120,224.44444444444446,1700,0.6111111111111112,0.0,8.518518518518519,74.9074074074074,0,54,40,6,0.018518518518518517,0,0.0,1.35,303.0,No,0.024
PRV55858,8,710,88.75,200,0.125,0.0,12.5,70.25,0,8,5,6,0.0,0,0.0,1.6,142.0,No,0.0094
PRV55859,15,4880,325.3333333333333,1800,1.3333333333333333,0.0,3.3333333333333335,56.86666666666667,0,15,6,5,0.0,0,0.0,2.5,813.3333333333334,No,0.0012
PRV55862,8,3230,403.75,1500,0.0,0.0,0.0,69.375,0,8,8,5,0.0,0,0.0,1.0,403.75,No,0.0023
PRV55863,5,650,130.0,400,0.2,0.0,0.0,77.2,0,5,5,4,0.0,0,0.0,1.0,130.0,No,0.001
PRV55864,89,85400,959.5505617977528,52000,1.0112359550561798,0.550561797752809,48.561797752808985,76.80898876404494,4,85,42,4,0.0,0,0.0449438202247191,2.119047619047619,2033.3333333333333,No,0.0677
PRV55865,325,91750,282.3076923076923,3300,1.1415384615384616,0.0,2.7384615384615385,72.77230769230769,0,325,163,12,0.012307692307692308,0,0.0,1.9938650306748467,562.8834355828221,No,0.0259
PRV55866,115,31370,272.7826086956522,2600,1.191304347826087,0.0,2.1739130434782608,72.6608695652174,0,115,75,11,0.017391304347826087,0,0.0,1.5333333333333334,418.26666666666665,No,0.0099
PRV55867,88,39460,448.40909090909093,15400,2.147727272727273,0.0,0.7954545454545454,74.67045454545455,0,88,43,16,0.0,0,0.0,2.046511627906977,917.6744186046511,No,0.0078
PRV55868,85,16470,193.76470588235293,3300,1.2117647058823529,0.0,4.470588235294118,70.0,0,85,39,5,0.07058823529411765,0,0.0,2.1794871794871793,422.3076923076923,No,0.0115
PRV55869,346,152590,441.0115606936416,9700,1.638728323699422,0.07803468208092486,26.572254335260116,71.79479768786128,8,338,175,29,0.014450867052023121,0,0.023121387283236993,1.977142857142857,871.9428571428572,No,0.0882
PRV55870,56,22030,393.39285714285717,3300,0.7678571428571429,0.0,1.7857142857142858,72.16071428571429,0,56,38,15,0.0,0,0.0,1.4736842105263157,579.7368421052631,No,0.0027
PRV55871,12,4480,373.3333333333333,2000,3.3333333333333335,0.0,3.3333333333333335,68.25,0,12,5,2,0.0,0,0.0,2.4,896.0,No,0.0011
PRV55872,139,34120,245.46762589928056,3300,1.3741007194244603,0.0,6.330935251798561,74.56834532374101,0,139,42,17,0.02158273381294964,0,0.0,3.3095238095238093,812.3809523809524,No,0.0197
PRV55873,57,51670,906.4912280701755,17000,1.3157894736842106,0.40350877192982454,113.82456140350877,74.87719298245614,6,51,37,20,0.0,0,0.10526315789473684,1.5405405405405406,1396.4864864864865,No,0.0174
PRV55874,10,1380,138.0,400,0.0,0.0,0.0,72.4,0,10,10,7,0.0,0,0.0,1.0,138.0,No,0.0005
PRV55875,26,4450,171.15384615384616,2100,1.8076923076923077,0.0,0.0,75.23076923076923,0,26,25,2,0.038461538461538464,0,0.0,1.04,178.0,No,0.0039
PRV55876,19,4380,230.52631578947367,1100,0.15789473684210525,0.0,5.2631578947368425,71.84210526315789,0,19,18,3,0.0,0,0.0,1.0555555555555556,243.33333333333334,No,0.0034
PRV55877,4,1100,275.0,600,0.25,0.0,0.0,78.0,0,4,4,1,0.0,0,0.0,1.0,275.0,No,0.001
PRV55879,2,90,45.0,50,2.0,0.0,0.0,69.5,0,2,2,1,0.0,0,0.0,1.0,45.0,No,0.0013
PRV55880,15,7180,478.6666666666667,2800,3.3333333333333335,0.0,2.6666666666666665,72.73333333333333,0,15,13,3,0.0,0,0.0,1.1538461538461537,552.3076923076923,No,0.0009
PRV55881,1,30,30.0,30,0.0,0.0,70.0,94.0,0,1,1,1,0.0,0,0.0,1.0,30.0,No,0.0164
PRV55882,23,6440,280.0,3000,0.8695652173913043,0.0,0.0,71.52173913043478,0,23,22,3,0.043478260869565216,0,0.0,1.0454545454545454,292.72727272727275,No,0.0043
PRV55883,8,5480,685.0,2900,0.0,0.0,0.0,71.625,0,8,8,1,0.0,0,0.0,1.0,685.0,No,0.0009
PRV55884,27,2880,106.66666666666667,1100,0.1111111111111111,0.0,3.3333333333333335,76.92592592592592,0,27,16,4,0.0,0,0.0,1.6875,180.0,No,0.0079
PRV55885,8,1610,201.25,1000,0.0,0.0,12.5,74.375,0,8,8,1,0.0,0,0.0,1.0,201.25,No,0.0024
PRV55886,4,340,85.0,100,0.0,0.0,0.0,79.75,0,4,4,1,0.0,0,0.0,1.0,85.0,No,0.0019
PRV55887,6,66000,11000.0,29000,14.0,14.0,890.0,66.83333333333333,6,0,6,1,0.0,0,1.0,1.0,11000.0,No,0.0206
PRV55891,51,312730,6131.9607843137255,55000,3.392156862745098,3.0,545.843137254902,75.17647058823529,26,25,45,33,0.0,0,0.5098039215686274,1.1333333333333333,6949.555555555556,No,0.2283
PRV55892,449,118910,264.8329621380846,3300,1.5634743875278396,0.0,2.5612472160356345,74.46325167037863,0,449,235,10,0.0022271714922048997,0,0.0,1.9106382978723404,506.0,No,0.025
PRV55893,615,373630,607.5284552845528,37000,1.5967479674796747,0.2146341463414634,47.232520325203254,72.42926829268292,26,589,297,35,0.0,1,0.04227642276422764,2.0707070707070705,1258.013468013468,Yes,0.7922
PRV55895,1,200,200.0,200,1.0,0.0,0.0,90.0,0,1,1,1,0.0,1,0.0,1.0,200.0,Yes,0.0434
PRV55896,105,204310,1945.8095238095239,43000,3.019047619047619,1.4190476190476191,204.76190476190476,75.99047619047619,21,84,97,49,0.0,1,0.2,1.0824742268041236,2106.2886597938145,Yes,0.5569
PRV55897,482,249890,518.4439834024896,51000,1.6244813278008299,0.16804979253112035,21.975103734439834,70.68257261410788,9,473,180,18,0.008298755186721992,1,0.01867219917012448,2.6777777777777776,1388.2777777777778,Yes,0.7755
PRV55898,27,6220,230.37037037037038,3000,0.7407407407407407,0.0,4.444444444444445,70.4074074074074,0,27,26,14,0.037037037037037035,0,0.0,1.0384615384615385,239.23076923076923,No,0.0019
PRV55900,19,113810,5990.0,33000,1.4210526315789473,1.4210526315789473,449.6842105263158,73.94736842105263,8,11,19,15,0.0,0,0.42105263157894735,1.0,5990.0,No,0.0381
PRV55901,101,25300,250.4950495049505,2900,1.0396039603960396,0.0,3.0693069306930694,73.37623762376238,0,101,50,21,0.0,0,0.0,2.02,506.0,No,0.0049
PRV55902,69,13230,191.7391304347826,3300,1.8695652173913044,0.0,2.318840579710145,77.0,0,69,57,38,0.0,0,0.0,1.2105263157894737,232.10526315789474,No,0.0015
PRV55903,50,197820,3956.4,35000,2.56,2.28,448.56,75.1,23,27,44,44,0.02,0,0.46,1.1363636363636365,4495.909090909091,No,0.1402
PRV55904,28,6190,221.07142857142858,2100,1.1071428571428572,0.0,0.0,72.92857142857143,0,28,27,16,0.03571428571428571,0,0.0,1.037037037037037,229.25925925925927,No,0.0016
PRV55905,95,789760,8313.263157894737,57000,4.947368421052632,4.726315789473684,888.1263157894737,74.8,82,13,84,12,0.0,1,0.8631578947368421,1.130952380952381,9401.904761904761,Yes,0.8097
PRV55906,21,4130,196.66666666666666,900,1.3333333333333333,0.0,2.857142857142857,71.52380952380952,0,21,20,14,0.0,0,0.0,1.05,206.5,No,0.0029
PRV55907,243,598180,2461.6460905349795,32000,2.7160493827160495,1.4238683127572016,265.3909465020576,72.58847736625515,60,183,204,81,0.00411522633744856,0,0.24691358024691357,1.1911764705882353,2932.2549019607845,No,0.2058
PRV55908,55,294790,5359.818181818182,35000,3.2545454545454544,2.309090909090909,428.8363636363636,74.32727272727273,22,33,48,30,0.0,0,0.4,1.1458333333333333,6141.458333333333,No,0.2177
PRV55909,107,23750,221.9626168224299,2300,1.355140186915888,0.0,4.11214953271028,71.85981308411215,0,107,91,40,0.0,0,0.0,1.1758241758241759,260.989010989011,No,0.0015
PRV55910,372,98770,265.51075268817203,3300,1.3118279569892473,0.0,2.39247311827957,73.20430107526882,0,372,149,1,0.0,0,0.0,2.4966442953020134,662.8859060402684,No,0.0776
PRV55911,239,465440,1947.44769874477,30000,2.903765690376569,1.2803347280334727,204.35146443514645,71.00836820083683,46,193,136,15,0.0,1,0.19246861924686193,1.7573529411764706,3422.3529411764707,Yes,0.5591
PRV55912,107,750080,7010.093457943925,52000,4.383177570093458,3.6261682242990654,599.1588785046729,75.16822429906541,60,47,100,69,0.018691588785046728,1,0.5607476635514018,1.07,7500.8,Yes,0.85
PRV55913,1267,373270,294.6093133385951,5400,1.4388318863456986,0.0,2.794001578531965,74.33149171270718,0,1267,587,13,0.010260457774269928,1,0.0,2.1584327086882453,635.8943781942079,Yes,0.305
PRV55914,63,170660,2708.8888888888887,20000,2.9523809523809526,2.0,357.42857142857144,75.66666666666667,21,42,62,40,0.015873015873015872,1,0.3333333333333333,1.0161290322580645,2752.5806451612902,Yes,0.4339
PRV55915,32,8870,277.1875,2500,0.65625,0.0,0.0,70.3125,0,32,27,13,0.0,0,0.0,1.1851851851851851,328.51851851851853,No,0.0023
PRV55916,127,1311040,10323.149606299212,57000,5.866141732283465,5.921259842519685,959.3858267716536,74.51181102362204,115,12,106,15,0.023622047244094488,0,0.905511811023622,1.1981132075471699,12368.301886792453,No,0.9796
PRV55917,50,14150,283.0,2400,1.74,0.0,0.4,75.0,0,50,50,43,0.0,0,0.0,1.0,283.0,No,0.0007
PRV55918,10,17760,1776.0,11000,1.0,0.9,213.6,76.9,2,8,10,8,0.0,0,0.2,1.0,1776.0,No,0.0027
PRV55919,21,6050,288.0952380952381,1900,0.3333333333333333,0.0,0.0,71.52380952380952,0,21,19,9,0.0,0,0.0,1.105263157894737,318.42105263157896,No,0.0014
PRV55920,110,25550,232.27272727272728,3300,1.4727272727272727,0.0,2.3636363636363638,74.01818181818182,0,110,102,64,0.0,0,0.0,1.0784313725490196,250.49019607843138,No,0.0012
PRV55921,59,21140,358.3050847457627,3300,1.4067796610169492,0.0,1.5254237288135593,75.54237288135593,0,59,56,40,0.01694915254237288,0,0.0,1.0535714285714286,377.5,No,0.0034
PRV55925,21,50810,2419.5238095238096,16000,2.619047619047619,1.3333333333333333,205.33333333333334,78.57142857142857,4,17,20,15,0.0,0,0.19047619047619047,1.05,2540.5,No,0.0743
PRV55926,26,6930,266.53846153846155,2900,2.076923076923077,0.0,1.1538461538461537,75.96153846153847,0,26,26,12,0.0,0,0.0,1.0,266.53846153846155,No,0.0009
PRV55927,212,72180,340.47169811320754,3300,1.4858490566037736,0.0,3.0660377358490565,73.41981132075472,0,212,167,39,0.014150943396226415,0,0.0,1.2694610778443114,432.21556886227546,No,0.0069
PRV55928,12,6410,534.1666666666666,3300,1.5833333333333333,0.0,0.0,81.0,0,12,11,5,0.0,0,0.0,1.0909090909090908,582.7272727272727,No,0.0011
PRV55929,287,68790,239.68641114982577,3600,1.529616724738676,0.0,2.7874564459930316,74.71777003484321,0,287,215,14,0.003484320557491289,0,0.0,1.3348837209302327,319.95348837209303,No,0.0121
PRV55930,45,84580,1879.5555555555557,22000,2.422222222222222,0.9777777777777777,173.6888888888889,70.68888888888888,7,38,34,17,0.0,0,0.15555555555555556,1.3235294117647058,2487.6470588235293,No,0.062
PRV55931,295,85700,290.50847457627117,3300,1.271186440677966,0.0,2.7457627118644066,75.00677966101695,0,295,108,19,0.0,0,0.0,2.7314814814814814,793.5185185185185,No,0.0394
PRV55933,498,496430,996.847389558233,34000,1.7690763052208835,0.4759036144578313,98.43775100401606,73.72690763052209,45,453,356,32,0.004016064257028112,0,0.09036144578313253,1.398876404494382,1394.4662921348315,No,0.3317
PRV55934,653,254220,389.31087289433384,14000,1.9494640122511486,0.06278713629402756,12.72281776416539,73.70444104134762,6,647,218,34,0.007656967840735069,1,0.009188361408882083,2.9954128440366974,1166.1467889908256,Yes,0.8595
PRV55935,550,125030,227.3272727272727,3300,1.08,0.0,2.381818181818182,73.41818181818182,0,550,393,118,0.0036363636363636364,0,0.0,1.3994910941475827,318.14249363867685,No,0.0367
PRV55936,24,5750,239.58333333333334,2700,0.875,0.0,3.75,74.75,0,24,24,16,0.0,0,0.0,1.0,239.58333333333334,No,0.0009
PRV55937,382,165910,434.3193717277487,12000,1.1884816753926701,0.07591623036649214,21.900523560209425,73.76701570680628,7,375,201,27,0.0,0,0.01832460732984293,1.900497512437811,825.4228855721393,No,0.1407
PRV55938,9,1400,155.55555555555554,400,4.333333333333333,0.0,0.0,77.77777777777777,0,9,9,7,0.0,0,0.0,1.0,155.55555555555554,No,0.0006
PRV55939,51,301760,5916.862745098039,50000,3.3529411764705883,3.2549019607843137,590.8627450980392,71.47058823529412,28,23,40,32,0.0196078431372549,0,0.5490196078431373,1.275,7544.0,No,0.4502
PRV55940,32,7690,240.3125,1800,0.0,0.0,2.5,72.21875,0,32,29,21,0.0,0,0.0,1.103448275862069,265.17241379310343,No,0.0032
PRV55941,57,14730,258.42105263157896,2800,0.9473684210526315,0.0,3.3333333333333335,69.17543859649123,0,57,56,45,0.0,0,0.0,1.0178571428571428,263.0357142857143,No,0.0026
PRV55942,82,23270,283.780487804878,6000,1.2073170731707317,0.10975609756097561,31.29268292682927,76.02439024390245,2,80,78,12,0.036585365853658534,0,0.024390243902439025,1.0512820512820513,298.3333333333333,No,0.007
PRV55943,721,484070,671.3869625520111,22000,1.5714285714285714,0.23439667128987518,52.58252427184466,75.46324549237171,34,687,519,30,0.005547850208044383,0,0.047156726768377254,1.3892100192678227,932.6974951830443,No,0.192
PRV55944,26,97870,3764.230769230769,32000,2.6153846153846154,1.8461538461538463,452.61538461538464,72.73076923076923,11,15,25,13,0.0,0,0.4230769230769231,1.04,3914.8,No,0.0328
PRV55945,20,5050,252.5,2200,1.7,0.0,0.0,77.6,0,20,19,10,0.05,0,0.0,1.0526315789473684,265.7894736842105,No,0.0034
PRV55946,50,22600,452.0,14040,1.52,0.0,1.2,74.04,0,50,50,35,0.04,0,0.0,1.0,452.0,No,0.0024
PRV55948,28,75960,2712.8571428571427,51000,2.107142857142857,0.8571428571428571,157.21428571428572,73.60714285714286,4,24,28,21,0.0,0,0.14285714285714285,1.0,2712.8571428571427,No,0.0308
PRV55950,11,7470,679.0909090909091,3300,1.8181818181818181,0.0,0.0,71.63636363636364,0,11,11,9,0.0,0,0.0,1.0,679.0909090909091,No,0.0009
PRV55951,448,421000,939.7321428571429,57000,2.1339285714285716,0.48214285714285715,90.54910714285714,74.53348214285714,38,410,355,78,0.004464285714285714,1,0.08482142857142858,1.2619718309859156,1185.9154929577464,Yes,0.6361
PRV55953,13,5630,433.0769230769231,2100,3.769230769230769,0.0,0.0,66.46153846153847,0,13,13,5,0.0,0,0.0,1.0,433.0769230769231,No,0.0006
PRV55955,246,63250,257.1138211382114,3300,1.3414634146341464,0.0,2.4796747967479673,73.92276422764228,0,246,235,158,0.0,0,0.0,1.0468085106382978,269.1489361702128,No,0.0058
PRV55956,22,64190,2917.7272727272725,14000,2.227272727272727,2.227272727272727,339.8181818181818,76.04545454545455,8,14,18,11,0.0,0,0.36363636363636365,1.2222222222222223,3566.1111111111113,No,0.0517
PRV55957,107,243440,2275.1401869158876,57000,1.7476635514018692,1.0093457943925233,211.85046728971963,73.3177570093458,22,85,100,78,0.0,1,0.205607476635514,1.07,2434.4,Yes,0.6578
PRV55958,30,8020,267.3333333333333,3300,2.2666666666666666,0.0,0.0,73.13333333333334,0,30,28,16,0.0,0,0.0,1.0714285714285714,286.42857142857144,No,0.0009
PRV55959,324,74710,230.58641975308643,3300,1.0,0.0,2.5,71.56481481481481,0,324,160,7,0.012345679012345678,1,0.0,2.025,466.9375,Yes,0.4444
PRV55963,47,8530,181.48936170212767,600,0.7021276595744681,0.0,2.127659574468085,71.0,0,47,43,41,0.02127659574468085,0,0.0,1.0930232558139534,198.37209302325581,No,0.0106
PRV55964,37,8180,221.0810810810811,2500,0.7297297297297297,0.0,3.5135135135135136,70.94594594594595,0,37,33,24,0.02702702702702703,0,0.0,1.121212121212121,247.87878787878788,No,0.0023
PRV55965,33,9180,278.1818181818182,2400,2.484848484848485,0.0,2.121212121212121,74.33333333333333,0,33,30,12,0.0,0,0.0,1.1,306.0,No,0.0015
PRV55966,21,7620,362.85714285714283,1800,1.9047619047619047,0.0,0.0,73.95238095238095,0,21,21,10,0.0,0,0.0,1.0,362.85714285714283,No,0.0014
PRV55968,148,53460,361.2162162162162,3300,1.7432432432432432,0.0,3.8513513513513513,70.22972972972973,0,148,75,16,0.013513513513513514,0,0.0,1.9733333333333334,712.8,No,0.0168
PRV55969,688,204140,296.7151162790698,4200,1.498546511627907,0.0,3.197674418604651,73.71802325581395,0,688,527,2,0.005813953488372093,0,0.0,1.3055028462998102,387.36242884250476,No,0.0671
PRV55970,40,221400,5535.0,50000,2.1,1.75,429.7,75.075,16,24,38,25,0.025,0,0.4,1.0526315789473684,5826.315789473684,No,0.1316
PRV55971,620,1212000,1954.8387096774193,57000,2.164516129032258,0.9758064516129032,173.95483870967743,71.81612903225806,101,519,317,13,0.014516129032258065,1,0.1629032258064516,1.9558359621451105,3823.3438485804418,Yes,0.9749
PRV55972,110,152520,1386.5454545454545,20000,1.7454545454545454,0.7,176.94545454545454,71.91818181818182,19,91,107,86,0.00909090909090909,0,0.17272727272727273,1.02803738317757,1425.4205607476636,No,0.049
PRV55974,175,69110,394.9142857142857,3300,1.9085714285714286,0.0,1.7714285714285714,74.60571428571428,0,175,51,1,0.0,0,0.0,3.4313725490196076,1355.0980392156862,No,0.082
PRV55977,1302,371100,285.0230414746544,9200,1.424731182795699,0.0,2.38863287250384,74.0568356374808,0,1302,762,16,0.0030721966205837174,1,0.0,1.7086614173228347,487.00787401574803,Yes,0.9138
PRV55978,401,957490,2387.755610972569,57000,2.478802992518703,1.3915211970074812,237.0922693266833,74.75810473815461,92,309,342,167,0.0024937655860349127,0,0.22942643391521197,1.172514619883041,2799.6783625730995,No,0.7165
PRV55980,17,8700,511.7647058823529,2100,2.5294117647058822,0.0,0.0,69.76470588235294,0,17,17,14,0.0,0,0.0,1.0,511.7647058823529,No,0.0026
PRV55981,54,110140,2039.6296296296296,19000,1.7777777777777777,0.9814814814814815,299.0740740740741,73.98148148148148,15,39,54,29,0.037037037037037035,0,0.2777777777777778,1.0,2039.6296296296296,No,0.0352
PRV55982,4,750,187.5,400,5.0,0.0,0.0,73.0,0,4,4,4,0.0,0,0.0,1.0,187.5,No,0.0006
PRV55983,22,119670,5439.545454545455,39000,3.590909090909091,1.7727272727272727,391.54545454545456,73.5909090909091,8,14,21,18,0.0,0,0.36363636363636365,1.0476190476190477,5698.571428571428,No,0.1268
PRV55984,392,126120,321.734693877551,3300,1.288265306122449,0.0,2.11734693877551,73.3188775510204,0,392,282,40,0.00510204081632653,0,0.0,1.3900709219858156,447.2340425531915,No,0.0107
PRV55985,58,19270,332.2413793103448,3300,3.189655172413793,0.0,0.8620689655172413,73.03448275862068,0,58,52,41,0.017241379310344827,0,0.0,1.1153846153846154,370.5769230769231,No,0.0018
PRV55986,232,65390,281.8534482758621,8080,1.3405172413793103,0.0,2.8448275862068964,73.28017241379311,0,232,212,167,0.01293103448275862,0,0.0,1.0943396226415094,308.4433962264151,No,0.0046
PRV55989,2,150,75.0,80,10.0,0.0,0.0,64.5,0,2,2,2,0.0,0,0.0,1.0,75.0,No,0.0011
PRV55990,231,251100,1087.012987012987,22000,1.8095238095238095,0.5974025974025974,103.61904761904762,76.4978354978355,22,209,131,10,0.004329004329004329,0,0.09523809523809523,1.7633587786259541,1916.793893129771,No,0.1129
PRV55991,32,6570,205.3125,2000,1.875,0.0,4.6875,70.90625,0,32,31,21,0.0,0,0.0,1.032258064516129,211.93548387096774,No,0.0037
PRV55993,32,5360,167.5,1100,0.0,0.0,0.0,71.75,0,32,28,15,0.0,0,0.0,1.1428571428571428,191.42857142857142,No,0.001
PRV55995,46,19840,431.30434782608694,3400,0.9782608695652174,0.0,0.0,75.34782608695652,0,46,42,31,0.0,0,0.0,1.0952380952380953,472.3809523809524,No,0.0111
PRV55996,98,264130,2695.204081632653,26000,2.204081632653061,1.2959183673469388,316.0408163265306,69.72448979591837,29,69,90,20,0.0,1,0.29591836734693877,1.0888888888888888,2934.777777777778,Yes,0.2727
PRV55997,326,79640,244.29447852760737,3300,1.656441717791411,0.0,3.496932515337423,75.71472392638037,0,326,243,2,0.006134969325153374,0,0.0,1.3415637860082306,327.7366255144033,No,0.0439
PRV55999,306,74190,242.45098039215685,3300,0.9934640522875817,0.0,1.5686274509803921,74.59150326797386,0,306,120,11,0.00980392156862745,0,0.0,2.55,618.25,No,0.0898
PRV56001,70,528570,7551.0,36000,5.614285714285714,5.328571428571428,854.4,76.82857142857142,57,13,67,31,0.0,0,0.8142857142857143,1.044776119402985,7889.104477611941,No,0.1046
PRV56002,32,177810,5556.5625,57000,2.71875,1.96875,367.125,73.15625,11,21,31,21,0.0,0,0.34375,1.032258064516129,5735.806451612903,No,0.2186
PRV56003,12,77180,6431.666666666667,28000,4.75,4.75,712.0,72.16666666666667,8,4,12,8,0.08333333333333333,0,0.6666666666666666,1.0,6431.666666666667,No,0.0705
PRV56004,5,3470,694.0,3300,4.0,0.0,10.0,78.8,0,5,5,5,0.0,0,0.0,1.0,694.0,No,0.0013
PRV56005,74,31660,427.8378378378378,6000,1.2837837837837838,0.05405405405405406,29.27027027027027,75.93243243243244,2,72,55,13,0.02702702702702703,0,0.02702702702702703,1.3454545454545455,575.6363636363636,No,0.0099
PRV56006,1090,289380,265.48623853211006,4200,1.3642201834862386,0.0,2.908256880733945,74.90642201834862,0,1090,531,13,0.003669724770642202,0,0.0,2.0527306967984935,544.9717514124294,No,0.1073
PRV56007,81,836930,10332.469135802468,73000,4.950617283950617,4.950617283950617,896.5925925925926,73.72839506172839,69,12,67,22,0.012345679012345678,1,0.8518518518518519,1.208955223880597,12491.492537313432,Yes,0.9084
PRV56008,1370,476600,347.88321167883214,14200,1.5167883211678832,0.0,2.978102189781022,74.78832116788321,0,1370,686,5,0.008029197080291971,1,0.0,1.9970845481049562,694.7521865889213,Yes,0.832
PRV56010,83,21600,260.2409638554217,3300,1.0,0.0,3.0120481927710845,72.89156626506023,0,83,82,44,0.012048192771084338,0,0.0,1.0121951219512195,263.4146341463415,No,0.0017
PRV56011,2833,741640,261.7860924814684,14000,1.3053300388280975,0.0,2.8591599011648428,74.01729615248853,0,2833,1164,37,0.006000705965407695,1,0.0,2.433848797250859,637.147766323024,Yes,0.9796
PRV56012,44,325870,7406.136363636364,57000,4.840909090909091,4.5227272727272725,682.3636363636364,76.81818181818181,29,15,41,23,0.0,1,0.6590909090909091,1.0731707317073171,7948.048780487805,Yes,0.3705
PRV56013,90,27360,304.0,3200,2.3777777777777778,0.0,3.5555555555555554,73.02222222222223,0,90,86,36,0.011111111111111112,0,0.0,1.0465116279069768,318.13953488372096,No,0.0029
PRV56014,34,145050,4266.176470588235,22000,3.6470588235294117,3.0294117647058822,596.8235294117648,72.94117647058823,19,15,34,14,0.08823529411764706,0,0.5588235294117647,1.0,4266.176470588235,No,0.1245
PRV56015,149,92600,621.4765100671141,26000,1.832214765100671,0.18791946308724833,44.013422818791945,74.71140939597315,6,143,115,74,0.0,0,0.040268456375838924,1.2956521739130435,805.2173913043479,No,0.0358
PRV56016,12,6350,529.1666666666666,2600,2.3333333333333335,0.0,0.0,69.33333333333333,0,12,12,11,0.0,0,0.0,1.0,529.1666666666666,No,0.0014
PRV56017,13,210060,16158.461538461539,57000,10.384615384615385,10.384615384615385,739.3846153846154,81.61538461538461,11,2,12,10,0.0,0,0.8461538461538461,1.0833333333333333,17505.0,No,0.1905
PRV56018,72,240840,3345.0,57000,3.4166666666666665,2.2916666666666665,374.1666666666667,74.15277777777777,25,47,71,50,0.013888888888888888,0,0.3472222222222222,1.0140845070422535,3392.112676056338,No,0.3651
PRV56019,659,186820,283.49013657056145,3300,1.5811836115326252,0.0,3.7177541729893777,73.86949924127465,0,659,268,7,0.021244309559939303,0,0.0,2.458955223880597,697.0895522388059,No,0.2648
PRV56020,155,195770,1263.032258064516,36000,2.4,0.6258064516129033,105.6774193548387,75.12903225806451,15,140,148,54,0.0064516129032258064,0,0.0967741935483871,1.0472972972972974,1322.7702702702702,No,0.09
PRV56021,128,39920,311.875,7300,1.0234375,0.0,1.171875,74.703125,0,128,124,61,0.0,0,0.0,1.032258064516129,321.93548387096774,No,0.004
PRV56023,42,88070,2096.904761904762,25000,3.9761904761904763,1.1904761904761905,155.66666666666666,71.33333333333333,7,35,40,31,0.0,1,0.16666666666666666,1.05,2201.75,Yes,0.1108
PRV56025,153,44660,291.8954248366013,3300,1.5686274509803921,0.0,0.0,71.82352941176471,0,153,148,67,0.006535947712418301,0,0.0,1.0337837837837838,301.7567567567568,No,0.0015
PRV56026,44,29650,673.8636363636364,3300,1.9772727272727273,0.0,4.318181818181818,72.8409090909091,0,44,43,33,0.0,0,0.0,1.0232558139534884,689.5348837209302,No,0.0038
PRV56027,25,8840,353.6,3100,0.92,0.0,7.6,76.08,0,25,24,11,0.04,0,0.0,1.0416666666666667,368.3333333333333,No,0.0061
PRV56028,201,66770,332.18905472636817,9000,1.4577114427860696,0.24378109452736318,23.99004975124378,73.66169154228855,4,197,180,4,0.004975124378109453,0,0.01990049751243781,1.1166666666666667,370.94444444444446,No,0.0064
PRV56029,1,100,100.0,100,0.0,0.0,0.0,89.0,0,1,1,1,0.0,0,0.0,1.0,100.0,No,0.0098
PRV56030,204,60370,295.9313725490196,3300,1.3676470588235294,0.0,1.0784313725490196,70.3578431372549,0,204,102,2,0.004901960784313725,0,0.0,2.0,591.8627450980392,No,0.0069
PRV56031,19,61570,3240.5263157894738,28000,3.6842105263157894,2.526315789473684,505.89473684210526,73.84210526315789,9,10,19,11,0.0,0,0.47368421052631576,1.0,3240.5263157894738,No,0.022
PRV56032,9,3000,333.3333333333333,2000,3.3333333333333335,0.0,7.777777777777778,78.22222222222223,0,9,9,2,0.0,0,0.0,1.0,333.3333333333333,No,0.002
PRV56033,8,50160,6270.0,36000,6.0,6.0,400.5,75.0,4,4,8,3,0.0,0,0.5,1.0,6270.0,No,0.1457
PRV56034,13,1530,117.6923076923077,700,0.23076923076923078,0.0,1.5384615384615385,70.3076923076923,0,13,13,7,0.0,0,0.0,1.0,117.6923076923077,No,0.0008
PRV56036,49,13140,268.16326530612247,3300,1.2244897959183674,0.0,1.836734693877551,74.89795918367346,0,49,48,6,0.02040816326530612,0,0.0,1.0208333333333333,273.75,No,0.0029
PRV56037,5,1840,368.0,700,4.0,0.0,0.0,70.6,0,5,5,3,0.0,0,0.0,1.0,368.0,No,0.0011
PRV56038,7,1450,207.14285714285714,1000,2.7142857142857144,2.5714285714285716,152.57142857142858,74.71428571428571,1,6,7,7,0.0,0,0.14285714285714285,1.0,207.14285714285714,No,0.0043
PRV56039,97,26020,268.2474226804124,3300,2.1649484536082473,0.0,4.020618556701031,71.02061855670104,0,97,34,6,0.0,0,0.0,2.8529411764705883,765.2941176470588,No,0.0058
PRV56040,13,22850,1757.6923076923076,14050,3.1538461538461537,0.0,0.0,71.38461538461539,0,13,11,9,0.0,0,0.0,1.1818181818181819,2077.2727272727275,No,0.002
PRV56041,55,32040,582.5454545454545,3300,2.7818181818181817,0.0,0.5454545454545454,77.72727272727273,0,55,19,1,0.0,0,0.0,2.8947368421052633,1686.3157894736842,No,0.033
PRV56044,260,350770,1349.1153846153845,125000,1.4384615384615385,0.29615384615384616,67.99230769230769,68.1576923076923,16,244,76,16,0.0,0,0.06153846153846154,3.4210526315789473,4615.394736842105,No,0.6438
PRV56045,120,27980,233.16666666666666,3300,0.6666666666666666,0.0,3.75,71.75833333333334,0,120,49,19,0.0,0,0.0,2.4489795918367347,571.0204081632653,No,0.0046
PRV56046,20,121680,6084.0,40000,3.6,3.6,747.6,68.9,14,6,17,5,0.0,0,0.7,1.1764705882352942,7157.64705882353,No,0.1318
PRV56047,3,60,20.0,30,0.0,0.0,0.0,80.0,0,3,3,2,0.0,0,0.0,1.0,20.0,No,0.0017
PRV56048,16,7380,461.25,3300,4.3125,0.0,0.0,68.875,0,16,16,11,0.0,0,0.0,1.0,461.25,No,0.0024
PRV56049,149,32580,218.65771812080536,1700,0.9328859060402684,0.0,0.738255033557047,71.42281879194631,0,149,101,1,0.0,0,0.0,1.4752475247524752,322.5742574257426,No,0.0242
PRV56050,1,40,40.0,40,0.0,0.0,0.0,88.0,0,1,1,1,0.0,0,0.0,1.0,40.0,No,0.0084
PRV56051,4,1280,320.0,900,0.0,0.0,0.0,81.0,0,4,4,2,0.0,0,0.0,1.0,320.0,No,0.0021
PRV56052,12,2950,245.83333333333334,1200,1.0,0.0,0.0,78.58333333333333,0,12,10,3,0.0,0,0.0,1.2,295.0,No,0.0027
PRV56054,45,18830,418.44444444444446,2700,2.2,0.0,6.666666666666667,71.75555555555556,0,45,26,1,0.0,0,0.0,1.7307692307692308,724.2307692307693,No,0.0015
PRV56055,9,4470,496.6666666666667,3300,2.2222222222222223,0.0,0.0,72.55555555555556,0,9,8,4,0.0,0,0.0,1.125,558.75,No,0.0007
PRV56056,1,40,40.0,40,0.0,0.0,0.0,66.0,0,1,1,1,0.0,0,0.0,1.0,40.0,No,0.0011
PRV56057,9,97000,10777.777777777777,26000,6.222222222222222,6.222222222222222,1068.0,79.55555555555556,9,0,9,4,0.0,0,1.0,1.0,10777.777777777777,No,0.0717
PRV56058,11,90000,8181.818181818182,17000,7.7272727272727275,7.7272727272727275,970.9090909090909,78.72727272727273,11,0,11,5,0.0,0,1.0,1.0,8181.818181818182,No,0.017
PRV56060,1,50,50.0,50,0.0,0.0,0.0,86.0,0,1,1,1,0.0,0,0.0,1.0,50.0,No,0.0043
PRV56062,25,6290,251.6,1600,1.72,0.0,2.4,70.28,0,25,24,4,0.0,0,0.0,1.0416666666666667,262.0833333333333,No,0.0026
PRV56063,11,1670,151.8181818181818,400,1.8181818181818181,0.0,0.0,76.81818181818181,0,11,11,1,0.0,0,0.0,1.0,151.8181818181818,No,0.0005
PRV56065,1,70,70.0,70,0.0,0.0,0.0,59.0,0,1,1,1,0.0,0,0.0,1.0,70.0,No,0.0011
PRV56066,8,4010,501.25,3300,0.0,0.0,0.0,71.5,0,8,8,3,0.0,0,0.0,1.0,501.25,No,0.0047
PRV56067,3,1310,436.6666666666667,800,0.0,0.0,0.0,70.66666666666667,0,3,3,1,0.0,0,0.0,1.0,436.6666666666667,No,0.0014
PRV56068,41,15780,384.8780487804878,3300,1.0731707317073171,0.0,1.7073170731707317,77.97560975609755,0,41,38,1,0.0,0,0.0,1.0789473684210527,415.2631578947368,No,0.0027
PRV56071,3,270,90.0,200,0.0,0.0,0.0,75.33333333333333,0,3,3,1,0.0,0,0.0,1.0,90.0,No,0.002
PRV56072,1,80,80.0,80,0.0,0.0,0.0,73.0,0,1,1,1,0.0,0,0.0,1.0,80.0,No,0.0011
PRV56073,12,2440,203.33333333333334,1200,0.0,0.0,0.0,82.33333333333333,0,12,12,1,0.0,0,0.0,1.0,203.33333333333334,No,0.0022
PRV56075,12,3020,251.66666666666666,1700,0.08333333333333333,0.0,0.0,64.5,0,12,12,1,0.0,0,0.0,1.0,251.66666666666666,No,0.0007
PRV56076,3,520,173.33333333333334,400,0.0,0.0,0.0,74.66666666666667,0,3,3,1,0.0,0,0.0,1.0,173.33333333333334,No,0.0007
PRV56077,7,2450,350.0,1900,5.714285714285714,0.0,0.0,70.14285714285714,0,7,7,1,0.0,0,0.0,1.0,350.0,No,0.0009
PRV56078,4,510,127.5,400,0.0,0.0,0.0,69.75,0,4,4,2,0.0,0,0.0,1.0,127.5,No,0.0012
PRV56080,5,250,50.0,100,0.0,0.0,0.0,78.4,0,5,5,2,0.0,0,0.0,1.0,50.0,No,0.0017
PRV56083,3,3570,1190.0,3300,0.0,0.0,0.0,78.0,0,3,3,2,0.0,0,0.0,1.0,1190.0,No,0.0016
PRV56084,1,50,50.0,50,0.0,0.0,0.0,74.0,0,1,1,1,0.0,0,0.0,1.0,50.0,No,0.0011
PRV56086,16,4280,267.5,2300,0.25,0.0,5.625,72.375,0,16,14,1,0.0,0,0.0,1.1428571428571428,305.7142857142857,No,0.002
PRV56087,1,300,300.0,300,0.0,0.0,0.0,92.0,0,1,1,1,0.0,0,0.0,1.0,300.0,No,0.0128
PRV56088,85,25150,295.88235294117646,3300,2.823529411764706,0.0,3.6470588235294117,76.45882352941176,0,85,74,4,0.011764705882352941,0,0.0,1.1486486486486487,339.86486486486484,No,0.0037
PRV56089,1,10,10.0,10,0.0,0.0,0.0,69.0,0,1,1,1,0.0,0,0.0,1.0,10.0,No,0.0016
PRV56090,12,1580,131.66666666666666,500,1.6666666666666667,0.0,0.0,73.0,0,12,11,5,0.0,0,0.0,1.0909090909090908,143.63636363636363,No,0.0004
PRV56091,1,200,200.0,200,0.0,0.0,0.0,88.0,0,1,1,1,0.0,0,0.0,1.0,200.0,No,0.0238
PRV56092,5,4330,866.0,3000,0.2,0.0,0.0,78.0,0,5,4,2,0.0,0,0.0,1.25,1082.5,No,0.0016
PRV56093,7,2070,295.7142857142857,1400,5.714285714285714,0.0,0.0,83.42857142857143,0,7,7,4,0.0,0,0.0,1.0,295.7142857142857,No,0.0014
PRV56094,25,7510,300.4,3300,3.56,0.0,5.6,71.24,0,25,24,1,0.0,0,0.0,1.0416666666666667,312.9166666666667,No,0.0022
PRV56095,11,4910,446.3636363636364,3200,1.8181818181818181,0.0,0.0,79.72727272727273,0,11,10,1,0.0,0,0.0,1.1,491.0,No,0.0006
PRV56098,21,2840,135.23809523809524,1000,1.0,0.0,4.285714285714286,77.80952380952381,0,21,18,1,0.0,0,0.0,1.1666666666666667,157.77777777777777,No,0.0034
PRV56099,3,630,210.0,500,0.3333333333333333,0.0,0.0,74.0,0,3,3,1,0.0,0,0.0,1.0,210.0,No,0.0013
PRV56101,5,5620,1124.0,2900,4.0,0.0,12.0,72.2,0,5,5,1,0.0,0,0.0,1.0,1124.0,No,0.0007
PRV56102,36,86790,2410.8333333333335,18000,2.1944444444444446,0.8888888888888888,237.33333333333334,71.30555555555556,8,28,35,5,0.0,0,0.2222222222222222,1.0285714285714285,2479.714285714286,No,0.0327
PRV56103,116,691860,5964.310344827586,57000,4.586206896551724,3.7327586206896552,598.448275862069,73.8103448275862,68,48,89,4,0.008620689655172414,1,0.5862068965517241,1.303370786516854,7773.70786516854,Yes,0.9461
PRV56104,483,116260,240.703933747412,3300,1.0331262939958592,0.0,2.463768115942029,75.31469979296067,0,483,232,4,0.014492753623188406,1,0.0,2.081896551724138,501.12068965517244,Yes,0.7157
PRV56105,32,264570,8267.8125,33000,5.3125,5.3125,901.125,74.34375,29,3,29,6,0.0,0,0.90625,1.103448275862069,9123.103448275862,No,0.2516
PRV56106,2,10000,5000.0,7000,3.5,3.5,534.0,73.5,2,0,2,1,0.0,0,1.0,1.0,5000.0,No,0.0012
PRV56108,15,7360,490.6666666666667,2700,1.0666666666666667,0.0,0.0,77.46666666666667,0,15,11,1,0.0,0,0.0,1.3636363636363635,669.0909090909091,No,0.0015
PRV56109,12,2320,193.33333333333334,600,0.08333333333333333,0.0,0.0,68.66666666666667,0,12,11,1,0.0,0,0.0,1.0909090909090908,210.9090909090909,No,0.0007
PRV56111,93,20060,215.69892473118279,3300,1.7956989247311828,0.0,2.3655913978494625,76.3010752688172,0,93,50,1,0.021505376344086023,0,0.0,1.86,401.2,No,0.0194
PRV56113,45,16260,361.3333333333333,2800,2.6444444444444444,0.0,0.0,69.44444444444444,0,45,30,2,0.0,0,0.0,1.5,542.0,No,0.0042
PRV56114,41,13180,321.4634146341463,2900,1.6341463414634145,0.0,1.2195121951219512,76.63414634146342,0,41,26,2,0.0,0,0.0,1.5769230769230769,506.9230769230769,No,0.0019
PRV56115,2,290,145.0,200,0.0,0.0,0.0,74.5,0,2,2,2,0.0,0,0.0,1.0,145.0,No,0.0013
PRV56116,35,9790,279.7142857142857,3300,1.457142857142857,0.0,2.0,78.51428571428572,0,35,34,22,0.0,0,0.0,1.0294117647058822,287.94117647058823,No,0.0014
PRV56117,14,1420,101.42857142857143,400,0.07142857142857142,0.0,0.0,75.42857142857143,0,14,12,3,0.0,0,0.0,1.1666666666666667,118.33333333333333,No,0.0015
PRV56118,14,116000,8285.714285714286,25000,7.5,7.5,991.7142857142857,73.92857142857143,14,0,14,1,0.07142857142857142,0,1.0,1.0,8285.714285714286,No,0.0294
PRV56119,11,120000,10909.09090909091,21000,5.636363636363637,5.636363636363637,1068.0,77.0909090909091,11,0,11,2,0.0,0,1.0,1.0,10909.09090909091,No,0.0263
PRV56120,4,36000,9000.0,21000,5.0,5.0,1068.0,67.5,4,0,4,1,0.0,0,1.0,1.0,9000.0,No,0.0045
PRV56121,16,229000,14312.5,57000,8.6875,8.6875,1068.0,75.625,16,0,16,3,0.0,0,1.0,1.0,14312.5,No,0.1093
PRV56122,3,20000,6666.666666666667,11000,5.666666666666667,5.666666666666667,712.0,82.66666666666667,3,0,3,1,0.0,0,1.0,1.0,6666.666666666667,No,0.0031
PRV56123,40,498000,12450.0,57000,5.05,5.05,1041.3,74.275,40,0,38,2,0.05,0,1.0,1.0526315789473684,13105.263157894737,No,0.4411
PRV56124,6,84000,14000.0,57000,3.6666666666666665,3.6666666666666665,1068.0,71.5,6,0,6,2,0.0,0,1.0,1.0,14000.0,No,0.0597
PRV56125,7,45000,6428.571428571428,9000,4.285714285714286,4.285714285714286,1068.0,74.28571428571429,7,0,7,2,0.0,0,1.0,1.0,6428.571428571428,No,0.0084
PRV56126,6,31000,5166.666666666667,8000,4.5,4.5,1068.0,73.33333333333333,6,0,6,3,0.0,0,1.0,1.0,5166.666666666667,No,0.0078
PRV56129,23,256000,11130.434782608696,43000,5.565217391304348,5.565217391304348,1068.0,71.73913043478261,23,0,21,1,0.0,0,1.0,1.0952380952380953,12190.47619047619,No,0.3932
PRV56130,17,120000,7058.823529411765,25000,3.7058823529411766,3.7058823529411766,1068.0,78.11764705882354,17,0,16,1,0.0,0,1.0,1.0625,7500.0,No,0.0328
PRV56131,15,141000,9400.0,19000,4.533333333333333,4.533333333333333,1068.0,75.06666666666666,15,0,13,3,0.0,0,1.0,1.1538461538461537,10846.153846153846,No,0.0776
PRV56133,15,144000,9600.0,27000,4.933333333333334,4.933333333333334,1068.0,67.53333333333333,15,0,14,1,0.0,0,1.0,1.0714285714285714,10285.714285714286,No,0.1051
PRV56134,62,768000,12387.09677419355,77000,5.919354838709677,5.919354838709677,1068.0,73.12903225806451,62,0,58,1,0.0,1,1.0,1.0689655172413792,13241.379310344828,Yes,0.799
PRV56135,22,57230,2601.3636363636365,36000,3.3636363636363638,2.3181818181818183,97.0909090909091,75.63636363636364,3,19,16,4,0.09090909090909091,0,0.13636363636363635,1.375,3576.875,No,0.1548
PRV56136,8,7120,890.0,6000,0.375,0.375,133.5,65.125,1,7,8,6,0.0,0,0.125,1.0,890.0,No,0.0021
PRV56137,48,16150,336.4583333333333,3300,2.25,0.0,2.5,69.45833333333333,0,48,30,14,0.0,0,0.0,1.6,538.3333333333334,No,0.0064
PRV56138,36,13160,365.55555555555554,2500,2.0,0.0,12.777777777777779,70.36111111111111,0,36,22,17,0.0,0,0.0,1.6363636363636365,598.1818181818181,No,0.0035
PRV56139,21,45010,2143.3333333333335,17000,2.0,1.0476190476190477,152.57142857142858,77.42857142857143,3,18,14,6,0.0,0,0.14285714285714285,1.5,3215.0,No,0.0324
PRV56140,31,130600,4212.903225806452,31000,3.6774193548387095,3.032258064516129,551.2258064516129,71.0,16,15,30,16,0.0,0,0.5161290322580645,1.0333333333333334,4353.333333333333,No,0.1273
PRV56141,39,14540,372.8205128205128,3300,0.9487179487179487,0.0,1.0256410256410255,69.61538461538461,0,39,28,7,0.02564102564102564,0,0.0,1.3928571428571428,519.2857142857143,No,0.0121
PRV56142,53,131590,2482.830188679245,57000,2.641509433962264,1.3962264150943395,102.83018867924528,71.94339622641509,5,48,51,29,0.0,0,0.09433962264150944,1.0392156862745099,2580.1960784313724,No,0.2327
PRV56143,29,5220,180.0,1900,0.034482758620689655,0.0,1.7241379310344827,70.48275862068965,0,29,24,6,0.0,0,0.0,1.2083333333333333,217.5,No,0.0014
PRV56145,52,22650,435.5769230769231,3300,1.6538461538461537,0.0,4.038461538461538,71.98076923076923,0,52,40,3,0.0,0,0.0,1.3,566.25,No,0.0015
PRV56146,21,11600,552.3809523809524,3300,1.9047619047619047,0.0,0.0,70.04761904761905,0,21,14,4,0.0,0,0.0,1.5,828.5714285714286,No,0.0034
PRV56147,8,18470,2308.75,14000,2.75,2.75,267.0,75.125,2,6,8,6,0.0,0,0.25,1.0,2308.75,No,0.0031
PRV56148,143,23950,167.4825174825175,2800,0.951048951048951,0.0,1.4685314685314685,72.41958041958041,0,143,70,9,0.0,0,0.0,2.0428571428571427,342.14285714285717,No,0.0031
PRV56149,27,6130,227.03703703703704,3300,0.037037037037037035,0.0,4.444444444444445,73.0,0,27,16,18,0.0,0,0.0,1.6875,383.125,No,0.0031
PRV56151,87,17780,204.367816091954,2700,0.7471264367816092,0.0,1.264367816091954,72.79310344827586,0,87,42,4,0.0,0,0.0,2.0714285714285716,423.3333333333333,No,0.002
PRV56152,18,6620,367.77777777777777,3300,1.2777777777777777,0.0,1.1111111111111112,72.38888888888889,0,18,15,9,0.0,0,0.0,1.2,441.3333333333333,No,0.0008
PRV56153,9,1410,156.66666666666666,900,0.0,0.0,0.0,70.11111111111111,0,9,9,6,0.0,0,0.0,1.0,156.66666666666666,No,0.0008
PRV56154,19,4350,228.94736842105263,1000,3.473684210526316,0.0,0.0,71.36842105263158,0,19,19,6,0.0,0,0.0,1.0,228.94736842105263,No,0.001
PRV56156,69,46620,675.6521739130435,12000,1.5072463768115942,0.36231884057971014,79.56521739130434,70.44927536231884,5,64,46,16,0.028985507246376812,0,0.07246376811594203,1.5,1013.4782608695652,No,0.0231
PRV56157,38,13840,364.2105263157895,3300,0.10526315789473684,0.0,0.0,71.92105263157895,0,38,32,5,0.0,0,0.0,1.1875,432.5,No,0.0024
PRV56158,38,5930,156.05263157894737,1000,0.2631578947368421,0.0,1.0526315789473684,71.23684210526316,0,38,24,17,0.0,0,0.0,1.5833333333333333,247.08333333333334,No,0.0029
PRV56159,30,7160,238.66666666666666,1200,1.0666666666666667,0.0,11.666666666666666,74.73333333333333,0,30,29,2,0.03333333333333333,0,0.0,1.0344827586206897,246.89655172413794,No,0.0091
PRV56161,47,105640,2247.659574468085,14000,2.617021276595745,1.851063829787234,280.5531914893617,73.36170212765957,13,34,37,15,0.0,1,0.2765957446808511,1.2702702702702702,2855.135135135135,Yes,0.4834
PRV56163,7,3180,454.2857142857143,2700,0.14285714285714285,0.0,11.428571428571429,65.14285714285714,0,7,6,5,0.0,0,0.0,1.1666666666666667,530.0,No,0.0016
PRV56164,27,5570,206.2962962962963,1700,0.5185185185185185,0.0,0.0,70.70370370370371,0,27,27,23,0.0,0,0.0,1.0,206.2962962962963,No,0.0021
PRV56165,19,12810,674.2105263157895,3300,2.6842105263157894,0.0,2.6315789473684212,68.26315789473684,0,19,13,5,0.0,0,0.0,1.4615384615384615,985.3846153846154,No,0.0029
PRV56166,8,8720,1090.0,4000,0.5,0.5,267.0,77.5,2,6,8,7,0.0,0,0.25,1.0,1090.0,No,0.0035
PRV56168,1,20,20.0,20,0.0,0.0,0.0,69.0,0,1,1,1,0.0,0,0.0,1.0,20.0,No,0.0016
PRV56169,22,7350,334.09090909090907,1700,0.8181818181818182,0.0,0.0,77.22727272727273,0,22,17,19,0.0,0,0.0,1.2941176470588236,432.3529411764706,No,0.0057
PRV56170,18,73370,4076.1111111111113,14000,2.8333333333333335,1.6666666666666667,474.6666666666667,70.88888888888889,8,10,16,11,0.0,0,0.4444444444444444,1.125,4585.625,No,0.0778
PRV56171,15,1140,76.0,200,2.7333333333333334,0.0,0.6666666666666666,65.4,0,15,12,4,0.0,0,0.0,1.25,95.0,No,0.0013
PRV56172,11,31140,2830.909090909091,17000,4.363636363636363,0.7272727272727273,291.27272727272725,61.45454545454545,3,8,11,8,0.0,0,0.2727272727272727,1.0,2830.909090909091,No,0.0065
PRV56173,44,106720,2425.4545454545455,41000,3.3181818181818183,0.9318181818181818,149.27272727272728,70.27272727272727,6,38,37,26,0.0,0,0.13636363636363635,1.1891891891891893,2884.324324324324,No,0.1815
PRV56174,10,3550,355.0,3000,3.4,0.3,106.8,66.0,1,9,10,8,0.0,0,0.1,1.0,355.0,No,0.0009
PRV56176,21,7960,379.04761904761904,3300,2.857142857142857,0.0,11.904761904761905,71.71428571428571,0,21,15,5,0.0,0,0.0,1.4,530.6666666666666,No,0.0022
PRV56177,18,2600,144.44444444444446,1000,1.1666666666666667,0.0,4.444444444444445,70.05555555555556,0,18,10,6,0.0,0,0.0,1.8,260.0,No,0.0069
PRV56179,8,9950,1243.75,8000,6.875,4.125,133.5,63.5,1,7,8,3,0.0,0,0.125,1.0,1243.75,No,0.0046
PRV56181,12,4550,379.1666666666667,2000,1.6666666666666667,0.0,0.0,68.08333333333333,0,12,9,1,0.0,0,0.0,1.3333333333333333,505.55555555555554,No,0.0006
PRV56182,51,13590,266.47058823529414,3300,2.3137254901960786,0.0,3.3333333333333335,71.92156862745098,0,51,44,6,0.0,0,0.0,1.1590909090909092,308.8636363636364,No,0.0017
PRV56183,23,4240,184.34782608695653,1400,1.9565217391304348,0.0,0.0,69.8695652173913,0,23,19,4,0.0,0,0.0,1.2105263157894737,223.1578947368421,No,0.0017
PRV56184,18,2730,151.66666666666666,1000,1.6666666666666667,0.0,7.222222222222222,63.333333333333336,0,18,9,5,0.0,0,0.0,2.0,303.3333333333333,No,0.005
PRV56185,7,530,75.71428571428571,200,2.857142857142857,0.0,14.285714285714286,65.0,0,7,7,2,0.0,0,0.0,1.0,75.71428571428571,No,0.0013
PRV56186,12,2660,221.66666666666666,1200,0.9166666666666666,0.0,0.0,59.916666666666664,0,12,10,2,0.08333333333333333,0,0.0,1.2,266.0,No,0.0038
PRV56187,18,4970,276.1111111111111,2100,1.6666666666666667,0.0,6.111111111111111,71.33333333333333,0,18,14,2,0.0,0,0.0,1.2857142857142858,355.0,No,0.0016
PRV56189,6,960,160.0,700,0.0,0.0,0.0,66.16666666666667,0,6,5,2,0.0,0,0.0,1.2,192.0,No,0.0007
PRV56190,6,790,131.66666666666666,300,0.0,0.0,10.0,72.0,0,6,4,2,0.0,0,0.0,1.5,197.5,No,0.0078
PRV56191,62,20710,334.03225806451616,3300,1.967741935483871,0.0,6.451612903225806,68.25806451612904,0,62,37,4,0.0,0,0.0,1.6756756756756757,559.7297297297297,No,0.0033
PRV56193,14,4880,348.57142857142856,3300,0.0,0.0,7.142857142857143,74.35714285714286,0,14,12,4,0.0,0,0.0,1.1666666666666667,406.6666666666667,No,0.0025
PRV56194,8,2170,271.25,1800,0.375,0.0,0.0,64.375,0,8,5,3,0.0,0,0.0,1.6,434.0,No,0.0016
PRV56196,6,740,123.33333333333333,400,1.8333333333333333,0.0,0.0,76.0,0,6,6,3,0.16666666666666666,0,0.0,1.0,123.33333333333333,No,0.0032
PRV56198,21,6500,309.5238095238095,1800,0.0,0.0,0.0,68.04761904761905,0,21,12,2,0.0,0,0.0,1.75,541.6666666666666,No,0.0021
PRV56199,16,2600,162.5,1300,1.3125,0.0,0.0,69.25,0,16,13,1,0.0,0,0.0,1.2307692307692308,200.0,No,0.0012
PRV56200,58,12600,217.24137931034483,3300,1.603448275862069,0.0,0.0,72.43103448275862,0,58,41,3,0.0,0,0.0,1.4146341463414633,307.3170731707317,No,0.0029
PRV56201,3,120,40.0,80,0.0,0.0,0.0,82.33333333333333,0,3,2,1,0.0,0,0.0,1.5,60.0,No,0.008
PRV56202,1,10000,10000.0,10000,3.0,3.0,1068.0,85.0,1,0,1,1,0.0,0,1.0,1.0,10000.0,No,0.002
PRV56206,31,6240,201.29032258064515,3200,2.064516129032258,0.0,2.5806451612903225,72.64516129032258,0,31,30,20,0.0,0,0.0,1.0333333333333334,208.0,No,0.0015
PRV56207,95,89520,942.3157894736842,56000,1.4526315789473685,0.29473684210526313,37.72631578947368,75.72631578947369,3,92,92,48,0.021052631578947368,0,0.031578947368421054,1.0326086956521738,973.0434782608696,No,0.0335
PRV56208,67,25610,382.23880597014926,3300,1.507462686567164,0.0,0.0,72.55223880597015,0,67,66,27,0.0,0,0.0,1.0151515151515151,388.030303030303,No,0.0008
PRV56209,189,57370,303.5449735449736,3300,1.5396825396825398,0.0,1.746031746031746,74.55555555555556,0,189,186,115,0.0,0,0.0,1.0161290322580645,308.44086021505376,No,0.0032
PRV56210,150,254720,1698.1333333333334,19000,1.5466666666666666,1.0266666666666666,222.52,73.52666666666667,31,119,144,40,0.02666666666666667,0,0.20666666666666667,1.0416666666666667,1768.888888888889,No,0.1684
PRV56211,83,23700,285.5421686746988,2300,2.0481927710843375,0.0,4.9397590361445785,72.55421686746988,0,83,83,60,0.0,0,0.0,1.0,285.5421686746988,No,0.0011
PRV56212,17,5360,315.29411764705884,3300,4.411764705882353,0.0,0.0,70.82352941176471,0,17,17,14,0.0,0,0.0,1.0,315.29411764705884,No,0.0013
PRV56213,643,161060,250.48211508553655,3300,1.5303265940902022,0.0,2.8460342146189737,73.31259720062208,0,643,355,22,0.012441679626749611,0,0.0,1.8112676056338028,453.6901408450704,No,0.0941
PRV56214,3,710,236.66666666666666,600,0.3333333333333333,0.0,0.0,69.0,0,3,3,2,0.0,0,0.0,1.0,236.66666666666666,No,0.0017
PRV56216,481,157910,328.2952182952183,12000,1.3846153846153846,0.0,3.264033264033264,73.11434511434511,0,481,352,61,0.008316008316008316,0,0.0,1.3664772727272727,448.60795454545456,No,0.0545
PRV56217,45,9920,220.44444444444446,1300,0.5333333333333333,0.0,0.0,74.64444444444445,0,45,37,27,0.0,0,0.0,1.2162162162162162,268.1081081081081,No,0.0024
PRV56218,118,59160,501.35593220338984,8000,1.9830508474576272,0.3898305084745763,56.08474576271186,72.7457627118644,6,112,103,49,0.01694915254237288,0,0.05084745762711865,1.145631067961165,574.3689320388349,No,0.0353
PRV56219,277,116970,422.27436823104694,20000,1.2346570397111913,0.13357400722021662,13.516245487364621,72.59927797833934,4,273,98,6,0.0,0,0.01444043321299639,2.826530612244898,1193.5714285714287,No,0.2733
PRV56220,15,18610,1240.6666666666667,7000,1.8666666666666667,0.8666666666666667,213.6,68.13333333333334,3,12,14,11,0.0,0,0.2,1.0714285714285714,1329.2857142857142,No,0.0037
PRV56221,305,228340,748.655737704918,48000,1.2819672131147541,0.2721311475409836,64.53770491803279,71.12786885245902,18,287,213,49,0.0,0,0.05901639344262295,1.431924882629108,1072.018779342723,No,0.1497
PRV56222,101,24770,245.24752475247524,3300,1.9504950495049505,0.0,3.6633663366336635,70.83168316831683,0,101,72,7,0.009900990099009901,0,0.0,1.4027777777777777,344.02777777777777,No,0.0095
PRV56224,111,68950,621.1711711711712,14000,1.5225225225225225,0.08108108108108109,41.009009009009006,71.76576576576576,4,107,101,64,0.02702702702702703,0,0.036036036036036036,1.099009900990099,682.6732673267327,No,0.0079
PRV56225,588,761100,1294.3877551020407,74000,1.9285714285714286,0.5680272108843537,91.02380952380952,72.79761904761905,50,538,312,10,0.013605442176870748,1,0.08503401360544217,1.8846153846153846,2439.423076923077,Yes,0.9507
PRV56227,26,8820,339.2307692307692,4000,1.8076923076923077,0.07692307692307693,41.84615384615385,73.65384615384616,1,25,24,13,0.0,0,0.038461538461538464,1.0833333333333333,367.5,No,0.0017
PRV56228,262,65670,250.64885496183206,3300,1.6908396946564885,0.0,2.7099236641221376,70.29770992366412,0,262,149,48,0.0,0,0.0,1.7583892617449663,440.73825503355704,No,0.0074
PRV56229,13,4440,341.53846153846155,3300,0.0,0.0,0.0,68.3076923076923,0,13,12,5,0.0,0,0.0,1.0833333333333333,370.0,No,0.0014
PRV56231,270,408720,1513.7777777777778,57000,1.3222222222222222,0.5444444444444444,128.8,71.03333333333333,32,238,198,23,0.0,1,0.11851851851851852,1.3636363636363635,2064.242424242424,Yes,0.3296
PRV56232,35,9780,279.42857142857144,1900,1.0285714285714285,0.0,0.0,72.0,0,35,34,27,0.0,0,0.0,1.0294117647058822,287.6470588235294,No,0.0018
PRV56233,98,32890,335.61224489795916,3000,2.6122448979591835,0.0,1.1224489795918366,75.1734693877551,0,98,42,3,0.01020408163265306,0,0.0,2.3333333333333335,783.0952380952381,No,0.0075
PRV56234,70,21720,310.2857142857143,2400,2.142857142857143,0.0,1.1428571428571428,72.65714285714286,0,70,56,32,0.014285714285714285,0,0.0,1.25,387.85714285714283,No,0.0017
PRV56235,171,178900,1046.1988304093568,41000,1.8128654970760234,0.6023391812865497,92.52631578947368,72.57309941520468,14,157,153,77,0.0,0,0.08187134502923976,1.1176470588235294,1169.2810457516339,No,0.1895
PRV56236,36,56080,1557.7777777777778,13000,1.6944444444444444,0.8611111111111112,207.94444444444446,72.97222222222223,7,29,35,28,0.0,0,0.19444444444444445,1.0285714285714285,1602.2857142857142,No,0.0148
PRV56237,198,35030,176.91919191919192,1600,1.0,0.0,3.0303030303030303,72.4949494949495,0,198,131,22,0.0,0,0.0,1.5114503816793894,267.40458015267177,No,0.0388
PRV56238,31,73690,2377.0967741935483,42000,1.096774193548387,0.9354838709677419,140.70967741935485,73.70967741935483,4,27,30,14,0.0,0,0.12903225806451613,1.0333333333333334,2456.3333333333335,No,0.0467
PRV56239,125,54830,438.64,3300,2.696,0.0,2.72,67.528,0,125,55,6,0.0,0,0.0,2.272727272727273,996.9090909090909,No,0.0252
PRV56241,140,31640,226.0,2600,0.7642857142857142,0.0,0.9285714285714286,71.43571428571428,0,140,98,68,0.02857142857142857,0,0.0,1.4285714285714286,322.85714285714283,No,0.0108
PRV56242,136,50420,370.7352941176471,7000,2.0220588235294117,0.0,9.029411764705882,72.83088235294117,1,135,75,13,0.0,0,0.007352941176470588,1.8133333333333332,672.2666666666667,No,0.0273
PRV56243,909,922780,1015.1595159515952,50000,1.6413641364136413,0.4081408140814081,89.41034103410341,71.99559955995599,78,831,604,123,0.005500550055005501,0,0.0858085808580858,1.5049668874172186,1527.7814569536424,No,0.5453
PRV56245,76,13720,180.52631578947367,1700,1.263157894736842,0.0,1.7105263157894737,66.89473684210526,0,76,44,7,0.0,0,0.0,1.7272727272727273,311.8181818181818,No,0.0227
PRV56247,26,20410,785.0,9000,1.9230769230769231,0.07692307692307693,86.76923076923077,71.61538461538461,2,24,21,10,0.0,0,0.07692307692307693,1.2380952380952381,971.9047619047619,No,0.0027
PRV56248,934,283190,303.2012847965739,3300,1.335117773019272,0.0,2.4518201284796572,71.47537473233405,0,934,477,11,0.004282655246252677,0,0.0,1.9580712788259957,593.6897274633124,No,0.0308
PRV56249,1110,875110,788.3873873873874,46000,1.6063063063063063,0.3261261261261261,55.62162162162162,71.1045045045045,56,1054,666,34,0.006306306306306306,1,0.05045045045045045,1.6666666666666667,1313.978978978979,Yes,0.782
PRV56251,30,8950,298.3333333333333,3100,0.8333333333333334,0.0,0.0,72.13333333333334,0,30,16,9,0.0,0,0.0,1.875,559.375,No,0.0014
PRV56252,18,5210,289.44444444444446,3300,1.6666666666666667,0.0,0.0,69.5,0,18,18,13,0.0,0,0.0,1.0,289.44444444444446,No,0.0013
PRV56253,311,636680,2047.2025723472668,51000,2.102893890675241,1.1768488745980707,218.85530546623795,71.93890675241157,63,248,228,29,0.0,1,0.20257234726688103,1.3640350877192982,2792.4561403508774,Yes,0.9349
PRV56255,102,38510,377.54901960784315,3300,1.4509803921568627,0.0,3.5294117647058822,73.96078431372548,0,102,68,14,0.0,0,0.0,1.5,566.3235294117648,No,0.0034
PRV56256,55,90650,1648.1818181818182,14000,1.6545454545454545,0.8181818181818182,213.78181818181818,73.03636363636363,11,44,53,17,0.0,0,0.2,1.0377358490566038,1710.377358490566,No,0.0126
PRV56257,52,157440,3027.6923076923076,34000,3.0,2.230769230769231,351.0769230769231,73.32692307692308,17,35,48,20,0.038461538461538464,1,0.3269230769230769,1.0833333333333333,3280.0,Yes,0.6783
PRV56258,70,26130,373.2857142857143,3300,1.0714285714285714,0.0,2.4285714285714284,73.94285714285714,0,70,70,46,0.014285714285714285,0,0.0,1.0,373.2857142857143,No,0.0019
PRV56259,196,160020,816.4285714285714,24000,1.7908163265306123,0.5,89.3265306122449,71.13265306122449,16,180,188,110,0.00510204081632653,1,0.08163265306122448,1.0425531914893618,851.1702127659574,Yes,0.5086
PRV56260,59,550510,9330.677966101695,55000,4.11864406779661,4.11864406779661,977.4915254237288,72.33898305084746,55,4,53,9,0.0,0,0.9322033898305084,1.1132075471698113,10386.981132075472,No,0.5043
PRV56261,69,24690,357.82608695652175,3300,0.5652173913043478,0.0,7.246376811594203,72.92753623188406,0,69,47,11,0.0,0,0.0,1.4680851063829787,525.3191489361702,No,0.0032
PRV56262,15,3480,232.0,1000,0.9333333333333333,0.0,2.6666666666666665,70.46666666666667,0,15,15,9,0.06666666666666667,0,0.0,1.0,232.0,No,0.002
PRV56263,18,22940,1274.4444444444443,13000,0.8333333333333334,0.2777777777777778,129.77777777777777,78.55555555555556,2,16,17,11,0.0,0,0.1111111111111111,1.0588235294117647,1349.4117647058824,No,0.0067
PRV56264,51,172050,3373.529411764706,54000,3.607843137254902,2.607843137254902,378.3137254901961,72.33333333333333,19,32,45,27,0.0,0,0.37254901960784315,1.1333333333333333,3823.3333333333335,No,0.2422
PRV56265,126,211760,1680.6349206349207,32000,1.3650793650793651,0.8888888888888888,174.04761904761904,69.33333333333333,20,106,54,17,0.007936507936507936,0,0.15873015873015872,2.3333333333333335,3921.4814814814813,No,0.1133
PRV56266,30,9640,321.3333333333333,3000,1.4333333333333333,0.0,1.3333333333333333,68.2,0,30,26,22,0.0,0,0.0,1.1538461538461537,370.7692307692308,No,0.0009
PRV56267,4,350,87.5,100,0.0,0.0,15.0,68.25,0,4,4,3,0.0,0,0.0,1.0,87.5,No,0.003
PRV56268,1113,940670,845.1662174303684,47000,1.669362084456424,0.38005390835579517,60.63072776280323,72.5004492362983,61,1052,873,300,0.009883198562443846,1,0.05480682839173405,1.274914089347079,1077.5143184421536,Yes,0.7042
PRV56269,17,83230,4895.882352941177,22000,2.176470588235294,2.176470588235294,508.47058823529414,75.29411764705883,8,9,16,13,0.0,0,0.47058823529411764,1.0625,5201.875,No,0.0217
PRV56270,1043,289970,278.01534036433367,3300,1.180249280920422,0.0,2.5023969319271333,71.14285714285714,0,1043,485,45,0.016299137104506232,0,0.0,2.1505154639175257,597.8762886597938,No,0.1586
PRV56271,93,36760,395.26881720430106,6000,1.2903225806451613,0.010752688172043012,16.43010752688172,67.0,1,92,65,17,0.0,0,0.010752688172043012,1.4307692307692308,565.5384615384615,No,0.0064
PRV56272,22,5450,247.72727272727272,3100,1.6818181818181819,0.0,8.636363636363637,73.54545454545455,0,22,14,6,0.0,0,0.0,1.5714285714285714,389.2857142857143,No,0.0012
PRV56274,8,23980,2997.5,12000,2.875,2.625,534.0,69.5,4,4,8,7,0.0,0,0.5,1.0,2997.5,No,0.0057
PRV56275,80,24690,308.625,3200,0.5875,0.0,3.125,72.8875,0,80,34,1,0.0375,0,0.0,2.3529411764705883,726.1764705882352,No,0.0024
PRV56276,7,13390,1912.857142857143,13000,3.857142857142857,2.142857142857143,0.0,71.85714285714286,1,6,7,4,0.0,0,0.14285714285714285,1.0,1912.857142857143,No,0.0032
PRV56277,19,5470,287.89473684210526,2500,2.3157894736842106,0.0,0.0,75.63157894736842,0,19,17,5,0.0,0,0.0,1.1176470588235294,321.7647058823529,No,0.001
PRV56278,27,20910,774.4444444444445,3300,2.259259259259259,0.0,0.0,71.25925925925925,0,27,18,3,0.0,0,0.0,1.5,1161.6666666666667,No,0.0023
PRV56279,53,17770,335.2830188679245,3300,2.056603773584906,0.0,1.8867924528301887,70.94339622641509,0,53,29,2,0.0,0,0.0,1.8275862068965518,612.7586206896551,No,0.0021
PRV56280,39,8450,216.66666666666666,2300,0.2564102564102564,0.0,2.3076923076923075,68.15384615384616,0,39,32,6,0.02564102564102564,0,0.0,1.21875,264.0625,No,0.0231
PRV56281,54,24130,446.85185185185185,3300,2.259259259259259,0.0,3.888888888888889,70.57407407407408,0,54,24,2,0.0,0,0.0,2.25,1005.4166666666666,No,0.004
PRV56282,4,500,125.0,200,0.25,0.0,0.0,81.25,0,4,4,2,0.0,0,0.0,1.0,125.0,No,0.0015
PRV56283,3,2320,773.3333333333334,2200,6.666666666666667,0.0,0.0,69.33333333333333,0,3,3,1,0.0,0,0.0,1.0,773.3333333333334,No,0.0011
PRV56284,67,23090,344.6268656716418,3300,1.4179104477611941,0.0,1.6417910447761195,71.58208955223881,0,67,37,3,0.014925373134328358,0,0.0,1.8108108108108107,624.0540540540541,No,0.004
PRV56285,13,140000,10769.23076923077,50000,7.230769230769231,7.230769230769231,1068.0,74.3076923076923,13,0,12,2,0.0,0,1.0,1.0833333333333333,11666.666666666666,No,0.2867
PRV56286,1,23000,23000.0,23000,15.0,15.0,1068.0,73.0,1,0,1,1,0.0,0,1.0,1.0,23000.0,No,0.003
PRV56287,107,28680,268.0373831775701,3300,1.1495327102803738,0.0,2.897196261682243,73.55140186915888,0,107,83,1,0.018691588785046728,0,0.0,1.2891566265060241,345.5421686746988,No,0.024
PRV56288,2,24000,12000.0,15000,2.5,2.5,1068.0,64.0,2,0,2,2,0.0,0,1.0,1.0,12000.0,No,0.002
PRV56289,5,28000,5600.0,10000,4.0,4.0,1068.0,65.4,5,0,5,4,0.0,0,1.0,1.0,5600.0,No,0.004
PRV56290,23,11560,502.60869565217394,3300,2.739130434782609,0.0,0.43478260869565216,77.08695652173913,0,23,16,3,0.0,0,0.0,1.4375,722.5,No,0.0027
PRV56291,36,13150,365.27777777777777,3300,3.1944444444444446,0.0,0.0,70.27777777777777,0,36,26,2,0.0,0,0.0,1.3846153846153846,505.7692307692308,No,0.0024
PRV56293,3,430,143.33333333333334,410,0.0,0.0,0.0,70.0,0,3,3,2,0.0,0,0.0,1.0,143.33333333333334,No,0.0016
PRV56295,4,1200,300.0,1100,0.0,0.0,0.0,71.5,0,4,4,1,0.25,0,0.0,1.0,300.0,No,0.0023
PRV56297,28,7140,255.0,3300,2.2857142857142856,0.0,0.0,75.92857142857143,0,28,23,3,0.0,0,0.0,1.2173913043478262,310.4347826086956,No,0.0017
PRV56299,5,320,64.0,200,0.0,0.0,0.0,74.2,0,5,5,1,0.0,0,0.0,1.0,64.0,No,0.0011
PRV56300,8,990,123.75,400,2.5,0.0,12.5,77.25,0,8,5,1,0.0,0,0.0,1.6,198.0,No,0.0066
PRV56301,3,1030,343.3333333333333,900,0.0,0.0,0.0,67.66666666666667,0,3,3,1,0.0,0,0.0,1.0,343.3333333333333,No,0.0016
PRV56302,4,1500,375.0,600,0.0,0.0,5.0,69.25,0,4,4,1,0.0,0,0.0,1.0,375.0,No,0.0035
PRV56303,2,70,35.0,60,0.0,0.0,0.0,74.5,0,2,2,1,0.0,0,0.0,1.0,35.0,No,0.0011
PRV56304,15,12660,844.0,6050,1.5333333333333334,0.0,6.666666666666667,74.2,0,15,13,2,0.0,0,0.0,1.1538461538461537,973.8461538461538,No,0.0016
PRV56305,29,4200,144.82758620689654,600,0.13793103448275862,0.0,0.0,75.51724137931035,0,29,12,1,0.0,0,0.0,2.4166666666666665,350.0,No,0.002
PRV56306,7,1400,200.0,600,2.857142857142857,0.0,11.428571428571429,62.57142857142857,0,7,5,1,0.0,0,0.0,1.4,280.0,No,0.0055
PRV56307,12,1330,110.83333333333333,400,1.6666666666666667,0.0,0.0,70.25,0,12,12,3,0.0,0,0.0,1.0,110.83333333333333,No,0.0008
PRV56308,15,5030,335.3333333333333,1700,1.4666666666666666,0.0,0.0,73.2,0,15,9,3,0.0,0,0.0,1.6666666666666667,558.8888888888889,No,0.0008
PRV56309,3,1320,440.0,1200,0.0,0.0,0.0,59.666666666666664,0,3,3,1,0.0,0,0.0,1.0,440.0,No,0.0015
PRV56310,1,80,80.0,80,0.0,0.0,0.0,74.0,0,1,1,1,0.0,0,0.0,1.0,80.0,No,0.0013
PRV56311,19,7670,403.6842105263158,2000,0.631578947368421,0.0,5.2631578947368425,74.10526315789474,0,19,10,2,0.0,0,0.0,1.9,767.0,No,0.0046
PRV56313,3,100,33.333333333333336,70,0.0,0.0,0.0,68.66666666666667,0,3,3,1,0.0,0,0.0,1.0,33.333333333333336,No,0.0012
PRV56314,8,3740,467.5,2200,2.5,0.0,0.0,72.5,0,8,8,3,0.0,0,0.0,1.0,467.5,No,0.0008
PRV56316,6,4450,741.6666666666666,2200,3.6666666666666665,0.0,0.0,77.33333333333333,0,6,5,3,0.0,0,0.0,1.2,890.0,No,0.0008
PRV56317,2,10,5.0,10,0.0,0.0,0.0,81.5,0,2,2,2,0.0,0,0.0,1.0,5.0,No,0.0021
PRV56318,1,200,200.0,200,0.0,0.0,0.0,82.0,0,1,1,1,0.0,0,0.0,1.0,200.0,No,0.0067
PRV56319,13,6480,498.46153846153845,3300,1.5384615384615385,0.0,0.0,76.84615384615384,0,13,12,2,0.0,0,0.0,1.0833333333333333,540.0,No,0.001
PRV56321,7,3910,558.5714285714286,2600,0.0,0.0,2.857142857142857,71.14285714285714,0,7,6,2,0.0,0,0.0,1.1666666666666667,651.6666666666666,No,0.002
PRV56322,37,6800,183.78378378378378,1500,0.0,0.0,5.945945945945946,68.37837837837837,0,37,27,3,0.02702702702702703,0,0.0,1.3703703703703705,251.85185185185185,No,0.0614
PRV56324,1,100,100.0,100,0.0,0.0,0.0,66.0,0,1,1,1,0.0,0,0.0,1.0,100.0,No,0.0012
PRV56328,15,2100,140.0,600,2.2,0.0,0.0,80.8,0,15,13,3,0.0,0,0.0,1.1538461538461537,161.53846153846155,No,0.0009
PRV56329,14,177000,12642.857142857143,32000,5.714285714285714,5.714285714285714,1068.0,69.28571428571429,14,0,13,2,0.0,0,1.0,1.0769230769230769,13615.384615384615,No,0.2056
PRV56330,16,3130,195.625,1000,0.0625,0.0,0.0,70.6875,0,16,15,3,0.0,0,0.0,1.0666666666666667,208.66666666666666,No,0.0015
PRV56331,1,10,10.0,10,0.0,0.0,0.0,65.0,0,1,1,1,0.0,0,0.0,1.0,10.0,No,0.0011
PRV56333,42,11600,276.1904761904762,3300,1.5952380952380953,0.0,0.0,72.28571428571429,0,42,33,2,0.0,0,0.0,1.2727272727272727,351.5151515151515,No,0.0014
PRV56334,8,670,83.75,300,0.0,0.0,0.0,68.625,0,8,8,1,0.0,0,0.0,1.0,83.75,No,0.0007
PRV56335,18,156000,8666.666666666666,29000,5.0,5.0,1068.0,77.5,18,0,18,3,0.1111111111111111,0,1.0,1.0,8666.666666666666,No,0.0846
PRV56336,21,237000,11285.714285714286,39000,4.571428571428571,4.571428571428571,1068.0,71.04761904761905,21,0,21,1,0.0,0,1.0,1.0,11285.714285714286,No,0.1519
PRV56337,2,180,90.0,100,0.0,0.0,15.0,88.5,0,2,2,1,0.0,0,0.0,1.0,90.0,No,0.0176
PRV56338,10,97400,9740.0,28000,5.2,5.2,1068.0,67.2,10,0,10,3,0.1,0,1.0,1.0,9740.0,No,0.0675
PRV56339,1,9000,9000.0,9000,3.0,3.0,1068.0,45.0,1,0,1,1,0.0,0,1.0,1.0,9000.0,No,0.0015
PRV56340,3,57000,19000.0,48000,6.0,6.0,1068.0,65.33333333333333,3,0,3,1,0.0,0,1.0,1.0,19000.0,No,0.0406
PRV56341,1,18000,18000.0,18000,5.0,5.0,1068.0,75.0,1,0,1,1,0.0,0,1.0,1.0,18000.0,No,0.0019
PRV56342,5,52000,10400.0,20000,2.6,2.6,1068.0,68.6,5,0,5,1,0.0,0,1.0,1.0,10400.0,No,0.0055
PRV56344,11,3520,320.0,1400,0.0,0.0,0.0,72.27272727272727,0,11,10,5,0.0,0,0.0,1.1,352.0,No,0.001
PRV56345,572,134510,235.15734265734267,3300,1.1451048951048952,0.0,3.7412587412587412,72.9458041958042,0,572,243,11,0.0017482517482517483,0,0.0,2.353909465020576,553.5390946502058,No,0.1153
PRV56346,42,16050,382.14285714285717,3300,2.119047619047619,0.0,3.3333333333333335,75.35714285714286,0,42,25,14,0.0,0,0.0,1.68,642.0,No,0.0049
PRV56347,51,106110,2080.5882352941176,41000,1.6470588235294117,0.7843137254901961,192.98039215686273,73.88235294117646,9,42,43,19,0.0,0,0.17647058823529413,1.186046511627907,2467.6744186046512,No,0.0325
PRV56348,58,11200,193.10344827586206,2010,0.27586206896551724,0.0,3.793103448275862,75.27586206896552,0,58,36,28,0.0,0,0.0,1.6111111111111112,311.1111111111111,No,0.0173
PRV56349,61,288280,4725.901639344263,43000,3.0,1.9672131147540983,509.21311475409834,69.72131147540983,31,30,51,33,0.0,0,0.5081967213114754,1.196078431372549,5652.549019607844,No,0.309
PRV56350,158,812530,5142.594936708861,57000,3.721518987341772,2.2088607594936707,440.0632911392405,74.4113924050633,66,92,119,81,0.0,1,0.4177215189873418,1.3277310924369747,6827.983193277311,Yes,0.9311
PRV56351,29,10920,376.55172413793105,2900,2.1379310344827585,0.0,3.103448275862069,72.65517241379311,0,29,17,13,0.0,0,0.0,1.7058823529411764,642.3529411764706,No,0.0016
PRV56352,24,37730,1572.0833333333333,18000,1.4583333333333333,1.4166666666666667,179.66666666666666,75.04166666666667,4,20,22,14,0.0,0,0.16666666666666666,1.0909090909090908,1715.0,No,0.0386
PRV56353,96,29340,305.625,6050,0.875,0.0,3.3333333333333335,72.05208333333333,0,96,46,25,0.0,0,0.0,2.0869565217391304,637.8260869565217,No,0.0037
PRV56354,11,70470,6406.363636363636,57000,1.5454545454545454,1.5454545454545454,291.27272727272725,74.0909090909091,3,8,9,7,0.18181818181818182,0,0.2727272727272727,1.2222222222222223,7830.0,No,0.0464
PRV56355,115,76130,662.0,25000,1.391304347826087,0.14782608695652175,39.93043478260869,74.84347826086956,4,111,35,16,0.0,0,0.034782608695652174,3.2857142857142856,2175.1428571428573,No,0.2243
PRV56357,16,1690,105.625,400,2.125,0.0,0.0,69.4375,0,16,13,6,0.0,0,0.0,1.2307692307692308,130.0,No,0.0014
PRV56358,4,240,60.0,100,0.0,0.0,0.0,76.0,0,4,4,4,0.0,0,0.0,1.0,60.0,No,0.0018
PRV56360,78,25060,321.28205128205127,2200,2.6666666666666665,0.0,0.6410256410256411,71.37179487179488,0,78,34,6,0.0,0,0.0,2.2941176470588234,737.0588235294117,No,0.0017
PRV56361,114,105550,925.8771929824561,12000,2.192982456140351,0.2807017543859649,67.42105263157895,73.64912280701755,7,107,51,19,0.008771929824561403,1,0.06140350877192982,2.235294117647059,2069.607843137255,Yes,0.1556
PRV56362,60,13210,220.16666666666666,3300,0.6333333333333333,0.0,4.833333333333333,74.41666666666667,0,60,51,18,0.0,0,0.0,1.1764705882352942,259.01960784313724,No,0.0021
PRV56363,19,10420,548.421052631579,3300,2.5789473684210527,0.0,14.736842105263158,70.78947368421052,0,19,8,2,0.0,0,0.0,2.375,1302.5,No,0.0061
PRV56364,79,31280,395.9493670886076,3300,1.6962025316455696,0.0,4.050632911392405,77.07594936708861,0,79,28,1,0.0,0,0.0,2.8214285714285716,1117.142857142857,No,0.0123
PRV56366,9,1880,208.88888888888889,1200,0.0,0.0,0.0,68.66666666666667,0,9,8,2,0.0,0,0.0,1.125,235.0,No,0.002
PRV56367,45,10550,234.44444444444446,3300,1.4444444444444444,0.0,0.0,75.97777777777777,0,45,14,4,0.0,0,0.0,3.2142857142857144,753.5714285714286,No,0.0032
PRV56368,34,9050,266.1764705882353,4000,1.3823529411764706,0.11764705882352941,32.588235294117645,71.94117647058823,1,33,12,7,0.0,0,0.029411764705882353,2.8333333333333335,754.1666666666666,No,0.0044
PRV56369,1,80,80.0,80,1.0,0.0,0.0,57.0,0,1,1,1,0.0,0,0.0,1.0,80.0,No,0.0023
PRV56370,9,1620,180.0,500,0.5555555555555556,0.0,0.0,67.0,0,9,3,2,0.0,0,0.0,3.0,540.0,No,0.0011
PRV56373,1,10,10.0,10,0.0,0.0,0.0,84.0,0,1,1,1,0.0,0,0.0,1.0,10.0,No,0.0037
PRV56374,25,7570,302.8,2300,3.36,0.0,15.6,73.12,0,25,11,6,0.0,0,0.0,2.272727272727273,688.1818181818181,No,0.0022
PRV56375,54,15220,281.85185185185185,3000,1.6111111111111112,0.0,7.222222222222222,73.79629629629629,0,54,29,4,0.0,0,0.0,1.8620689655172413,524.8275862068965,No,0.0018
PRV56376,20,10780,539.0,6900,1.0,0.0,3.5,69.7,0,20,10,6,0.0,0,0.0,2.0,1078.0,No,0.013
PRV56377,1,60,60.0,60,0.0,0.0,0.0,66.0,0,1,1,1,0.0,0,0.0,1.0,60.0,No,0.0011
PRV56378,31,4480,144.51612903225808,600,1.2580645161290323,0.0,0.0,76.03225806451613,0,31,19,1,0.0,0,0.0,1.631578947368421,235.78947368421052,No,0.0046
PRV56379,53,16520,311.6981132075472,3300,0.7169811320754716,0.0,1.1320754716981132,72.90566037735849,0,53,26,11,0.0,0,0.0,2.0384615384615383,635.3846153846154,No,0.0013
PRV56380,21,6040,287.6190476190476,800,1.0476190476190477,0.0,0.0,66.95238095238095,0,21,10,3,0.0,0,0.0,2.1,604.0,No,0.0021
PRV56381,8,4720,590.0,3300,7.5,0.0,0.0,82.0,0,8,1,3,0.0,0,0.0,8.0,4720.0,No,0.004
PRV56384,49,29790,607.9591836734694,14000,1.489795918367347,0.32653061224489793,43.795918367346935,75.59183673469387,2,47,23,8,0.0,0,0.04081632653061224,2.130434782608696,1295.2173913043478,No,0.0158
PRV56385,22,2770,125.9090909090909,1500,0.9090909090909091,0.0,4.545454545454546,71.4090909090909,0,22,11,2,0.0,0,0.0,2.0,251.8181818181818,No,0.0038
PRV56387,1,90,90.0,90,0.0,0.0,0.0,78.0,0,1,1,1,0.0,0,0.0,1.0,90.0,No,0.0019
PRV56388,7,5300,757.1428571428571,2400,2.4285714285714284,0.0,0.0,69.85714285714286,0,7,6,5,0.14285714285714285,0,0.0,1.1666666666666667,883.3333333333334,No,0.0027
PRV56389,15,6520,434.6666666666667,2700,4.0,0.0,13.333333333333334,76.8,0,15,13,2,0.0,0,0.0,1.1538461538461537,501.53846153846155,No,0.0016
PRV56390,5,40220,8044.0,29000,6.6,6.2,443.2,62.6,2,3,5,5,0.0,0,0.4,1.0,8044.0,No,0.0177
PRV56391,2,150,75.0,100,0.0,0.0,0.0,70.5,0,2,2,2,0.0,0,0.0,1.0,75.0,No,0.0015
PRV56392,20,41860,2093.0,11000,3.4,2.85,322.9,71.65,6,14,10,7,0.0,1,0.3,2.0,4186.0,Yes,0.6915
PRV56393,10,2580,258.0,700,2.1,0.0,0.0,78.4,0,10,8,1,0.0,0,0.0,1.25,322.5,No,0.0024
PRV56394,32,15920,497.5,3300,2.96875,0.0,0.0,67.96875,0,32,14,5,0.0,0,0.0,2.2857142857142856,1137.142857142857,No,0.0023
PRV56395,7,107000,15285.714285714286,37000,5.0,5.0,1068.0,68.85714285714286,7,0,7,3,0.0,0,1.0,1.0,15285.714285714286,No,0.0617
PRV56396,83,289380,3486.5060240963853,29000,3.5421686746987953,2.5542168674698793,388.7951807228916,73.6867469879518,32,51,71,31,0.0,1,0.3855421686746988,1.1690140845070423,4075.774647887324,Yes,0.4847
PRV56397,47,9600,204.25531914893617,2400,1.3617021276595744,0.0,1.702127659574468,70.7872340425532,0,47,43,20,0.0,0,0.0,1.0930232558139534,223.25581395348837,No,0.0031
PRV56398,19,6030,317.36842105263156,4000,0.3157894736842105,0.3157894736842105,56.21052631578947,74.10526315789474,1,18,19,12,0.0,0,0.05263157894736842,1.0,317.36842105263156,No,0.0023
PRV56400,9,49800,5533.333333333333,28000,3.2222222222222223,3.0,356.0,74.22222222222223,3,6,9,7,0.0,1,0.3333333333333333,1.0,5533.333333333333,Yes,0.3074
PRV56401,143,27390,191.53846153846155,3300,0.5034965034965035,0.0,3.006993006993007,74.25874125874125,0,143,39,1,0.013986013986013986,0,0.0,3.6666666666666665,702.3076923076923,No,0.0236
PRV56403,34,78660,2313.529411764706,15000,1.1176470588235294,1.0588235294117647,290.94117647058823,71.17647058823529,10,24,31,8,0.0,1,0.29411764705882354,1.096774193548387,2537.4193548387098,Yes,0.3249
PRV56404,363,131660,362.69972451790636,8030,1.6253443526170799,0.0,3.2506887052341598,69.85950413223141,0,363,143,40,0.0,0,0.0,2.5384615384615383,920.6993006993007,No,0.0575
PRV56405,60,24090,401.5,3300,0.9666666666666667,0.0,4.333333333333333,70.23333333333333,0,60,53,21,0.0,0,0.0,1.1320754716981132,454.52830188679246,No,0.0047
PRV56406,201,44770,222.7363184079602,3300,0.8507462686567164,0.0,4.3283582089552235,73.80099502487562,0,201,72,7,0.004975124378109453,0,0.0,2.7916666666666665,621.8055555555555,No,0.0244
PRV56407,40,39500,987.5,10000,2.05,0.775,136.0,68.925,5,35,39,18,0.025,0,0.125,1.0256410256410255,1012.8205128205128,No,0.011
PRV56408,68,79570,1170.1470588235295,57000,1.75,0.75,52.26470588235294,71.1470588235294,3,65,25,14,0.0,0,0.04411764705882353,2.72,3182.8,No,0.0679
PRV56410,350,92530,264.37142857142857,3300,1.1914285714285715,0.0,2.942857142857143,74.22857142857143,0,350,172,20,0.002857142857142857,0,0.0,2.0348837209302326,537.9651162790698,No,0.0463
PRV56411,75,110650,1475.3333333333333,80000,1.76,0.12,60.96,70.84,4,71,35,15,0.0,0,0.05333333333333334,2.142857142857143,3161.4285714285716,No,0.1505
PRV56412,112,111360,994.2857142857143,21000,1.5357142857142858,0.4642857142857143,88.05357142857143,70.3125,9,103,77,12,0.017857142857142856,0,0.08035714285714286,1.4545454545454546,1446.2337662337663,No,0.0979
PRV56413,12,8650,720.8333333333334,3300,2.75,0.0,2.5,70.91666666666667,0,12,12,4,0.0,0,0.0,1.0,720.8333333333334,No,0.0014
PRV56414,27,5900,218.5185185185185,1500,0.14814814814814814,0.0,7.407407407407407,69.48148148148148,0,27,26,24,0.0,0,0.0,1.0384615384615385,226.92307692307693,No,0.0048
PRV56415,41,15990,390.0,6300,0.9512195121951219,0.0,5.121951219512195,73.26829268292683,0,41,41,20,0.024390243902439025,0,0.0,1.0,390.0,No,0.0031
PRV56416,1592,2744870,1724.1645728643216,57000,2.141959798994975,0.8618090452261307,142.5640703517588,70.00565326633166,214,1378,695,53,0.00628140703517588,1,0.13442211055276382,2.2906474820143883,3949.453237410072,Yes,0.9807
PRV56417,119,20230,170.0,3300,0.8319327731092437,0.0,1.7647058823529411,69.6470588235294,0,119,44,13,0.0,0,0.0,2.7045454545454546,459.77272727272725,No,0.0042
PRV56418,29,9790,337.58620689655174,2400,0.4827586206896552,0.0,0.0,69.27586206896552,0,29,27,14,0.0,0,0.0,1.0740740740740742,362.5925925925926,No,0.005
PRV56421,133,510750,3840.2255639097743,79000,2.601503759398496,2.045112781954887,346.2706766917293,70.86466165413533,46,87,100,43,0.03007518796992481,1,0.3458646616541353,1.33,5107.5,Yes,0.9198
PRV56423,12,15490,1290.8333333333333,9000,0.3333333333333333,0.25,178.0,73.5,2,10,10,9,0.0,0,0.16666666666666666,1.2,1549.0,No,0.0028
PRV56425,381,135450,355.51181102362204,12000,1.4173228346456692,0.12598425196850394,25.496062992125985,67.82152230971128,8,373,138,55,0.02099737532808399,1,0.02099737532808399,2.760869565217391,981.5217391304348,Yes,0.0909
PRV56426,436,127230,291.8119266055046,3300,1.385321100917431,0.0,2.8440366972477062,72.32339449541284,0,436,262,52,0.0045871559633027525,0,0.0,1.6641221374045803,485.6106870229008,No,0.0224
PRV56427,23,10460,454.7826086956522,3300,1.0,0.0,0.8695652173913043,70.65217391304348,0,23,20,13,0.0,0,0.0,1.15,523.0,No,0.0048
PRV56428,311,172930,556.0450160771704,32000,1.472668810289389,0.1382636655948553,29.562700964630224,71.9903536977492,8,303,151,19,0.0,1,0.02572347266881029,2.0596026490066226,1145.23178807947,Yes,0.5719
PRV56430,38,11130,292.89473684210526,2200,2.736842105263158,0.0,2.3684210526315788,74.47368421052632,0,38,36,13,0.0,0,0.0,1.0555555555555556,309.1666666666667,No,0.0015
PRV56432,25,54080,2163.2,19000,1.88,1.0,213.6,71.68,6,19,18,13,0.0,0,0.24,1.3888888888888888,3004.4444444444443,No,0.0238
PRV56433,121,39510,326.5289256198347,3300,1.6694214876033058,0.0,3.8016528925619837,71.53719008264463,0,121,114,71,0.008264462809917356,0,0.0,1.0614035087719298,346.57894736842104,No,0.0028
PRV56435,260,100030,384.7307692307692,17000,1.3192307692307692,0.08461538461538462,18.815384615384616,70.8923076923077,4,256,115,49,0.0038461538461538464,1,0.015384615384615385,2.260869565217391,869.8260869565217,Yes,0.4564
PRV56437,719,469300,652.712100139082,23000,1.7524339360222532,0.30180806675938804,58.82336578581363,71.62447844228095,39,680,329,9,0.004172461752433936,1,0.054242002781641166,2.185410334346505,1426.4437689969604,Yes,0.6664
PRV56438,133,827300,6220.300751879699,57000,4.097744360902255,2.8345864661654137,498.3157894736842,72.54887218045113,64,69,126,59,0.0,1,0.48120300751879697,1.0555555555555556,6565.873015873016,Yes,0.837
PRV56439,443,134960,304.65011286681715,3300,1.670428893905192,0.0,3.544018058690745,71.71106094808127,0,443,237,41,0.013544018058690745,0,0.0,1.869198312236287,569.451476793249,No,0.0207
PRV56440,89,29150,327.5280898876405,3300,0.7191011235955056,0.0,1.2359550561797752,72.68539325842697,0,89,72,16,0.0,0,0.0,1.2361111111111112,404.8611111111111,No,0.0015
PRV56441,35,3980,113.71428571428571,800,1.6,0.0,4.0,71.57142857142857,0,35,34,26,0.0,0,0.0,1.0294117647058822,117.05882352941177,No,0.0012
PRV56442,1330,1234150,927.9323308270676,57000,1.7533834586466166,0.3473684210526316,65.52932330827068,69.48571428571428,81,1249,611,82,0.010526315789473684,1,0.06090225563909774,2.176759410801964,2019.8854337152209,Yes,0.9221
PRV56444,1317,383140,290.91875474563403,10300,1.569476082004556,0.0,3.5611237661351556,71.55656795747912,0,1317,790,250,0.010630220197418374,1,0.0,1.6670886075949367,484.9873417721519,Yes,0.8934
PRV56445,55,215750,3922.7272727272725,21000,3.290909090909091,2.5636363636363635,623.0181818181818,72.92727272727272,32,23,50,23,0.03636363636363636,0,0.5818181818181818,1.1,4315.0,No,0.1886
PRV56447,170,50870,299.2352941176471,3300,0.9941176470588236,0.0,2.235294117647059,68.69411764705882,0,170,101,21,0.011764705882352941,1,0.0,1.683168316831683,503.66336633663366,Yes,0.2208
PRV56448,584,198950,340.6678082191781,3300,1.4349315068493151,0.0,3.8698630136986303,69.83047945205479,0,584,315,2,0.008561643835616438,0,0.0,1.853968253968254,631.5873015873016,No,0.0449
PRV56449,135,211880,1569.4814814814815,57000,2.637037037037037,0.7703703703703704,106.99259259259259,70.88888888888889,13,122,109,70,0.007407407407407408,0,0.0962962962962963,1.238532110091743,1943.8532110091744,No,0.1608
PRV56451,259,72950,281.66023166023166,2600,1.2046332046332047,0.0,2.0463320463320462,69.7915057915058,0,259,86,25,0.0,0,0.0,3.011627906976744,848.2558139534884,No,0.0468
PRV56452,110,63150,574.0909090909091,14000,1.3545454545454545,0.11818181818181818,40.29090909090909,71.91818181818182,4,106,82,46,0.03636363636363636,0,0.03636363636363636,1.3414634146341464,770.1219512195122,No,0.0148
PRV56453,115,43550,378.69565217391306,7030,1.2434782608695651,0.0,1.826086956521739,70.88695652173914,0,115,57,18,0.0,0,0.0,2.017543859649123,764.0350877192982,No,0.0067
PRV56454,159,43910,276.1635220125786,3300,0.49056603773584906,0.0,3.3333333333333335,70.19496855345912,0,159,86,37,0.0,0,0.0,1.8488372093023255,510.5813953488372,No,0.0113
PRV56455,13,4860,373.84615384615387,3300,1.6153846153846154,0.0,2.3076923076923075,66.23076923076923,0,13,12,5,0.07692307692307693,0,0.0,1.0833333333333333,405.0,No,0.0014
PRV56456,46,114710,2493.695652173913,14000,2.9130434782608696,1.6521739130434783,327.4347826086956,69.8695652173913,14,32,37,17,0.0,0,0.30434782608695654,1.2432432432432432,3100.2702702702704,No,0.2888
PRV56458,54,53410,989.074074074074,10000,1.2592592592592593,0.3333333333333333,122.55555555555556,67.51851851851852,7,47,48,24,0.0,0,0.12962962962962962,1.125,1112.7083333333333,No,0.0189
PRV56461,115,135180,1175.4782608695652,28000,1.2869565217391303,0.4782608695652174,94.52173913043478,71.01739130434783,10,105,103,74,0.0,0,0.08695652173913043,1.116504854368932,1312.4271844660195,No,0.0332
PRV56463,18,1660,92.22222222222223,400,2.2222222222222223,0.0,6.111111111111111,74.27777777777777,0,18,17,3,0.0,0,0.0,1.0588235294117647,97.6470588235294,No,0.0017
PRV56464,84,14920,177.61904761904762,3300,0.5595238095238095,0.0,3.2142857142857144,69.6547619047619,0,84,78,42,0.023809523809523808,0,0.0,1.0769230769230769,191.28205128205127,No,0.0093
PRV56466,56,8190,146.25,1300,1.0892857142857142,0.0,3.2142857142857144,72.83928571428571,0,56,45,15,0.0,0,0.0,1.2444444444444445,182.0,No,0.0069
PRV56467,349,95720,274.269340974212,3300,1.5530085959885387,0.0,2.6361031518624642,70.94555873925502,0,349,188,29,0.0,0,0.0,1.8563829787234043,509.1489361702128,No,0.0193
PRV56468,34,47270,1390.2941176470588,16000,2.4411764705882355,1.0588235294117647,157.05882352941177,72.3529411764706,5,29,32,18,0.029411764705882353,0,0.14705882352941177,1.0625,1477.1875,No,0.0234
PRV56469,131,430560,3286.7175572519086,57000,2.66412213740458,1.633587786259542,286.25954198473283,69.8473282442748,36,95,121,75,0.015267175572519083,0,0.2748091603053435,1.0826446280991735,3558.3471074380163,No,0.2841
PRV56470,37,35610,962.4324324324324,11000,1.2702702702702702,0.6216216216216216,147.83783783783784,70.67567567567568,5,32,26,13,0.0,0,0.13513513513513514,1.4230769230769231,1369.6153846153845,No,0.0387
PRV56471,43,10490,243.95348837209303,1700,2.395348837209302,0.0,4.4186046511627906,76.51162790697674,0,43,21,10,0.046511627906976744,0,0.0,2.0476190476190474,499.5238095238095,No,0.0245
PRV56473,55,71310,1296.5454545454545,16000,1.7636363636363637,1.0,139.01818181818183,74.16363636363636,7,48,50,38,0.01818181818181818,0,0.12727272727272726,1.1,1426.2,No,0.0189
PRV56474,31,13970,450.64516129032256,7000,0.9032258064516129,0.3870967741935484,38.96774193548387,70.90322580645162,1,30,27,10,0.0,0,0.03225806451612903,1.1481481481481481,517.4074074074074,No,0.0047
PRV56475,34,11180,328.8235294117647,3300,1.2058823529411764,0.0,0.0,68.11764705882354,0,34,18,11,0.0,0,0.0,1.8888888888888888,621.1111111111111,No,0.0013
PRV56476,4,6700,1675.0,6000,1.5,1.5,267.0,78.0,1,3,4,4,0.0,0,0.25,1.0,1675.0,No,0.0025
PRV56477,9,4460,495.55555555555554,3000,1.4444444444444444,0.0,7.777777777777778,68.22222222222223,0,9,8,6,0.0,0,0.0,1.125,557.5,No,0.0008
PRV56478,152,638850,4202.960526315789,57000,3.6973684210526314,2.6578947368421053,465.11842105263156,73.0592105263158,67,85,127,52,0.013157894736842105,0,0.4407894736842105,1.1968503937007875,5030.314960629921,No,0.454
PRV56479,140,38990,278.5,3300,1.5214285714285714,0.0,5.0,71.15,0,140,118,73,0.007142857142857143,0,0.0,1.1864406779661016,330.4237288135593,No,0.0039
PRV56480,21,3120,148.57142857142858,580,1.0952380952380953,0.0,3.3333333333333335,67.38095238095238,0,21,19,6,0.047619047619047616,0,0.0,1.105263157894737,164.21052631578948,No,0.0062
PRV56481,128,668910,5225.859375,40000,3.6953125,3.28125,618.609375,69.546875,78,50,85,28,0.0078125,1,0.609375,1.5058823529411764,7869.529411764706,Yes,0.8884
PRV56482,28,14780,527.8571428571429,5200,1.5,0.0,0.0,77.03571428571429,0,28,21,12,0.03571428571428571,0,0.0,1.3333333333333333,703.8095238095239,No,0.0035
PRV56483,32,25850,807.8125,7000,1.71875,0.21875,69.5625,71.15625,2,30,29,25,0.0,0,0.0625,1.103448275862069,891.3793103448276,No,0.0028
PRV56484,9,6980,775.5555555555555,3300,2.4444444444444446,0.0,0.0,72.66666666666667,0,9,9,7,0.0,0,0.0,1.0,775.5555555555555,No,0.0011
PRV56485,48,26790,558.125,10000,2.3125,0.0,25.166666666666668,69.75,1,47,22,5,0.041666666666666664,0,0.020833333333333332,2.1818181818181817,1217.7272727272727,No,0.0199
PRV56486,77,26220,340.5194805194805,8000,1.8181818181818181,0.0,3.5064935064935066,65.16883116883118,0,77,37,9,0.0,0,0.0,2.081081081081081,708.6486486486486,No,0.0037
PRV56487,27,12230,452.962962962963,9000,2.074074074074074,0.037037037037037035,50.2962962962963,69.44444444444444,1,26,27,18,0.0,0,0.037037037037037035,1.0,452.962962962963,No,0.005
PRV56489,21,9350,445.23809523809524,3300,1.7619047619047619,0.0,4.761904761904762,71.61904761904762,0,21,20,10,0.0,0,0.0,1.05,467.5,No,0.0068
PRV56490,14,78170,5583.571428571428,19000,2.2857142857142856,2.2857142857142856,762.8571428571429,73.21428571428571,11,3,14,5,0.07142857142857142,0,0.7857142857142857,1.0,5583.571428571428,No,0.0106
PRV56494,560,185430,331.125,3300,2.007142857142857,0.0,2.5892857142857144,70.94107142857143,0,560,257,32,0.0017857142857142857,0,0.0,2.178988326848249,721.5175097276265,No,0.1341
PRV56495,36,11750,326.3888888888889,3300,0.8055555555555556,0.0,6.111111111111111,69.08333333333333,0,36,23,3,0.027777777777777776,0,0.0,1.565217391304348,510.8695652173913,No,0.026
PRV56496,41,13620,332.1951219512195,3300,1.6829268292682926,0.0,3.1707317073170733,67.53658536585365,0,41,28,1,0.0,0,0.0,1.4642857142857142,486.42857142857144,No,0.0021
PRV56497,30,12540,418.0,3300,1.4666666666666666,0.0,2.3333333333333335,65.83333333333333,0,30,23,5,0.0,0,0.0,1.3043478260869565,545.2173913043479,No,0.0015
PRV56498,7,2510,358.57142857142856,2000,1.0,0.0,0.0,76.0,0,7,6,3,0.0,0,0.0,1.1666666666666667,418.3333333333333,No,0.0025
PRV56500,151,65010,430.5298013245033,8000,1.5695364238410596,0.0728476821192053,26.980132450331126,65.87417218543047,3,148,74,3,0.033112582781456956,0,0.019867549668874173,2.0405405405405403,878.5135135135135,No,0.02
PRV56501,232,175190,755.1293103448276,35000,1.6896551724137931,0.25862068965517243,25.04310344827586,70.29741379310344,6,226,126,15,0.004310344827586207,1,0.02586206896551724,1.8412698412698412,1390.3968253968253,Yes,0.4256
PRV56502,7,1410,201.42857142857142,700,1.1428571428571428,0.0,0.0,67.57142857142857,0,7,6,4,0.0,0,0.0,1.1666666666666667,235.0,No,0.0019
PRV56504,66,17090,258.93939393939394,3300,1.5606060606060606,0.0,3.0303030303030303,72.4090909090909,0,66,38,7,0.0,0,0.0,1.736842105263158,449.7368421052632,No,0.0011
PRV56507,42,260300,6197.619047619048,99000,3.8333333333333335,0.9523809523809523,206.5,68.5952380952381,7,35,26,10,0.0,0,0.16666666666666666,1.6153846153846154,10011.538461538461,No,0.2113
PRV56508,177,48580,274.4632768361582,3300,1.5593220338983051,0.0,2.0338983050847457,69.32203389830508,0,177,84,8,0.005649717514124294,0,0.0,2.107142857142857,578.3333333333334,No,0.0108
PRV56509,117,42370,362.13675213675214,3300,1.3333333333333333,0.0,1.623931623931624,70.2905982905983,0,117,55,7,0.0,0,0.0,2.1272727272727274,770.3636363636364,No,0.0053
PRV56510,9,800,88.88888888888889,300,0.0,0.0,2.2222222222222223,64.55555555555556,0,9,7,5,0.0,0,0.0,1.2857142857142858,114.28571428571429,No,0.0021
PRV56511,23,6060,263.4782608695652,2400,0.9130434782608695,0.0,4.3478260869565215,76.3913043478261,0,23,19,3,0.043478260869565216,0,0.0,1.2105263157894737,318.94736842105266,No,0.007
PRV56512,27,10050,372.22222222222223,2200,1.0740740740740742,0.0,2.2222222222222223,75.29629629629629,0,27,17,1,0.0,0,0.0,1.588235294117647,591.1764705882352,No,0.0032
PRV56514,6,1230,205.0,500,5.333333333333333,0.0,16.666666666666668,79.66666666666667,0,6,6,1,0.0,0,0.0,1.0,205.0,No,0.0025
PRV56515,7,2640,377.14285714285717,1900,0.14285714285714285,0.0,0.0,66.0,0,7,6,2,0.0,0,0.0,1.1666666666666667,440.0,No,0.0013
PRV56517,123,38170,310.3252032520325,4060,1.6504065040650406,0.0,3.008130081300813,70.85365853658537,0,123,96,3,0.0,0,0.0,1.28125,397.6041666666667,No,0.0032
PRV56518,2,900,450.0,600,0.0,0.0,0.0,81.5,0,2,2,2,0.0,0,0.0,1.0,450.0,No,0.0025
PRV56519,7,69000,9857.142857142857,19000,3.857142857142857,3.857142857142857,1068.0,75.0,7,0,7,1,0.0,0,1.0,1.0,9857.142857142857,No,0.0078
PRV56521,32,11840,370.0,3300,2.46875,0.0,0.0,68.1875,0,32,22,4,0.0,0,0.0,1.4545454545454546,538.1818181818181,No,0.0018
PRV56522,3,1700,566.6666666666666,1100,6.333333333333333,0.0,0.0,78.66666666666667,0,3,3,2,0.0,0,0.0,1.0,566.6666666666666,No,0.0012
PRV56523,21,6670,317.6190476190476,1400,0.9523809523809523,0.0,0.0,69.0,0,21,20,2,0.0,1,0.0,1.05,333.5,Yes,0.1283
PRV56524,3,120,40.0,60,5.666666666666667,0.0,0.0,80.33333333333333,0,3,3,1,0.0,0,0.0,1.0,40.0,No,0.0013
PRV56525,66,18830,285.3030303030303,3300,1.4242424242424243,0.0,2.121212121212121,68.36363636363636,0,66,45,1,0.0,0,0.0,1.4666666666666666,418.44444444444446,No,0.0019
PRV56526,32,9020,281.875,3300,1.9375,0.0,5.625,71.40625,0,32,26,1,0.0,0,0.0,1.2307692307692308,346.9230769230769,No,0.0021
PRV56527,57,19990,350.70175438596493,3300,0.8245614035087719,0.0,1.5789473684210527,70.10526315789474,0,57,30,1,0.0,0,0.0,1.9,666.3333333333334,No,0.0031
PRV56528,21,2400,114.28571428571429,1100,0.0,0.0,10.476190476190476,66.9047619047619,0,21,13,2,0.0,0,0.0,1.6153846153846154,184.6153846153846,No,0.0088
PRV56529,34,4970,146.1764705882353,1000,0.35294117647058826,0.0,3.235294117647059,70.82352941176471,0,34,30,3,0.0,0,0.0,1.1333333333333333,165.66666666666666,No,0.003
PRV56530,3,380,126.66666666666667,300,13.333333333333334,0.0,0.0,64.66666666666667,0,3,3,3,0.0,0,0.0,1.0,126.66666666666667,No,0.0011
PRV56531,5,300,60.0,100,0.0,0.0,0.0,66.0,0,5,5,1,0.0,0,0.0,1.0,60.0,No,0.0009
PRV56533,15,93000,6200.0,27000,4.2,4.2,996.8,69.53333333333333,15,0,15,2,0.0,0,1.0,1.0,6200.0,No,0.0381
PRV56535,67,17920,267.46268656716416,3300,0.8656716417910447,0.0,4.776119402985074,71.67164179104478,0,67,50,1,0.0,0,0.0,1.34,358.4,No,0.0022
PRV56536,65,17500,269.2307692307692,3300,2.0615384615384613,0.0,1.3846153846153846,74.07692307692308,0,65,34,1,0.015384615384615385,0,0.0,1.911764705882353,514.7058823529412,No,0.0045
PRV56537,104,22710,218.3653846153846,3300,1.3557692307692308,0.0,2.1153846153846154,69.8173076923077,0,104,74,2,0.0,0,0.0,1.4054054054054055,306.8918918918919,No,0.0158
PRV56538,23,4480,194.7826086956522,2200,0.8260869565217391,0.0,1.3043478260869565,69.30434782608695,0,23,11,1,0.0,0,0.0,2.090909090909091,407.27272727272725,No,0.0011
PRV56539,1,900,900.0,900,0.0,0.0,0.0,70.0,0,1,1,1,0.0,0,0.0,1.0,900.0,No,0.0016
PRV56540,1,0,0.0,0,5.0,5.0,1068.0,65.0,1,0,1,1,0.0,0,1.0,1.0,0.0,No,0.0016
PRV56541,54,584000,10814.814814814816,57000,6.0,6.0,1048.2222222222222,71.92592592592592,54,0,53,7,0.0,1,1.0,1.0188679245283019,11018.867924528302,Yes,0.6012
PRV56543,4,22000,5500.0,10000,3.0,3.0,1068.0,81.5,4,0,4,2,0.0,0,1.0,1.0,5500.0,No,0.0018
PRV56544,20,99630,4981.5,12000,3.8,2.8,854.4,72.1,18,2,20,2,0.0,0,0.9,1.0,4981.5,No,0.0335
PRV56545,1,7000,7000.0,7000,6.0,6.0,1068.0,64.0,1,0,1,1,0.0,0,1.0,1.0,7000.0,No,0.002
PRV56546,9,80000,8888.888888888889,29000,5.555555555555555,5.555555555555555,949.3333333333334,78.55555555555556,9,0,9,1,0.0,0,1.0,1.0,8888.888888888889,No,0.0229
PRV56547,7,60000,8571.42857142857,20000,4.714285714285714,4.714285714285714,1068.0,74.14285714285714,7,0,7,4,0.0,0,1.0,1.0,8571.42857142857,No,0.0151
PRV56548,8,124000,15500.0,66000,6.375,6.375,1068.0,69.25,8,0,7,2,0.0,0,1.0,1.1428571428571428,17714.285714285714,No,0.2946
PRV56549,2,14000,7000.0,10000,3.5,3.5,1068.0,78.5,2,0,2,1,0.0,0,1.0,1.0,7000.0,No,0.0011
PRV56550,80,554890,6936.125,55000,4.2875,4.0125,734.25,70.6875,55,25,65,20,0.0125,1,0.6875,1.2307692307692308,8536.76923076923,Yes,0.6905
PRV56551,36,14070,390.8333333333333,3300,1.9166666666666667,0.0,2.7777777777777777,66.22222222222223,0,36,30,6,0.0,0,0.0,1.2,469.0,No,0.0027
PRV56552,24,7390,307.9166666666667,2100,0.875,0.0,0.0,62.25,0,24,16,13,0.0,0,0.0,1.5,461.875,No,0.004
PRV56553,65,14620,224.92307692307693,3000,2.246153846153846,0.0,2.1538461538461537,73.73846153846154,0,65,38,16,0.015384615384615385,0,0.0,1.7105263157894737,384.7368421052632,No,0.0071
PRV56554,48,13810,287.7083333333333,3300,0.5416666666666666,0.0,3.9583333333333335,74.04166666666667,0,48,46,28,0.0,0,0.0,1.0434782608695652,300.2173913043478,No,0.0019
PRV56555,69,494800,7171.014492753623,38000,6.144927536231884,6.130434782608695,897.7391304347826,73.3623188405797,59,10,67,17,0.0,0,0.855072463768116,1.0298507462686568,7385.074626865671,No,0.1267
PRV56556,880,852530,968.7840909090909,32000,1.6875,0.4511363636363636,93.07045454545455,73.36818181818182,74,806,384,13,0.004545454545454545,0,0.08409090909090909,2.2916666666666665,2220.1302083333335,No,0.4069
PRV56557,65,22690,349.0769230769231,2900,2.923076923076923,0.0,1.3846153846153846,70.33846153846154,0,65,57,42,0.0,0,0.0,1.1403508771929824,398.0701754385965,No,0.0011
PRV56559,1113,345330,310.26954177897574,7060,1.4788858939802336,0.0,3.1176999101527403,72.09613656783468,0,1113,807,22,0.009883198562443846,0,0.0,1.379182156133829,427.9182156133829,No,0.0846
PRV56560,2313,3212000,1388.672719412019,57000,1.9917855598789451,0.6230004323389537,115.29615218331172,72.13878080415046,248,2065,919,27,0.012105490704712495,1,0.10722006052745352,2.516866158868335,3495.1033732317737,Yes,0.9827
PRV56562,37,48650,1314.8648648648648,30000,1.5675675675675675,0.08108108108108109,59.62162162162162,76.70270270270271,2,35,23,24,0.0,0,0.05405405405405406,1.608695652173913,2115.217391304348,No,0.0244
PRV56563,30,96890,3229.6666666666665,37000,1.0,0.9333333333333333,284.8,76.43333333333334,8,22,27,20,0.03333333333333333,0,0.26666666666666666,1.1111111111111112,3588.5185185185187,No,0.0379
PRV56566,176,68110,386.9886363636364,12000,0.9829545454545454,0.045454545454545456,9.363636363636363,66.92045454545455,1,175,63,7,0.005681818181818182,1,0.005681818181818182,2.7936507936507935,1081.111111111111,Yes,0.0481
PRV56568,131,62180,474.6564885496183,9050,2.450381679389313,0.0,6.412213740458015,74.9618320610687,0,131,55,12,0.0,0,0.0,2.381818181818182,1130.5454545454545,No,0.0489
PRV56570,30,150940,5031.333333333333,39000,2.1,2.0,462.8,77.06666666666666,13,17,27,23,0.0,0,0.43333333333333335,1.1111111111111112,5590.37037037037,No,0.035
PRV56571,11,31520,2865.4545454545455,18000,3.8181818181818183,2.272727272727273,300.3636363636364,81.18181818181819,3,8,8,10,0.0,0,0.2727272727272727,1.375,3940.0,No,0.1081
PRV56572,20,3890,194.5,1100,0.0,0.0,0.0,69.45,0,20,19,13,0.0,0,0.0,1.0526315789473684,204.73684210526315,No,0.0046
PRV56574,62,121180,1954.516129032258,39000,2.2096774193548385,0.7903225806451613,190.7741935483871,69.8225806451613,12,50,50,37,0.0,0,0.1935483870967742,1.24,2423.6,No,0.0783
PRV56575,830,1154530,1391.0,57000,1.9180722891566264,0.7433734939759036,145.79277108433735,73.40120481927711,113,717,510,16,0.0012048192771084338,1,0.13614457831325302,1.6274509803921569,2263.7843137254904,Yes,0.9633
PRV56576,234,67150,286.96581196581195,4000,1.4444444444444444,0.008547008547008548,6.401709401709402,72.34615384615384,1,233,107,3,0.0,0,0.004273504273504274,2.1869158878504673,627.5700934579439,No,0.0145
PRV56577,293,112430,383.7201365187713,14000,1.3890784982935154,0.10238907849829351,27.46075085324232,71.37542662116041,8,285,247,135,0.0,0,0.027303754266211604,1.1862348178137652,455.18218623481783,No,0.0163
PRV56578,81,138730,1712.716049382716,37000,1.8888888888888888,0.5308641975308642,94.39506172839506,72.53086419753086,7,74,73,44,0.037037037037037035,0,0.08641975308641975,1.1095890410958904,1900.4109589041095,No,0.0786
PRV56579,39,6850,175.64102564102564,1500,0.2564102564102564,0.0,1.794871794871795,70.02564102564102,0,39,17,9,0.02564102564102564,0,0.0,2.2941176470588234,402.94117647058823,No,0.0272
PRV56580,185,62890,339.94594594594594,3300,1.372972972972973,0.0,3.189189189189189,72.66486486486487,0,185,163,99,0.010810810810810811,0,0.0,1.1349693251533743,385.8282208588957,No,0.0039
PRV56581,7,2110,301.42857142857144,900,0.0,0.0,0.0,74.28571428571429,0,7,7,1,0.0,0,0.0,1.0,301.42857142857144,No,0.001
PRV56582,1,30,30.0,30,0.0,0.0,0.0,73.0,0,1,1,1,0.0,0,0.0,1.0,30.0,No,0.001
PRV56583,24,109070,4544.583333333333,23000,3.0416666666666665,2.25,578.5,71.79166666666667,13,11,24,22,0.0,0,0.5416666666666666,1.0,4544.583333333333,No,0.0346
PRV56584,55,36660,666.5454545454545,9000,0.38181818181818183,0.23636363636363636,79.12727272727273,73.14545454545454,4,51,37,11,0.01818181818181818,0,0.07272727272727272,1.4864864864864864,990.8108108108108,No,0.0324
PRV56585,7,25090,3584.285714285714,12000,3.142857142857143,3.142857142857143,610.2857142857143,73.85714285714286,4,3,7,6,0.0,0,0.5714285714285714,1.0,3584.285714285714,No,0.0031
PRV56586,4,370,92.5,200,1.0,0.0,50.0,71.5,0,4,4,3,0.0,0,0.0,1.0,92.5,No,0.0033
PRV56587,473,377970,799.0909090909091,43000,2.010570824524313,0.28118393234672306,40.498942917547566,72.96405919661734,18,455,338,104,0.012684989429175475,1,0.03805496828752643,1.3994082840236686,1118.2544378698226,Yes,0.857
PRV56588,269,1030600,3831.2267657992566,42000,3.862453531598513,2.2862453531598512,394.3940520446097,72.98513011152416,100,169,251,109,0.0037174721189591076,1,0.37174721189591076,1.0717131474103585,4105.97609561753,Yes,0.9093
PRV56589,24,42650,1777.0833333333333,12000,2.625,0.75,183.0,69.83333333333333,4,20,24,15,0.0,0,0.16666666666666666,1.0,1777.0833333333333,No,0.0164
PRV56590,33,10410,315.45454545454544,3300,0.6060606060606061,0.0,0.0,75.39393939393939,0,33,31,23,0.0,0,0.0,1.064516129032258,335.80645161290323,No,0.0051
PRV56591,143,135460,947.2727272727273,13000,1.979020979020979,0.5384615384615384,121.5944055944056,74.13286713286713,16,127,87,36,0.006993006993006993,1,0.11188811188811189,1.6436781609195403,1557.0114942528735,Yes,0.0838
PRV56592,118,732240,6205.423728813559,68000,3.016949152542373,2.8135593220338984,534.9322033898305,73.11864406779661,63,55,99,47,0.0,1,0.5338983050847458,1.1919191919191918,7396.363636363636,Yes,0.9138
PRV56593,46,13490,293.2608695652174,2000,1.565217391304348,0.0,1.3043478260869565,70.65217391304348,0,46,46,16,0.0,0,0.0,1.0,293.2608695652174,No,0.0013
PRV56594,70,29730,424.7142857142857,3300,2.2,0.0,4.0,74.3,0,70,64,29,0.0,0,0.0,1.09375,464.53125,No,0.0035
PRV56595,56,15760,281.42857142857144,3300,0.19642857142857142,0.0,1.4285714285714286,73.73214285714286,0,56,46,42,0.0,0,0.0,1.2173913043478262,342.60869565217394,No,0.0014
PRV56596,18,4140,230.0,1900,1.5,0.0,2.7777777777777777,68.61111111111111,0,18,18,16,0.0,0,0.0,1.0,230.0,No,0.001
PRV56597,191,52120,272.87958115183244,3300,1.4659685863874345,0.0,2.8272251308900525,74.15183246073299,0,191,110,2,0.015706806282722512,0,0.0,1.7363636363636363,473.8181818181818,No,0.0418
PRV56598,280,87080,311.0,3300,1.3178571428571428,0.0,2.75,73.74285714285715,0,280,194,43,0.0035714285714285713,0,0.0,1.443298969072165,448.8659793814433,No,0.0048
PRV56601,33,11510,348.7878787878788,3000,3.303030303030303,0.2727272727272727,35.39393939393939,66.63636363636364,1,32,31,10,0.0,0,0.030303030303030304,1.064516129032258,371.2903225806452,No,0.0028
PRV56602,145,55810,384.8965517241379,3300,1.9586206896551723,0.0,3.0344827586206895,73.51034482758621,0,145,49,23,0.0,0,0.0,2.9591836734693877,1138.9795918367347,No,0.0871
PRV56603,4,6120,1530.0,6000,1.0,0.75,267.0,59.0,1,3,4,4,0.0,0,0.25,1.0,1530.0,No,0.0011
PRV56604,29,9780,337.2413793103448,3300,0.4827586206896552,0.0,0.0,75.10344827586206,0,29,27,18,0.0,0,0.0,1.0740740740740742,362.22222222222223,No,0.0022
PRV56605,108,51240,474.44444444444446,8000,0.9722222222222222,0.10185185185185185,41.22222222222222,73.23148148148148,4,104,33,4,0.0,1,0.037037037037037035,3.272727272727273,1552.7272727272727,Yes,0.5662
PRV56606,64,94550,1477.34375,17000,1.875,1.234375,151.75,68.59375,9,55,26,20,0.0,0,0.140625,2.4615384615384617,3636.5384615384614,No,0.0565
PRV56607,72,48820,678.0555555555555,20000,1.7777777777777777,0.5138888888888888,64.19444444444444,72.05555555555556,4,68,46,6,0.027777777777777776,0,0.05555555555555555,1.565217391304348,1061.304347826087,No,0.0165
PRV56608,856,235250,274.8247663551402,3300,1.5408878504672898,0.0,2.067757009345794,73.1483644859813,0,856,421,48,0.011682242990654205,1,0.0,2.0332541567695963,558.7885985748219,Yes,0.626
PRV56610,30,76590,2553.0,14000,3.0,1.6666666666666667,427.2,65.53333333333333,12,18,28,19,0.0,0,0.4,1.0714285714285714,2735.3571428571427,No,0.0312
PRV56611,123,26970,219.26829268292684,3100,0.926829268292683,0.0,6.341463414634147,70.92682926829268,0,123,59,19,0.0,0,0.0,2.0847457627118646,457.1186440677966,No,0.0041
PRV56613,304,81390,267.73026315789474,3300,1.4210526315789473,0.0,2.039473684210526,73.96381578947368,0,304,128,12,0.006578947368421052,0,0.0,2.375,635.859375,No,0.0528
PRV56614,26,126100,4850.0,27000,4.461538461538462,3.923076923076923,534.0,71.57692307692308,15,11,25,14,0.0,0,0.5769230769230769,1.04,5044.0,No,0.1641
PRV56615,129,64650,501.16279069767444,21000,1.062015503875969,0.15503875968992248,27.705426356589147,74.95348837209302,3,126,98,33,0.0,0,0.023255813953488372,1.316326530612245,659.6938775510204,No,0.0215
PRV56616,176,38150,216.76136363636363,3300,1.1818181818181819,0.0,1.7045454545454546,73.69886363636364,0,176,138,4,0.028409090909090908,1,0.0,1.2753623188405796,276.4492753623188,Yes,0.2609
PRV56618,135,32210,238.59259259259258,3300,0.9111111111111111,0.0,4.7407407407407405,73.80740740740741,0,135,98,10,0.0,0,0.0,1.3775510204081634,328.6734693877551,No,0.0087
PRV56621,91,31940,350.989010989011,3300,1.978021978021978,0.0,4.5054945054945055,73.48351648351648,0,91,81,63,0.01098901098901099,0,0.0,1.123456790123457,394.320987654321,No,0.003
PRV56622,26,8930,343.46153846153845,2200,2.3461538461538463,0.0,0.0,70.61538461538461,0,26,21,18,0.0,0,0.0,1.2380952380952381,425.23809523809524,No,0.0011
PRV56624,22,187460,8520.90909090909,57000,3.590909090909091,3.590909090909091,343.90909090909093,71.5909090909091,7,15,21,17,0.0,1,0.3181818181818182,1.0476190476190477,8926.666666666666,Yes,0.8011
PRV56625,36,10020,278.3333333333333,3300,1.1666666666666667,0.0,0.0,72.61111111111111,0,36,32,25,0.0,0,0.0,1.125,313.125,No,0.0011
PRV56626,94,65670,698.6170212765958,33000,1.7234042553191489,0.19148936170212766,47.46808510638298,73.82978723404256,4,90,67,25,0.010638297872340425,0,0.0425531914893617,1.4029850746268657,980.1492537313433,No,0.0163
PRV56628,101,110420,1093.2673267326732,24000,1.5643564356435644,0.6237623762376238,96.55445544554455,73.07920792079207,9,92,85,40,0.009900990099009901,0,0.0891089108910891,1.188235294117647,1299.0588235294117,No,0.0353
PRV56630,159,597230,3756.1635220125786,50000,2.6163522012578615,1.8113207547169812,424.49056603773585,71.08176100628931,63,96,116,44,0.006289308176100629,1,0.39622641509433965,1.3706896551724137,5148.5344827586205,Yes,0.9565
PRV56632,73,64920,889.3150684931506,9000,1.0684931506849316,0.410958904109589,102.41095890410959,67.24657534246575,7,66,22,3,0.0,0,0.0958904109589041,3.3181818181818183,2950.909090909091,No,0.0483
PRV56633,5,600,120.0,300,0.2,0.0,0.0,51.8,0,5,3,4,0.0,0,0.0,1.6666666666666667,200.0,No,0.0024
PRV56634,206,55830,271.0194174757282,3300,1.0776699029126213,0.0,1.941747572815534,72.80582524271844,0,206,123,5,0.009708737864077669,0,0.0,1.6747967479674797,453.9024390243902,No,0.0097
PRV56635,10,2270,227.0,1400,2.0,0.0,0.0,73.3,0,10,10,9,0.1,0,0.0,1.0,227.0,No,0.0014
PRV56637,161,40250,250.0,3300,1.8322981366459627,0.0,2.670807453416149,72.73291925465838,0,161,137,66,0.006211180124223602,0,0.0,1.1751824817518248,293.7956204379562,No,0.0038
PRV56638,26,7230,278.0769230769231,2600,0.7307692307692307,0.0,3.076923076923077,76.34615384615384,0,26,24,21,0.0,0,0.0,1.0833333333333333,301.25,No,0.003
PRV56639,96,46400,483.3333333333333,3300,2.2916666666666665,0.0,1.3541666666666667,71.01041666666667,0,96,39,3,0.0,0,0.0,2.4615384615384617,1189.7435897435898,No,0.0135
PRV56640,23,7320,318.2608695652174,1600,1.0434782608695652,0.0,4.3478260869565215,71.6086956521739,0,23,23,14,0.043478260869565216,0,0.0,1.0,318.2608695652174,No,0.0058
PRV56641,1,100,100.0,100,0.0,0.0,0.0,46.0,0,1,1,1,0.0,0,0.0,1.0,100.0,No,0.0012
PRV56642,141,45430,322.1985815602837,3300,1.24822695035461,0.0,4.184397163120567,73.92198581560284,0,141,103,1,0.0070921985815602835,0,0.0,1.3689320388349515,441.06796116504853,No,0.0065
PRV56643,24,72690,3028.75,12000,2.8333333333333335,2.0,356.0,77.54166666666667,8,16,22,16,0.0,0,0.3333333333333333,1.0909090909090908,3304.090909090909,No,0.1275
PRV56645,64,22720,355.0,2500,1.78125,0.0,2.5,74.375,0,64,52,39,0.0,0,0.0,1.2307692307692308,436.9230769230769,No,0.0007
PRV56647,183,1288910,7043.224043715847,44000,4.344262295081967,4.114754098360656,688.983606557377,73.8688524590164,121,62,157,58,0.00546448087431694,1,0.6612021857923497,1.1656050955414012,8209.617834394905,Yes,0.9807
PRV56648,49,14940,304.8979591836735,3300,1.7142857142857142,0.0,2.857142857142857,72.83673469387755,0,49,48,23,0.0,0,0.0,1.0208333333333333,311.25,No,0.001
PRV56649,266,192350,723.1203007518797,51000,1.906015037593985,0.14285714285714285,27.736842105263158,69.77443609022556,7,259,123,9,0.0037593984962406013,1,0.02631578947368421,2.16260162601626,1563.821138211382,Yes,0.7839
PRV56651,71,18630,262.3943661971831,6050,0.16901408450704225,0.0,0.5633802816901409,74.63380281690141,0,71,38,13,0.04225352112676056,0,0.0,1.868421052631579,490.2631578947368,No,0.0063
PRV56653,72,21060,292.5,3300,1.4583333333333333,0.0,1.3888888888888888,69.54166666666667,0,72,39,3,0.0,0,0.0,1.8461538461538463,540.0,No,0.0026
PRV56654,49,17620,359.59183673469386,2600,0.6326530612244898,0.0,2.857142857142857,73.6734693877551,0,49,34,1,0.04081632653061224,0,0.0,1.4411764705882353,518.2352941176471,No,0.0024
PRV56655,251,69380,276.41434262948206,3400,1.6414342629482073,0.0,4.0239043824701195,72.14342629482071,0,251,104,31,0.0,0,0.0,2.4134615384615383,667.1153846153846,No,0.0376
PRV56656,42,14060,334.76190476190476,2700,2.0476190476190474,0.0,6.190476190476191,76.73809523809524,0,42,29,1,0.0,0,0.0,1.4482758620689655,484.82758620689657,No,0.0033
PRV56657,20,5200,260.0,1800,1.85,0.0,0.0,73.2,0,20,18,13,0.0,0,0.0,1.1111111111111112,288.8888888888889,No,0.0007
PRV56658,70,35160,502.2857142857143,20000,1.0285714285714285,0.22857142857142856,20.4,73.25714285714285,1,69,69,38,0.0,0,0.014285714285714285,1.0144927536231885,509.5652173913044,No,0.0092
PRV56659,141,34550,245.03546099290782,5000,1.7163120567375887,0.04964539007092199,16.638297872340427,70.66666666666667,2,139,66,3,0.0425531914893617,0,0.014184397163120567,2.1363636363636362,523.4848484848485,No,0.0089
PRV56660,4,180,45.0,100,0.0,0.0,0.0,81.5,0,4,4,2,0.0,0,0.0,1.0,45.0,No,0.0021
PRV56662,9,15290,1698.888888888889,7000,2.4444444444444446,0.5555555555555556,356.0,75.44444444444444,3,6,7,4,0.0,0,0.3333333333333333,1.2857142857142858,2184.285714285714,No,0.0145
PRV56663,251,159640,636.01593625498,20000,1.5418326693227091,0.30677290836653387,53.13147410358566,74.14741035856574,13,238,133,30,0.00796812749003984,0,0.05179282868525897,1.887218045112782,1200.3007518796992,No,0.2008
PRV56664,15,59600,3973.3333333333335,57000,2.066666666666667,0.5333333333333333,71.2,70.13333333333334,1,14,11,4,0.06666666666666667,0,0.06666666666666667,1.3636363636363635,5418.181818181818,No,0.0262
PRV56667,32,6300,196.875,2700,0.4375,0.0,2.8125,70.25,0,32,28,13,0.0,0,0.0,1.1428571428571428,225.0,No,0.0013
PRV56668,73,623470,8540.684931506848,57000,4.561643835616438,4.5479452054794525,761.7260273972603,73.42465753424658,52,21,65,18,0.0,1,0.7123287671232876,1.123076923076923,9591.846153846154,Yes,0.8818
PRV56669,40,283610,7090.25,41000,5.4,4.55,750.1,70.6,29,11,32,9,0.075,1,0.725,1.25,8862.8125,Yes,0.9174
PRV56671,43,35340,821.8604651162791,16000,1.5116279069767442,0.3953488372093023,78.0,68.46511627906976,3,40,30,22,0.0,0,0.06976744186046512,1.4333333333333333,1178.0,No,0.0145
PRV56672,161,40980,254.53416149068323,3300,1.7577639751552796,0.0,1.3664596273291925,71.48447204968944,0,161,70,21,0.0,0,0.0,2.3,585.4285714285714,No,0.004
PRV56673,4,42640,10660.0,24000,1.5,1.5,534.0,79.0,2,2,4,3,0.0,0,0.5,1.0,10660.0,No,0.0061
PRV56674,46,15860,344.7826086956522,3300,1.891304347826087,0.0,2.1739130434782608,74.80434782608695,0,46,21,9,0.021739130434782608,0,0.0,2.1904761904761907,755.2380952380952,No,0.002
PRV56675,323,98690,305.54179566563465,3300,1.6904024767801857,0.0,2.291021671826625,75.09597523219814,0,323,172,14,0.021671826625386997,0,0.0,1.877906976744186,573.7790697674419,No,0.0165
PRV56677,1,20,20.0,20,14.0,0.0,0.0,68.0,0,1,1,1,1.0,0,0.0,1.0,20.0,No,0.0031
PRV56679,25,4170,166.8,1000,0.68,0.0,4.0,73.44,0,25,19,6,0.0,0,0.0,1.3157894736842106,219.47368421052633,No,0.0021
PRV56680,33,64400,1951.5151515151515,23000,2.0303030303030303,1.3636363636363635,264.06060606060606,74.87878787878788,8,25,32,19,0.0,0,0.24242424242424243,1.03125,2012.5,No,0.0274
PRV56681,5,790,158.0,500,0.0,0.0,0.0,74.8,0,5,5,4,0.0,0,0.0,1.0,158.0,No,0.0006
PRV56682,19,16410,863.6842105263158,7000,1.6842105263157894,0.5789473684210527,168.6315789473684,68.89473684210526,3,16,19,9,0.0,0,0.15789473684210525,1.0,863.6842105263158,No,0.0037
PRV56683,167,54880,328.622754491018,3300,1.215568862275449,0.0,2.035928143712575,73.48502994011976,0,167,143,13,0.0,0,0.0,1.167832167832168,383.7762237762238,No,0.0029
PRV56684,92,172070,1870.3260869565217,36000,1.7173913043478262,0.8260869565217391,186.06521739130434,72.59782608695652,16,76,88,60,0.010869565217391304,0,0.17391304347826086,1.0454545454545454,1955.340909090909,No,0.0999
PRV56685,405,435290,1074.79012345679,46000,1.874074074074074,0.5160493827160494,85.10123456790123,71.77283950617284,35,370,121,25,0.0,1,0.08641975308641975,3.347107438016529,3597.438016528926,Yes,0.7878
PRV56686,20,143000,7150.0,55000,4.1,4.05,806.0,72.65,15,5,18,10,0.0,0,0.75,1.1111111111111112,7944.444444444444,No,0.2398
PRV56687,9,4120,457.77777777777777,3300,0.0,0.0,12.222222222222221,72.66666666666667,0,9,7,5,0.0,0,0.0,1.2857142857142858,588.5714285714286,No,0.0033
PRV56688,37,7860,212.43243243243242,3000,2.081081081081081,0.0,3.7837837837837838,72.70270270270271,0,37,19,15,0.0,0,0.0,1.9473684210526316,413.6842105263158,No,0.0032
PRV56689,1794,505530,281.7892976588629,3400,1.4319955406911928,0.0,3.0379041248606464,73.65273132664437,0,1794,796,17,0.005574136008918618,1,0.0,2.2537688442211055,635.0879396984925,Yes,0.9499
PRV56691,4,340,85.0,100,1.25,0.0,0.0,83.5,0,4,4,4,0.25,0,0.0,1.0,85.0,No,0.0061
PRV56693,373,91230,244.58445040214477,4010,1.0402144772117963,0.0,3.6193029490616624,72.48525469168901,0,373,302,24,0.005361930294906166,0,0.0,1.2350993377483444,302.0860927152318,No,0.0145
PRV56694,8,3950,493.75,1100,7.0,0.0,8.75,78.125,0,8,8,8,0.125,0,0.0,1.0,493.75,No,0.0024
PRV56696,34,69220,2035.8823529411766,17000,1.2058823529411764,1.0588235294117647,221.94117647058823,74.20588235294117,7,27,33,25,0.0,0,0.20588235294117646,1.0303030303030303,2097.5757575757575,No,0.0312
PRV56697,78,21570,276.53846153846155,3300,0.8205128205128205,0.0,2.5641025641025643,72.87179487179488,0,78,36,11,0.0,0,0.0,2.1666666666666665,599.1666666666666,No,0.0017
PRV56699,3,550,183.33333333333334,400,0.0,0.0,0.0,76.33333333333333,0,3,3,2,0.0,0,0.0,1.0,183.33333333333334,No,0.0012
PRV56700,5,640,128.0,500,0.0,0.0,0.0,76.2,0,5,5,4,0.0,0,0.0,1.0,128.0,No,0.0011
PRV56701,23,36680,1594.7826086956522,13000,1.3043478260869565,1.2173913043478262,185.7391304347826,72.26086956521739,4,19,22,16,0.043478260869565216,0,0.17391304347826086,1.0454545454545454,1667.2727272727273,No,0.0313
PRV56702,224,47350,211.38392857142858,3200,1.4285714285714286,0.0,1.6964285714285714,71.88839285714286,0,224,82,35,0.008928571428571428,0,0.0,2.731707317073171,577.439024390244,No,0.0251
PRV56703,48,186070,3876.4583333333335,32000,3.5416666666666665,2.9375,468.2916666666667,76.5,21,27,46,24,0.020833333333333332,0,0.4375,1.0434782608695652,4045.0,No,0.1072
PRV56705,16,61120,3820.0,38000,1.9375,1.9375,267.0,72.375,4,12,16,13,0.0625,0,0.25,1.0,3820.0,No,0.0292
PRV56706,347,346360,998.1556195965418,20000,2.1412103746397695,0.4610951008645533,93.65994236311239,71.62536023054756,31,316,144,18,0.0,1,0.0893371757925072,2.4097222222222223,2405.277777777778,Yes,0.6555
PRV56707,18,2860,158.88888888888889,500,0.0,0.0,8.88888888888889,73.27777777777777,0,18,6,2,0.0,0,0.0,3.0,476.6666666666667,No,0.005
PRV56708,7,3530,504.2857142857143,2700,0.42857142857142855,0.0,0.0,62.857142857142854,0,7,5,4,0.0,0,0.0,1.4,706.0,No,0.0013
PRV56710,67,64690,965.5223880597015,8000,0.835820895522388,0.4626865671641791,160.59701492537314,70.55223880597015,10,57,53,21,0.0,0,0.14925373134328357,1.2641509433962264,1220.566037735849,No,0.0329
PRV56711,63,107950,1713.4920634920634,28000,2.507936507936508,0.9523809523809523,139.26984126984127,70.38095238095238,8,55,39,14,0.015873015873015872,1,0.12698412698412698,1.6153846153846154,2767.948717948718,Yes,0.3408
PRV56712,4,5310,1327.5,3000,2.75,2.75,534.0,87.0,2,2,2,3,0.0,0,0.5,2.0,2655.0,No,0.008
PRV56713,173,499920,2889.7109826589594,54000,2.1502890173410405,1.5144508670520231,329.3872832369942,73.47398843930635,55,118,141,41,0.017341040462427744,0,0.3179190751445087,1.2269503546099292,3545.531914893617,No,0.264
PRV56715,13,18670,1436.1538461538462,7000,2.5384615384615383,2.5384615384615383,169.69230769230768,71.46153846153847,3,10,13,9,0.0,0,0.23076923076923078,1.0,1436.1538461538462,No,0.006
PRV56716,124,47360,381.93548387096774,5800,1.75,0.0,4.838709677419355,75.50806451612904,0,124,65,13,0.0,0,0.0,1.9076923076923078,728.6153846153846,No,0.0161
PRV56717,8,11400,1425.0,11000,1.25,1.25,133.5,71.875,1,7,7,8,0.0,0,0.125,1.1428571428571428,1628.5714285714287,No,0.0073
PRV56718,142,32620,229.71830985915494,2500,1.119718309859155,0.0,4.154929577464789,71.61971830985915,0,142,77,11,0.0,0,0.0,1.844155844155844,423.6363636363636,No,0.0042
PRV56719,67,123600,1844.7761194029852,34000,2.8507462686567164,0.9104477611940298,161.34328358208955,72.19402985074628,10,57,57,51,0.0,1,0.14925373134328357,1.1754385964912282,2168.4210526315787,Yes,0.2807
PRV56720,12,18750,1562.5,12000,2.25,0.5833333333333334,182.16666666666666,65.83333333333333,2,10,12,8,0.0,0,0.16666666666666666,1.0,1562.5,No,0.0018
PRV56721,202,60120,297.6237623762376,3300,1.0445544554455446,0.0,4.0594059405940595,71.60891089108911,0,202,182,8,0.0,0,0.0,1.10989010989011,330.3296703296703,No,0.0073
PRV56722,25,24770,990.8,10000,3.04,0.56,53.92,69.44,2,23,25,16,0.0,0,0.08,1.0,990.8,No,0.0054
PRV56723,18,2830,157.22222222222223,1900,0.5,0.0,4.444444444444445,71.94444444444444,0,18,11,4,0.1111111111111111,0,0.0,1.6363636363636365,257.27272727272725,No,0.0102
PRV56724,26,85860,3302.3076923076924,23000,1.9230769230769231,1.8846153846153846,249.15384615384616,72.57692307692308,6,20,26,18,0.038461538461538464,0,0.23076923076923078,1.0,3302.3076923076924,No,0.0191
PRV56725,291,99310,341.27147766323026,4050,1.0756013745704467,0.0,3.2302405498281788,71.21305841924399,0,291,132,15,0.0,0,0.0,2.2045454545454546,752.3484848484849,No,0.046
PRV56726,16,72440,4527.5,57000,1.5,0.4375,200.25,69.5625,3,13,16,15,0.0,0,0.1875,1.0,4527.5,No,0.0356
PRV56728,42,10640,253.33333333333334,3300,1.0952380952380953,0.0,1.1904761904761905,66.95238095238095,0,42,17,11,0.047619047619047616,0,0.0,2.4705882352941178,625.8823529411765,No,0.0035
PRV56729,219,70080,320.0,8400,1.6757990867579908,0.0,3.835616438356164,71.71689497716895,0,219,179,44,0.0045662100456621,0,0.0,1.223463687150838,391.50837988826817,No,0.003
PRV56730,54,303950,5628.7037037037035,40000,3.685185185185185,2.3703703703703702,454.8888888888889,70.0,23,31,51,34,0.018518518518518517,1,0.42592592592592593,1.0588235294117647,5959.803921568628,Yes,0.7127
PRV56731,20,109700,5485.0,57000,3.65,2.65,217.6,71.6,4,16,20,13,0.0,1,0.2,1.0,5485.0,Yes,0.5839
PRV56732,28,172920,6175.714285714285,57000,3.25,2.892857142857143,498.35714285714283,73.82142857142857,13,15,26,20,0.0,1,0.4642857142857143,1.0769230769230769,6650.7692307692305,Yes,0.5744
PRV56733,198,123300,622.7272727272727,17000,0.8232323232323232,0.29292929292929293,67.05050505050505,72.54545454545455,12,186,89,9,0.005050505050505051,0,0.06060606060606061,2.2247191011235956,1385.3932584269662,No,0.1794
PRV56734,22,109700,4986.363636363636,57000,4.045454545454546,3.0454545454545454,489.54545454545456,68.68181818181819,10,12,22,18,0.0,0,0.45454545454545453,1.0,4986.363636363636,No,0.1724
PRV56735,412,133630,324.34466019417476,3300,1.6140776699029127,0.0,4.70873786407767,72.2864077669903,0,412,285,4,0.009708737864077669,0,0.0,1.4456140350877194,468.87719298245617,No,0.032
PRV56738,512,268680,524.765625,13000,1.5390625,0.216796875,42.2109375,72.86328125,19,493,300,9,0.009765625,0,0.037109375,1.7066666666666668,895.6,No,0.1835
PRV56739,5,11150,2230.0,11000,0.6,0.6,213.6,81.0,1,4,5,3,0.0,0,0.2,1.0,2230.0,No,0.0034
PRV56740,45,8720,193.77777777777777,1900,0.8,0.0,1.7777777777777777,69.46666666666667,0,45,38,25,0.0,0,0.0,1.1842105263157894,229.47368421052633,No,0.0034
PRV56741,25,5620,224.8,1300,0.04,0.0,3.6,73.32,0,25,25,19,0.0,0,0.0,1.0,224.8,No,0.0017
PRV56742,35,120750,3450.0,41000,3.8857142857142857,1.5714285714285714,274.62857142857143,73.8,9,26,32,4,0.0,0,0.2571428571428571,1.09375,3773.4375,No,0.1705
PRV56743,393,126960,323.0534351145038,9020,1.1450381679389312,0.0,2.6717557251908395,71.96946564885496,0,393,328,24,0.010178117048346057,0,0.0,1.1981707317073171,387.0731707317073,No,0.0064
PRV56745,132,27460,208.03030303030303,2400,1.1363636363636365,0.0,4.015151515151516,76.18181818181819,0,132,53,5,0.0,0,0.0,2.490566037735849,518.1132075471698,No,0.0198
PRV56746,43,171030,3977.4418604651164,38000,2.6511627906976742,1.558139534883721,373.95348837209303,73.04651162790698,15,28,42,37,0.0,0,0.3488372093023256,1.0238095238095237,4072.1428571428573,No,0.1313
PRV56747,16,18530,1158.125,12000,3.0625,0.375,66.75,76.3125,1,15,16,11,0.0,0,0.0625,1.0,1158.125,No,0.0036
PRV56748,463,1415780,3057.840172786177,79000,2.386609071274298,1.3736501079913608,267.1922246220302,72.60691144708423,117,346,361,12,0.0,1,0.2526997840172786,1.2825484764542936,3921.8282548476454,Yes,0.9705
PRV56749,28,110210,3936.0714285714284,20000,3.1785714285714284,2.607142857142857,381.42857142857144,72.32142857142857,11,17,26,26,0.03571428571428571,0,0.39285714285714285,1.0769230769230769,4238.846153846154,No,0.1062
PRV56750,11,26350,2395.4545454545455,25000,3.3636363636363638,0.9090909090909091,97.0909090909091,75.27272727272727,1,10,11,11,0.0,0,0.09090909090909091,1.0,2395.4545454545455,No,0.0046
PRV56751,84,86410,1028.6904761904761,34000,0.9880952380952381,0.2619047619047619,67.85714285714286,69.89285714285714,5,79,51,4,0.011904761904761904,0,0.05952380952380952,1.6470588235294117,1694.313725490196,No,0.0402
PRV56752,25,16120,644.8,12000,1.0,0.08,47.52,75.52,1,24,24,14,0.0,0,0.04,1.0416666666666667,671.6666666666666,No,0.0089
PRV56753,24,100080,4170.0,25000,3.0,2.25,400.5,76.125,9,15,21,15,0.0,0,0.375,1.1428571428571428,4765.714285714285,No,0.0478
PRV56754,109,74050,679.3577981651376,11000,1.6697247706422018,0.3302752293577982,89.65137614678899,74.59633027522936,9,100,70,33,0.0,0,0.08256880733944955,1.5571428571428572,1057.857142857143,No,0.026
PRV56755,18,54160,3008.8888888888887,35000,1.8888888888888888,0.7777777777777778,181.88888888888889,75.33333333333333,3,15,17,13,0.0,0,0.16666666666666666,1.0588235294117647,3185.8823529411766,No,0.0251
PRV56758,531,164890,310.52730696798494,6400,1.6497175141242937,0.0,3.3333333333333335,73.3427495291902,0,531,347,10,0.0018832391713747645,0,0.0,1.5302593659942363,475.1873198847262,No,0.0552
PRV56759,11,28260,2569.090909090909,21000,4.636363636363637,1.5454545454545454,197.8181818181818,71.9090909090909,2,9,11,9,0.0,0,0.18181818181818182,1.0,2569.090909090909,No,0.0144
PRV56760,643,188300,292.84603421461895,3300,1.5489891135303266,0.0,2.5038880248833593,73.59875583203733,0,643,403,8,0.012441679626749611,0,0.0,1.5955334987593053,467.2456575682382,No,0.0645
PRV56761,117,832220,7112.991452991453,57000,4.478632478632479,4.136752136752137,804.4786324786324,75.08547008547009,92,25,107,15,0.0,0,0.7863247863247863,1.0934579439252337,7777.757009345794,No,0.505
PRV56762,39,10710,274.61538461538464,3000,0.4358974358974359,0.10256410256410256,29.94871794871795,76.92307692307692,1,38,35,14,0.0,0,0.02564102564102564,1.1142857142857143,306.0,No,0.0047
PRV56763,26,116490,4480.384615384615,36000,4.846153846153846,4.846153846153846,451.84615384615387,73.73076923076923,13,13,25,23,0.0,0,0.5,1.04,4659.6,No,0.0768
PRV56764,201,95680,476.0199004975124,25000,1.8606965174129353,0.14427860696517414,29.402985074626866,72.99004975124379,5,196,139,41,0.014925373134328358,0,0.024875621890547265,1.4460431654676258,688.3453237410072,No,0.0613
PRV56765,22,5970,271.3636363636364,1600,1.5454545454545454,0.0,0.0,73.18181818181819,0,22,21,18,0.0,0,0.0,1.0476190476190477,284.2857142857143,No,0.0015
PRV56766,29,24780,854.4827586206897,11000,1.8275862068965518,0.20689655172413793,74.34482758620689,70.24137931034483,2,27,27,22,0.0,0,0.06896551724137931,1.0740740740740742,917.7777777777778,No,0.0034
PRV56767,18,51570,2865.0,23000,2.888888888888889,1.1111111111111112,359.8888888888889,72.11111111111111,6,12,18,16,0.0,0,0.3333333333333333,1.0,2865.0,No,0.0284
PRV56768,4,17000,4250.0,8000,2.5,2.5,1068.0,75.0,4,0,4,2,0.0,0,1.0,1.0,4250.0,No,0.0013
PRV56769,23,35120,1526.9565217391305,12000,1.4782608695652173,1.1304347826086956,185.7391304347826,74.1304347826087,4,19,21,21,0.0,0,0.17391304347826086,1.0952380952380953,1672.3809523809523,No,0.0275
PRV56771,2,460,230.0,400,0.0,0.0,15.0,71.5,0,2,2,2,0.0,0,0.0,1.0,230.0,No,0.0025
PRV56772,70,47960,685.1428571428571,14000,1.6285714285714286,0.6,78.14285714285714,73.51428571428572,5,65,54,34,0.0,0,0.07142857142857142,1.2962962962962963,888.1481481481482,No,0.0159
PRV56773,43,64730,1505.3488372093022,16000,1.5813953488372092,1.0232558139534884,178.97674418604652,69.90697674418605,7,36,33,10,0.023255813953488372,0,0.16279069767441862,1.303030303030303,1961.5151515151515,No,0.0588
PRV56774,1,4000,4000.0,4000,4.0,4.0,1068.0,67.0,1,0,1,1,0.0,0,1.0,1.0,4000.0,No,0.0009
PRV56775,18,34350,1908.3333333333333,15000,2.888888888888889,1.7777777777777777,178.0,69.61111111111111,3,15,18,14,0.05555555555555555,0,0.16666666666666666,1.0,1908.3333333333333,No,0.0577
PRV56777,44,113150,2571.590909090909,28000,2.6136363636363638,1.4090909090909092,319.40909090909093,75.11363636363636,13,31,44,37,0.0,0,0.29545454545454547,1.0,2571.590909090909,No,0.0521
PRV56778,38,122180,3215.2631578947367,24000,3.1315789473684212,2.210526315789474,422.10526315789474,73.86842105263158,15,23,38,32,0.0,0,0.39473684210526316,1.0,3215.2631578947367,No,0.0559
PRV56780,7,880,125.71428571428571,400,0.0,0.0,0.0,72.28571428571429,0,7,7,3,0.0,0,0.0,1.0,125.71428571428571,No,0.0008
PRV56782,288,90010,312.53472222222223,9030,1.7534722222222223,0.0,1.7708333333333333,73.36458333333333,0,288,109,19,0.003472222222222222,0,0.0,2.6422018348623855,825.7798165137615,No,0.0171
PRV56783,85,25430,299.1764705882353,3100,1.411764705882353,0.0,0.0,70.82352941176471,0,85,69,1,0.0,0,0.0,1.2318840579710144,368.5507246376812,No,0.001
PRV56784,19,6920,364.2105263157895,2080,0.05263157894736842,0.0,20.526315789473685,69.84210526315789,0,19,18,11,0.0,0,0.0,1.0555555555555556,384.44444444444446,No,0.0092
PRV56788,177,50070,282.8813559322034,3300,1.271186440677966,0.0,0.96045197740113,73.62711864406779,0,177,116,6,0.0,0,0.0,1.5258620689655173,431.63793103448273,No,0.0052
PRV56789,67,63510,947.9104477611941,18000,1.1343283582089552,0.47761194029850745,114.11940298507463,74.59701492537313,7,60,49,6,0.0,0,0.1044776119402985,1.3673469387755102,1296.1224489795918,No,0.0192
PRV56790,91,34990,384.5054945054945,5400,1.2527472527472527,0.0,0.43956043956043955,72.18681318681318,0,91,64,13,0.01098901098901099,0,0.0,1.421875,546.71875,No,0.0042
PRV56791,233,67030,287.6824034334764,3300,1.3562231759656653,0.0,2.532188841201717,72.62660944206009,0,233,162,7,0.0,0,0.0,1.4382716049382716,413.7654320987654,No,0.0057
PRV56792,8,2460,307.5,800,0.875,0.0,0.0,71.875,0,8,8,4,0.0,0,0.0,1.0,307.5,No,0.0008
PRV56793,31,56330,1817.0967741935483,20000,2.3548387096774195,0.3870967741935484,103.35483870967742,71.06451612903226,3,28,29,15,0.0,0,0.0967741935483871,1.0689655172413792,1942.4137931034484,No,0.0267
PRV56796,92,71490,777.0652173913044,26000,0.7717391304347826,0.13043478260869565,26.804347826086957,71.83695652173913,3,89,87,45,0.0,0,0.03260869565217391,1.0574712643678161,821.7241379310345,No,0.0112
PRV56797,5,1260,252.0,800,0.0,0.0,0.0,75.6,0,5,5,2,0.0,0,0.0,1.0,252.0,No,0.0015
PRV56798,24,10100,420.8333333333333,2400,2.375,0.0,1.6666666666666667,76.33333333333333,0,24,22,16,0.0,0,0.0,1.0909090909090908,459.09090909090907,No,0.0015
PRV56800,57,100830,1768.9473684210527,20000,2.2280701754385963,1.0175438596491229,132.73684210526315,72.94736842105263,7,50,48,17,0.0,0,0.12280701754385964,1.1875,2100.625,No,0.055
PRV56801,25,8210,328.4,3300,2.76,0.0,1.6,73.84,0,25,24,11,0.0,0,0.0,1.0416666666666667,342.0833333333333,No,0.002
PRV56802,13,185000,14230.76923076923,53000,4.384615384615385,4.384615384615385,1068.0,79.46153846153847,13,0,11,1,0.0,0,1.0,1.1818181818181819,16818.18181818182,No,0.1731
PRV56803,795,319420,401.7861635220126,28000,1.6666666666666667,0.06666666666666667,11.290566037735848,73.79245283018868,8,787,416,131,0.006289308176100629,0,0.010062893081761006,1.9110576923076923,767.8365384615385,No,0.2226
PRV56805,1,70,70.0,70,0.0,0.0,0.0,73.0,0,1,1,1,0.0,0,0.0,1.0,70.0,No,0.001
PRV56807,91,22740,249.8901098901099,3500,1.2637362637362637,0.0,4.285714285714286,72.28571428571429,0,91,85,2,0.01098901098901099,0,0.0,1.0705882352941176,267.52941176470586,No,0.0025
PRV56808,62,433610,6993.709677419355,54000,3.661290322580645,3.338709677419355,809.6129032258065,74.79032258064517,47,15,62,15,0.0,1,0.7580645161290323,1.0,6993.709677419355,Yes,0.4842
PRV56809,44,45270,1028.8636363636363,13000,1.4545454545454546,0.4090909090909091,98.45454545454545,74.1590909090909,4,40,41,14,0.0,0,0.09090909090909091,1.0731707317073171,1104.1463414634147,No,0.0117
PRV56810,14,7890,563.5714285714286,2900,2.857142857142857,0.0,0.0,70.78571428571429,0,14,14,7,0.0,0,0.0,1.0,563.5714285714286,No,0.0012
PRV56811,62,106050,1710.483870967742,35000,1.8225806451612903,0.6935483870967742,125.09677419354838,74.90322580645162,8,54,60,41,0.0,0,0.12903225806451613,1.0333333333333334,1767.5,No,0.0581
PRV56813,106,33940,320.188679245283,3300,1.4245283018867925,0.0,3.207547169811321,68.25471698113208,0,106,83,15,0.0,0,0.0,1.2771084337349397,408.9156626506024,No,0.0036
PRV56816,15,7040,469.3333333333333,2100,1.4,0.0,0.0,68.73333333333333,0,15,15,13,0.0,0,0.0,1.0,469.3333333333333,No,0.0022
PRV56818,20,45540,2277.0,26000,1.15,0.95,213.6,73.85,4,16,17,15,0.0,0,0.2,1.1764705882352942,2678.823529411765,No,0.0278
PRV56819,25,220900,8836.0,57000,6.44,6.44,982.56,78.0,24,1,23,3,0.0,0,0.96,1.0869565217391304,9604.347826086956,No,0.317
PRV56820,5,820,164.0,300,0.0,0.0,0.0,68.8,0,5,4,2,0.0,0,0.0,1.25,205.0,No,0.0019
PRV56821,12,3160,263.3333333333333,2000,1.6666666666666667,0.0,5.833333333333333,68.5,0,12,11,12,0.0,0,0.0,1.0909090909090908,287.27272727272725,No,0.0012
PRV56823,18,6320,351.1111111111111,1900,2.2222222222222223,0.0,0.5555555555555556,78.38888888888889,0,18,15,8,0.0,0,0.0,1.2,421.3333333333333,No,0.0006
PRV56824,136,47540,349.55882352941177,3300,1.4264705882352942,0.0,0.9558823529411765,73.51470588235294,0,136,125,2,0.007352941176470588,0,0.0,1.088,380.32,No,0.0021
PRV56826,24,20870,869.5833333333334,7000,1.7083333333333333,0.625,181.75,73.375,4,20,24,15,0.0,0,0.16666666666666666,1.0,869.5833333333334,No,0.0028
PRV56828,142,40510,285.28169014084506,3300,1.204225352112676,0.0,2.816901408450704,72.66901408450704,0,142,131,22,0.014084507042253521,0,0.0,1.083969465648855,309.23664122137404,No,0.0041
PRV56829,193,56270,291.55440414507774,4800,2.0,0.0,1.761658031088083,69.92227979274611,0,193,95,3,0.010362694300518135,0,0.0,2.031578947368421,592.3157894736842,No,0.0158
PRV56830,7,6580,940.0,3300,7.0,0.0,14.285714285714286,77.71428571428571,0,7,7,2,0.0,0,0.0,1.0,940.0,No,0.0014
PRV56831,5,760,152.0,500,2.2,0.0,0.0,69.4,0,5,5,4,0.0,0,0.0,1.0,152.0,No,0.001
PRV56832,11,7520,683.6363636363636,4000,0.0,0.0,0.0,67.54545454545455,0,11,11,5,0.0,0,0.0,1.0,683.6363636363636,No,0.0014
PRV56833,8,710,88.75,500,0.0,0.0,0.0,74.125,0,8,7,5,0.0,0,0.0,1.1428571428571428,101.42857142857143,No,0.0009
PRV56834,16,6850,428.125,3000,0.1875,0.125,66.75,81.0,1,15,6,7,0.0,0,0.0625,2.6666666666666665,1141.6666666666667,No,0.0147
PRV56835,103,24640,239.2233009708738,3300,0.6407766990291263,0.0,2.8155339805825244,68.02912621359224,0,103,52,6,0.0,0,0.0,1.9807692307692308,473.84615384615387,No,0.0051
PRV56836,3,740,246.66666666666666,600,1.3333333333333333,0.0,0.0,72.0,0,3,3,2,0.0,0,0.0,1.0,246.66666666666666,No,0.0009
PRV56837,42,17170,408.8095238095238,3300,3.238095238095238,0.0,2.142857142857143,75.23809523809524,0,42,27,3,0.0,0,0.0,1.5555555555555556,635.925925925926,No,0.0038
PRV56839,12,17870,1489.1666666666667,9000,2.8333333333333335,0.5,178.0,73.58333333333333,2,10,12,10,0.0,0,0.16666666666666666,1.0,1489.1666666666667,No,0.0019
PRV56840,89,19090,214.4943820224719,1800,1.3595505617977528,0.0,6.51685393258427,77.1685393258427,0,89,33,10,0.011235955056179775,0,0.0,2.696969696969697,578.4848484848485,No,0.0355
PRV56843,2,860,430.0,800,0.0,0.0,0.0,90.5,0,2,2,2,0.0,0,0.0,1.0,430.0,No,0.0084
PRV56845,9,600,66.66666666666667,200,0.0,0.0,14.444444444444445,79.44444444444444,0,9,9,5,0.0,0,0.0,1.0,66.66666666666667,No,0.0026
PRV56846,21,7020,334.2857142857143,3300,0.047619047619047616,0.0,1.4285714285714286,76.0952380952381,0,21,9,5,0.0,0,0.0,2.3333333333333335,780.0,No,0.0039
PRV56850,17,4650,273.52941176470586,1600,1.1764705882352942,0.0,9.411764705882353,71.6470588235294,0,17,6,4,0.0,0,0.0,2.8333333333333335,775.0,No,0.0034
PRV56851,20,7380,369.0,2000,0.8,0.0,3.0,79.4,0,20,7,5,0.0,0,0.0,2.857142857142857,1054.2857142857142,No,0.0081
PRV56852,20,1960,98.0,700,0.0,0.0,4.5,68.85,0,20,9,5,0.0,0,0.0,2.2222222222222223,217.77777777777777,No,0.0072
PRV56853,27,5340,197.77777777777777,2400,2.3703703703703702,0.0,1.4814814814814814,73.03703703703704,0,27,6,3,0.0,0,0.0,4.5,890.0,No,0.0017
PRV56854,3,600,200.0,500,0.3333333333333333,0.0,0.0,72.66666666666667,0,3,3,2,0.0,0,0.0,1.0,200.0,No,0.0014
PRV56855,4,290,72.5,200,3.5,0.0,25.0,75.0,0,4,3,2,0.0,0,0.0,1.3333333333333333,96.66666666666667,No,0.0044
PRV56856,90,23670,263.0,3000,0.6666666666666666,0.0,3.0,74.52222222222223,0,90,31,17,0.0,0,0.0,2.903225806451613,763.5483870967741,No,0.003
PRV56857,46,16480,358.2608695652174,3300,0.7608695652173914,0.0,0.0,73.73913043478261,0,46,20,2,0.0,0,0.0,2.3,824.0,No,0.0015
PRV56858,40,7870,196.75,1900,1.5,0.0,5.5,71.075,0,40,23,6,0.0,0,0.0,1.7391304347826086,342.17391304347825,No,0.0082
PRV56860,3,2570,856.6666666666666,2400,6.666666666666667,0.0,0.0,73.0,0,3,3,3,0.0,0,0.0,1.0,856.6666666666666,No,0.001
PRV56861,31,5560,179.3548387096774,1200,1.1935483870967742,0.0,0.0,71.80645161290323,0,31,22,7,0.0,0,0.0,1.4090909090909092,252.72727272727272,No,0.0021
PRV56862,14,2990,213.57142857142858,2100,0.5,0.0,0.0,82.92857142857143,0,14,8,2,0.0,0,0.0,1.75,373.75,No,0.0039
PRV56863,52,14070,270.5769230769231,3300,0.6346153846153846,0.0,1.9230769230769231,68.28846153846153,0,52,29,4,0.0,0,0.0,1.793103448275862,485.17241379310343,No,0.0064
PRV56864,24,3800,158.33333333333334,1500,2.5,0.0,0.0,77.29166666666667,0,24,12,5,0.20833333333333334,0,0.0,2.0,316.6666666666667,No,0.0176
PRV56866,68,27180,399.70588235294116,3300,2.9558823529411766,0.0,1.6176470588235294,82.86764705882354,0,68,23,7,0.0,0,0.0,2.9565217391304346,1181.7391304347825,No,0.0214
PRV56867,9,3430,381.1111111111111,2000,2.2222222222222223,0.0,7.777777777777778,72.55555555555556,0,9,8,1,0.0,0,0.0,1.125,428.75,No,0.0006
PRV56868,18,7590,421.6666666666667,2700,1.2222222222222223,0.0,0.0,71.33333333333333,0,18,7,6,0.0,0,0.0,2.5714285714285716,1084.2857142857142,No,0.0023
PRV56869,36,11220,311.6666666666667,2200,0.9166666666666666,0.0,1.3888888888888888,73.80555555555556,0,36,24,2,0.0,0,0.0,1.5,467.5,No,0.0028
PRV56870,13,119000,9153.846153846154,16000,4.538461538461538,4.538461538461538,1068.0,76.3076923076923,13,0,13,3,0.0,0,1.0,1.0,9153.846153846154,No,0.0139
PRV56871,11,4350,395.45454545454544,2000,1.8181818181818181,0.0,4.545454545454546,75.72727272727273,0,11,11,3,0.0,0,0.0,1.0,395.45454545454544,No,0.0012
PRV56873,2,6070,3035.0,6000,1.5,1.5,534.0,79.0,1,1,2,2,0.0,0,0.5,1.0,3035.0,No,0.0011
PRV56877,44,170410,3872.9545454545455,46000,2.8636363636363638,1.9090909090909092,365.22727272727275,74.3409090909091,15,29,34,17,0.0,1,0.3409090909090909,1.2941176470588236,5012.058823529412,Yes,0.6422
PRV56878,26,6660,256.15384615384613,1300,0.038461538461538464,0.0,1.5384615384615385,79.57692307692308,0,26,8,1,0.0,0,0.0,3.25,832.5,No,0.0031
PRV56879,7,8140,1162.857142857143,3300,0.14285714285714285,0.0,14.285714285714286,66.14285714285714,0,7,6,4,0.0,0,0.0,1.1666666666666667,1356.6666666666667,No,0.0021
PRV56880,2,260,130.0,200,0.0,0.0,0.0,69.0,0,2,2,2,0.0,0,0.0,1.0,130.0,No,0.0019
PRV56881,78,17200,220.51282051282053,2200,1.8205128205128205,0.0,1.9230769230769231,70.92307692307692,0,78,31,5,0.01282051282051282,0,0.0,2.5161290322580645,554.8387096774194,No,0.0055
PRV56882,21,4050,192.85714285714286,1200,1.9047619047619047,0.0,1.9047619047619047,75.0952380952381,0,21,10,4,0.0,0,0.0,2.1,405.0,No,0.0014
PRV56884,8,1440,180.0,900,1.0,0.0,12.5,72.375,0,8,8,5,0.0,0,0.0,1.0,180.0,No,0.0011
PRV56885,10,66050,6605.0,14000,5.0,5.0,961.2,70.3,9,1,6,3,0.0,0,0.9,1.6666666666666667,11008.333333333334,No,0.0805
PRV56886,11,1360,123.63636363636364,500,2.6363636363636362,0.0,0.0,77.45454545454545,0,11,3,5,0.0,0,0.0,3.6666666666666665,453.3333333333333,No,0.0017
PRV56887,36,9120,253.33333333333334,2700,0.6111111111111112,0.0,6.388888888888889,83.11111111111111,0,36,11,5,0.0,0,0.0,3.272727272727273,829.0909090909091,No,0.0094
PRV56888,10,6050,605.0,3000,0.2,0.0,1.0,71.2,0,10,10,7,0.0,0,0.0,1.0,605.0,No,0.0014
PRV56889,50,126550,2531.0,57000,1.08,0.92,115.8,71.96,5,45,29,13,0.02,0,0.1,1.7241379310344827,4363.793103448276,No,0.0364
PRV56890,12,4270,355.8333333333333,1500,0.9166666666666666,0.0,5.0,83.25,0,12,5,1,0.0,0,0.0,2.4,854.0,No,0.0073
PRV56891,1,10,10.0,10,0.0,0.0,20.0,46.0,0,1,1,1,0.0,0,0.0,1.0,10.0,No,0.0017
PRV56892,13,3180,244.6153846153846,1600,0.38461538461538464,0.0,0.0,71.23076923076923,0,13,5,1,0.0,0,0.0,2.6,636.0,No,0.0008
PRV56893,7,3020,431.42857142857144,1500,2.7142857142857144,0.0,0.0,80.0,0,7,7,4,0.0,0,0.0,1.0,431.42857142857144,No,0.0008
PRV56894,26,4360,167.69230769230768,2100,1.9615384615384615,0.0,0.0,72.34615384615384,0,26,23,6,0.0,0,0.0,1.1304347826086956,189.56521739130434,No,0.0004
PRV56895,14,145000,10357.142857142857,36000,7.357142857142857,7.285714285714286,991.7142857142857,73.42857142857143,13,1,14,7,0.07142857142857142,0,0.9285714285714286,1.0,10357.142857142857,No,0.1463
PRV56896,3,60000,20000.0,57000,9.333333333333334,9.333333333333334,1068.0,64.66666666666667,3,0,3,3,0.0,0,1.0,1.0,20000.0,No,0.1332
PRV56897,8,62000,7750.0,17000,5.25,5.25,934.5,72.875,8,0,8,5,0.0,0,1.0,1.0,7750.0,No,0.0214
PRV56900,2,19000,9500.0,16000,5.0,5.0,1068.0,84.0,2,0,2,1,0.0,0,1.0,1.0,9500.0,No,0.0033
PRV56901,66,10190,154.3939393939394,1200,0.8333333333333334,0.0,0.30303030303030304,72.56060606060606,0,66,48,7,0.0,0,0.0,1.375,212.29166666666666,No,0.0041
PRV56902,1,4000,4000.0,4000,3.0,3.0,1068.0,80.0,1,0,1,1,0.0,0,1.0,1.0,4000.0,No,0.001
PRV56903,2,57000,28500.0,49000,10.0,10.0,1068.0,67.0,2,0,2,2,0.0,0,1.0,1.0,28500.0,No,0.0757
PRV56904,4,28000,7000.0,13000,5.5,5.5,1068.0,69.5,4,0,4,4,0.0,0,1.0,1.0,7000.0,No,0.0148
PRV56905,15,6080,405.3333333333333,1600,4.666666666666667,0.0,3.3333333333333335,72.06666666666666,0,15,13,9,0.0,0,0.0,1.1538461538461537,467.6923076923077,No,0.0017
PRV56906,7,52100,7442.857142857143,23000,7.142857142857143,7.142857142857143,915.4285714285714,64.28571428571429,6,1,7,5,0.0,0,0.8571428571428571,1.0,7442.857142857143,No,0.0224
PRV56907,15,5820,388.0,2200,1.3333333333333333,0.0,0.0,72.53333333333333,0,15,15,1,0.0,0,0.0,1.0,388.0,No,0.0005
PRV56908,2,5060,2530.0,5000,0.0,0.0,534.0,68.5,1,1,2,2,0.0,0,0.5,1.0,2530.0,No,0.0017
PRV56909,7,18590,2655.714285714286,7000,3.142857142857143,2.142857142857143,457.7142857142857,64.14285714285714,3,4,6,4,0.0,0,0.42857142857142855,1.1666666666666667,3098.3333333333335,No,0.008
PRV56910,5,37260,7452.0,18000,2.6,2.6,854.4,66.8,4,1,5,2,0.0,0,0.8,1.0,7452.0,No,0.0036
PRV56912,7,90000,12857.142857142857,56000,5.285714285714286,5.285714285714286,1068.0,73.57142857142857,7,0,7,5,0.0,0,1.0,1.0,12857.142857142857,No,0.0478
PRV56914,6,70000,11666.666666666666,33000,7.333333333333333,7.333333333333333,1068.0,69.33333333333333,6,0,6,1,0.0,0,1.0,1.0,11666.666666666666,No,0.0593
PRV56915,4,30900,7725.0,20000,5.75,5.75,1068.0,81.0,4,0,4,4,0.0,0,1.0,1.0,7725.0,No,0.0126
PRV56916,11,113700,10336.363636363636,29000,4.2727272727272725,4.2727272727272725,1068.0,70.54545454545455,11,0,10,3,0.0,0,1.0,1.1,11370.0,No,0.1476
PRV56917,8,14880,1860.0,7000,0.875,0.875,267.0,66.0,2,6,7,7,0.0,0,0.25,1.1428571428571428,2125.714285714286,No,0.0049
PRV56918,7,142000,20285.714285714286,57000,11.571428571428571,11.571428571428571,1068.0,69.14285714285714,7,0,7,7,0.0,1,1.0,1.0,20285.714285714286,Yes,0.3466
PRV56919,2,30,15.0,20,1.5,0.0,0.0,78.0,0,2,2,1,0.0,0,0.0,1.0,15.0,No,0.0011
PRV56920,1,80,80.0,80,0.0,0.0,0.0,73.0,0,1,1,1,0.0,0,0.0,1.0,80.0,No,0.0011
PRV56923,41,6030,147.0731707317073,1000,0.975609756097561,0.0,7.560975609756097,74.90243902439025,0,41,27,1,0.0,0,0.0,1.5185185185185186,223.33333333333334,No,0.0071
PRV56926,1,20,20.0,20,0.0,0.0,0.0,74.0,0,1,1,1,0.0,0,0.0,1.0,20.0,No,0.0011
PRV56928,32,6530,204.0625,1100,1.0,0.0,3.4375,72.65625,0,32,28,2,0.0,0,0.0,1.1428571428571428,233.21428571428572,No,0.0043
PRV56929,45,7670,170.44444444444446,2200,1.8444444444444446,0.0,3.111111111111111,71.71111111111111,0,45,32,2,0.0,0,0.0,1.40625,239.6875,No,0.0023
PRV56930,24,6680,278.3333333333333,2400,1.6666666666666667,0.0,0.0,75.91666666666667,0,24,19,2,0.0,0,0.0,1.263157894736842,351.57894736842104,No,0.0012
PRV56931,21,6610,314.76190476190476,1700,1.0952380952380953,0.0,0.0,68.85714285714286,0,21,17,3,0.0,0,0.0,1.2352941176470589,388.8235294117647,No,0.003
PRV56932,9,810,90.0,300,2.2222222222222223,0.0,3.3333333333333335,78.33333333333333,0,9,8,2,0.0,0,0.0,1.125,101.25,No,0.0013
PRV56933,12,4660,388.3333333333333,1600,3.25,0.0,0.0,64.91666666666667,0,12,12,2,0.0,0,0.0,1.0,388.3333333333333,No,0.0011
PRV56934,6,450,75.0,100,0.0,0.0,0.0,75.33333333333333,0,6,6,3,0.0,0,0.0,1.0,75.0,No,0.0017
PRV56935,24,13190,549.5833333333334,3300,1.25,0.0,0.0,73.58333333333333,0,24,15,1,0.0,0,0.0,1.6,879.3333333333334,No,0.0021
PRV56937,5,310,62.0,200,6.8,0.0,0.0,65.0,0,5,5,2,0.0,0,0.0,1.0,62.0,No,0.0012
PRV56938,22,3840,174.54545454545453,900,2.5,0.0,3.6363636363636362,72.95454545454545,0,22,21,4,0.0,0,0.0,1.0476190476190477,182.85714285714286,No,0.0019
PRV56939,16,5080,317.5,1900,1.0,0.0,5.0,70.6875,0,16,15,4,0.0,0,0.0,1.0666666666666667,338.6666666666667,No,0.0076
PRV56941,21,4280,203.8095238095238,800,2.857142857142857,0.0,4.761904761904762,73.52380952380952,0,21,20,1,0.047619047619047616,0,0.0,1.05,214.0,No,0.0113
PRV56942,24,6960,290.0,2100,0.9583333333333334,0.0,1.6666666666666667,76.0,0,24,23,6,0.0,0,0.0,1.0434782608695652,302.60869565217394,No,0.0038
PRV56944,3,180,60.0,100,0.0,0.0,0.0,76.0,0,3,3,1,0.0,0,0.0,1.0,60.0,No,0.0017
PRV56945,57,21400,375.43859649122805,3300,2.0,0.0,2.6315789473684212,74.56140350877193,0,57,41,2,0.0,0,0.0,1.3902439024390243,521.9512195121952,No,0.0014
PRV56946,2,120,60.0,100,0.0,0.0,0.0,66.5,0,2,1,2,0.0,0,0.0,2.0,120.0,No,0.0029
PRV56947,3,580,193.33333333333334,500,1.0,0.0,6.666666666666667,71.66666666666667,0,3,3,2,0.0,0,0.0,1.0,193.33333333333334,No,0.0013
PRV56948,3,670,223.33333333333334,500,0.0,0.0,0.0,78.0,0,3,3,3,0.0,0,0.0,1.0,223.33333333333334,No,0.0015
PRV56949,104,31960,307.3076923076923,3300,1.5673076923076923,0.0,4.8076923076923075,72.46153846153847,0,104,43,3,0.019230769230769232,0,0.0,2.4186046511627906,743.2558139534884,No,0.0097
PRV56950,3,1140,380.0,600,0.0,0.0,0.0,64.66666666666667,0,3,3,2,0.0,0,0.0,1.0,380.0,No,0.0016
PRV56951,19,5170,272.10526315789474,1900,2.526315789473684,0.0,3.6842105263157894,73.15789473684211,0,19,8,3,0.0,0,0.0,2.375,646.25,No,0.0018
PRV56953,20,2870,143.5,700,1.55,0.0,7.0,74.6,0,20,19,3,0.0,0,0.0,1.0526315789473684,151.05263157894737,No,0.0025
PRV56954,20,2910,145.5,600,2.05,0.0,0.0,75.1,0,20,19,3,0.0,0,0.0,1.0526315789473684,153.1578947368421,No,0.0015
PRV56956,5,2810,562.0,2600,4.0,0.0,0.0,67.0,0,5,5,1,0.0,0,0.0,1.0,562.0,No,0.0007
PRV56957,138,44400,321.7391304347826,4060,1.1884057971014492,0.0,4.27536231884058,69.5,0,138,108,2,0.0,0,0.0,1.2777777777777777,411.1111111111111,No,0.0135
PRV56958,13,4980,383.0769230769231,2100,3.076923076923077,0.0,0.0,74.6923076923077,0,13,12,2,0.0,0,0.0,1.0833333333333333,415.0,No,0.0006
PRV56960,8,2540,317.5,800,0.0,0.0,3.75,70.375,0,8,8,3,0.0,0,0.0,1.0,317.5,No,0.0026
PRV56963,6,1440,240.0,1000,0.0,0.0,0.0,78.0,0,6,6,2,0.0,0,0.0,1.0,240.0,No,0.0015
PRV56964,5,1000,200.0,500,0.0,0.0,0.0,68.8,0,5,5,3,0.0,0,0.0,1.0,200.0,No,0.0019
PRV56965,3,650,216.66666666666666,600,0.0,0.0,0.0,74.66666666666667,0,3,3,2,0.0,0,0.0,1.0,216.66666666666666,No,0.0018
PRV56966,2,240,120.0,200,0.0,0.0,0.0,67.5,0,2,2,1,0.0,0,0.0,1.0,120.0,No,0.0011
PRV56967,91,25440,279.56043956043953,2400,1.4945054945054945,0.0,4.175824175824176,72.46153846153847,0,91,79,4,0.01098901098901099,0,0.0,1.1518987341772151,322.0253164556962,No,0.0016
PRV56969,1,10,10.0,10,0.0,0.0,0.0,85.0,0,1,1,1,0.0,0,0.0,1.0,10.0,No,0.0037
PRV56970,2,210,105.0,200,0.0,0.0,0.0,59.0,0,2,2,2,0.0,0,0.0,1.0,105.0,No,0.0013
PRV56971,4,400,100.0,200,0.0,0.0,0.0,74.0,0,4,4,2,0.0,0,0.0,1.0,100.0,No,0.0014
PRV56972,48,23760,495.0,3300,1.5416666666666667,0.0,1.25,76.1875,0,48,45,2,0.0,0,0.0,1.0666666666666667,528.0,No,0.0023
PRV56973,17,5220,307.05882352941177,1700,0.0,0.0,0.5882352941176471,75.05882352941177,0,17,17,2,0.0,0,0.0,1.0,307.05882352941177,No,0.0018
PRV56974,1,80,80.0,80,0.0,0.0,0.0,98.0,0,1,1,1,0.0,0,0.0,1.0,80.0,No,0.0093
PRV56976,6,1940,323.3333333333333,1600,3.8333333333333335,0.0,0.0,80.33333333333333,0,6,6,4,0.0,0,0.0,1.0,323.3333333333333,No,0.001
PRV56977,8,1040,130.0,400,0.875,0.0,0.0,77.875,0,8,8,2,0.0,0,0.0,1.0,130.0,No,0.0009
PRV56978,120,24030,200.25,2300,1.3833333333333333,0.0,2.75,72.58333333333333,0,120,97,1,0.008333333333333333,0,0.0,1.2371134020618557,247.7319587628866,No,0.0027
PRV56980,17,3070,180.58823529411765,900,1.1764705882352942,0.0,0.0,70.58823529411765,0,17,17,3,0.0,0,0.0,1.0,180.58823529411765,No,0.0017
PRV56981,7,710,101.42857142857143,400,0.0,0.0,0.0,71.71428571428571,0,7,7,5,0.0,0,0.0,1.0,101.42857142857143,No,0.0006
PRV56982,24,9470,394.5833333333333,3200,1.6666666666666667,0.0,4.166666666666667,72.41666666666667,0,24,21,2,0.0,0,0.0,1.1428571428571428,450.95238095238096,No,0.0009
PRV56984,3,780,260.0,700,1.0,0.0,0.0,70.33333333333333,0,3,3,1,0.0,0,0.0,1.0,260.0,No,0.0022
PRV56985,17,1940,114.11764705882354,600,0.058823529411764705,0.0,2.3529411764705883,68.0,0,17,17,3,0.0,0,0.0,1.0,114.11764705882354,No,0.0016
PRV56986,2,310,155.0,300,0.0,0.0,0.0,76.0,0,2,2,1,0.0,0,0.0,1.0,155.0,No,0.0016
PRV56987,7,1210,172.85714285714286,400,0.0,0.0,0.0,75.71428571428571,0,7,7,1,0.0,0,0.0,1.0,172.85714285714286,No,0.0009
PRV56988,1,0,0.0,0,0.0,0.0,0.0,67.0,0,1,1,1,0.0,0,0.0,1.0,0.0,No,0.001
PRV56989,2,110,55.0,70,0.0,0.0,0.0,70.5,0,2,2,2,0.0,0,0.0,1.0,55.0,No,0.0014
PRV56990,55,8320,151.27272727272728,1700,1.8,0.0,0.0,71.0,0,55,11,1,0.0,0,0.0,5.0,756.3636363636364,No,0.0029
PRV56991,15,6640,442.6666666666667,3300,1.2,0.0,0.0,71.53333333333333,0,15,15,4,0.0,0,0.0,1.0,442.6666666666667,No,0.0009
PRV56992,2,100,50.0,70,0.0,0.0,0.0,83.0,0,2,2,2,0.0,0,0.0,1.0,50.0,No,0.0025
PRV56993,24,5400,225.0,1000,2.75,0.0,4.166666666666667,72.70833333333333,0,24,24,3,0.0,0,0.0,1.0,225.0,No,0.0016
PRV56995,10,4330,433.0,3300,2.0,0.0,0.0,74.2,0,10,10,1,0.0,0,0.0,1.0,433.0,No,0.0007
PRV56996,11,2040,185.45454545454547,700,3.090909090909091,0.0,0.0,73.63636363636364,0,11,11,2,0.0,0,0.0,1.0,185.45454545454547,No,0.0005
PRV56997,25,2180,87.2,200,0.2,0.0,1.6,69.76,0,25,24,3,0.0,0,0.0,1.0416666666666667,90.83333333333333,No,0.0037
PRV56998,2,330,165.0,300,0.0,0.0,0.0,77.0,0,2,2,1,0.0,0,0.0,1.0,165.0,No,0.0018
PRV56999,8,2350,293.75,1600,0.0,0.0,5.0,72.625,0,8,8,2,0.0,0,0.0,1.0,293.75,No,0.0025
PRV57000,61,18910,310.0,3300,2.180327868852459,0.0,2.459016393442623,71.27868852459017,0,61,55,2,0.0,0,0.0,1.1090909090909091,343.8181818181818,No,0.0019
PRV57002,50,10450,209.0,2000,0.84,0.0,2.8,72.22,0,50,49,3,0.02,0,0.0,1.0204081632653061,213.26530612244898,No,0.0092
PRV57004,123,33440,271.869918699187,3300,1.5772357723577235,0.0,3.3333333333333335,72.07317073170732,0,123,93,6,0.008130081300813009,0,0.0,1.3225806451612903,359.5698924731183,No,0.0034
PRV57005,2,310,155.0,300,0.0,0.0,0.0,68.0,0,2,2,1,0.0,0,0.0,1.0,155.0,No,0.0008
PRV57006,105,40560,386.2857142857143,3300,2.0,0.0,3.4285714285714284,72.11428571428571,0,105,61,2,0.0,0,0.0,1.721311475409836,664.9180327868852,No,0.0082
PRV57010,57,24130,423.3333333333333,3300,1.4736842105263157,0.0,4.912280701754386,73.15789473684211,0,57,56,2,0.017543859649122806,0,0.0,1.0178571428571428,430.89285714285717,No,0.0034
PRV57011,17,3760,221.1764705882353,900,0.0,0.0,11.176470588235293,75.88235294117646,0,17,16,2,0.0,0,0.0,1.0625,235.0,No,0.0081
PRV57013,41,15650,381.7073170731707,3300,1.2926829268292683,0.0,0.0,70.65853658536585,0,41,31,3,0.0,0,0.0,1.3225806451612903,504.83870967741933,No,0.0047
PRV57014,76,17170,225.92105263157896,3300,1.6710526315789473,0.0,4.605263157894737,72.85526315789474,0,76,46,2,0.013157894736842105,0,0.0,1.6521739130434783,373.2608695652174,No,0.006
PRV57015,44,22930,521.1363636363636,10300,1.1818181818181819,0.0,3.409090909090909,73.4090909090909,0,44,39,2,0.045454545454545456,0,0.0,1.1282051282051282,587.9487179487179,No,0.0044
PRV57016,16,197600,12350.0,33000,7.625,7.625,1068.0,67.625,16,0,15,1,0.0,0,1.0,1.0666666666666667,13173.333333333334,No,0.1217
PRV57017,23,266100,11569.565217391304,51000,5.3478260869565215,5.3478260869565215,1021.5652173913044,77.26086956521739,23,0,21,2,0.13043478260869565,1,1.0,1.0952380952380953,12671.42857142857,Yes,0.6967
PRV57018,33,332690,10081.515151515152,36000,4.151515151515151,3.9696969696969697,744.3636363636364,70.51515151515152,24,9,31,3,0.030303030303030304,1,0.7272727272727273,1.064516129032258,10731.935483870968,Yes,0.8799
PRV57020,6,53000,8833.333333333334,16000,4.5,4.5,1068.0,71.0,6,0,6,1,0.0,0,1.0,1.0,8833.333333333334,No,0.0191
PRV57021,14,137000,9785.714285714286,34000,6.428571428571429,6.428571428571429,1068.0,74.0,14,0,12,2,0.0,1,1.0,1.1666666666666667,11416.666666666666,Yes,0.5424
PRV57023,15,173000,11533.333333333334,31000,5.933333333333334,5.933333333333334,996.8,70.73333333333333,15,0,15,1,0.06666666666666667,0,1.0,1.0,11533.333333333334,No,0.1667
PRV57024,9,132700,14744.444444444445,46000,7.0,7.0,1068.0,73.44444444444444,9,0,9,1,0.1111111111111111,0,1.0,1.0,14744.444444444445,No,0.0757
PRV57025,49,144640,2951.8367346938776,37000,3.183673469387755,1.9795918367346939,370.53061224489795,72.51020408163265,17,32,45,7,0.0,1,0.3469387755102041,1.0888888888888888,3214.222222222222,Yes,0.4267
PRV57030,57,204810,3593.157894736842,47000,2.473684210526316,1.5087719298245614,301.5438596491228,72.19298245614036,16,41,53,3,0.0,1,0.2807017543859649,1.0754716981132075,3864.3396226415093,Yes,0.3989
PRV57031,152,203600,1339.4736842105262,27000,1.986842105263158,0.3223684210526316,107.63157894736842,74.75,15,137,145,9,0.0,0,0.09868421052631579,1.0482758620689656,1404.1379310344828,No,0.1041
PRV57033,53,217330,4100.566037735849,57000,2.7358490566037736,2.3207547169811322,344.8301886792453,71.66037735849056,17,36,49,5,0.0,0,0.32075471698113206,1.0816326530612246,4435.306122448979,No,0.5002
PRV57034,64,196130,3064.53125,23000,1.953125,1.578125,335.625,72.296875,21,43,63,5,0.03125,0,0.328125,1.0158730158730158,3113.1746031746034,No,0.1473
PRV57036,20,8700,435.0,2100,1.75,0.0,0.0,69.3,0,20,20,4,0.0,0,0.0,1.0,435.0,No,0.0024
PRV57038,33,6310,191.21212121212122,2200,2.0303030303030303,0.0,2.727272727272727,73.48484848484848,0,33,33,2,0.0,0,0.0,1.0,191.21212121212122,No,0.001
PRV57039,5,910,182.0,400,0.0,0.0,0.0,82.0,0,5,4,2,0.0,0,0.0,1.25,227.5,No,0.0027
PRV57041,26,5170,198.84615384615384,2300,1.2307692307692308,0.0,0.0,75.76923076923077,0,26,21,2,0.0,0,0.0,1.2380952380952381,246.1904761904762,No,0.0013
PRV57043,1,50,50.0,50,0.0,0.0,0.0,58.0,0,1,1,1,0.0,0,0.0,1.0,50.0,No,0.0011
PRV57046,97,28790,296.8041237113402,2600,1.6494845360824741,0.0,2.6804123711340204,67.3917525773196,0,97,56,7,0.020618556701030927,0,0.0,1.7321428571428572,514.1071428571429,No,0.0055
PRV57047,16,4130,258.125,1500,2.5,0.0,10.625,67.1875,0,16,16,1,0.0,0,0.0,1.0,258.125,No,0.0015
PRV57048,5,220,44.0,70,0.0,0.0,0.0,65.0,0,5,5,2,0.0,0,0.0,1.0,44.0,No,0.001
PRV57049,22,266560,12116.363636363636,101000,4.318181818181818,4.0,873.8181818181819,71.86363636363636,18,4,22,3,0.0,1,0.8181818181818182,1.0,12116.363636363636,Yes,0.7242
PRV57051,3,1470,490.0,1400,6.666666666666667,0.0,0.0,70.33333333333333,0,3,3,2,0.0,0,0.0,1.0,490.0,No,0.0025
PRV57052,13,7720,593.8461538461538,2900,3.0,0.0,3.076923076923077,77.46153846153847,0,13,13,2,0.0,0,0.0,1.0,593.8461538461538,No,0.0012
PRV57053,23,11400,495.6521739130435,3300,3.782608695652174,0.0,0.0,72.04347826086956,0,23,16,1,0.0,0,0.0,1.4375,712.5,No,0.0014
PRV57054,27,5190,192.22222222222223,1900,0.48148148148148145,0.0,1.4814814814814814,73.22222222222223,0,27,18,7,0.0,0,0.0,1.5,288.3333333333333,No,0.0016
PRV57056,10,1250,125.0,400,0.0,0.0,0.0,77.0,0,10,10,1,0.0,0,0.0,1.0,125.0,No,0.0008
PRV57057,26,10560,406.15384615384613,3300,1.5384615384615385,0.0,8.846153846153847,61.0,0,26,10,3,0.0,0,0.0,2.6,1056.0,No,0.0023
PRV57058,29,10520,362.7586206896552,2200,2.7586206896551726,0.0,0.0,65.48275862068965,0,29,8,2,0.0,0,0.0,3.625,1315.0,No,0.002
PRV57059,9,4250,472.22222222222223,3300,0.0,0.0,17.77777777777778,71.77777777777777,0,9,9,1,0.0,0,0.0,1.0,472.22222222222223,No,0.0043
PRV57061,1,100,100.0,100,0.0,0.0,0.0,55.0,0,1,1,1,0.0,0,0.0,1.0,100.0,No,0.0012
PRV57062,58,16020,276.2068965517241,2000,0.5,0.0,1.0344827586206897,77.37931034482759,0,58,42,4,0.0,0,0.0,1.380952380952381,381.42857142857144,No,0.0022
PRV57063,1,40,40.0,40,0.0,0.0,0.0,72.0,0,1,1,1,0.0,0,0.0,1.0,40.0,No,0.0009
PRV57067,18,3050,169.44444444444446,700,1.0,0.0,8.333333333333334,72.22222222222223,0,18,13,3,0.0,0,0.0,1.3846153846153846,234.6153846153846,No,0.0049
PRV57069,2,4000,2000.0,3000,4.5,4.5,1068.0,69.0,2,0,2,2,0.0,0,1.0,1.0,2000.0,No,0.0016
PRV57072,4,30000,7500.0,13000,5.5,5.5,1068.0,68.5,4,0,4,2,0.0,0,1.0,1.0,7500.0,No,0.007
PRV57073,10,108000,10800.0,49000,5.7,5.7,1068.0,71.3,10,0,9,1,0.0,0,1.0,1.1111111111111112,12000.0,No,0.1579
PRV57074,7,59000,8428.57142857143,21000,4.857142857142857,4.857142857142857,1068.0,82.57142857142857,7,0,7,2,0.0,0,1.0,1.0,8428.57142857143,No,0.0211
PRV57075,2,16000,8000.0,11000,3.5,3.5,1068.0,71.0,2,0,2,2,0.0,0,1.0,1.0,8000.0,No,0.0022
PRV57076,2,10000,5000.0,5000,6.0,6.0,534.0,67.5,2,0,2,1,0.0,0,1.0,1.0,5000.0,No,0.0017
PRV57077,3,29000,9666.666666666666,13000,3.0,3.0,1068.0,66.33333333333333,3,0,2,1,0.0,0,1.0,1.5,14500.0,No,0.0213
PRV57078,10,75000,7500.0,16000,6.2,6.2,1068.0,77.3,10,0,9,1,0.0,0,1.0,1.1111111111111112,8333.333333333334,No,0.0347
PRV57080,1,57000,57000.0,57000,35.0,35.0,1068.0,80.0,1,0,1,1,0.0,0,1.0,1.0,57000.0,No,0.0761
PRV57081,37,414000,11189.18918918919,93000,7.72972972972973,7.72972972972973,1039.1351351351352,74.45945945945945,37,0,34,4,0.0,0,1.0,1.088235294117647,12176.470588235294,No,0.3742
PRV57082,5,100000,20000.0,57000,4.2,4.2,1068.0,71.2,5,0,5,2,0.0,0,1.0,1.0,20000.0,No,0.2116
PRV57084,8,62040,7755.0,18000,4.75,4.75,934.5,78.625,7,1,8,1,0.0,0,0.875,1.0,7755.0,No,0.0115
PRV57085,5,42000,8400.0,22000,4.6,4.6,1068.0,73.6,5,0,5,1,0.0,0,1.0,1.0,8400.0,No,0.0065
PRV57086,6,53000,8833.333333333334,12000,6.0,6.0,890.0,76.66666666666667,6,0,6,1,0.0,0,1.0,1.0,8833.333333333334,No,0.0302
PRV57087,4,31000,7750.0,11000,3.5,3.5,1068.0,76.5,4,0,4,1,0.0,0,1.0,1.0,7750.0,No,0.0025
PRV57088,10,50590,5059.0,18000,6.8,6.8,640.8,71.2,6,4,10,3,0.0,0,0.6,1.0,5059.0,No,0.1165
PRV57089,3,21000,7000.0,8000,8.666666666666666,8.666666666666666,1068.0,74.66666666666667,3,0,3,3,0.0,0,1.0,1.0,7000.0,No,0.0046
PRV57091,4,46000,11500.0,17000,5.75,5.75,1068.0,77.5,4,0,3,1,0.0,0,1.0,1.3333333333333333,15333.333333333334,No,0.0823
PRV57092,2,7000,3500.0,4000,9.5,9.5,1068.0,79.0,2,0,2,2,0.0,0,1.0,1.0,3500.0,No,0.002
PRV57093,1,5000,5000.0,5000,7.0,7.0,1068.0,75.0,1,0,1,1,0.0,0,1.0,1.0,5000.0,No,0.0013
PRV57094,3,48000,16000.0,19000,20.0,20.0,1068.0,81.33333333333333,3,0,3,1,0.0,0,1.0,1.0,16000.0,No,0.0173
PRV57096,11,160000,14545.454545454546,57000,5.909090909090909,5.909090909090909,1068.0,72.72727272727273,11,0,11,1,0.0,1,1.0,1.0,14545.454545454546,Yes,0.1883
PRV57097,3,21000,7000.0,10000,2.6666666666666665,2.6666666666666665,1068.0,73.66666666666667,3,0,3,3,0.0,0,1.0,1.0,7000.0,No,0.0016
PRV57098,49,490000,10000.0,37000,6.224489795918367,6.224489795918367,1046.204081632653,74.6734693877551,49,0,47,4,0.0,0,1.0,1.0425531914893618,10425.531914893618,No,0.1714
PRV57099,14,6440,460.0,2300,2.5714285714285716,0.0,0.7142857142857143,68.92857142857143,0,14,13,9,0.0,0,0.0,1.0769230769230769,495.38461538461536,No,0.001
PRV57100,25,7580,303.2,2400,1.36,0.0,2.4,77.16,0,25,18,8,0.0,0,0.0,1.3888888888888888,421.1111111111111,No,0.0015
PRV57101,263,369680,1405.6273764258556,36000,2.55893536121673,0.8555133079847909,118.79087452471482,70.84410646387833,30,233,211,141,0.0076045627376425855,0,0.11406844106463879,1.2464454976303319,1752.0379146919431,No,0.5985
PRV57102,16,63450,3965.625,46000,2.375,2.25,267.0,72.9375,4,12,16,13,0.0,0,0.25,1.0,3965.625,No,0.0505
PRV57103,2049,892770,435.71010248901905,57000,1.3265007320644218,0.05905319668130796,17.16544655929722,71.11761835041483,29,2020,804,168,0.009272816007808687,1,0.014153245485602733,2.548507462686567,1110.410447761194,Yes,0.8623
PRV57104,135,161630,1197.2592592592594,39000,1.0740740740740742,0.5851851851851851,73.42222222222222,68.54074074074074,10,125,61,15,0.0,1,0.07407407407407407,2.2131147540983607,2649.6721311475408,Yes,0.5206
PRV57105,4,540,135.0,400,0.0,0.0,0.0,71.25,0,4,3,4,0.0,0,0.0,1.3333333333333333,180.0,No,0.0016
PRV57107,13,5410,416.15384615384613,3300,0.0,0.0,0.0,71.6923076923077,0,13,12,10,0.0,0,0.0,1.0833333333333333,450.8333333333333,No,0.0013
PRV57108,49,73170,1493.265306122449,32000,2.63265306122449,0.40816326530612246,111.0204081632653,77.28571428571429,5,44,45,22,0.02040816326530612,0,0.10204081632653061,1.0888888888888888,1626.0,No,0.0285
PRV57109,86,86790,1009.1860465116279,32000,1.930232558139535,0.3023255813953488,78.0,71.51162790697674,6,80,78,45,0.011627906976744186,0,0.06976744186046512,1.1025641025641026,1112.6923076923076,No,0.0232
PRV57110,19,16830,885.7894736842105,15000,1.736842105263158,0.5789473684210527,57.26315789473684,77.26315789473684,1,18,19,16,0.0,0,0.05263157894736842,1.0,885.7894736842105,No,0.004
PRV57112,160,286220,1788.875,41000,1.88125,1.18125,201.1875,71.25625,30,130,134,9,0.0,0,0.1875,1.1940298507462686,2135.9701492537315,No,0.2337
PRV57113,7,28350,4050.0,19000,1.7142857142857142,1.7142857142857142,315.14285714285717,74.42857142857143,2,5,7,5,0.0,0,0.2857142857142857,1.0,4050.0,No,0.0055
PRV57115,12,14050,1170.8333333333333,10000,5.25,0.16666666666666666,89.0,79.16666666666667,1,11,12,8,0.0,0,0.08333333333333333,1.0,1170.8333333333333,No,0.0022
PRV57116,7,590,84.28571428571429,400,2.142857142857143,0.0,0.0,78.14285714285714,0,7,7,6,0.0,0,0.0,1.0,84.28571428571429,No,0.0008
PRV57117,190,552370,2907.2105263157896,30000,2.957894736842105,2.057894736842105,377.13684210526316,71.57894736842105,67,123,140,20,0.010526315789473684,1,0.3526315789473684,1.3571428571428572,3945.5,Yes,0.8477
PRV57118,13,2480,190.76923076923077,1600,0.6923076923076923,0.0,3.8461538461538463,60.84615384615385,0,13,10,8,0.0,0,0.0,1.3,248.0,No,0.0018
PRV57119,5,1330,266.0,700,0.0,0.0,0.0,68.8,0,5,4,4,0.0,0,0.0,1.25,332.5,No,0.0043
PRV57120,48,187050,3896.875,37000,2.3958333333333335,1.125,291.3333333333333,72.33333333333333,13,35,46,39,0.020833333333333332,0,0.2708333333333333,1.0434782608695652,4066.304347826087,No,0.103
PRV57121,38,35470,933.421052631579,12000,3.8684210526315788,0.7105263157894737,86.94736842105263,74.63157894736842,3,35,16,7,0.0,0,0.07894736842105263,2.375,2216.875,No,0.0325
PRV57122,14,10140,724.2857142857143,8000,0.2857142857142857,0.21428571428571427,76.28571428571429,71.85714285714286,1,13,13,9,0.0,0,0.07142857142857142,1.0769230769230769,780.0,No,0.0044
PRV57124,58,106940,1843.7931034482758,35000,2.0172413793103448,1.1896551724137931,167.44827586206895,71.89655172413794,9,49,55,38,0.0,0,0.15517241379310345,1.0545454545454545,1944.3636363636363,No,0.0693
PRV57125,370,95950,259.3243243243243,4400,0.9486486486486486,0.0,2.135135135135135,71.16756756756757,0,370,154,24,0.02972972972972973,0,0.0,2.4025974025974026,623.0519480519481,No,0.082
PRV57126,43,82620,1921.3953488372092,13000,1.4651162790697674,1.0,249.30232558139534,71.86046511627907,10,33,42,35,0.0,0,0.23255813953488372,1.0238095238095237,1967.142857142857,No,0.0133
PRV57127,22,81530,3705.909090909091,21000,2.409090909090909,1.5,388.3636363636364,69.18181818181819,8,14,22,20,0.0,0,0.36363636363636365,1.0,3705.909090909091,No,0.0255
PRV57128,60,20130,335.5,3300,1.7666666666666666,0.0,1.0,69.05,0,60,56,11,0.03333333333333333,0,0.0,1.0714285714285714,359.4642857142857,No,0.0044
PRV57129,282,397490,1409.5390070921985,57000,1.2943262411347518,0.6312056737588653,118.71631205673759,70.75531914893617,32,250,244,104,0.0035460992907801418,0,0.11347517730496454,1.1557377049180328,1629.0573770491803,No,0.2026
PRV57130,3,260,86.66666666666667,100,4.333333333333333,0.0,0.0,80.33333333333333,0,3,2,3,0.0,0,0.0,1.5,130.0,No,0.006
PRV57131,2,880,440.0,800,10.0,0.0,0.0,82.5,0,2,1,1,0.0,0,0.0,2.0,880.0,No,0.0024
PRV57132,9,3940,437.77777777777777,1800,0.7777777777777778,0.0,0.0,73.11111111111111,0,9,4,2,0.0,0,0.0,2.25,985.0,No,0.0018
PRV57133,14,1650,117.85714285714286,500,1.2857142857142858,0.0,0.0,65.28571428571429,0,14,4,7,0.0,0,0.0,3.5,412.5,No,0.0013
PRV57134,16,2870,179.375,800,1.125,0.0,0.0,68.8125,0,16,15,12,0.0,0,0.0,1.0666666666666667,191.33333333333334,No,0.0018
PRV57136,43,8240,191.62790697674419,1200,1.9069767441860466,0.0,0.9302325581395349,70.6046511627907,0,43,26,3,0.0,0,0.0,1.6538461538461537,316.9230769230769,No,0.0132
PRV57137,43,9990,232.32558139534885,2000,0.4883720930232558,0.0,1.1627906976744187,79.13953488372093,0,43,21,6,0.0,0,0.0,2.0476190476190474,475.7142857142857,No,0.007
PRV57138,6,3480,580.0,2000,3.3333333333333335,0.0,0.0,72.83333333333333,0,6,6,5,0.0,0,0.0,1.0,580.0,No,0.0006
PRV57139,16,5750,359.375,1700,0.8125,0.0,0.0,66.5625,0,16,13,5,0.0,0,0.0,1.2307692307692308,442.3076923076923,No,0.0018
PRV57140,2,450,225.0,400,0.0,0.0,0.0,85.0,0,2,2,1,0.0,0,0.0,1.0,225.0,No,0.0032
PRV57141,17,175530,10325.29411764706,32000,6.235294117647059,6.235294117647059,942.3529411764706,71.23529411764706,15,2,14,1,0.0,0,0.8823529411764706,1.2142857142857142,12537.857142857143,No,0.2182
PRV57142,12,6770,564.1666666666666,3000,1.75,0.0,0.0,78.91666666666667,0,12,7,3,0.0,0,0.0,1.7142857142857142,967.1428571428571,No,0.0018
PRV57143,1,100,100.0,100,3.0,0.0,0.0,72.0,0,1,1,1,0.0,0,0.0,1.0,100.0,No,0.0009
PRV57144,8,70000,8750.0,17000,6.125,6.125,934.5,74.625,8,0,8,3,0.0,0,1.0,1.0,8750.0,No,0.0843
PRV57145,4,70000,17500.0,48000,4.5,4.5,1068.0,77.25,4,0,4,1,0.0,0,1.0,1.0,17500.0,No,0.018
PRV57146,9,103000,11444.444444444445,24000,5.222222222222222,5.222222222222222,1068.0,75.11111111111111,9,0,9,3,0.0,0,1.0,1.0,11444.444444444445,No,0.0365
PRV57147,12,4160,346.6666666666667,2030,0.0,0.0,0.0,66.66666666666667,0,12,12,3,0.0,0,0.0,1.0,346.6666666666667,No,0.0016
PRV57148,83,200830,2419.6385542168673,25000,1.4457831325301205,0.6265060240963856,197.10843373493975,71.04819277108433,15,68,66,37,0.012048192771084338,0,0.18072289156626506,1.2575757575757576,3042.878787878788,No,0.0775
PRV57149,143,27390,191.53846153846155,3000,1.2307692307692308,0.0,1.9580419580419581,71.61538461538461,0,143,129,46,0.027972027972027972,0,0.0,1.1085271317829457,212.32558139534885,No,0.0057
PRV57150,166,37160,223.85542168674698,2500,1.2951807228915662,0.0,1.5060240963855422,75.27710843373494,0,166,123,74,0.006024096385542169,0,0.0,1.3495934959349594,302.1138211382114,No,0.0114
PRV57151,515,169030,328.2135922330097,11300,1.3436893203883495,0.0,2.6990291262135924,72.03495145631068,0,515,231,53,0.0,0,0.0,2.2294372294372296,731.7316017316017,No,0.1477
PRV57152,400,102480,256.2,3300,1.13,0.0,3.475,73.2925,0,400,383,169,0.01,0,0.0,1.0443864229765014,267.5718015665796,No,0.0186
PRV57153,94,29690,315.8510638297872,3300,1.9042553191489362,0.0,2.021276595744681,72.64893617021276,0,94,92,38,0.0,0,0.0,1.0217391304347827,322.7173913043478,No,0.0013
PRV57154,52,14630,281.34615384615387,2900,1.25,0.0,6.153846153846154,70.57692307692308,0,52,39,28,0.0,0,0.0,1.3333333333333333,375.12820512820514,No,0.0031
PRV57156,215,70570,328.2325581395349,3300,2.1627906976744184,0.0,2.0930232558139537,74.46046511627907,0,215,105,30,0.023255813953488372,0,0.0,2.0476190476190474,672.0952380952381,No,0.0236
PRV57157,156,190460,1220.8974358974358,29000,1.685897435897436,0.5897435897435898,105.44871794871794,70.49358974358974,16,140,90,22,0.01282051282051282,0,0.10256410256410256,1.7333333333333334,2116.222222222222,No,0.1018
PRV57158,271,411610,1518.8560885608856,57000,1.96309963099631,0.6678966789667896,116.61254612546125,73.0,30,241,138,11,0.0,1,0.11070110701107011,1.963768115942029,2982.68115942029,Yes,0.6115
PRV57159,228,62310,273.2894736842105,3300,1.2894736842105263,0.0,5.394736842105263,74.4780701754386,0,228,118,22,0.0,0,0.0,1.9322033898305084,528.0508474576271,No,0.0194
PRV57160,101,36750,363.86138613861385,3300,1.0495049504950495,0.0,2.4752475247524752,75.6930693069307,0,101,97,32,0.0,0,0.0,1.041237113402062,378.8659793814433,No,0.0067
PRV57161,6,1480,246.66666666666666,1000,2.3333333333333335,0.0,0.0,76.16666666666667,0,6,6,5,0.0,0,0.0,1.0,246.66666666666666,No,0.0009
PRV57162,104,195680,1881.5384615384614,90000,3.298076923076923,0.6442307692307693,64.5,68.23076923076923,7,97,51,18,0.019230769230769232,1,0.0673076923076923,2.0392156862745097,3836.8627450980393,Yes,0.8131
PRV57165,37,39720,1073.5135135135135,20000,2.027027027027027,0.5135135135135135,61.513513513513516,75.35135135135135,3,34,32,25,0.0,0,0.08108108108108109,1.15625,1241.25,No,0.0269
PRV57166,151,294700,1951.6556291390727,27000,2.013245033112583,1.218543046357616,206.90066225165563,72.33112582781457,29,122,128,78,0.0,1,0.19205298013245034,1.1796875,2302.34375,Yes,0.5044
PRV57167,238,65100,273.52941176470586,3300,2.630252100840336,0.0,2.0168067226890756,73.10924369747899,0,238,102,8,0.01680672268907563,1,0.0,2.3333333333333335,638.2352941176471,Yes,0.4009
PRV57168,75,37140,495.2,6100,2.4,0.0,1.0666666666666667,71.78666666666666,0,75,67,37,0.013333333333333334,0,0.0,1.1194029850746268,554.3283582089553,No,0.0045
PRV57169,31,161880,5221.935483870968,30000,3.5161290322580645,2.774193548387097,585.6774193548387,70.87096774193549,17,14,26,13,0.0,0,0.5483870967741935,1.1923076923076923,6226.153846153846,No,0.1788
PRV57170,579,168360,290.77720207253884,4800,1.4317789291882557,0.0,3.3678756476683938,74.0880829015544,0,579,232,18,0.0034542314335060447,1,0.0,2.4956896551724137,725.6896551724138,Yes,0.6948
PRV57171,191,54690,286.3350785340314,4000,1.2303664921465969,0.041884816753926704,20.230366492146597,72.90575916230367,3,188,66,27,0.0,0,0.015706806282722512,2.893939393939394,828.6363636363636,No,0.0589
PRV57172,1760,1386100,787.5568181818181,52000,1.6863636363636363,0.29318181818181815,54.804545454545455,72.38011363636363,88,1672,605,105,0.0017045454545454545,1,0.05,2.909090909090909,2291.0743801652893,Yes,0.9223
PRV57173,1225,1326410,1082.7836734693878,120000,1.8293877551020408,0.45224489795918366,85.0530612244898,73.32571428571428,96,1129,938,306,0.009795918367346938,1,0.0783673469387755,1.3059701492537314,1414.08315565032,Yes,0.9579
PRV57174,54,95930,1776.4814814814815,16000,1.462962962962963,0.8518518518518519,237.88888888888889,72.72222222222223,12,42,48,29,0.0,0,0.2222222222222222,1.125,1998.5416666666667,No,0.0422
PRV57175,78,32600,417.94871794871796,3300,1.6666666666666667,0.0,2.948717948717949,72.34615384615384,0,78,76,50,0.01282051282051282,0,0.0,1.0263157894736843,428.94736842105266,No,0.0014
PRV57176,131,61520,469.618320610687,11000,1.549618320610687,0.07633587786259542,35.66412213740458,70.10687022900764,4,127,105,70,0.022900763358778626,0,0.030534351145038167,1.2476190476190476,585.9047619047619,No,0.0105
PRV57177,564,848370,1504.2021276595744,57000,1.7074468085106382,0.650709219858156,137.4078014184397,73.14893617021276,73,491,257,32,0.0070921985815602835,1,0.12943262411347517,2.1945525291828796,3301.0505836575876,Yes,0.8933
PRV57179,206,337460,1638.1553398058252,48000,1.529126213592233,0.7524271844660194,131.50485436893203,74.86407766990291,26,180,140,75,0.024271844660194174,1,0.1262135922330097,1.4714285714285715,2410.4285714285716,Yes,0.7587
PRV57181,121,31910,263.7190082644628,3300,1.0330578512396693,0.0,0.8264462809917356,77.54545454545455,0,121,48,21,0.0,0,0.0,2.5208333333333335,664.7916666666666,No,0.0183
PRV57182,76,77000,1013.1578947368421,35000,0.881578947368421,0.3684210526315789,71.05263157894737,72.25,5,71,63,18,0.0,0,0.06578947368421052,1.2063492063492063,1222.2222222222222,No,0.0096
PRV57183,52,13170,253.26923076923077,1600,1.6538461538461537,0.0,3.8461538461538463,74.3076923076923,0,52,45,24,0.0,0,0.0,1.1555555555555554,292.6666666666667,No,0.0029
PRV57184,115,66960,582.2608695652174,25000,1.4434782608695653,0.13043478260869565,22.22608695652174,71.2,2,113,75,33,0.0,0,0.017391304347826087,1.5333333333333334,892.8,No,0.0147
PRV57185,186,157400,846.236559139785,45000,1.5483870967741935,0.26881720430107525,42.39784946236559,72.50537634408602,7,179,102,21,0.005376344086021506,1,0.03763440860215054,1.8235294117647058,1543.137254901961,Yes,0.5143
PRV57186,42,11860,282.3809523809524,3300,0.8809523809523809,0.0,8.571428571428571,70.02380952380952,0,42,36,27,0.0,0,0.0,1.1666666666666667,329.44444444444446,No,0.0061
PRV57187,114,35010,307.10526315789474,3300,1.719298245614035,0.0,1.5789473684210527,73.45614035087719,0,114,98,72,0.008771929824561403,0,0.0,1.163265306122449,357.2448979591837,No,0.0014
PRV57188,21,47780,2275.2380952380954,19000,0.7619047619047619,0.7619047619047619,258.0952380952381,75.04761904761905,5,16,18,18,0.0,0,0.23809523809523808,1.1666666666666667,2654.4444444444443,No,0.023
PRV57189,256,112310,438.7109375,30000,0.984375,0.18359375,14.1953125,72.734375,4,252,127,71,0.00390625,1,0.015625,2.015748031496063,884.3307086614174,Yes,0.5824
PRV57190,83,23850,287.34939759036143,3300,1.4819277108433735,0.0,2.1686746987951806,72.79518072289157,0,83,63,47,0.0,0,0.0,1.3174603174603174,378.57142857142856,No,0.0013
PRV57191,1500,2424430,1616.2866666666666,56000,1.9326666666666668,0.7513333333333333,132.564,72.662,185,1315,784,5,0.006,1,0.12333333333333334,1.913265306122449,3092.3852040816328,Yes,0.9879
PRV57192,407,138900,341.2776412776413,8200,1.7911547911547911,0.0,3.0466830466830466,72.68550368550369,0,407,185,7,0.002457002457002457,0,0.0,2.2,750.8108108108108,No,0.0222
PRV57193,393,103520,263.40966921119593,3300,0.8193384223918575,0.0,3.5623409669211195,73.67175572519083,0,393,171,64,0.0,0,0.0,2.2982456140350878,605.3801169590644,No,0.0804
PRV57194,30,24260,808.6666666666666,13000,0.26666666666666666,0.26666666666666666,74.86666666666666,74.83333333333333,2,28,26,19,0.0,0,0.06666666666666667,1.1538461538461537,933.0769230769231,No,0.0047
PRV57196,68,94830,1394.5588235294117,34000,1.8088235294117647,0.7352941176470589,157.5,73.25,10,58,42,18,0.0,0,0.14705882352941177,1.619047619047619,2257.8571428571427,No,0.0326
PRV57197,100,115540,1155.4,28000,1.66,0.7,87.44,70.16,8,92,50,13,0.01,0,0.08,2.0,2310.8,No,0.079
PRV57198,54,29200,540.7407407407408,8000,0.8333333333333334,0.2777777777777778,62.2962962962963,71.22222222222223,3,51,43,18,0.0,0,0.05555555555555555,1.255813953488372,679.0697674418604,No,0.0188
PRV57199,7,1970,281.42857142857144,1300,0.42857142857142855,0.0,7.142857142857143,73.0,0,7,7,4,0.0,0,0.0,1.0,281.42857142857144,No,0.001
PRV57200,25,12150,486.0,3300,1.6,0.0,5.2,71.12,0,25,24,7,0.08,0,0.0,1.0416666666666667,506.25,No,0.0071
PRV57202,165,40810,247.33333333333334,3300,1.5818181818181818,0.0,3.393939393939394,75.06060606060606,0,165,85,31,0.0,0,0.0,1.9411764705882353,480.11764705882354,No,0.0097
PRV57203,47,45610,970.4255319148937,31000,0.44680851063829785,0.1276595744680851,47.787234042553195,72.53191489361703,2,45,47,22,0.0,0,0.0425531914893617,1.0,970.4255319148937,No,0.0097
PRV57204,133,221970,1668.9473684210527,43000,1.8721804511278195,0.7894736842105263,164.81203007518798,73.37593984962406,21,112,81,26,0.05263157894736842,1,0.15789473684210525,1.6419753086419753,2740.3703703703704,Yes,0.6535
PRV57205,93,135680,1458.9247311827958,47000,1.2795698924731183,0.6666666666666666,143.72043010752688,73.13978494623656,12,81,87,48,0.010752688172043012,0,0.12903225806451613,1.0689655172413792,1559.5402298850574,No,0.0721
PRV57206,490,235300,480.2040816326531,57000,1.1979591836734693,0.04897959183673469,17.522448979591836,72.48775510204082,7,483,228,71,0.004081632653061225,1,0.014285714285714285,2.1491228070175437,1032.017543859649,Yes,0.8269
PRV57207,73,18710,256.3013698630137,3300,0.9726027397260274,0.0,2.191780821917808,73.02739726027397,0,73,49,13,0.0,0,0.0,1.489795918367347,381.83673469387753,No,0.0031
PRV57208,113,224580,1987.4336283185842,86000,2.106194690265487,0.49557522123893805,77.02654867256638,74.10619469026548,10,103,109,80,0.0,0,0.08849557522123894,1.036697247706422,2060.3669724770643,No,0.3099
PRV57209,1108,485040,437.7617328519856,24000,1.8402527075812274,0.07310469314079422,17.247292418772563,72.32129963898917,15,1093,564,158,0.009927797833935019,1,0.013537906137184115,1.9645390070921986,860.0,Yes,0.782
PRV57210,43,137020,3186.5116279069766,32000,2.953488372093023,2.488372093023256,253.25581395348837,75.6046511627907,10,33,35,22,0.023255813953488372,1,0.23255813953488372,1.2285714285714286,3914.8571428571427,Yes,0.1365
PRV57211,111,81930,738.1081081081081,9000,1.4864864864864864,0.1891891891891892,79.49549549549549,73.96396396396396,8,103,104,52,0.0,0,0.07207207207207207,1.0673076923076923,787.7884615384615,No,0.0158
PRV57212,101,34670,343.26732673267327,3300,1.693069306930693,0.0,2.871287128712871,71.44554455445545,0,101,60,19,0.0,0,0.0,1.6833333333333333,577.8333333333334,No,0.0028
PRV57213,82,34040,415.1219512195122,5040,1.1219512195121952,0.0,3.048780487804878,72.86585365853658,0,82,76,51,0.0,0,0.0,1.0789473684210527,447.89473684210526,No,0.0026
PRV57215,11,48970,4451.818181818182,18000,4.2727272727272725,4.181818181818182,679.6363636363636,68.54545454545455,8,3,9,6,0.0,0,0.7272727272727273,1.2222222222222223,5441.111111111111,No,0.0231
PRV57216,82,106260,1295.8536585365853,31000,2.3048780487804876,0.9024390243902439,132.1951219512195,73.73170731707317,10,72,62,33,0.0,0,0.12195121951219512,1.3225806451612903,1713.8709677419354,No,0.0631
PRV57217,62,119060,1920.3225806451612,27000,1.8064516129032258,0.7741935483870968,157.29032258064515,71.2741935483871,9,53,59,41,0.0,0,0.14516129032258066,1.0508474576271187,2017.9661016949153,No,0.1308
PRV57218,413,123230,298.3777239709443,14010,0.9878934624697336,0.0,2.5181598062953996,73.05569007263922,0,413,285,3,0.002421307506053269,0,0.0,1.449122807017544,432.3859649122807,No,0.0351
PRV57219,46,11830,257.17391304347825,3300,0.8260869565217391,0.0,0.0,71.19565217391305,0,46,36,14,0.0,0,0.0,1.2777777777777777,328.6111111111111,No,0.0029
PRV57223,54,280530,5195.0,57000,3.537037037037037,3.0185185185185186,672.4444444444445,74.24074074074075,34,20,49,19,0.0,1,0.6296296296296297,1.1020408163265305,5725.102040816327,Yes,0.4407
PRV57224,214,78960,368.97196261682245,17000,1.574766355140187,0.04205607476635514,12.411214953271028,72.51869158878505,2,212,144,52,0.018691588785046728,0,0.009345794392523364,1.4861111111111112,548.3333333333334,No,0.0192
PRV57225,178,437520,2457.9775280898875,30000,1.8258426966292134,1.4719101123595506,285.4269662921348,72.88764044943821,47,131,145,86,0.0056179775280898875,0,0.2640449438202247,1.2275862068965517,3017.3793103448274,No,0.2273
PRV57227,52,191800,3688.4615384615386,34000,3.8846153846153846,2.980769230769231,410.7692307692308,74.28846153846153,21,31,50,41,0.019230769230769232,0,0.40384615384615385,1.04,3836.0,No,0.295
PRV57228,529,379370,717.1455576559546,40000,1.281663516068053,0.21739130434782608,71.13799621928166,73.36105860113422,34,495,337,4,0.003780718336483932,0,0.06427221172022685,1.5697329376854599,1125.727002967359,No,0.2077
PRV57230,181,299570,1655.0828729281768,31000,2.1712707182320443,0.8066298342541437,149.88950276243094,73.0,27,154,160,92,0.0055248618784530384,1,0.14917127071823205,1.13125,1872.3125,Yes,0.57
PRV57231,48,179300,3735.4166666666665,42000,3.6875,2.8125,400.7083333333333,72.3125,18,30,42,31,0.041666666666666664,0,0.375,1.1428571428571428,4269.047619047619,No,0.2982
PRV57232,7,910,130.0,400,0.2857142857142857,0.0,0.0,74.85714285714286,0,7,7,7,0.0,0,0.0,1.0,130.0,No,0.0006
PRV57233,140,41920,299.42857142857144,5800,0.9071428571428571,0.0,3.5714285714285716,73.85,0,140,58,2,0.0,0,0.0,2.413793103448276,722.7586206896551,No,0.0073
PRV57234,24,89100,3712.5,31000,3.2916666666666665,2.1666666666666665,404.25,72.0,9,15,23,12,0.0,0,0.375,1.0434782608695652,3873.913043478261,No,0.0366
PRV57235,15,27410,1827.3333333333333,19000,2.2666666666666666,0.7333333333333333,213.6,77.06666666666666,3,12,13,8,0.0,0,0.2,1.1538461538461537,2108.4615384615386,No,0.0123
PRV57236,87,19170,220.3448275862069,3300,1.0919540229885059,0.0,3.103448275862069,72.97701149425288,0,87,39,5,0.0,0,0.0,2.230769230769231,491.53846153846155,No,0.0049
PRV57238,45,16940,376.44444444444446,10000,1.4,0.2222222222222222,25.955555555555556,71.13333333333334,1,44,29,12,0.022222222222222223,0,0.022222222222222223,1.5517241379310345,584.1379310344828,No,0.0034
PRV57239,28,6180,220.71428571428572,1400,0.25,0.0,1.7857142857142858,70.35714285714286,0,28,19,8,0.0,0,0.0,1.4736842105263157,325.2631578947368,No,0.0094
PRV57240,72,24790,344.30555555555554,3300,0.7916666666666666,0.0,4.305555555555555,71.02777777777777,0,72,31,16,0.0,0,0.0,2.3225806451612905,799.6774193548387,No,0.0035
PRV57241,59,26180,443.728813559322,3300,3.9152542372881354,0.0,1.694915254237288,74.66101694915254,0,59,44,28,0.0,0,0.0,1.3409090909090908,595.0,No,0.0029
PRV57242,103,31900,309.70873786407765,3300,1.6699029126213591,0.0,2.233009708737864,76.27184466019418,0,103,44,2,0.0,0,0.0,2.340909090909091,725.0,No,0.0042
PRV57244,4,610,152.5,300,5.0,0.0,0.0,67.5,0,4,4,1,0.0,0,0.0,1.0,152.5,No,0.0006
PRV57245,92,32790,356.4130434782609,3300,1.9456521739130435,0.0,6.195652173913044,73.90217391304348,0,92,27,3,0.0,0,0.0,3.4074074074074074,1214.4444444444443,No,0.0204
PRV57246,6,4100,683.3333333333334,3300,3.3333333333333335,0.0,0.0,78.16666666666667,0,6,6,1,0.0,0,0.0,1.0,683.3333333333334,No,0.0007
PRV57247,11,960,87.27272727272727,500,0.0,0.0,0.0,69.27272727272727,0,11,9,1,0.0,0,0.0,1.2222222222222223,106.66666666666667,No,0.0009
PRV57248,6,220,36.666666666666664,70,3.1666666666666665,0.0,0.0,83.0,0,6,6,1,0.0,0,0.0,1.0,36.666666666666664,No,0.0019
PRV57250,23,12760,554.7826086956521,4040,1.3043478260869565,0.0,4.3478260869565215,78.1304347826087,0,23,16,1,0.0,0,0.0,1.4375,797.5,No,0.0047
PRV57251,15,156000,10400.0,31000,5.066666666666666,5.066666666666666,996.8,73.26666666666667,15,0,14,1,0.0,0,1.0,1.0714285714285714,11142.857142857143,No,0.1695
PRV57252,3,18000,6000.0,11000,2.6666666666666665,2.6666666666666665,1068.0,82.33333333333333,3,0,3,2,0.0,0,1.0,1.0,6000.0,No,0.0016
PRV57253,44,10910,247.95454545454547,2500,0.6818181818181818,0.0,4.7727272727272725,73.5,0,44,36,5,0.0,0,0.0,1.2222222222222223,303.05555555555554,No,0.0021
PRV57255,34,6890,202.64705882352942,900,0.6176470588235294,0.0,8.235294117647058,69.32352941176471,0,34,23,4,0.0,0,0.0,1.4782608695652173,299.5652173913044,No,0.075
PRV57256,8,1890,236.25,1500,0.0,0.0,0.0,72.5,0,8,8,1,0.0,0,0.0,1.0,236.25,No,0.0007
PRV57257,17,4920,289.4117647058824,1400,0.11764705882352941,0.0,12.352941176470589,67.11764705882354,0,17,11,3,0.0,0,0.0,1.5454545454545454,447.27272727272725,No,0.0045
PRV57259,48,16450,342.7083333333333,3300,0.4583333333333333,0.0,3.75,70.45833333333333,0,48,38,1,0.0,0,0.0,1.263157894736842,432.89473684210526,No,0.0031
PRV57261,10,1600,160.0,700,1.6,0.0,0.0,72.2,0,10,9,1,0.0,0,0.0,1.1111111111111112,177.77777777777777,No,0.0004
PRV57262,24,4160,173.33333333333334,900,1.5833333333333333,0.0,3.3333333333333335,72.25,0,24,16,1,0.041666666666666664,0,0.0,1.5,260.0,No,0.0067
PRV57263,52,30130,579.4230769230769,2900,3.2115384615384617,0.0,0.19230769230769232,66.86538461538461,0,52,22,1,0.0,0,0.0,2.3636363636363638,1369.5454545454545,No,0.0055
PRV57264,8,2760,345.0,1200,0.625,0.0,10.0,78.125,0,8,6,2,0.0,0,0.0,1.3333333333333333,460.0,No,0.0059
PRV57265,1,200,200.0,200,0.0,0.0,0.0,69.0,0,1,1,1,0.0,0,0.0,1.0,200.0,No,0.0039
PRV57266,34,9860,290.0,3000,2.5294117647058822,0.0,1.7647058823529411,75.08823529411765,0,34,32,2,0.0,0,0.0,1.0625,308.125,No,0.002
PRV57269,37,5320,143.78378378378378,1000,1.027027027027027,0.0,6.756756756756757,75.75675675675676,0,37,17,4,0.0,0,0.0,2.176470588235294,312.94117647058823,No,0.0161
PRV57270,9,1000,111.11111111111111,500,0.4444444444444444,0.0,0.0,82.44444444444444,0,9,9,2,0.0,0,0.0,1.0,111.11111111111111,No,0.0011
PRV57272,25,8770,350.8,3000,0.44,0.0,0.0,72.96,0,25,18,2,0.0,0,0.0,1.3888888888888888,487.22222222222223,No,0.0032
PRV57273,9,1090,121.11111111111111,600,0.2222222222222222,0.0,0.0,72.33333333333333,0,9,6,1,0.0,0,0.0,1.5,181.66666666666666,No,0.0015
PRV57274,4,130,32.5,80,0.0,0.0,0.0,64.25,0,4,4,2,0.0,0,0.0,1.0,32.5,No,0.0011
PRV57275,61,11330,185.7377049180328,2000,0.39344262295081966,0.0,3.7704918032786887,75.0327868852459,0,61,41,2,0.01639344262295082,0,0.0,1.4878048780487805,276.3414634146341,No,0.0327
PRV57276,13,4500,346.15384615384613,1300,0.0,0.0,3.076923076923077,69.46153846153847,0,13,9,1,0.0,0,0.0,1.4444444444444444,500.0,No,0.0056
PRV57277,7,1250,178.57142857142858,500,0.0,0.0,0.0,70.14285714285714,0,7,7,1,0.0,0,0.0,1.0,178.57142857142858,No,0.0007
PRV57278,7,950,135.71428571428572,300,0.0,0.0,12.857142857142858,78.42857142857143,0,7,7,2,0.0,0,0.0,1.0,135.71428571428572,No,0.0028
PRV57280,3,170,56.666666666666664,70,0.0,0.0,0.0,76.66666666666667,0,3,3,1,0.0,0,0.0,1.0,56.666666666666664,No,0.0018
PRV57282,41,8350,203.65853658536585,1800,0.5365853658536586,0.0,0.0,75.2439024390244,0,41,25,2,0.024390243902439025,1,0.0,1.64,334.0,Yes,0.4523
PRV57283,1,900,900.0,900,0.0,0.0,0.0,75.0,0,1,1,1,0.0,0,0.0,1.0,900.0,No,0.0011
PRV57284,23,161570,7024.782608695652,19000,4.043478260869565,3.9130434782608696,882.2608695652174,67.04347826086956,19,4,22,5,0.043478260869565216,1,0.8260869565217391,1.0454545454545454,7344.090909090909,Yes,0.5238
PRV57285,8,83000,10375.0,28000,5.125,5.125,934.5,80.0,8,0,8,1,0.0,0,1.0,1.0,10375.0,No,0.0322
PRV57286,2,20,10.0,20,0.0,0.0,0.0,76.0,0,2,2,1,0.0,0,0.0,1.0,10.0,No,0.0017
PRV57287,289,80390,278.16608996539793,3300,1.7301038062283738,0.0,1.1418685121107266,73.29065743944636,0,289,107,2,0.0,0,0.0,2.7009345794392523,751.3084112149533,No,0.0174
PRV57288,93,27650,297.31182795698925,3300,1.8709677419354838,0.0,4.301075268817204,72.74193548387096,0,93,47,1,0.043010752688172046,0,0.0,1.9787234042553192,588.2978723404256,No,0.0044
PRV57289,10,5830,583.0,3300,4.0,0.0,3.0,66.4,0,10,7,2,0.0,0,0.0,1.4285714285714286,832.8571428571429,No,0.0015
PRV57290,2,55000,27500.0,55000,4.5,4.5,1068.0,90.0,2,0,2,2,0.0,0,1.0,1.0,27500.0,No,0.0417
PRV57291,3,1400,466.6666666666667,1100,0.0,0.0,0.0,69.66666666666667,0,3,3,1,0.0,0,0.0,1.0,466.6666666666667,No,0.0034
PRV57293,12,100000,8333.333333333334,13000,8.75,8.75,1068.0,67.58333333333333,12,0,10,1,0.0,0,1.0,1.2,10000.0,No,0.0237
PRV57294,2,12000,6000.0,9000,8.5,8.5,1068.0,75.0,2,0,2,1,0.0,0,1.0,1.0,6000.0,No,0.0015
PRV57295,14,173000,12357.142857142857,57000,5.214285714285714,5.214285714285714,1068.0,64.42857142857143,14,0,13,1,0.0,1,1.0,1.0769230769230769,13307.692307692309,Yes,0.3482
PRV57297,8,53000,6625.0,12000,5.5,5.5,1068.0,73.75,8,0,8,1,0.0,1,1.0,1.0,6625.0,Yes,0.0486
PRV57298,3,14000,4666.666666666667,7000,3.6666666666666665,3.6666666666666665,1068.0,72.0,3,0,3,3,0.0,0,1.0,1.0,4666.666666666667,No,0.0021
PRV57299,6,40000,6666.666666666667,14000,3.1666666666666665,3.1666666666666665,1068.0,72.83333333333333,6,0,6,2,0.0,0,1.0,1.0,6666.666666666667,No,0.0067
PRV57301,32,42090,1315.3125,10000,1.09375,0.46875,139.75,73.6875,4,28,32,16,0.0,0,0.125,1.0,1315.3125,No,0.0151
PRV57302,4,14160,3540.0,10000,2.0,2.0,534.0,76.5,2,2,4,4,0.0,0,0.5,1.0,3540.0,No,0.0011
PRV57303,105,116860,1112.952380952381,23000,2.057142857142857,0.5619047619047619,112.55238095238096,72.4952380952381,11,94,92,54,0.0,0,0.10476190476190476,1.141304347826087,1270.2173913043478,No,0.0845
PRV57304,93,68540,736.989247311828,16000,1.3655913978494623,0.3225806451612903,36.924731182795696,72.72043010752688,3,90,32,21,0.0,0,0.03225806451612903,2.90625,2141.875,No,0.0749
PRV57305,675,175750,260.3703703703704,3300,1.1851851851851851,0.0,3.8074074074074074,71.46222222222222,0,675,343,2,0.0014814814814814814,0,0.0,1.967930029154519,512.3906705539358,No,0.1037
PRV57306,2315,629460,271.9049676025918,4000,1.320086393088553,0.0,2.099352051835853,72.55550755939525,0,2315,1407,24,0.002591792656587473,1,0.0,1.6453447050461976,447.3773987206823,Yes,0.9389
PRV57307,38,141740,3730.0,39000,3.6052631578947367,2.3421052631578947,337.2631578947368,73.39473684210526,12,26,35,28,0.0,0,0.3157894736842105,1.0857142857142856,4049.714285714286,No,0.3007
PRV57308,6,3100,516.6666666666666,2500,0.0,0.0,0.0,71.83333333333333,0,6,6,3,0.16666666666666666,0,0.0,1.0,516.6666666666666,No,0.0043
PRV57309,35,108260,3093.1428571428573,34000,2.8,1.4857142857142858,366.1714285714286,75.4,12,23,35,25,0.0,0,0.34285714285714286,1.0,3093.1428571428573,No,0.0453
PRV57310,122,673420,5519.836065573771,57000,3.0,2.7704918032786887,561.0819672131148,71.11475409836065,65,57,99,51,0.0,1,0.5327868852459017,1.2323232323232323,6802.222222222223,Yes,0.8381
PRV57311,338,85340,252.4852071005917,3300,1.1390532544378698,0.0,3.0473372781065087,70.42307692307692,0,338,158,28,0.0,0,0.0,2.1392405063291138,540.126582278481,No,0.0184
PRV57312,334,91320,273.41317365269464,3300,1.9850299401197604,0.0,3.9221556886227544,74.61976047904191,0,334,137,19,0.005988023952095809,1,0.0,2.437956204379562,666.5693430656934,Yes,0.4923
PRV57313,402,101970,253.65671641791045,3300,1.4427860696517414,0.0,4.079601990049751,74.36069651741293,0,402,328,1,0.0024875621890547263,0,0.0,1.225609756097561,310.8841463414634,No,0.0173
PRV57314,48,15270,318.125,2300,1.25,0.0,0.0,69.75,0,48,46,30,0.0,0,0.0,1.0434782608695652,331.95652173913044,No,0.0051
PRV57315,22,5960,270.90909090909093,1700,1.0454545454545454,0.0,0.0,70.18181818181819,0,22,22,13,0.0,0,0.0,1.0,270.90909090909093,No,0.002
PRV57316,85,384920,4528.470588235294,57000,2.835294117647059,2.2588235294117647,478.63529411764705,76.84705882352941,39,46,78,27,0.0,0,0.4588235294117647,1.0897435897435896,4934.871794871795,No,0.1704
PRV57317,458,926330,2022.5545851528384,57000,1.8711790393013101,0.8165938864628821,196.7991266375546,73.02838427947599,84,374,352,29,0.0,1,0.18340611353711792,1.3011363636363635,2631.619318181818,Yes,0.9228
PRV57318,150,44180,294.53333333333336,7060,0.86,0.0,2.2,73.86,0,150,131,48,0.013333333333333334,0,0.0,1.1450381679389312,337.2519083969466,No,0.0062
PRV57319,279,177460,636.0573476702509,15000,1.6129032258064515,0.34408602150537637,62.86021505376344,73.60215053763442,16,263,254,98,0.014336917562724014,0,0.05734767025089606,1.0984251968503937,698.6614173228346,No,0.0625
PRV57320,38,104310,2745.0,17000,2.9210526315789473,1.2894736842105263,282.36842105263156,71.44736842105263,10,28,38,27,0.0,0,0.2631578947368421,1.0,2745.0,No,0.0618
PRV57321,84,181460,2160.2380952380954,36000,1.630952380952381,0.8452380952380952,192.73809523809524,70.44047619047619,15,69,60,32,0.023809523809523808,0,0.17857142857142858,1.4,3024.3333333333335,No,0.0983
PRV57322,33,60790,1842.121212121212,19000,2.9696969696969697,0.9090909090909091,232.9090909090909,72.60606060606061,7,26,31,28,0.0,0,0.21212121212121213,1.064516129032258,1960.967741935484,No,0.0349
PRV57324,117,213550,1825.2136752136753,35000,2.324786324786325,1.1196581196581197,202.35897435897436,72.74358974358974,22,95,112,75,0.017094017094017096,0,0.18803418803418803,1.0446428571428572,1906.6964285714287,No,0.1731
PRV57325,41,11580,282.4390243902439,2800,0.975609756097561,0.0,2.926829268292683,73.90243902439025,0,41,39,21,0.0,0,0.0,1.0512820512820513,296.9230769230769,No,0.0024
PRV57326,5,37000,7400.0,12000,6.6,6.6,1068.0,65.8,5,0,5,4,0.0,0,1.0,1.0,7400.0,No,0.008
PRV57327,3,190,63.333333333333336,90,0.0,0.0,0.0,83.66666666666667,0,3,3,3,0.0,0,0.0,1.0,63.333333333333336,No,0.0026
PRV57328,38,5360,141.05263157894737,1600,0.02631578947368421,0.0,4.473684210526316,72.86842105263158,0,38,38,29,0.05263157894736842,0,0.0,1.0,141.05263157894737,No,0.0038
PRV57329,36,11470,318.6111111111111,2500,1.1111111111111112,0.0,1.6666666666666667,73.16666666666667,0,36,35,27,0.027777777777777776,0,0.0,1.0285714285714285,327.7142857142857,No,0.0018
PRV57330,34,75570,2222.6470588235293,12000,4.970588235294118,1.7058823529411764,349.6470588235294,77.17647058823529,12,22,28,12,0.029411764705882353,0,0.35294117647058826,1.2142857142857142,2698.9285714285716,No,0.1317
PRV57331,141,217200,1540.4255319148936,35000,2.425531914893617,0.5390070921985816,122.68085106382979,71.177304964539,16,125,128,92,0.0070921985815602835,0,0.11347517730496454,1.1015625,1696.875,No,0.1592
PRV57332,98,22560,230.20408163265307,1700,1.4183673469387754,0.0,1.836734693877551,71.86734693877551,0,98,89,32,0.01020408163265306,0,0.0,1.101123595505618,253.48314606741573,No,0.003
PRV57333,1004,291020,289.8605577689243,3300,1.346613545816733,0.0,2.808764940239044,72.13944223107569,0,1004,723,9,0.00398406374501992,0,0.0,1.38865836791148,402.5172890733057,No,0.0333
PRV57334,68,450080,6618.823529411765,57000,4.720588235294118,4.294117647058823,583.3235294117648,71.86764705882354,39,29,60,32,0.0,0,0.5735294117647058,1.1333333333333333,7501.333333333333,No,0.601
PRV57335,807,284670,352.75092936802974,28000,1.5724907063197027,0.03717472118959108,6.448574969021066,73.65923172242874,3,804,306,47,0.0037174721189591076,1,0.0037174721189591076,2.6372549019607843,930.2941176470588,Yes,0.6403
PRV57336,135,28220,209.03703703703704,2900,1.451851851851852,0.0,5.2592592592592595,72.98518518518519,0,135,117,82,0.007407407407407408,0,0.0,1.1538461538461537,241.1965811965812,No,0.0083
PRV57339,458,105130,229.5414847161572,3300,1.1244541484716157,0.0,3.034934497816594,71.82751091703057,0,458,187,17,0.010917030567685589,0,0.0,2.449197860962567,562.192513368984,No,0.1034
PRV57340,41,204360,4984.390243902439,49000,2.1219512195121952,2.097560975609756,417.5121951219512,71.41463414634147,17,24,39,25,0.0,0,0.4146341463414634,1.0512820512820513,5240.0,No,0.283
PRV57341,177,816350,4612.146892655367,57000,3.361581920903955,2.5706214689265536,456.10169491525426,70.36723163841808,77,100,158,69,0.005649717514124294,1,0.4350282485875706,1.120253164556962,5166.772151898735,Yes,0.8177
PRV57343,75,37090,494.53333333333336,3300,3.2133333333333334,0.0,0.9333333333333333,69.14666666666666,0,75,55,35,0.02666666666666667,0,0.0,1.3636363636363635,674.3636363636364,No,0.0105
PRV57344,480,428700,893.125,37000,2.4270833333333335,0.2833333333333333,58.458333333333336,72.75833333333334,25,455,189,38,0.0020833333333333333,1,0.052083333333333336,2.5396825396825395,2268.253968253968,Yes,0.8694
PRV57345,88,465320,5287.727272727273,49000,3.7954545454545454,2.6363636363636362,497.70454545454544,72.69318181818181,43,45,82,34,0.0,1,0.48863636363636365,1.0731707317073171,5674.634146341464,Yes,0.5857
PRV57346,532,150430,282.7631578947368,3300,1.593984962406015,0.0,3.1766917293233083,72.96992481203007,0,532,447,33,0.0037593984962406013,0,0.0,1.1901565995525727,336.5324384787472,No,0.0209
PRV57347,145,145560,1003.8620689655172,17000,1.5034482758620689,0.4896551724137931,126.93793103448276,73.0551724137931,17,128,141,91,0.0,0,0.11724137931034483,1.0283687943262412,1032.340425531915,No,0.0424
PRV57348,920,255770,278.0108695652174,3300,1.367391304347826,0.0,3.1630434782608696,71.98260869565217,0,920,638,7,0.005434782608695652,0,0.0,1.4420062695924765,400.8934169278997,No,0.0668
PRV57350,46,71390,1551.9565217391305,18000,0.5434782608695652,0.5434782608695652,213.95652173913044,69.93478260869566,9,37,41,11,0.021739130434782608,0,0.1956521739130435,1.1219512195121952,1741.219512195122,No,0.037
PRV57351,34,20180,593.5294117647059,14000,0.8235294117647058,0.0,6.470588235294118,72.20588235294117,0,34,32,13,0.0,0,0.0,1.0625,630.625,No,0.007
PRV57352,44,25050,569.3181818181819,9000,1.2272727272727273,0.20454545454545456,73.95454545454545,73.75,3,41,41,18,0.0,0,0.06818181818181818,1.0731707317073171,610.9756097560976,No,0.0036
PRV57354,22,8510,386.8181818181818,2100,1.6818181818181819,0.0,0.0,68.22727272727273,0,22,21,11,0.0,0,0.0,1.0476190476190477,405.23809523809524,No,0.0026
PRV57355,34,16240,477.6470588235294,3300,0.14705882352941177,0.0,5.588235294117647,77.67647058823529,0,34,21,5,0.0,0,0.0,1.619047619047619,773.3333333333334,No,0.0308
PRV57356,67,23570,351.7910447761194,2500,3.2686567164179103,0.0,3.582089552238806,63.223880597014926,0,67,25,23,0.0,0,0.0,2.68,942.8,No,0.0033
PRV57357,16,114700,7168.75,21000,4.0625,4.0625,1001.25,78.125,15,1,13,2,0.0,0,0.9375,1.2307692307692308,8823.076923076924,No,0.0428
PRV57358,77,12200,158.44155844155844,3300,0.974025974025974,0.0,1.2987012987012987,74.37662337662337,0,77,32,1,0.0,0,0.0,2.40625,381.25,No,0.002
PRV57359,102,34390,337.15686274509807,3300,1.7647058823529411,0.0,1.9607843137254901,73.97058823529412,0,102,67,1,0.0,0,0.0,1.5223880597014925,513.2835820895523,No,0.0019
PRV57361,60,18790,313.1666666666667,3400,2.5166666666666666,0.0,1.0,73.51666666666667,0,60,32,6,0.0,0,0.0,1.875,587.1875,No,0.0017
PRV57363,2,400,200.0,300,0.0,0.0,20.0,73.5,0,2,2,2,0.0,0,0.0,1.0,200.0,No,0.0048
PRV57364,10,42650,4265.0,23000,1.4,1.4,320.4,72.4,3,7,9,6,0.0,0,0.3,1.1111111111111112,4738.888888888889,No,0.0183
PRV57365,183,57260,312.89617486338796,3300,2.1311475409836067,0.0,2.6775956284153004,73.19125683060109,0,183,84,11,0.0,0,0.0,2.1785714285714284,681.6666666666666,No,0.0161
PRV57366,12,4960,413.3333333333333,3300,0.0,0.0,0.0,79.16666666666667,0,12,7,7,0.0,0,0.0,1.7142857142857142,708.5714285714286,No,0.0031
PRV57367,11,8070,733.6363636363636,3300,1.9090909090909092,0.0,7.2727272727272725,80.18181818181819,0,11,8,4,0.0,0,0.0,1.375,1008.75,No,0.0034
PRV57368,22,3500,159.0909090909091,900,0.0,0.0,0.0,71.27272727272727,0,22,22,5,0.0,0,0.0,1.0,159.0909090909091,No,0.001
PRV57369,28,119350,4262.5,40000,1.9285714285714286,1.8571428571428572,426.7142857142857,71.03571428571429,11,17,27,18,0.0,0,0.39285714285714285,1.037037037037037,4420.37037037037,No,0.0325
PRV57371,1,70,70.0,70,0.0,0.0,0.0,68.0,0,1,1,1,0.0,0,0.0,1.0,70.0,No,0.001
PRV57372,32,123750,3867.1875,24000,3.96875,2.9375,506.875,70.09375,15,17,28,7,0.0,0,0.46875,1.1428571428571428,4419.642857142857,No,0.1412
PRV57373,2,800,400.0,700,0.0,0.0,0.0,69.5,0,2,2,2,0.0,0,0.0,1.0,400.0,No,0.0027
PRV57374,6,800,133.33333333333334,400,3.3333333333333335,0.0,0.0,73.66666666666667,0,6,5,5,0.0,0,0.0,1.2,160.0,No,0.0005
PRV57375,81,72220,891.604938271605,18000,1.4074074074074074,0.2716049382716049,81.08641975308642,69.62962962962963,6,75,35,10,0.0,0,0.07407407407407407,2.3142857142857145,2063.4285714285716,No,0.035
PRV57376,20,5060,253.0,1800,0.6,0.0,0.0,66.55,0,20,18,7,0.0,0,0.0,1.1111111111111112,281.1111111111111,No,0.0016
PRV57378,35,6780,193.71428571428572,1400,1.0571428571428572,0.0,3.4285714285714284,71.05714285714286,0,35,29,11,0.0,0,0.0,1.206896551724138,233.79310344827587,No,0.0039
PRV57379,28,56380,2013.5714285714287,36000,3.5357142857142856,0.8214285714285714,114.42857142857143,66.60714285714286,3,25,26,11,0.0,0,0.10714285714285714,1.0769230769230769,2168.4615384615386,No,0.0248
PRV57380,87,22880,262.98850574712645,3300,1.3333333333333333,0.0,3.793103448275862,73.64367816091954,0,87,64,7,0.0,0,0.0,1.359375,357.5,No,0.002
PRV57381,49,18640,380.40816326530614,2600,3.0816326530612246,0.0,2.0408163265306123,76.71428571428571,0,49,12,2,0.0,0,0.0,4.083333333333333,1553.3333333333333,No,0.0038
PRV57382,79,99810,1263.4177215189873,57000,1.0759493670886076,0.4810126582278481,57.49367088607595,74.27848101265823,5,74,45,18,0.0,0,0.06329113924050633,1.7555555555555555,2218.0,No,0.0515
PRV57385,90,21930,243.66666666666666,3300,0.6222222222222222,0.0,2.7777777777777777,68.86666666666666,0,90,41,2,0.0,0,0.0,2.1951219512195124,534.8780487804878,No,0.0024
PRV57386,1,300,300.0,300,0.0,0.0,0.0,72.0,0,1,1,1,0.0,0,0.0,1.0,300.0,No,0.0014
PRV57388,9,1660,184.44444444444446,500,2.3333333333333335,0.0,11.11111111111111,72.33333333333333,0,9,7,3,0.0,0,0.0,1.2857142857142858,237.14285714285714,No,0.0027
PRV57389,6,3810,635.0,3300,0.0,0.0,0.0,75.83333333333333,0,6,4,2,0.0,0,0.0,1.5,952.5,No,0.0048
PRV57390,55,10840,197.0909090909091,2100,0.16363636363636364,0.0,3.4545454545454546,72.49090909090908,0,55,42,1,0.0,0,0.0,1.3095238095238095,258.0952380952381,No,0.0028
PRV57391,19,4780,251.57894736842104,1200,1.3157894736842106,0.0,0.0,74.21052631578948,0,19,13,1,0.0,0,0.0,1.4615384615384615,367.6923076923077,No,0.002
PRV57392,2,70,35.0,60,0.0,0.0,0.0,76.5,0,2,2,2,0.0,0,0.0,1.0,35.0,No,0.0021
PRV57393,5,2800,560.0,2300,0.0,0.0,0.0,73.8,0,5,5,2,0.0,0,0.0,1.0,560.0,No,0.0015
PRV57394,16,6630,414.375,3300,3.8125,0.0,0.0,68.75,0,16,15,5,0.0,0,0.0,1.0666666666666667,442.0,No,0.0012
PRV57396,1,0,0.0,0,0.0,0.0,0.0,65.0,0,1,1,1,0.0,0,0.0,1.0,0.0,No,0.0011
PRV57397,7,65000,9285.714285714286,30000,2.7142857142857144,2.7142857142857144,1068.0,72.57142857142857,7,0,7,1,0.0,0,1.0,1.0,9285.714285714286,No,0.0094
PRV57398,3,50600,16866.666666666668,47000,2.6666666666666665,2.6666666666666665,1068.0,55.666666666666664,3,0,3,1,0.0,0,1.0,1.0,16866.666666666668,No,0.0174
PRV57399,1,57000,57000.0,57000,15.0,17.0,1068.0,57.0,1,0,1,1,0.0,0,1.0,1.0,57000.0,No,0.0651
PRV57400,8,67000,8375.0,21000,4.125,4.125,1068.0,75.625,8,0,6,3,0.0,0,1.0,1.3333333333333333,11166.666666666666,No,0.0463
PRV57401,8,65000,8125.0,17000,6.0,6.0,1068.0,75.375,8,0,8,1,0.0,0,1.0,1.0,8125.0,No,0.0207
PRV57402,1,20,20.0,20,0.0,0.0,0.0,70.0,0,1,1,1,0.0,0,0.0,1.0,20.0,No,0.0016
PRV57403,15,172000,11466.666666666666,36000,7.466666666666667,7.466666666666667,1068.0,72.73333333333333,15,0,13,5,0.0,0,1.0,1.1538461538461537,13230.76923076923,No,0.1292
PRV57404,46,74250,1614.1304347826087,14000,1.673913043478261,1.5869565217391304,187.69565217391303,69.32608695652173,9,37,43,28,0.0,0,0.1956521739130435,1.069767441860465,1726.7441860465117,No,0.0549
PRV57405,32,5690,177.8125,900,0.9375,0.0,3.125,75.09375,0,32,27,24,0.0,0,0.0,1.1851851851851851,210.74074074074073,No,0.0014
PRV57406,68,505460,7433.235294117647,75000,3.6323529411764706,3.1470588235294117,706.7647058823529,73.3970588235294,46,22,58,18,0.0,0,0.6764705882352942,1.1724137931034482,8714.827586206897,No,0.48
PRV57407,217,62860,289.6774193548387,4060,1.8709677419354838,0.0,3.0414746543778803,71.04608294930875,0,217,103,19,0.013824884792626729,0,0.0,2.1067961165048543,610.2912621359224,No,0.0259
PRV57408,55,8650,157.27272727272728,1800,0.6363636363636364,0.0,2.0,74.23636363636363,0,55,50,42,0.03636363636363636,0,0.0,1.1,173.0,No,0.0079
PRV57409,71,218620,3079.154929577465,23000,3.140845070422535,2.0140845070422535,361.01408450704224,70.26760563380282,24,47,64,40,0.0,1,0.3380281690140845,1.109375,3415.9375,Yes,0.6741
PRV57410,241,57710,239.46058091286307,3300,1.1369294605809128,0.0,2.2821576763485476,71.19087136929461,0,241,125,21,0.0,0,0.0,1.928,461.68,No,0.0096
PRV57411,29,8560,295.17241379310343,3100,2.103448275862069,0.0,7.241379310344827,73.03448275862068,0,29,27,22,0.0,0,0.0,1.0740740740740742,317.037037037037,No,0.0014
PRV57412,298,150380,504.6308724832215,19000,1.74496644295302,0.1476510067114094,36.5503355704698,69.22147651006712,9,289,107,35,0.006711409395973154,0,0.030201342281879196,2.7850467289719627,1405.4205607476636,No,0.2042
PRV57413,52,18030,346.7307692307692,3100,0.5384615384615384,0.0,1.3461538461538463,68.09615384615384,0,52,31,4,0.0,0,0.0,1.6774193548387097,581.6129032258065,No,0.0033
PRV57414,28,215460,7695.0,54000,4.571428571428571,3.857142857142857,686.5714285714286,75.21428571428571,18,10,25,19,0.0,0,0.6428571428571429,1.12,8618.4,No,0.2156
PRV57415,86,39090,454.5348837209302,3300,2.4069767441860463,0.0,4.883720930232558,70.13953488372093,0,86,41,9,0.0,0,0.0,2.097560975609756,953.4146341463414,No,0.0186
PRV57416,7,1200,171.42857142857142,600,0.0,0.0,0.0,69.14285714285714,0,7,6,5,0.0,0,0.0,1.1666666666666667,200.0,No,0.0013
PRV57417,9,2620,291.1111111111111,2300,0.0,0.0,0.0,73.66666666666667,0,9,9,6,0.0,0,0.0,1.0,291.1111111111111,No,0.0006
PRV57419,17,4900,288.2352941176471,2600,1.1764705882352942,0.0,5.882352941176471,66.05882352941177,0,17,17,8,0.0,0,0.0,1.0,288.2352941176471,No,0.0018
PRV57421,35,8080,230.85714285714286,2900,0.9714285714285714,0.0,10.0,72.22857142857143,0,35,33,22,0.0,0,0.0,1.0606060606060606,244.84848484848484,No,0.0018
PRV57422,104,33620,323.2692307692308,3100,1.2596153846153846,0.0,3.9423076923076925,74.8076923076923,0,104,60,11,0.0,0,0.0,1.7333333333333334,560.3333333333334,No,0.0038
PRV57423,47,21380,454.8936170212766,3300,3.5106382978723403,0.0,6.808510638297872,73.42553191489361,0,47,41,21,0.0,0,0.0,1.146341463414634,521.4634146341464,No,0.0017
PRV57424,38,11890,312.89473684210526,3300,3.210526315789474,0.0,0.0,68.73684210526316,0,38,28,15,0.0,0,0.0,1.3571428571428572,424.64285714285717,No,0.0015
PRV57425,124,345720,2788.064516129032,50000,2.75,1.4112903225806452,267.16129032258067,70.43548387096774,32,92,101,41,0.016129032258064516,1,0.25806451612903225,1.2277227722772277,3422.970297029703,Yes,0.5311
PRV57426,60,16240,270.6666666666667,3300,0.36666666666666664,0.0,2.0,69.33333333333333,0,60,33,19,0.0,0,0.0,1.8181818181818181,492.1212121212121,No,0.0117
PRV57427,30,113590,3786.3333333333335,19000,3.1,2.433333333333333,498.4,74.26666666666667,14,16,27,18,0.03333333333333333,0,0.4666666666666667,1.1111111111111112,4207.037037037037,No,0.0627
PRV57429,154,41490,269.4155844155844,3300,1.7792207792207793,0.0,3.7662337662337664,70.33766233766234,0,154,80,45,0.006493506493506494,0,0.0,1.925,518.625,No,0.0067
PRV57431,24,13600,566.6666666666666,2600,1.7083333333333333,0.0,0.0,73.41666666666667,0,24,19,8,0.0,0,0.0,1.263157894736842,715.7894736842105,No,0.001
PRV57432,48,13420,279.5833333333333,3300,1.7708333333333333,0.0,2.2916666666666665,70.10416666666667,0,48,41,30,0.020833333333333332,0,0.0,1.170731707317073,327.3170731707317,No,0.0035
PRV57433,70,141500,2021.4285714285713,20000,1.4714285714285715,1.1285714285714286,249.82857142857142,68.9,16,54,63,46,0.014285714285714285,0,0.22857142857142856,1.1111111111111112,2246.031746031746,No,0.0451
PRV57434,316,83990,265.7911392405063,3300,1.3227848101265822,0.0,2.0569620253164556,70.61708860759494,0,316,151,11,0.00949367088607595,0,0.0,2.0927152317880795,556.225165562914,No,0.0267
PRV57435,25,4860,194.4,800,1.84,0.0,0.4,74.16,0,25,21,16,0.04,0,0.0,1.1904761904761905,231.42857142857142,No,0.0025
PRV57436,41,10950,267.0731707317073,2400,1.0,0.0,3.902439024390244,71.26829268292683,0,41,32,23,0.0,0,0.0,1.28125,342.1875,No,0.0071
PRV57437,27,63170,2339.6296296296296,22000,1.4074074074074074,1.4074074074074074,244.74074074074073,65.4074074074074,6,21,27,18,0.037037037037037035,0,0.2222222222222222,1.0,2339.6296296296296,No,0.0231
PRV57438,14,24180,1727.142857142857,9000,2.7857142857142856,1.2857142857142858,305.14285714285717,71.14285714285714,4,10,11,5,0.0,0,0.2857142857142857,1.2727272727272727,2198.181818181818,No,0.0152
PRV57440,4,330,82.5,200,5.0,0.0,0.0,70.75,0,4,3,3,0.0,0,0.0,1.3333333333333333,110.0,No,0.0035
PRV57441,74,26660,360.27027027027026,3300,1.6756756756756757,0.0,0.0,75.36486486486487,0,74,39,7,0.02702702702702703,0,0.0,1.8974358974358974,683.5897435897435,No,0.0054
PRV57443,52,33790,649.8076923076923,16000,1.0,0.0,2.3076923076923075,71.42307692307692,0,52,22,8,0.0,0,0.0,2.3636363636363638,1535.909090909091,No,0.0126
PRV57444,13,7550,580.7692307692307,3200,2.3846153846153846,0.0,0.0,69.6923076923077,0,13,13,8,0.0,0,0.0,1.0,580.7692307692307,No,0.0017
PRV57445,30,22150,738.3333333333334,8020,0.9,0.03333333333333333,74.53333333333333,65.2,2,28,20,8,0.0,0,0.06666666666666667,1.5,1107.5,No,0.0056
PRV57446,8,5600,700.0,2900,5.0,0.0,0.0,79.125,0,8,7,3,0.0,0,0.0,1.1428571428571428,800.0,No,0.0008
PRV57447,9,4240,471.1111111111111,2700,5.222222222222222,0.0,0.0,72.11111111111111,0,9,9,6,0.0,0,0.0,1.0,471.1111111111111,No,0.0011
PRV57448,205,51920,253.26829268292684,3300,1.424390243902439,0.0,2.5853658536585367,72.46829268292683,0,205,113,24,0.01951219512195122,0,0.0,1.8141592920353982,459.46902654867256,No,0.0119
PRV57449,103,28380,275.5339805825243,3300,1.5533980582524272,0.0,3.3980582524271843,73.25242718446601,0,103,57,17,0.0,0,0.0,1.8070175438596492,497.89473684210526,No,0.004
PRV57450,11,4750,431.8181818181818,3300,2.0,0.0,7.2727272727272725,74.36363636363636,0,11,11,5,0.0,0,0.0,1.0,431.8181818181818,No,0.0009
PRV57452,3,120,40.0,80,0.0,0.0,0.0,63.0,0,3,3,3,0.0,0,0.0,1.0,40.0,No,0.0011
PRV57453,17,2850,167.64705882352942,1900,0.058823529411764705,0.0,0.0,70.0,0,17,15,5,0.058823529411764705,0,0.0,1.1333333333333333,190.0,No,0.0056
PRV57454,42,5610,133.57142857142858,1800,0.8095238095238095,0.0,2.619047619047619,66.33333333333333,0,42,29,3,0.023809523809523808,0,0.0,1.4482758620689655,193.44827586206895,No,0.0391
PRV57455,6,2130,355.0,1000,3.3333333333333335,0.0,16.666666666666668,61.5,0,6,6,2,0.0,0,0.0,1.0,355.0,No,0.0014
PRV57456,16,2350,146.875,1200,0.5625,0.0,0.0,68.125,0,16,15,5,0.0,0,0.0,1.0666666666666667,156.66666666666666,No,0.0011
PRV57459,11,4600,418.1818181818182,3300,0.09090909090909091,0.0,0.0,76.27272727272727,0,11,9,1,0.0,0,0.0,1.2222222222222223,511.1111111111111,No,0.0024
PRV57460,36,7840,217.77777777777777,2000,0.5555555555555556,0.0,5.555555555555555,68.77777777777777,0,36,28,3,0.027777777777777776,0,0.0,1.2857142857142858,280.0,No,0.0287
PRV57461,1,0,0.0,0,0.0,0.0,0.0,77.0,0,1,1,1,0.0,0,0.0,1.0,0.0,No,0.0019
PRV57462,10,1560,156.0,300,4.0,0.0,0.0,72.1,0,10,10,3,0.0,0,0.0,1.0,156.0,No,0.0006
PRV57463,28,7410,264.64285714285717,1900,0.10714285714285714,0.0,2.857142857142857,66.78571428571429,0,28,26,3,0.03571428571428571,0,0.0,1.0769230769230769,285.0,No,0.0107
PRV57464,2,80,40.0,40,0.0,0.0,0.0,53.5,0,2,2,2,0.0,0,0.0,1.0,40.0,No,0.0011
PRV57465,22,2730,124.0909090909091,600,0.9545454545454546,0.0,2.272727272727273,67.5,0,22,19,2,0.045454545454545456,0,0.0,1.1578947368421053,143.68421052631578,No,0.0142
PRV57467,1,40,40.0,40,0.0,0.0,0.0,51.0,0,1,1,1,0.0,0,0.0,1.0,40.0,No,0.0011
PRV57468,12,2300,191.66666666666666,1100,0.16666666666666666,0.0,0.0,79.91666666666667,0,12,8,2,0.0,0,0.0,1.5,287.5,No,0.0037
PRV57469,58,22050,380.17241379310343,3300,1.0517241379310345,0.0,3.103448275862069,73.94827586206897,0,58,37,1,0.017241379310344827,0,0.0,1.5675675675675675,595.9459459459459,No,0.0033
PRV57470,12,1610,134.16666666666666,400,2.0,0.0,0.0,73.66666666666667,0,12,11,4,0.0,0,0.0,1.0909090909090908,146.36363636363637,No,0.0004
PRV57471,2,350,175.0,300,0.0,0.0,0.0,61.5,0,2,2,1,0.0,0,0.0,1.0,175.0,No,0.001
PRV57472,4,1700,425.0,1500,5.0,0.0,0.0,81.0,0,4,4,2,0.0,0,0.0,1.0,425.0,No,0.0011
PRV57473,1,90,90.0,90,0.0,0.0,0.0,37.0,0,1,1,1,0.0,0,0.0,1.0,90.0,No,0.0012
PRV57474,4,830,207.5,500,0.0,0.0,0.0,72.0,0,4,4,1,0.0,0,0.0,1.0,207.5,No,0.0012
PRV57475,23,9340,406.0869565217391,3300,2.6956521739130435,0.0,0.0,76.52173913043478,0,23,16,1,0.08695652173913043,0,0.0,1.4375,583.75,No,0.0031
PRV57476,145,47070,324.62068965517244,3300,1.2,0.0,3.6551724137931036,72.20689655172414,0,145,56,4,0.0,0,0.0,2.5892857142857144,840.5357142857143,No,0.0126
PRV57477,85,22740,267.52941176470586,3300,1.6705882352941177,0.0,2.0,76.28235294117647,0,85,42,1,0.011764705882352941,0,0.0,2.0238095238095237,541.4285714285714,No,0.0049
PRV57479,19,7220,380.0,3200,1.4210526315789473,0.0,0.0,72.52631578947368,0,19,17,2,0.10526315789473684,0,0.0,1.1176470588235294,424.70588235294116,No,0.0024
PRV57481,62,776000,12516.129032258064,57000,6.435483870967742,6.435483870967742,1050.774193548387,75.69354838709677,62,0,52,5,0.0,1,1.0,1.1923076923076923,14923.076923076924,Yes,0.854
PRV57484,9,1090,121.11111111111111,500,2.2222222222222223,0.0,0.0,81.11111111111111,0,9,6,1,0.0,0,0.0,1.5,181.66666666666666,No,0.0031
PRV57485,10,1670,167.0,700,2.0,0.0,0.0,61.8,0,10,10,1,0.1,0,0.0,1.0,167.0,No,0.0022
PRV57486,35,4430,126.57142857142857,1900,1.1714285714285715,0.0,3.7142857142857144,72.6,0,35,19,1,0.02857142857142857,0,0.0,1.8421052631578947,233.1578947368421,No,0.0054
PRV57487,15,140000,9333.333333333334,25000,7.933333333333334,7.933333333333334,1068.0,74.86666666666666,15,0,14,1,0.0,0,1.0,1.0714285714285714,10000.0,No,0.053
PRV57488,5,540,108.0,300,0.0,0.0,0.0,80.0,0,5,5,2,0.0,0,0.0,1.0,108.0,No,0.0011
PRV57489,17,182000,10705.882352941177,39000,6.176470588235294,6.176470588235294,1068.0,69.52941176470588,17,0,17,6,0.0,0,1.0,1.0,10705.882352941177,No,0.2218
PRV57490,21,201200,9580.952380952382,25000,4.761904761904762,4.761904761904762,1017.1428571428571,69.23809523809524,21,0,19,1,0.047619047619047616,0,1.0,1.105263157894737,10589.473684210527,No,0.3868
PRV57491,116,30830,265.7758620689655,2300,1.456896551724138,0.0,0.0,73.89655172413794,0,116,62,28,0.008620689655172414,0,0.0,1.8709677419354838,497.258064516129,No,0.0031
PRV57492,117,348030,2974.6153846153848,26000,2.3675213675213675,1.4273504273504274,320.0854700854701,72.58974358974359,36,81,95,62,0.0,0,0.3076923076923077,1.231578947368421,3663.4736842105262,No,0.1785
PRV57495,113,400530,3544.5132743362833,57000,2.3008849557522124,1.9646017699115044,350.8495575221239,74.16814159292035,37,76,99,65,0.0,1,0.3274336283185841,1.1414141414141414,4045.757575757576,Yes,0.6495
PRV57496,38,7750,203.94736842105263,3300,0.5526315789473685,0.0,2.6315789473684212,73.55263157894737,0,38,36,21,0.0,0,0.0,1.0555555555555556,215.27777777777777,No,0.0026
PRV57499,18,8940,496.6666666666667,3300,0.05555555555555555,0.0,0.0,66.33333333333333,0,18,18,14,0.0,0,0.0,1.0,496.6666666666667,No,0.0087
PRV57500,79,26090,330.253164556962,3300,0.7848101265822784,0.0,1.518987341772152,73.9873417721519,0,79,78,44,0.0,0,0.0,1.0128205128205128,334.4871794871795,No,0.0016
PRV57501,64,11740,183.4375,1600,0.265625,0.0,3.59375,74.5625,0,64,63,30,0.03125,0,0.0,1.0158730158730158,186.34920634920636,No,0.0074
PRV57502,260,1197550,4605.961538461538,57000,2.9307692307692306,2.2615384615384615,453.15384615384613,73.19615384615385,114,146,235,76,0.007692307692307693,1,0.43846153846153846,1.1063829787234043,5095.95744680851,Yes,0.9627
PRV57504,28,5910,211.07142857142858,1500,1.25,0.0,3.5714285714285716,70.82142857142857,0,28,28,12,0.0,0,0.0,1.0,211.07142857142858,No,0.0038
PRV57507,112,26740,238.75,3300,1.0982142857142858,0.0,1.6071428571428572,76.02678571428571,0,112,96,45,0.008928571428571428,0,0.0,1.1666666666666667,278.5416666666667,No,0.0036
PRV57509,58,11690,201.55172413793105,1200,0.9827586206896551,0.0,1.0344827586206897,75.03448275862068,0,58,53,26,0.0,0,0.0,1.0943396226415094,220.56603773584905,No,0.0072
PRV57510,247,486990,1971.6194331983806,36000,2.3643724696356276,0.9433198380566802,186.49392712550608,74.30364372469636,43,204,214,96,0.0,0,0.17408906882591094,1.1542056074766356,2275.654205607477,No,0.1566
PRV57512,108,24330,225.27777777777777,2400,1.3425925925925926,0.0,3.888888888888889,72.25,0,108,84,28,0.0,0,0.0,1.2857142857142858,289.64285714285717,No,0.0034
PRV57514,51,15030,294.70588235294116,3300,1.8235294117647058,0.0,0.0,73.66666666666667,0,51,44,28,0.0,0,0.0,1.1590909090909092,341.59090909090907,No,0.001
PRV57515,88,167970,1908.75,17000,2.272727272727273,1.1136363636363635,231.5,72.48863636363636,19,69,80,58,0.0,0,0.2159090909090909,1.1,2099.625,No,0.1255
PRV57516,10,2290,229.0,1500,0.8,0.0,0.0,79.1,0,10,10,9,0.0,0,0.0,1.0,229.0,No,0.0008
PRV57517,60,20230,337.1666666666667,2900,1.2166666666666666,0.0,3.0,67.36666666666666,0,60,56,33,0.0,0,0.0,1.0714285714285714,361.25,No,0.0017
PRV57518,97,68130,702.3711340206186,21000,1.0515463917525774,0.07216494845360824,24.90721649484536,70.90721649484536,2,95,47,21,0.0,0,0.020618556701030927,2.0638297872340425,1449.5744680851064,No,0.0339
PRV57519,157,143280,912.6114649681529,23000,1.9681528662420382,0.36942675159235666,84.56050955414013,74.31210191082802,12,145,142,79,0.006369426751592357,0,0.07643312101910828,1.1056338028169015,1009.0140845070423,No,0.1107
PRV57520,23,5740,249.56521739130434,1400,0.6521739130434783,0.0,2.608695652173913,70.91304347826087,0,23,23,16,0.043478260869565216,0,0.0,1.0,249.56521739130434,No,0.0027
PRV57521,111,121150,1091.4414414414414,20000,2.135135135135135,0.9819819819819819,109.71171171171171,73.13513513513513,12,99,105,60,0.02702702702702703,0,0.10810810810810811,1.0571428571428572,1153.8095238095239,No,0.0424
PRV57522,40,8310,207.75,1400,0.9,0.0,0.25,73.025,0,40,40,21,0.0,0,0.0,1.0,207.75,No,0.0039
PRV57523,151,169960,1125.5629139072848,25000,2.172185430463576,0.7019867549668874,87.25827814569537,74.99337748344371,15,136,129,57,0.026490066225165563,0,0.09933774834437085,1.1705426356589148,1317.5193798449613,No,0.0788
PRV57525,107,213820,1998.3177570093458,32000,2.1401869158878504,1.0654205607476634,210.7289719626168,73.60747663551402,21,86,78,52,0.0,1,0.19626168224299065,1.3717948717948718,2741.2820512820513,Yes,0.4932
PRV57526,202,109310,541.1386138613861,36000,1.7326732673267327,0.009900990099009901,12.554455445544555,74.58910891089108,2,200,154,45,0.0049504950495049506,0,0.009900990099009901,1.3116883116883118,709.8051948051948,No,0.0366
PRV57527,165,665500,4033.3333333333335,57000,3.187878787878788,2.006060606060606,331.6848484848485,72.93333333333334,51,114,135,33,0.012121212121212121,1,0.3090909090909091,1.2222222222222223,4929.62962962963,Yes,0.8083
PRV57528,401,201020,501.29675810473816,20000,1.7556109725685785,0.14962593516209477,37.11720698254364,73.51371571072319,13,388,345,158,0.007481296758104738,1,0.032418952618453865,1.1623188405797102,582.6666666666666,Yes,0.4306
PRV57529,295,75340,255.38983050847457,3300,1.7152542372881356,0.0,1.3559322033898304,73.35254237288136,0,295,188,51,0.003389830508474576,0,0.0,1.5691489361702127,400.74468085106383,No,0.0084
PRV57530,478,505590,1057.7196652719665,31000,1.5564853556485356,0.6150627615062761,118.17154811715481,72.66317991631799,52,426,391,195,0.010460251046025104,0,0.1087866108786611,1.2225063938618925,1293.06905370844,No,0.1278
PRV57531,68,16630,244.55882352941177,3300,0.8382352941176471,0.0,2.3529411764705883,69.0,0,68,43,18,0.0,0,0.0,1.5813953488372092,386.74418604651163,No,0.0054
PRV57532,351,111560,317.83475783475785,3300,2.111111111111111,0.0,2.5925925925925926,74.46153846153847,0,351,157,3,0.0,0,0.0,2.2356687898089174,710.5732484076433,No,0.0763
PRV57533,108,299560,2773.703703703704,35000,2.1574074074074074,1.3425925925925926,208.96296296296296,74.11111111111111,22,86,83,31,0.0,0,0.2037037037037037,1.3012048192771084,3609.156626506024,No,0.2678
PRV57534,152,38820,255.39473684210526,3300,1.9078947368421053,0.0,2.6315789473684212,72.17763157894737,0,152,117,37,0.0,0,0.0,1.2991452991452992,331.79487179487177,No,0.0071
PRV57536,79,18560,234.9367088607595,2600,1.5443037974683544,0.0,0.759493670886076,72.53164556962025,0,79,71,33,0.0,0,0.0,1.1126760563380282,261.40845070422534,No,0.0007
PRV57539,33,10630,322.1212121212121,3300,0.9393939393939394,0.0,3.0303030303030303,72.93939393939394,0,33,32,12,0.0,0,0.0,1.03125,332.1875,No,0.0031
PRV57540,39,7460,191.28205128205127,1200,1.6666666666666667,0.0,0.0,70.46153846153847,0,39,32,20,0.0,0,0.0,1.21875,233.125,No,0.0029
PRV57541,31,9750,314.51612903225805,1700,0.3225806451612903,0.0,3.225806451612903,75.6774193548387,0,31,24,23,0.0,0,0.0,1.2916666666666667,406.25,No,0.0118
PRV57542,37,5330,144.05405405405406,1100,1.7297297297297298,0.0,0.8108108108108109,72.08108108108108,0,37,35,18,0.0,0,0.0,1.0571428571428572,152.28571428571428,No,0.001
PRV57543,354,516360,1458.6440677966102,40000,1.689265536723164,0.652542372881356,134.10169491525423,72.76271186440678,46,308,327,170,0.005649717514124294,1,0.12994350282485875,1.0825688073394495,1579.0825688073394,Yes,0.5946
PRV57544,52,10340,198.84615384615384,2500,0.6923076923076923,0.0,0.0,76.01923076923077,0,52,47,28,0.0,0,0.0,1.1063829787234043,220.0,No,0.0015
PRV57545,61,40430,662.7868852459017,28000,0.8688524590163934,0.06557377049180328,19.147540983606557,71.77049180327869,1,60,54,26,0.0,0,0.01639344262295082,1.1296296296296295,748.7037037037037,No,0.0051
PRV57546,18,5310,295.0,1600,1.2777777777777777,0.0,0.5555555555555556,73.05555555555556,0,18,18,14,0.0,0,0.0,1.0,295.0,No,0.0008
PRV57547,86,234080,2721.860465116279,57000,3.441860465116279,1.5930232558139534,224.58139534883722,73.98837209302326,18,68,79,47,0.0,1,0.20930232558139536,1.0886075949367089,2963.0379746835442,Yes,0.6764
PRV57548,210,1069050,5090.714285714285,52000,3.3190476190476192,2.9095238095238094,535.8095238095239,72.23333333333333,107,103,180,50,0.004761904761904762,1,0.5095238095238095,1.1666666666666667,5939.166666666667,Yes,0.9726
PRV57549,518,161160,311.11969111969114,14070,1.223938223938224,0.0,2.0077220077220077,73.05405405405405,0,518,324,4,0.013513513513513514,0,0.0,1.5987654320987654,497.4074074074074,No,0.0928
PRV57550,29,6070,209.31034482758622,3300,1.0344827586206897,0.0,6.206896551724138,71.89655172413794,0,29,22,13,0.0,0,0.0,1.3181818181818181,275.90909090909093,No,0.0071
PRV57551,132,42330,320.6818181818182,3300,2.257575757575758,0.0,4.318181818181818,72.25,0,132,100,55,0.0,0,0.0,1.32,423.3,No,0.0045
PRV57552,11,2340,212.72727272727272,1100,1.8181818181818181,0.0,0.0,76.81818181818181,0,11,11,4,0.0,0,0.0,1.0,212.72727272727272,No,0.0013
PRV57553,21,8460,402.85714285714283,2600,3.0952380952380953,0.0,1.9047619047619047,77.19047619047619,0,21,20,13,0.0,0,0.0,1.05,423.0,No,0.0025
PRV57555,42,330780,7875.714285714285,57000,2.880952380952381,2.7142857142857144,687.047619047619,73.28571428571429,27,15,39,21,0.023809523809523808,0,0.6428571428571429,1.0769230769230769,8481.538461538461,No,0.4535
PRV57557,97,20700,213.4020618556701,3000,1.2164948453608246,0.0,0.5154639175257731,71.4639175257732,0,97,39,11,0.0,0,0.0,2.4871794871794872,530.7692307692307,No,0.0027
PRV57558,57,91590,1606.842105263158,31000,2.508771929824561,0.5789473684210527,151.64912280701753,75.59649122807018,8,49,40,15,0.0,0,0.14035087719298245,1.425,2289.75,No,0.0709
PRV57560,2,9000,4500.0,9000,1.0,1.0,534.0,63.5,1,1,2,2,0.0,0,0.5,1.0,4500.0,No,0.0014
PRV57561,17,16810,988.8235294117648,11000,3.3529411764705883,0.35294117647058826,64.58823529411765,67.6470588235294,1,16,17,7,0.0,0,0.058823529411764705,1.0,988.8235294117648,No,0.0023
PRV57563,6,830,138.33333333333334,600,1.5,0.0,0.0,64.33333333333333,0,6,6,3,0.0,0,0.0,1.0,138.33333333333334,No,0.0007
PRV57564,7,280,40.0,100,0.0,0.0,0.0,74.28571428571429,0,7,7,5,0.0,0,0.0,1.0,40.0,No,0.0013
PRV57565,6,6340,1056.6666666666667,2600,1.1666666666666667,0.0,8.333333333333334,76.66666666666667,0,6,6,3,0.0,0,0.0,1.0,1056.6666666666667,No,0.0018
PRV57567,12,112290,9357.5,57000,4.75,4.75,534.0,75.75,7,5,11,7,0.0,0,0.5833333333333334,1.0909090909090908,10208.181818181818,No,0.104
PRV57568,47,120350,2560.6382978723404,16000,2.297872340425532,1.2340425531914894,412.0,72.97872340425532,18,29,46,20,0.0,0,0.3829787234042553,1.0217391304347827,2616.304347826087,No,0.0258
PRV57569,73,57940,793.6986301369863,10000,3.0273972602739727,0.5616438356164384,73.97260273972603,76.38356164383562,5,68,62,30,0.0,1,0.0684931506849315,1.1774193548387097,934.516129032258,Yes,0.0443
PRV57570,4,430,107.5,300,5.0,0.0,0.0,66.75,0,4,4,3,0.0,0,0.0,1.0,107.5,No,0.0011
PRV57571,1,400,400.0,400,0.0,0.0,0.0,79.0,0,1,1,1,0.0,0,0.0,1.0,400.0,No,0.003
PRV57572,265,80050,302.07547169811323,5400,1.2226415094339622,0.0,4.226415094339623,75.64528301886793,0,265,207,50,0.007547169811320755,0,0.0,1.2801932367149758,386.7149758454106,No,0.0121
PRV57573,33,6180,187.27272727272728,3300,2.272727272727273,0.0,0.9090909090909091,76.45454545454545,0,33,16,13,0.030303030303030304,0,0.0,2.0625,386.25,No,0.0038
PRV57574,58,19640,338.62068965517244,3200,1.4655172413793103,0.0,3.2758620689655173,73.20689655172414,0,58,48,15,0.0,0,0.0,1.2083333333333333,409.1666666666667,No,0.0007
PRV57575,24,5970,248.75,3300,0.8333333333333334,0.0,1.25,74.95833333333333,0,24,13,9,0.0,0,0.0,1.8461538461538463,459.2307692307692,No,0.001
PRV57576,22,4320,196.36363636363637,1000,0.045454545454545456,0.0,8.181818181818182,71.27272727272727,0,22,21,10,0.0,0,0.0,1.0476190476190477,205.71428571428572,No,0.0035
PRV57577,73,29810,408.35616438356163,3300,2.684931506849315,0.0,1.36986301369863,71.83561643835617,0,73,36,2,0.0,0,0.0,2.0277777777777777,828.0555555555555,No,0.0049
PRV57578,2,180,90.0,90,10.0,0.0,0.0,64.0,0,2,2,2,0.0,0,0.0,1.0,90.0,No,0.0013
PRV57580,134,24650,183.955223880597,3300,1.126865671641791,0.0,2.8358208955223883,72.86567164179104,0,134,83,3,0.0,0,0.0,1.6144578313253013,296.9879518072289,No,0.0059
PRV57581,15,2370,158.0,800,1.3333333333333333,0.0,0.0,70.4,0,15,15,10,0.0,0,0.0,1.0,158.0,No,0.0009
PRV57583,14,3080,220.0,2000,1.4285714285714286,0.0,0.0,79.0,0,14,12,6,0.0,0,0.0,1.1666666666666667,256.6666666666667,No,0.0007
PRV57584,43,28760,668.8372093023256,11000,0.6511627906976745,0.18604651162790697,76.37209302325581,69.11627906976744,3,40,25,8,0.0,0,0.06976744186046512,1.72,1150.4,No,0.0388
PRV57585,140,44220,315.85714285714283,3300,1.5857142857142856,0.0,1.7142857142857142,71.45714285714286,0,140,71,6,0.0,0,0.0,1.971830985915493,622.8169014084507,No,0.0034
PRV57586,144,49710,345.2083333333333,3300,3.1805555555555554,0.0,1.1805555555555556,72.92361111111111,0,144,51,6,0.0,0,0.0,2.823529411764706,974.7058823529412,No,0.0772
PRV57588,2,530,265.0,500,10.0,0.0,0.0,75.5,0,2,2,2,0.0,0,0.0,1.0,265.0,No,0.0011
PRV57590,76,33520,441.05263157894734,11000,1.8421052631578947,0.18421052631578946,45.44736842105263,74.80263157894737,3,73,60,21,0.013157894736842105,0,0.039473684210526314,1.2666666666666666,558.6666666666666,No,0.0095
PRV57592,79,16880,213.67088607594937,3300,1.1898734177215189,0.0,3.9240506329113924,76.75949367088607,0,79,64,11,0.0,0,0.0,1.234375,263.75,No,0.007
PRV57593,26,84910,3265.769230769231,37000,3.1538461538461537,1.1923076923076923,246.46153846153845,70.73076923076923,6,20,21,16,0.0,0,0.23076923076923078,1.2380952380952381,4043.3333333333335,No,0.056
PRV57594,14,6300,450.0,4000,0.8571428571428571,0.35714285714285715,79.14285714285714,70.71428571428571,1,13,14,7,0.0,0,0.07142857142857142,1.0,450.0,No,0.0017
PRV57595,56,10250,183.03571428571428,3040,1.2857142857142858,0.0,1.7857142857142858,73.23214285714286,0,56,24,14,0.0,0,0.0,2.3333333333333335,427.0833333333333,No,0.0012
PRV57596,160,38040,237.75,3300,1.075,0.0,2.0625,72.8625,0,160,75,13,0.0,0,0.0,2.1333333333333333,507.2,No,0.0077
PRV57597,227,47000,207.04845814977975,2600,1.1762114537444934,0.0,2.8193832599118944,74.61674008810573,0,227,107,14,0.0,0,0.0,2.121495327102804,439.25233644859816,No,0.017
PRV57598,23,2890,125.65217391304348,700,0.6521739130434783,0.0,4.3478260869565215,72.95652173913044,0,23,23,15,0.043478260869565216,0,0.0,1.0,125.65217391304348,No,0.0024
PRV57599,5,510,102.0,400,0.0,0.0,0.0,75.8,0,5,5,2,0.0,0,0.0,1.0,102.0,No,0.0012
PRV57600,51,75000,1470.5882352941176,11000,1.5098039215686274,0.7647058823529411,169.09803921568627,71.52941176470588,9,42,46,15,0.0,0,0.17647058823529413,1.108695652173913,1630.4347826086957,No,0.0216
PRV57601,62,21020,339.03225806451616,6300,1.6774193548387097,0.0,1.1290322580645162,74.51612903225806,0,62,48,11,0.016129032258064516,0,0.0,1.2916666666666667,437.9166666666667,No,0.0019
PRV57602,38,8970,236.05263157894737,2200,1.368421052631579,0.0,8.421052631578947,68.0,0,38,30,7,0.0,0,0.0,1.2666666666666666,299.0,No,0.0064
PRV57603,169,49340,291.9526627218935,6070,0.6331360946745562,0.0,1.183431952662722,74.46745562130178,0,169,76,12,0.0,0,0.0,2.223684210526316,649.2105263157895,No,0.0119
PRV57605,134,35590,265.5970149253731,5000,1.462686567164179,0.0,1.2686567164179106,71.45522388059702,0,134,91,25,0.007462686567164179,0,0.0,1.4725274725274726,391.0989010989011,No,0.0024
PRV57609,2,3000,1500.0,2100,7.0,0.0,0.0,72.5,0,2,2,2,0.0,0,0.0,1.0,1500.0,No,0.0011
PRV57610,32,7500,234.375,1800,0.71875,0.0,4.6875,72.4375,0,32,16,7,0.03125,0,0.0,2.0,468.75,No,0.0133
PRV57611,134,38520,287.46268656716416,3300,0.746268656716418,0.0,1.044776119402985,73.08955223880596,0,134,74,13,0.0,0,0.0,1.8108108108108107,520.5405405405405,No,0.0029
PRV57612,6,31490,5248.333333333333,13000,8.5,7.166666666666667,534.0,79.16666666666667,3,3,6,4,0.0,0,0.5,1.0,5248.333333333333,No,0.0117
PRV57613,2,250,125.0,200,0.0,0.0,0.0,80.5,0,2,2,1,0.0,0,0.0,1.0,125.0,No,0.0019
PRV57614,4,1700,425.0,1500,0.0,0.0,0.0,63.5,0,4,2,2,0.0,0,0.0,2.0,850.0,No,0.0015
PRV57615,2,110,55.0,70,0.0,0.0,0.0,79.0,0,2,2,2,0.0,0,0.0,1.0,55.0,No,0.0018
PRV57616,7,640,91.42857142857143,300,1.0,0.0,0.0,61.42857142857143,0,7,7,1,0.0,0,0.0,1.0,91.42857142857143,No,0.0013
PRV57617,3,130,43.333333333333336,60,6.666666666666667,0.0,0.0,72.33333333333333,0,3,3,2,0.0,0,0.0,1.0,43.333333333333336,No,0.0012
PRV57618,220,55280,251.27272727272728,4070,1.0818181818181818,0.0,1.9090909090909092,73.47272727272727,0,220,95,2,0.00909090909090909,0,0.0,2.3157894736842106,581.8947368421053,No,0.0201
PRV57619,21,2520,120.0,1100,2.0,0.0,2.857142857142857,77.14285714285714,0,21,18,2,0.0,0,0.0,1.1666666666666667,140.0,No,0.0016
PRV57623,4,940,235.0,600,0.0,0.0,0.0,64.0,0,4,4,1,0.0,0,0.0,1.0,235.0,No,0.0008
PRV57624,41,6930,169.02439024390245,800,0.975609756097561,0.0,1.7073170731707317,73.34146341463415,0,41,26,2,0.0,0,0.0,1.5769230769230769,266.53846153846155,No,0.0145
PRV57625,44,7340,166.8181818181818,1300,2.6363636363636362,0.0,5.2272727272727275,74.27272727272727,0,44,21,1,0.0,0,0.0,2.0952380952380953,349.5238095238095,No,0.0098
PRV57626,6,900,150.0,400,0.0,0.0,11.666666666666666,71.0,0,6,6,2,0.0,0,0.0,1.0,150.0,No,0.0019
PRV57627,28,10360,370.0,3300,0.14285714285714285,0.0,4.642857142857143,74.10714285714286,0,28,28,1,0.0,0,0.0,1.0,370.0,No,0.0035
PRV57629,10,122300,12230.0,32000,5.9,5.9,961.2,71.8,10,0,9,1,0.0,0,1.0,1.1111111111111112,13588.888888888889,No,0.1325
PRV57630,8,52000,6500.0,14000,6.875,6.875,1068.0,77.625,8,0,8,1,0.0,0,1.0,1.0,6500.0,No,0.0199
PRV57631,18,227000,12611.111111111111,34000,5.388888888888889,5.388888888888889,1008.6666666666666,73.33333333333333,18,0,17,1,0.0,1,1.0,1.0588235294117647,13352.941176470587,Yes,0.5094
PRV57632,1,6000,6000.0,6000,2.0,2.0,1068.0,87.0,1,0,1,1,0.0,0,1.0,1.0,6000.0,No,0.0018
PRV57633,4,31000,7750.0,14000,11.25,11.25,1068.0,83.0,4,0,3,1,0.0,0,1.0,1.3333333333333333,10333.333333333334,No,0.0532
PRV57634,8,58000,7250.0,21000,4.25,4.25,1068.0,73.875,8,0,8,3,0.0,0,1.0,1.0,7250.0,No,0.0167
PRV57635,18,275000,15277.777777777777,77000,4.388888888888889,4.388888888888889,1068.0,72.83333333333333,18,0,16,2,0.1111111111111111,0,1.0,1.125,17187.5,No,0.3643
PRV57636,5,28000,5600.0,9000,4.2,4.2,1068.0,75.0,5,0,5,3,0.0,0,1.0,1.0,5600.0,No,0.003
PRV57638,9,72400,8044.444444444444,17000,4.444444444444445,4.444444444444445,1068.0,70.22222222222223,9,0,8,3,0.0,0,1.0,1.125,9050.0,No,0.0405
PRV57639,17,4890,287.6470588235294,2400,2.235294117647059,0.0,0.0,73.52941176470588,0,17,14,3,0.11764705882352941,0,0.0,1.2142857142857142,349.2857142857143,No,0.0011
PRV57640,15,48130,3208.6666666666665,15000,4.533333333333333,3.2,356.0,72.33333333333333,5,10,14,11,0.0,0,0.3333333333333333,1.0714285714285714,3437.8571428571427,No,0.168
PRV57641,61,29470,483.11475409836066,10000,2.5081967213114753,0.19672131147540983,54.81967213114754,73.36065573770492,3,58,25,17,0.0,0,0.04918032786885246,2.44,1178.8,No,0.0272
PRV57642,220,321470,1461.2272727272727,57000,1.5136363636363637,0.6636363636363637,114.83636363636364,72.56818181818181,23,197,108,47,0.01818181818181818,1,0.10454545454545454,2.037037037037037,2976.574074074074,Yes,0.7812
PRV57643,109,78870,723.5779816513761,12000,1.724770642201835,0.23853211009174313,72.44036697247707,70.65137614678899,7,102,31,11,0.0,0,0.06422018348623854,3.5161290322580645,2544.1935483870966,No,0.1055
PRV57645,6,390,65.0,100,0.0,0.0,0.0,68.66666666666667,0,6,6,6,0.0,0,0.0,1.0,65.0,No,0.0013
PRV57646,25,8570,342.8,3300,0.68,0.0,8.8,67.44,0,25,11,7,0.0,0,0.0,2.272727272727273,779.0909090909091,No,0.0026
PRV57647,46,8530,185.43478260869566,2300,0.43478260869565216,0.0,3.0434782608695654,73.15217391304348,0,46,16,19,0.0,0,0.0,2.875,533.125,No,0.0022
PRV57650,36,14210,394.72222222222223,3300,1.1666666666666667,0.1388888888888889,32.44444444444444,68.02777777777777,1,35,10,3,0.0,0,0.027777777777777776,3.6,1421.0,No,0.0042
PRV57651,22,3180,144.54545454545453,700,0.22727272727272727,0.0,3.6363636363636362,75.68181818181819,0,22,14,7,0.0,0,0.0,1.5714285714285714,227.14285714285714,No,0.0093
PRV57652,15,4900,326.6666666666667,3300,2.1333333333333333,0.0,2.6666666666666665,54.8,0,15,6,4,0.0,0,0.0,2.5,816.6666666666666,No,0.0009
PRV57653,82,15920,194.14634146341464,2500,1.5609756097560976,0.0,1.0975609756097562,75.1951219512195,0,82,46,13,0.0,0,0.0,1.7826086956521738,346.0869565217391,No,0.0037
PRV57654,72,16670,231.52777777777777,2300,1.2222222222222223,0.0,2.7777777777777777,73.93055555555556,0,72,24,9,0.0,0,0.0,3.0,694.5833333333334,No,0.002
PRV57655,1,400,400.0,400,0.0,0.0,0.0,70.0,0,1,1,1,0.0,0,0.0,1.0,400.0,No,0.0029
PRV57657,54,15930,295.0,3300,1.1666666666666667,0.0,1.4814814814814814,70.35185185185185,0,54,20,10,0.0,0,0.0,2.7,796.5,No,0.0026
PRV57658,51,16170,317.05882352941177,2300,1.7647058823529411,0.0,0.0,72.88235294117646,0,51,37,5,0.0,0,0.0,1.3783783783783783,437.02702702702703,No,0.0007
PRV57659,1,20,20.0,20,0.0,0.0,0.0,85.0,0,1,1,1,0.0,0,0.0,1.0,20.0,No,0.0037
PRV57660,6,2420,403.3333333333333,1800,0.6666666666666666,0.0,0.0,67.83333333333333,0,6,5,1,0.16666666666666666,0,0.0,1.2,484.0,No,0.004
PRV57662,3,2460,820.0,2300,0.0,0.0,0.0,73.0,0,3,3,3,0.0,0,0.0,1.0,820.0,No,0.001
PRV57663,3,410,136.66666666666666,400,1.3333333333333333,0.0,0.0,73.33333333333333,0,3,3,1,0.0,0,0.0,1.0,136.66666666666666,No,0.0008
PRV57667,3,20000,6666.666666666667,14000,11.0,11.0,1068.0,76.0,3,0,2,1,0.0,1,1.0,1.5,10000.0,Yes,0.0112
PRV57668,23,6570,285.6521739130435,2100,0.8695652173913043,0.0,3.0434782608695654,66.21739130434783,0,23,19,2,0.043478260869565216,0,0.0,1.2105263157894737,345.7894736842105,No,0.0085
PRV57669,3,250,83.33333333333333,100,0.0,0.0,0.0,64.66666666666667,0,3,3,1,0.0,0,0.0,1.0,83.33333333333333,No,0.0011
PRV57670,1,20,20.0,20,0.0,0.0,0.0,67.0,0,1,1,1,0.0,0,0.0,1.0,20.0,No,0.001
PRV57671,6,730,121.66666666666667,500,0.0,0.0,0.0,72.33333333333333,0,6,6,1,0.0,0,0.0,1.0,121.66666666666667,No,0.0005
PRV57672,425,118190,278.09411764705885,3700,1.2423529411764707,0.0,4.352941176470588,74.13176470588235,0,425,342,2,0.009411764705882352,1,0.0,1.2426900584795322,345.58479532163744,Yes,0.2797
PRV57673,217,51690,238.20276497695852,3300,0.8986175115207373,0.0,2.0737327188940093,71.7557603686636,0,217,125,1,0.004608294930875576,0,0.0,1.736,413.52,No,0.0111
PRV57674,413,133220,322.5665859564165,3500,1.4043583535108959,0.0,2.082324455205811,73.38256658595641,0,413,158,4,0.007263922518159807,0,0.0,2.6139240506329116,843.1645569620254,No,0.0745
PRV57675,3,1650,550.0,1500,0.0,0.0,33.333333333333336,64.66666666666667,0,3,3,1,0.0,0,0.0,1.0,550.0,No,0.0021
PRV57676,15,3180,212.0,1200,3.066666666666667,0.0,0.0,75.26666666666667,0,15,15,5,0.0,0,0.0,1.0,212.0,No,0.0015
PRV57677,226,73900,326.9911504424779,3300,1.1150442477876106,0.0,2.743362831858407,73.26106194690266,0,226,206,1,0.01327433628318584,0,0.0,1.0970873786407767,358.7378640776699,No,0.0056
PRV57678,9,3970,441.1111111111111,3100,0.1111111111111111,0.0,0.0,74.11111111111111,0,9,9,2,0.0,0,0.0,1.0,441.1111111111111,No,0.0015
PRV57679,1,400,400.0,400,0.0,0.0,0.0,76.0,0,1,1,1,0.0,0,0.0,1.0,400.0,No,0.0033
PRV57680,19,9360,492.63157894736844,4300,2.263157894736842,0.0,2.6315789473684212,70.94736842105263,0,19,18,2,0.0,0,0.0,1.0555555555555556,520.0,No,0.0034
PRV57682,3,3100,1033.3333333333333,2900,6.666666666666667,0.0,0.0,63.666666666666664,0,3,3,2,0.0,0,0.0,1.0,1033.3333333333333,No,0.0009
PRV57683,15,7150,476.6666666666667,3300,1.4666666666666666,0.0,0.0,72.93333333333334,0,15,14,2,0.0,0,0.0,1.0714285714285714,510.7142857142857,No,0.0011
PRV57684,65,21110,324.7692307692308,3300,0.47692307692307695,0.0,2.769230769230769,70.29230769230769,0,65,58,1,0.015384615384615385,0,0.0,1.1206896551724137,363.9655172413793,No,0.0053
PRV57686,23,9110,396.0869565217391,2800,0.8695652173913043,0.0,6.521739130434782,74.47826086956522,0,23,22,1,0.0,0,0.0,1.0454545454545454,414.09090909090907,No,0.0033
PRV57687,6,1080,180.0,400,0.0,0.0,11.666666666666666,65.0,0,6,6,1,0.0,0,0.0,1.0,180.0,No,0.0009
PRV57688,12,4230,352.5,3000,2.6666666666666665,0.0,11.666666666666666,73.91666666666667,0,12,12,1,0.0,0,0.0,1.0,352.5,No,0.0008
PRV57689,53,15380,290.188679245283,3300,1.5660377358490567,0.0,3.7735849056603774,73.62264150943396,0,53,41,5,0.0,0,0.0,1.2926829268292683,375.1219512195122,No,0.0013
PRV57690,4,4480,1120.0,2600,0.0,0.0,0.0,68.0,0,4,3,2,0.0,0,0.0,1.3333333333333333,1493.3333333333333,No,0.001
PRV57691,51,11990,235.09803921568627,3000,0.49019607843137253,0.0,0.39215686274509803,77.50980392156863,0,51,20,3,0.0,0,0.0,2.55,599.5,No,0.0026
PRV57692,2,450,225.0,400,0.0,0.0,0.0,75.0,0,2,2,2,0.0,0,0.0,1.0,225.0,No,0.0012
PRV57693,133,41250,310.1503759398496,3300,1.6466165413533835,0.0,2.556390977443609,74.36842105263158,0,133,117,1,0.0,0,0.0,1.1367521367521367,352.56410256410254,No,0.0019
PRV57694,18,3150,175.0,1600,1.3333333333333333,0.0,2.7777777777777777,75.38888888888889,0,18,18,3,0.05555555555555555,0,0.0,1.0,175.0,No,0.0051
PRV57696,3,100,33.333333333333336,60,0.0,0.0,0.0,77.66666666666667,0,3,3,3,0.0,0,0.0,1.0,33.333333333333336,No,0.0021
PRV57697,66,507650,7691.666666666667,75000,4.03030303030303,3.712121212121212,761.6060606060606,72.13636363636364,48,18,60,17,0.0,1,0.7272727272727273,1.1,8460.833333333334,Yes,0.7196
PRV57699,3,26000,8666.666666666666,10000,8.0,8.0,1068.0,66.66666666666667,3,0,3,1,0.0,0,1.0,1.0,8666.666666666666,No,0.0021
PRV57700,1,60,60.0,60,0.0,0.0,0.0,83.0,0,1,1,1,0.0,0,0.0,1.0,60.0,No,0.0027
PRV57701,4,620,155.0,400,0.0,0.0,0.0,72.0,0,4,4,4,0.0,0,0.0,1.0,155.0,No,0.0006
PRV57702,15,80830,5388.666666666667,46000,6.133333333333334,5.066666666666666,498.4,68.26666666666667,7,8,13,9,0.0,0,0.4666666666666667,1.1538461538461537,6217.692307692308,No,0.274
PRV57704,7,26770,3824.285714285714,14000,3.5714285714285716,3.5714285714285716,457.7142857142857,78.0,3,4,7,5,0.0,0,0.42857142857142855,1.0,3824.285714285714,No,0.004
PRV57705,2,400,200.0,300,0.0,0.0,0.0,54.5,0,2,2,2,0.0,0,0.0,1.0,200.0,No,0.0023
PRV57706,5,3040,608.0,2000,4.0,0.0,0.0,66.2,0,5,5,4,0.2,0,0.0,1.0,608.0,No,0.0019
PRV57707,2,70,35.0,70,0.0,0.0,0.0,74.0,0,2,2,2,0.0,0,0.0,1.0,35.0,No,0.0013
PRV57709,217,441530,2034.700460829493,57000,2.6451612903225805,1.087557603686636,145.1705069124424,71.94930875576037,30,187,170,28,0.0,1,0.1382488479262673,1.276470588235294,2597.235294117647,Yes,0.6987
PRV57710,409,111150,271.76039119804403,3300,1.6772616136919316,0.0,1.5158924205378974,72.3398533007335,0,409,336,11,0.017114914425427872,0,0.0,1.2172619047619047,330.80357142857144,No,0.018
PRV57711,23,156000,6782.608695652174,28000,6.086956521739131,6.086956521739131,882.2608695652174,72.52173913043478,19,4,23,8,0.0,0,0.8260869565217391,1.0,6782.608695652174,No,0.1313
PRV57712,9,11770,1307.7777777777778,6000,0.8888888888888888,0.4444444444444444,246.22222222222223,69.0,2,7,9,6,0.0,0,0.2222222222222222,1.0,1307.7777777777778,No,0.0028
PRV57714,4,480,120.0,200,5.0,0.0,12.5,80.25,0,4,4,4,0.0,0,0.0,1.0,120.0,No,0.0018
PRV57715,860,688200,800.2325581395348,57000,1.486046511627907,0.26046511627906976,53.334883720930236,73.18023255813954,42,818,387,71,0.0034883720930232558,0,0.04883720930232558,2.2222222222222223,1778.2945736434108,No,0.7029
PRV57716,11,3540,321.8181818181818,2500,5.7272727272727275,0.0,12.727272727272727,70.9090909090909,0,11,11,7,0.0,0,0.0,1.0,321.8181818181818,No,0.0018
PRV57717,114,197830,1735.3508771929824,41000,2.263157894736842,0.6491228070175439,133.08771929824562,71.55263157894737,15,99,86,14,0.0,0,0.13157894736842105,1.3255813953488371,2300.3488372093025,No,0.1917
PRV57718,161,58290,362.0496894409938,3300,1.8012422360248448,0.0,4.037267080745342,72.19254658385093,0,161,61,17,0.0,0,0.0,2.639344262295082,955.5737704918033,No,0.0215
PRV57719,23,78830,3427.391304347826,57000,2.8260869565217392,2.391304347826087,192.2608695652174,70.6086956521739,4,19,23,19,0.0,0,0.17391304347826086,1.0,3427.391304347826,No,0.1276
PRV57720,14,4670,333.57142857142856,1900,1.0,0.0,14.285714285714286,66.57142857142857,0,14,14,11,0.0,0,0.0,1.0,333.57142857142856,No,0.003
PRV57721,3,230,76.66666666666667,200,0.0,0.0,0.0,75.33333333333333,0,3,3,2,0.0,0,0.0,1.0,76.66666666666667,No,0.002
PRV57722,34,7490,220.2941176470588,1400,0.6176470588235294,0.0,0.0,71.73529411764706,0,34,32,20,0.0,0,0.0,1.0625,234.0625,No,0.0029
PRV57723,20,2590,129.5,1300,0.0,0.0,0.0,70.6,0,20,19,13,0.0,0,0.0,1.0526315789473684,136.31578947368422,No,0.0025
PRV57724,2,80,40.0,50,0.0,0.0,0.0,73.5,0,2,2,1,0.0,0,0.0,1.0,40.0,No,0.001
PRV57725,7,1740,248.57142857142858,800,0.0,0.0,0.0,77.14285714285714,0,7,6,6,0.0,0,0.0,1.1666666666666667,290.0,No,0.0016
PRV57727,16,2670,166.875,900,0.0,0.0,0.0,74.5625,0,16,16,13,0.0,0,0.0,1.0,166.875,No,0.001
PRV57728,4,7310,1827.5,6000,6.0,1.0,267.0,76.5,1,3,4,4,0.0,0,0.25,1.0,1827.5,No,0.0023
PRV57729,23,114300,4969.565217391304,24000,2.739130434782609,2.652173913043478,510.7826086956522,71.56521739130434,11,12,22,19,0.0,0,0.4782608695652174,1.0454545454545454,5195.454545454545,No,0.0895
PRV57730,40,8720,218.0,1600,0.675,0.0,2.0,71.05,0,40,23,10,0.025,0,0.0,1.7391304347826086,379.1304347826087,No,0.0192
PRV57731,2,150,75.0,90,0.0,0.0,0.0,81.5,0,2,2,1,0.0,0,0.0,1.0,75.0,No,0.0022
PRV57732,50,88140,1762.8,17000,1.6,1.16,237.16,72.96,11,39,46,18,0.0,0,0.22,1.0869565217391304,1916.0869565217392,No,0.0362
PRV57733,45,12480,277.3333333333333,2200,1.2,0.0,2.2222222222222223,74.84444444444445,0,45,25,3,0.0,0,0.0,1.8,499.2,No,0.0027
PRV57734,19,11010,579.4736842105264,3300,3.1578947368421053,0.0,7.368421052631579,71.94736842105263,0,19,19,1,0.0,0,0.0,1.0,579.4736842105264,No,0.0015
PRV57735,6,780,130.0,500,2.3333333333333335,0.0,11.666666666666666,76.33333333333333,0,6,6,1,0.0,0,0.0,1.0,130.0,No,0.0012
PRV57736,12,2990,249.16666666666666,1000,1.6666666666666667,0.0,5.0,75.33333333333333,0,12,12,1,0.0,0,0.0,1.0,249.16666666666666,No,0.0018
PRV57737,2,130,65.0,100,0.0,0.0,0.0,83.0,0,2,2,1,0.0,0,0.0,1.0,65.0,No,0.0023
PRV57738,1,10,10.0,10,0.0,0.0,0.0,70.0,0,1,1,1,0.0,0,0.0,1.0,10.0,No,0.0016
PRV57739,11,7020,638.1818181818181,3300,3.272727272727273,0.0,5.454545454545454,71.0909090909091,0,11,10,1,0.0,0,0.0,1.1,702.0,No,0.0015
PRV57740,12,5500,458.3333333333333,2500,7.25,0.0,0.0,71.5,0,12,12,3,0.0,0,0.0,1.0,458.3333333333333,No,0.0011
PRV57741,15,2290,152.66666666666666,1100,1.0666666666666667,0.0,4.666666666666667,72.93333333333334,0,15,14,2,0.0,0,0.0,1.0714285714285714,163.57142857142858,No,0.0013
PRV57742,8,340,42.5,90,0.375,0.0,0.0,74.625,0,8,8,5,0.0,0,0.0,1.0,42.5,No,0.0011
PRV57743,8,4350,543.75,2200,1.625,0.0,7.5,78.125,0,8,8,1,0.0,0,0.0,1.0,543.75,No,0.001
PRV57744,19,8510,447.89473684210526,2200,2.3157894736842106,0.0,2.6315789473684212,70.47368421052632,0,19,17,2,0.0,0,0.0,1.1176470588235294,500.5882352941176,No,0.0022
PRV57746,42,6100,145.23809523809524,1000,1.5714285714285714,0.0,3.3333333333333335,73.38095238095238,0,42,41,1,0.0,0,0.0,1.024390243902439,148.78048780487805,No,0.0009
PRV57747,2,110,55.0,100,0.0,0.0,0.0,78.5,0,2,2,1,0.0,0,0.0,1.0,55.0,No,0.0017
PRV57748,45,16000,355.55555555555554,3300,1.7555555555555555,0.0,5.333333333333333,73.31111111111112,0,45,44,2,0.0,0,0.0,1.0227272727272727,363.6363636363636,No,0.0024
PRV57751,4,230,57.5,100,1.0,0.0,25.0,78.0,0,4,4,3,0.0,0,0.0,1.0,57.5,No,0.0047
PRV57752,1,80,80.0,80,0.0,0.0,0.0,50.0,0,1,1,1,0.0,0,0.0,1.0,80.0,No,0.0012
PRV57753,1,80,80.0,80,0.0,0.0,0.0,88.0,0,1,1,1,0.0,0,0.0,1.0,80.0,No,0.0093
PRV57754,6,2070,345.0,1100,0.0,0.0,0.0,74.66666666666667,0,6,6,1,0.0,0,0.0,1.0,345.0,No,0.0019
PRV57755,1,300,300.0,300,0.0,0.0,0.0,69.0,0,1,1,1,0.0,0,0.0,1.0,300.0,No,0.0023
PRV57756,27,3790,140.37037037037038,800,0.7777777777777778,0.0,5.925925925925926,73.96296296296296,0,27,27,3,0.0,0,0.0,1.0,140.37037037037038,No,0.0019
PRV57757,11,109000,9909.09090909091,38000,6.2727272727272725,6.2727272727272725,970.9090909090909,71.27272727272727,11,0,11,1,0.0,0,1.0,1.0,9909.09090909091,No,0.0815
PRV57758,2,110,55.0,100,20.0,0.0,0.0,64.0,0,2,2,1,0.0,0,0.0,1.0,55.0,No,0.001
PRV57759,28,10640,380.0,3300,2.142857142857143,0.0,4.642857142857143,73.0,0,28,24,1,0.0,0,0.0,1.1666666666666667,443.3333333333333,No,0.0013
PRV57760,22,4770,216.8181818181818,1100,0.3181818181818182,0.0,0.0,60.59090909090909,0,22,9,3,0.0,0,0.0,2.4444444444444446,530.0,No,0.0022
PRV57761,82,18470,225.2439024390244,2200,1.3902439024390243,0.0,4.512195121951219,71.13414634146342,0,82,67,2,0.012195121951219513,0,0.0,1.2238805970149254,275.67164179104475,No,0.0043
PRV57762,1,1900,1900.0,1900,0.0,0.0,0.0,67.0,0,1,1,1,0.0,0,0.0,1.0,1900.0,No,0.0009
PRV57763,118,43610,369.5762711864407,3300,1.7203389830508475,0.0,3.305084745762712,73.13559322033899,0,118,70,1,0.0,0,0.0,1.6857142857142857,623.0,No,0.0035
