Provider,ClaimType,total_claims,total_billed,avg_billed,avg_claim_duration,avg_hospital_stay,FraudLabel,PotentialFraud
PRV51001,Inpatient,5,97000,19400.0,5.0,5.0,0,No
PRV51001,Outpatient,20,7640,382.0,0.55,0.0,0,No
PRV51003,Inpatient,62,573000,9241.935483870968,5.161290322580645,5.161290322580645,1,Yes
PRV51003,Outpatient,70,32670,466.7142857142857,2.357142857142857,0.0,1,Yes
PRV51004,Outpatient,149,52170,350.13422818791946,1.429530201342282,0.0,0,No
PRV51005,Outpatient,1165,280910,241.1244635193133,1.088412017167382,0.0,1,Yes
PRV51007,Inpatient,3,19000,6333.333333333333,5.333333333333333,5.333333333333333,0,No
PRV51007,Outpatient,69,14710,213.18840579710144,0.7681159420289855,0.0,0,No
PRV51008,Inpatient,2,25000,12500.0,4.0,4.0,0,No
PRV51008,Outpatient,41,10630,259.2682926829268,1.4146341463414633,0.0,0,No
PRV51011,Inpatient,1,5000,5000.0,5.0,5.0,0,No
PRV51011,Outpatient,57,11630,204.03508771929825,0.47368421052631576,0.0,0,No
PRV51012,Outpatient,48,16890,351.875,3.7083333333333335,0.0,0,No
PRV51013,Outpatient,46,14880,323.4782608695652,1.4565217391304348,0.0,0,No
PRV51014,Outpatient,30,10480,349.3333333333333,0.4666666666666667,0.0,0,No
PRV51015,Outpatient,8,700,87.5,0.375,0.0,0,No
PRV51016,Outpatient,6,170,28.333333333333332,0.3333333333333333,0.0,0,No
PRV51017,Outpatient,515,142720,277.126213592233,1.3572815533980582,0.0,0,No
PRV51021,Inpatient,29,269000,9275.862068965518,4.793103448275862,4.758620689655173,1,Yes
PRV51021,Outpatient,228,79830,350.13157894736844,1.644736842105263,0.0,1,Yes
PRV51023,Inpatient,9,54000,6000.0,3.5555555555555554,3.5555555555555554,0,No
PRV51023,Outpatient,27,11610,430.0,3.7037037037037037,0.0,0,No
PRV51024,Inpatient,9,61000,6777.777777777777,4.333333333333333,4.333333333333333,0,No
PRV51024,Outpatient,30,3050,101.66666666666667,0.8333333333333334,0.0,0,No
PRV51025,Inpatient,13,86000,6615.384615384615,7.0,7.0,0,No
PRV51025,Outpatient,74,32350,437.1621621621622,1.3243243243243243,0.0,0,No
PRV51026,Outpatient,76,19840,261.05263157894734,1.0921052631578947,0.0,0,No
PRV51027,Outpatient,53,29840,563.0188679245283,2.1320754716981134,0.0,0,No
PRV51029,Outpatient,93,30660,329.6774193548387,0.6989247311827957,0.0,0,No
PRV51030,Inpatient,82,705600,8604.878048780487,4.621951219512195,4.621951219512195,0,No
PRV51030,Outpatient,89,34160,383.82022471910113,1.8876404494382022,0.0,0,No
PRV51031,Inpatient,28,329000,11750.0,5.535714285714286,5.535714285714286,0,No
PRV51031,Outpatient,157,30720,195.6687898089172,1.3694267515923566,0.0,0,No
PRV51032,Outpatient,23,5420,235.65217391304347,0.9130434782608695,0.0,0,No
PRV51035,Inpatient,1,29000,29000.0,14.0,14.0,0,No
PRV51035,Outpatient,29,3560,122.75862068965517,1.8620689655172413,0.0,0,No
PRV51036,Outpatient,278,74880,269.3525179856115,1.0503597122302157,0.0,0,No
PRV51037,Inpatient,23,214000,9304.347826086956,4.521739130434782,4.565217391304348,1,Yes
PRV51037,Outpatient,431,128230,297.51740139211137,1.3735498839907192,0.0,1,Yes
PRV51038,Inpatient,30,229600,7653.333333333333,4.033333333333333,4.033333333333333,0,No
PRV51038,Outpatient,111,35890,323.3333333333333,1.1711711711711712,0.0,0,No
PRV51040,Inpatient,9,63000,7000.0,10.555555555555555,10.555555555555555,0,No
PRV51040,Outpatient,77,11470,148.96103896103895,0.6233766233766234,0.0,0,No
PRV51041,Outpatient,34,7410,217.94117647058823,2.3529411764705883,0.0,0,No
PRV51042,Outpatient,142,48050,338.38028169014086,1.232394366197183,0.0,0,No
PRV51043,Outpatient,23,4480,194.7826086956522,0.0,0.0,0,No
PRV51044,Outpatient,59,21330,361.52542372881356,2.152542372881356,0.0,0,No
PRV51045,Outpatient,31,8390,270.64516129032256,2.2580645161290325,0.0,0,No
PRV51046,Inpatient,8,101000,12625.0,4.5,4.5,0,No
PRV51046,Outpatient,30,8370,279.0,0.8666666666666667,0.0,0,No
PRV51047,Outpatient,11,2530,230.0,3.090909090909091,0.0,0,No
PRV51048,Inpatient,4,19000,4750.0,4.75,4.75,0,No
PRV51048,Outpatient,34,8700,255.88235294117646,0.11764705882352941,0.0,0,No
PRV51049,Outpatient,71,21720,305.9154929577465,1.7887323943661972,0.0,0,No
PRV51052,Inpatient,2,14000,7000.0,9.0,9.0,1,Yes
PRV51052,Outpatient,44,16800,381.8181818181818,1.9772727272727273,0.0,1,Yes
PRV51053,Inpatient,1,8000,8000.0,5.0,5.0,0,No
PRV51054,Outpatient,57,15130,265.43859649122805,2.3508771929824563,0.0,0,No
PRV51055,Inpatient,2,16700,8350.0,5.5,5.5,0,No
PRV51055,Outpatient,20,4940,247.0,0.1,0.0,0,No
PRV51056,Inpatient,2,8000,4000.0,3.0,3.0,0,No
PRV51056,Outpatient,20,6700,335.0,0.5,0.0,0,No
PRV51057,Outpatient,5,6830,1366.0,0.0,0.0,0,No
PRV51058,Inpatient,5,91000,18200.0,7.4,7.4,0,No
PRV51058,Outpatient,78,16030,205.51282051282053,0.9102564102564102,0.0,0,No
PRV51059,Inpatient,25,401000,16040.0,6.88,6.88,1,Yes
PRV51059,Outpatient,71,20060,282.53521126760563,0.9295774647887324,0.0,1,Yes
PRV51060,Inpatient,5,35000,7000.0,4.8,4.8,0,No
PRV51060,Outpatient,37,8710,235.40540540540542,1.972972972972973,0.0,0,No
PRV51061,Inpatient,1,3000,3000.0,8.0,8.0,0,No
PRV51061,Outpatient,144,51940,360.69444444444446,2.3541666666666665,0.0,0,No
PRV51062,Inpatient,3,45000,15000.0,4.333333333333333,4.333333333333333,0,No
PRV51062,Outpatient,394,108380,275.0761421319797,1.5761421319796953,0.0,0,No
PRV51063,Outpatient,149,51110,343.02013422818794,1.610738255033557,0.0,0,No
PRV51064,Inpatient,36,280000,7777.777777777777,5.305555555555555,5.305555555555555,1,Yes
PRV51064,Outpatient,267,80320,300.8239700374532,1.4981273408239701,0.0,1,Yes
PRV51065,Inpatient,10,75000,7500.0,5.6,5.6,0,No
PRV51065,Outpatient,18,1570,87.22222222222223,1.4444444444444444,0.0,0,No
PRV51066,Inpatient,2,19000,9500.0,2.0,2.0,0,No
PRV51066,Outpatient,22,5790,263.1818181818182,1.0,0.0,0,No
PRV51067,Inpatient,12,326000,27166.666666666668,6.583333333333333,6.583333333333333,1,Yes
PRV51067,Outpatient,46,8520,185.2173913043478,1.1956521739130435,0.0,1,Yes
PRV51068,Inpatient,9,77000,8555.555555555555,3.0,3.0,0,No
PRV51068,Outpatient,252,66260,262.93650793650795,1.3174603174603174,0.0,0,No
PRV51070,Inpatient,10,101000,10100.0,4.1,4.1,0,No
PRV51070,Outpatient,89,24410,274.2696629213483,1.6629213483146068,0.0,0,No
PRV51071,Outpatient,24,8550,356.25,2.0833333333333335,0.0,0,No
PRV51072,Inpatient,12,72000,6000.0,4.25,4.25,0,No
PRV51072,Outpatient,200,47170,235.85,1.375,0.0,0,No
PRV51074,Inpatient,5,31000,6200.0,2.6,2.6,0,No
PRV51074,Outpatient,34,10170,299.11764705882354,1.7941176470588236,0.0,0,No
PRV51075,Outpatient,17,8550,502.94117647058823,1.1764705882352942,0.0,0,No
PRV51076,Outpatient,29,10230,352.7586206896552,1.1724137931034482,0.0,0,No
PRV51077,Inpatient,16,199000,12437.5,5.9375,5.9375,1,Yes
PRV51077,Outpatient,17,5350,314.70588235294116,2.5294117647058822,0.0,1,Yes
PRV51078,Inpatient,9,76000,8444.444444444445,6.666666666666667,6.666666666666667,0,No
PRV51078,Outpatient,14,2270,162.14285714285714,0.07142857142857142,0.0,0,No
PRV51081,Inpatient,6,79000,13166.666666666666,6.0,6.0,0,No
PRV51081,Outpatient,194,45080,232.37113402061857,1.4845360824742269,0.0,0,No
PRV51082,Outpatient,34,5470,160.88235294117646,1.1764705882352942,0.0,0,No
PRV51083,Outpatient,90,18100,201.11111111111111,1.3777777777777778,0.0,0,No
PRV51084,Inpatient,20,191000,9550.0,5.65,5.65,1,Yes
PRV51084,Outpatient,90,24580,273.1111111111111,0.7888888888888889,0.0,1,Yes
PRV51086,Inpatient,31,413000,13322.58064516129,4.838709677419355,4.838709677419355,0,No
PRV51086,Outpatient,108,33170,307.1296296296296,2.212962962962963,0.0,0,No
PRV51089,Inpatient,18,177000,9833.333333333334,5.166666666666667,5.166666666666667,0,No
PRV51089,Outpatient,210,53900,256.6666666666667,1.3952380952380952,0.0,0,No
PRV51090,Outpatient,7,5830,832.8571428571429,5.714285714285714,0.0,0,No
PRV51091,Outpatient,44,9270,210.6818181818182,0.9318181818181818,0.0,0,No
PRV51093,Inpatient,2,11000,5500.0,6.0,6.0,0,No
PRV51093,Outpatient,7,2710,387.14285714285717,0.14285714285714285,0.0,0,No
PRV51096,Outpatient,5,3200,640.0,4.0,0.0,0,No
PRV51097,Outpatient,125,44420,355.36,1.744,0.0,0,No
PRV51098,Outpatient,4,300,75.0,0.0,0.0,0,No
PRV51100,Inpatient,5,78000,15600.0,6.0,6.0,0,No
PRV51101,Inpatient,3,16600,5533.333333333333,3.3333333333333335,3.3333333333333335,0,No
PRV51102,Inpatient,12,148000,12333.333333333334,4.0,4.0,0,No
PRV51103,Outpatient,6,440,73.33333333333333,0.0,0.0,1,Yes
PRV51104,Outpatient,12,1900,158.33333333333334,1.1666666666666667,0.0,0,No
PRV51105,Outpatient,12,6540,545.0,3.3333333333333335,0.0,0,No
PRV51108,Inpatient,19,156000,8210.526315789473,5.2631578947368425,5.2631578947368425,0,No
PRV51109,Inpatient,3,18000,6000.0,6.333333333333333,6.333333333333333,0,No
PRV51110,Inpatient,5,27000,5400.0,10.2,10.2,0,No
PRV51111,Outpatient,132,54860,415.6060606060606,2.462121212121212,0.0,0,No
PRV51112,Outpatient,304,105250,346.2171052631579,1.8453947368421053,0.0,0,No
PRV51113,Outpatient,132,46390,351.43939393939394,1.5454545454545454,0.0,0,No
PRV51114,Outpatient,262,76720,292.82442748091603,1.1984732824427482,0.0,0,No
PRV51115,Outpatient,7,980,140.0,0.0,0.0,0,No
PRV51117,Outpatient,12,1950,162.5,1.75,0.0,0,No
PRV51118,Inpatient,16,136000,8500.0,4.25,4.25,0,No
PRV51119,Inpatient,94,985000,10478.72340425532,5.968085106382978,5.9787234042553195,1,Yes
PRV51119,Outpatient,1,95580,95580.0,13.0,0.0,1,Yes
PRV51120,Inpatient,7,52000,7428.571428571428,4.142857142857143,4.142857142857143,0,No
PRV51121,Inpatient,6,81000,13500.0,6.5,6.5,0,No
PRV51121,Outpatient,1,80,80.0,0.0,0.0,0,No
PRV51122,Outpatient,7,1120,160.0,0.0,0.0,0,No
PRV51123,Inpatient,2,9000,4500.0,2.5,2.5,0,No
PRV51123,Outpatient,29,17910,617.5862068965517,2.4827586206896552,0.0,0,No
PRV51125,Inpatient,12,110000,9166.666666666666,4.333333333333333,4.333333333333333,0,No
PRV51125,Outpatient,36,21310,591.9444444444445,1.8611111111111112,0.0,0,No
PRV51126,Inpatient,20,177000,8850.0,6.5,6.5,1,Yes
PRV51128,Inpatient,5,90000,18000.0,6.4,6.4,0,No
PRV51128,Outpatient,45,12220,271.55555555555554,1.8888888888888888,0.0,0,No
PRV51129,Outpatient,96,22920,238.75,1.3541666666666667,0.0,0,No
PRV51130,Outpatient,7,4970,710.0,2.857142857142857,0.0,0,No
PRV51131,Outpatient,8,1160,145.0,0.0,0.0,0,No
PRV51132,Inpatient,1,4000,4000.0,4.0,4.0,0,No
PRV51132,Outpatient,7,1330,190.0,1.4285714285714286,0.0,0,No
PRV51134,Outpatient,15,7610,507.3333333333333,2.6666666666666665,0.0,0,No
PRV51135,Outpatient,5,300,60.0,0.0,0.0,0,No
PRV51136,Inpatient,1,20000,20000.0,2.0,2.0,0,No
PRV51137,Inpatient,1,6000,6000.0,7.0,7.0,0,No
PRV51137,Outpatient,54,10050,186.11111111111111,0.07407407407407407,0.0,0,No
PRV51138,Inpatient,1,6000,6000.0,1.0,1.0,0,No
PRV51138,Outpatient,25,7430,297.2,1.56,0.0,0,No
PRV51139,Inpatient,7,41300,5900.0,3.857142857142857,3.857142857142857,0,No
PRV51139,Outpatient,36,11280,313.3333333333333,2.1944444444444446,0.0,0,No
PRV51140,Inpatient,47,307400,6540.425531914893,6.0212765957446805,6.0212765957446805,0,No
PRV51140,Outpatient,440,145730,331.20454545454544,1.6863636363636363,0.0,0,No
PRV51141,Outpatient,71,19490,274.50704225352115,1.732394366197183,0.0,0,No
PRV51142,Inpatient,7,97000,13857.142857142857,7.428571428571429,7.428571428571429,0,No
PRV51142,Outpatient,44,7570,172.04545454545453,1.0454545454545454,0.0,0,No
PRV51143,Outpatient,77,20450,265.5844155844156,0.987012987012987,0.0,0,No
PRV51144,Inpatient,4,53000,13250.0,5.0,5.0,0,No
PRV51144,Outpatient,26,8220,316.15384615384613,1.3076923076923077,0.0,0,No
PRV51145,Inpatient,161,1600600,9941.614906832297,5.937888198757764,5.937888198757764,1,Yes
PRV51145,Outpatient,41,5750,140.2439024390244,0.8292682926829268,0.0,1,Yes
PRV51146,Inpatient,162,1618200,9988.888888888889,5.049382716049383,5.049382716049383,1,Yes
PRV51146,Outpatient,190,62710,330.05263157894734,2.036842105263158,0.0,1,Yes
PRV51147,Outpatient,32,8860,276.875,2.5,0.0,0,No
PRV51148,Inpatient,34,398400,11717.64705882353,4.029411764705882,4.029411764705882,1,Yes
PRV51148,Outpatient,296,90260,304.93243243243245,1.597972972972973,0.0,1,Yes
PRV51149,Inpatient,116,1113000,9594.827586206897,5.612068965517241,5.612068965517241,1,Yes
PRV51149,Outpatient,32,7680,240.0,1.34375,0.0,1,Yes
PRV51151,Inpatient,22,142000,6454.545454545455,4.181818181818182,4.181818181818182,0,No
PRV51151,Outpatient,211,59300,281.042654028436,1.4360189573459716,0.0,0,No
PRV51152,Outpatient,83,25770,310.48192771084337,1.7228915662650603,0.0,0,No
PRV51153,Inpatient,4,51000,12750.0,8.75,8.75,0,No
PRV51153,Outpatient,83,20490,246.86746987951807,1.0481927710843373,0.0,0,No
PRV51154,Outpatient,161,45750,284.16149068322983,1.3229813664596273,0.0,0,No
PRV51155,Outpatient,115,26330,228.95652173913044,1.0434782608695652,0.0,0,No
PRV51156,Outpatient,542,140640,259.48339483394835,1.367158671586716,0.0,0,No
PRV51159,Inpatient,65,635660,9779.384615384615,5.630769230769231,5.630769230769231,1,Yes
PRV51159,Outpatient,504,162130,321.68650793650795,1.2380952380952381,0.0,1,Yes
PRV51160,Inpatient,90,866000,9622.222222222223,5.655555555555556,5.655555555555556,0,No
PRV51160,Outpatient,24,6020,250.83333333333334,1.9583333333333333,0.0,0,No
PRV51164,Inpatient,41,443000,10804.878048780487,6.2926829268292686,6.2926829268292686,0,No
PRV51164,Outpatient,350,113980,325.65714285714284,1.1171428571428572,0.0,0,No
PRV51165,Inpatient,26,306000,11769.23076923077,6.576923076923077,6.576923076923077,0,No
PRV51165,Outpatient,72,23700,329.1666666666667,0.9583333333333334,0.0,0,No
PRV51166,Inpatient,1,22000,22000.0,16.0,16.0,0,No
PRV51166,Outpatient,4,2870,717.5,0.0,0.0,0,No
PRV51167,Outpatient,190,51980,273.57894736842104,1.7421052631578948,0.0,0,No
PRV51168,Inpatient,9,63000,7000.0,5.222222222222222,5.222222222222222,0,No
PRV51168,Outpatient,78,17470,223.97435897435898,0.2564102564102564,0.0,0,No
PRV51169,Outpatient,77,19380,251.6883116883117,1.4935064935064934,0.0,0,No
PRV51170,Inpatient,8,145000,18125.0,6.25,6.25,1,Yes
PRV51170,Outpatient,8,820,102.5,0.0,0.0,1,Yes
PRV51171,Outpatient,59,13820,234.23728813559322,1.576271186440678,0.0,0,No
PRV51173,Inpatient,7,90000,12857.142857142857,7.857142857142857,7.857142857142857,1,Yes
PRV51173,Outpatient,15,6290,419.3333333333333,2.6666666666666665,0.0,1,Yes
PRV51175,Outpatient,41,9650,235.3658536585366,0.6585365853658537,0.0,0,No
PRV51176,Outpatient,445,145980,328.0449438202247,2.0651685393258425,0.0,0,No
PRV51178,Inpatient,34,422000,12411.764705882353,7.970588235294118,7.970588235294118,1,Yes
PRV51178,Outpatient,31,9180,296.1290322580645,0.7419354838709677,0.0,1,Yes
PRV51179,Outpatient,26,5000,192.30769230769232,0.8076923076923077,0.0,0,No
PRV51180,Inpatient,2,47000,23500.0,1.5,1.5,0,No
PRV51180,Outpatient,127,47240,371.9685039370079,1.6141732283464567,0.0,0,No
PRV51181,Outpatient,10,2150,215.0,2.6,0.0,0,No
PRV51183,Inpatient,41,336800,8214.634146341463,4.658536585365853,4.658536585365853,0,No
PRV51183,Outpatient,72,18990,263.75,1.2777777777777777,0.0,0,No
PRV51185,Outpatient,8,1590,198.75,0.0,0.0,0,No
PRV51186,Outpatient,2,100,50.0,0.0,0.0,0,No
PRV51189,Outpatient,56,8740,156.07142857142858,0.6071428571428571,0.0,0,No
PRV51190,Inpatient,3,24000,8000.0,3.6666666666666665,3.6666666666666665,0,No
PRV51190,Outpatient,63,15310,243.015873015873,0.4603174603174603,0.0,0,No
PRV51191,Outpatient,32,10990,343.4375,3.15625,0.0,0,No
PRV51194,Inpatient,2,18000,9000.0,3.0,3.0,0,No
PRV51194,Outpatient,7,540,77.14285714285714,0.0,0.0,0,No
PRV51196,Outpatient,720,197060,273.69444444444446,1.4027777777777777,0.0,0,No
PRV51198,Outpatient,6,360,60.0,0.0,0.0,0,No
PRV51200,Outpatient,19,4420,232.6315789473684,1.5789473684210527,0.0,0,No
PRV51201,Outpatient,45,10660,236.88888888888889,0.9777777777777777,0.0,0,No
PRV51202,Outpatient,12,5010,417.5,3.6666666666666665,0.0,0,No
PRV51203,Outpatient,21,15340,730.4761904761905,1.2380952380952381,0.0,0,No
PRV51204,Outpatient,499,155180,310.9819639278557,1.6673346693386772,0.0,0,No
PRV51205,Outpatient,10,4660,466.0,2.0,0.0,0,No
PRV51206,Outpatient,10,1560,156.0,0.6,0.0,0,No
PRV51207,Inpatient,3,51000,17000.0,14.0,14.0,0,No
PRV51209,Outpatient,42,9910,235.95238095238096,0.8333333333333334,0.0,0,No
PRV51210,Outpatient,9,2890,321.1111111111111,0.0,0.0,0,No
PRV51211,Outpatient,2,100,50.0,0.0,0.0,0,No
PRV51212,Outpatient,15,6260,417.3333333333333,1.9333333333333333,0.0,0,No
PRV51213,Outpatient,2,50,25.0,0.0,0.0,0,No
PRV51214,Outpatient,8,3200,400.0,0.75,0.0,0,No
PRV51215,Outpatient,10,1610,161.0,0.7,0.0,0,No
PRV51216,Outpatient,71,15560,219.1549295774648,1.8309859154929577,0.0,0,No
PRV51217,Outpatient,5,2930,586.0,4.0,0.0,0,No
PRV51218,Outpatient,7,520,74.28571428571429,0.0,0.0,0,No
PRV51219,Outpatient,8,5330,666.25,2.5,0.0,0,No
PRV51221,Outpatient,1,70,70.0,0.0,0.0,0,No
PRV51222,Outpatient,5,860,172.0,0.0,0.0,0,No
PRV51224,Outpatient,7,3130,447.14285714285717,0.0,0.0,0,No
PRV51225,Outpatient,8,1190,148.75,0.0,0.0,0,No
PRV51226,Outpatient,20,7430,371.5,1.0,0.0,0,No
PRV51228,Outpatient,5,430,86.0,0.0,0.0,0,No
PRV51229,Outpatient,47,12410,264.0425531914894,1.2127659574468086,0.0,0,No
PRV51230,Outpatient,30,12490,416.3333333333333,1.0,0.0,0,No
PRV51231,Inpatient,2,16000,8000.0,9.5,9.5,0,No
PRV51232,Inpatient,1,26000,26000.0,9.0,9.0,0,No
PRV51233,Inpatient,3,27000,9000.0,4.333333333333333,4.333333333333333,0,No
PRV51234,Inpatient,5,29000,5800.0,8.2,8.2,0,No
PRV51235,Inpatient,2,10000,5000.0,2.5,2.5,0,No
PRV51236,Inpatient,1,12000,12000.0,1.0,1.0,0,No
PRV51237,Inpatient,1,19000,19000.0,1.0,1.0,0,No
PRV51238,Inpatient,8,132000,16500.0,13.625,13.625,0,No
PRV51239,Inpatient,1,5000,5000.0,3.0,3.0,0,No
PRV51240,Inpatient,11,81000,7363.636363636364,5.545454545454546,5.545454545454546,0,No
PRV51240,Outpatient,49,13020,265.7142857142857,2.36734693877551,0.0,0,No
PRV51241,Inpatient,10,78000,7800.0,6.8,6.8,0,No
PRV51241,Outpatient,50,12210,244.2,0.82,0.0,0,No
PRV51242,Inpatient,11,88000,8000.0,5.545454545454546,5.545454545454546,1,Yes
PRV51242,Outpatient,100,29200,292.0,1.15,0.0,1,Yes
PRV51243,Outpatient,36,6330,175.83333333333334,0.6666666666666666,0.0,0,No
PRV51244,Inpatient,200,1796100,8980.5,5.885,5.885,1,Yes
PRV51244,Outpatient,1215,357890,294.559670781893,1.2674897119341564,0.0,1,Yes
PRV51245,Inpatient,4,20000,5000.0,2.75,2.75,0,No
PRV51245,Outpatient,169,63630,376.50887573964496,1.4970414201183433,0.0,0,No
PRV51247,Inpatient,10,74000,7400.0,3.8,3.8,0,No
PRV51247,Outpatient,24,2240,93.33333333333333,1.625,0.0,0,No
PRV51248,Inpatient,1,23000,23000.0,6.0,6.0,0,No
PRV51248,Outpatient,1,500,500.0,0.0,0.0,0,No
PRV51249,Inpatient,51,506000,9921.56862745098,7.215686274509804,7.294117647058823,1,Yes
PRV51249,Outpatient,75,15330,204.4,1.0533333333333332,0.0,1,Yes
PRV51250,Outpatient,85,22560,265.4117647058824,1.2352941176470589,0.0,0,No
PRV51251,Outpatient,11,3590,326.3636363636364,3.8181818181818183,0.0,0,No
PRV51252,Inpatient,18,142000,7888.888888888889,4.111111111111111,4.111111111111111,0,No
PRV51252,Outpatient,69,12930,187.3913043478261,1.144927536231884,0.0,0,No
PRV51253,Outpatient,85,21740,255.76470588235293,1.0235294117647058,0.0,0,No
PRV51255,Inpatient,2,11000,5500.0,5.0,5.0,0,No
PRV51255,Outpatient,72,29570,410.69444444444446,2.2083333333333335,0.0,0,No
PRV51256,Outpatient,95,38550,405.7894736842105,1.7473684210526317,0.0,0,No
PRV51258,Inpatient,8,98000,12250.0,4.5,4.5,0,No
PRV51258,Outpatient,6,1660,276.6666666666667,3.6666666666666665,0.0,0,No
PRV51259,Inpatient,4,150000,37500.0,6.25,6.25,0,No
PRV51259,Outpatient,17,1960,115.29411764705883,1.1764705882352942,0.0,0,No
PRV51260,Inpatient,3,78000,26000.0,8.666666666666666,8.666666666666666,0,No
PRV51260,Outpatient,59,14390,243.89830508474577,2.3220338983050848,0.0,0,No
PRV51261,Inpatient,26,245000,9423.076923076924,5.576923076923077,5.576923076923077,0,No
PRV51261,Outpatient,116,25170,216.98275862068965,1.9741379310344827,0.0,0,No
PRV51262,Outpatient,60,16270,271.1666666666667,1.2666666666666666,0.0,0,No
PRV51263,Inpatient,18,210000,11666.666666666666,9.166666666666666,9.166666666666666,1,Yes
PRV51263,Outpatient,26,8170,314.2307692307692,1.6923076923076923,0.0,1,Yes
PRV51264,Outpatient,39,5270,135.12820512820514,0.6153846153846154,0.0,0,No
PRV51265,Outpatient,160,45770,286.0625,1.58125,0.0,0,No
PRV51266,Inpatient,10,78300,7830.0,6.9,6.9,0,No
PRV51266,Outpatient,82,24600,300.0,1.024390243902439,0.0,0,No
PRV51267,Inpatient,2,9000,4500.0,3.0,3.0,0,No
PRV51267,Outpatient,12,3870,322.5,0.0,0.0,0,No
PRV51271,Inpatient,2,17000,8500.0,4.0,4.0,0,No
PRV51271,Outpatient,121,26180,216.36363636363637,0.7603305785123967,0.0,0,No
PRV51272,Inpatient,2,22000,11000.0,3.0,3.0,0,No
PRV51272,Outpatient,77,28760,373.5064935064935,2.0,0.0,0,No
PRV51273,Outpatient,553,131340,237.50452079566003,1.2513562386980108,0.0,0,No
PRV51274,Inpatient,10,165000,16500.0,3.6,3.6,0,No
PRV51274,Outpatient,48,10720,223.33333333333334,1.0416666666666667,0.0,0,No
PRV51276,Inpatient,14,116000,8285.714285714286,4.357142857142857,4.357142857142857,0,No
PRV51276,Outpatient,53,17980,339.24528301886795,1.0188679245283019,0.0,0,No
PRV51277,Inpatient,10,121000,12100.0,5.0,5.0,0,No
PRV51277,Outpatient,49,20190,412.0408163265306,1.2244897959183674,0.0,0,No
PRV51279,Outpatient,224,59840,267.14285714285717,1.3883928571428572,0.0,0,No
PRV51280,Outpatient,39,20250,519.2307692307693,1.3333333333333333,0.0,0,No
PRV51281,Outpatient,259,89470,345.44401544401546,1.393822393822394,0.0,0,No
PRV51282,Inpatient,8,66000,8250.0,3.375,3.625,0,No
PRV51282,Outpatient,51,11330,222.15686274509804,1.5686274509803921,0.0,0,No
PRV51284,Inpatient,17,182000,10705.882352941177,5.764705882352941,5.764705882352941,0,No
PRV51284,Outpatient,360,97860,271.8333333333333,1.5222222222222221,0.0,0,No
PRV51285,Inpatient,15,161000,10733.333333333334,7.333333333333333,7.333333333333333,0,No
PRV51285,Outpatient,153,35120,229.54248366013073,0.803921568627451,0.0,0,No
PRV51286,Inpatient,15,136000,9066.666666666666,5.2,5.2,0,No
PRV51286,Outpatient,55,9170,166.72727272727272,0.8727272727272727,0.0,0,No
PRV51287,Outpatient,78,25700,329.4871794871795,1.6282051282051282,0.0,0,No
PRV51288,Inpatient,3,37000,12333.333333333334,3.3333333333333335,3.3333333333333335,0,No
PRV51288,Outpatient,5,360,72.0,3.2,0.0,0,No
PRV51289,Outpatient,92,46300,503.2608695652174,3.032608695652174,0.0,0,No
PRV51290,Outpatient,113,14990,132.65486725663717,0.9469026548672567,0.0,0,No
PRV51292,Outpatient,22,3970,180.45454545454547,3.5454545454545454,0.0,0,No
PRV51293,Outpatient,88,21200,240.9090909090909,1.4090909090909092,0.0,0,No
PRV51295,Outpatient,7,1950,278.57142857142856,2.857142857142857,0.0,0,No
PRV51296,Inpatient,3,33000,11000.0,11.666666666666666,11.666666666666666,0,No
PRV51296,Outpatient,27,5630,208.5185185185185,1.4814814814814814,0.0,0,No
PRV51297,Inpatient,5,51000,10200.0,2.6,2.6,0,No
PRV51297,Outpatient,65,26090,401.38461538461536,1.0,0.0,0,No
PRV51298,Outpatient,100,31120,311.2,1.16,0.0,0,No
PRV51299,Outpatient,37,6230,168.3783783783784,2.189189189189189,0.0,0,No
PRV51300,Inpatient,7,93000,13285.714285714286,3.5714285714285716,3.5714285714285716,0,No
PRV51300,Outpatient,45,14540,323.1111111111111,2.0,0.0,0,No
PRV51301,Inpatient,6,108000,18000.0,9.666666666666666,9.666666666666666,0,No
PRV51301,Outpatient,106,28910,272.7358490566038,0.7735849056603774,0.0,0,No
PRV51302,Inpatient,10,76000,7600.0,3.9,3.9,0,No
PRV51302,Outpatient,33,4710,142.72727272727272,0.06060606060606061,0.0,0,No
PRV51303,Outpatient,93,36110,388.2795698924731,1.3118279569892473,0.0,0,No
PRV51304,Inpatient,2,28000,14000.0,4.0,4.0,0,No
PRV51304,Outpatient,49,11350,231.6326530612245,0.6122448979591837,0.0,0,No
PRV51305,Inpatient,11,98000,8909.09090909091,6.2727272727272725,6.2727272727272725,0,No
PRV51305,Outpatient,38,15400,405.2631578947368,2.1052631578947367,0.0,0,No
PRV51306,Outpatient,17,3700,217.64705882352942,3.411764705882353,0.0,0,No
PRV51307,Outpatient,37,6940,187.56756756756758,1.6216216216216217,0.0,0,No
PRV51308,Outpatient,35,13790,394.0,1.5714285714285714,0.0,0,No
PRV51309,Outpatient,18,3790,210.55555555555554,0.05555555555555555,0.0,0,No
PRV51311,Inpatient,3,13000,4333.333333333333,4.0,4.0,0,No
PRV51311,Outpatient,18,3010,167.22222222222223,3.2222222222222223,0.0,0,No
PRV51312,Inpatient,4,19000,4750.0,4.25,4.25,0,No
PRV51312,Outpatient,42,9790,233.0952380952381,1.9761904761904763,0.0,0,No
PRV51313,Outpatient,19,4970,261.57894736842104,0.10526315789473684,0.0,0,No
PRV51314,Outpatient,30,6460,215.33333333333334,0.8666666666666667,0.0,0,No
PRV51315,Outpatient,47,7210,153.40425531914894,1.297872340425532,0.0,0,No
PRV51316,Inpatient,3,21000,7000.0,9.333333333333334,9.333333333333334,0,No
PRV51318,Inpatient,3,13000,4333.333333333333,3.6666666666666665,3.6666666666666665,0,No
PRV51322,Outpatient,12,850,70.83333333333333,0.08333333333333333,0.0,0,No
PRV51323,Outpatient,76,20860,274.4736842105263,0.8947368421052632,0.0,0,No
PRV51324,Outpatient,28,9330,333.2142857142857,0.9285714285714286,0.0,0,No
PRV51325,Outpatient,15,15140,1009.3333333333334,4.466666666666667,0.0,0,No
PRV51326,Outpatient,44,14000,318.1818181818182,2.4545454545454546,0.0,0,No
PRV51327,Outpatient,41,8990,219.26829268292684,0.5609756097560976,0.0,0,No
PRV51328,Outpatient,7,550,78.57142857142857,0.14285714285714285,0.0,0,No
PRV51329,Outpatient,74,19360,261.6216216216216,1.5945945945945945,0.0,0,No
PRV51330,Outpatient,19,3810,200.52631578947367,1.4210526315789473,0.0,0,No
PRV51331,Outpatient,5,320,64.0,0.0,0.0,0,No
PRV51334,Inpatient,2,15000,7500.0,4.5,4.5,0,No
PRV51335,Outpatient,142,46080,324.50704225352115,1.9295774647887325,0.0,0,No
PRV51336,Inpatient,10,116000,11600.0,5.9,5.9,0,No
PRV51336,Outpatient,59,13450,227.96610169491527,1.9830508474576272,0.0,0,No
PRV51337,Inpatient,40,350000,8750.0,5.075,5.075,1,Yes
PRV51337,Outpatient,128,29100,227.34375,1.296875,0.0,1,Yes
PRV51338,Inpatient,7,73000,10428.57142857143,5.428571428571429,5.428571428571429,1,Yes
PRV51338,Outpatient,121,40860,337.68595041322317,1.4710743801652892,0.0,1,Yes
PRV51340,Outpatient,151,43210,286.158940397351,1.7417218543046358,0.0,0,No
PRV51341,Outpatient,71,14530,204.64788732394365,2.408450704225352,0.0,0,No
PRV51342,Inpatient,28,319000,11392.857142857143,6.178571428571429,6.178571428571429,0,No
PRV51342,Outpatient,179,37780,211.0614525139665,1.318435754189944,0.0,0,No
PRV51344,Inpatient,2,19000,9500.0,6.0,6.0,0,No
PRV51344,Outpatient,31,7250,233.8709677419355,1.935483870967742,0.0,0,No
PRV51345,Outpatient,49,15120,308.57142857142856,2.4285714285714284,0.0,0,No
PRV51346,Inpatient,5,41000,8200.0,4.2,4.2,0,No
PRV51346,Outpatient,261,63490,243.25670498084293,1.2528735632183907,0.0,0,No
PRV51347,Outpatient,2067,596900,288.7760038703435,1.2520561199806484,0.0,1,Yes
PRV51348,Inpatient,19,146000,7684.210526315789,4.526315789473684,4.526315789473684,0,No
PRV51348,Outpatient,36,6330,175.83333333333334,4.055555555555555,0.0,0,No
PRV51349,Inpatient,5,37000,7400.0,12.2,12.2,0,No
PRV51349,Outpatient,25,3480,139.2,1.28,0.0,0,No
PRV51350,Inpatient,21,142000,6761.9047619047615,4.476190476190476,4.476190476190476,0,No
PRV51350,Outpatient,218,71380,327.43119266055044,1.2064220183486238,0.0,0,No
PRV51351,Outpatient,32,10840,338.75,3.03125,0.0,0,No
PRV51352,Outpatient,4,5900,1475.0,6.25,0.0,0,No
PRV51353,Inpatient,5,50000,10000.0,5.4,5.4,0,No
PRV51353,Outpatient,13,1210,93.07692307692308,2.5384615384615383,0.0,0,No
PRV51354,Inpatient,1,10000,10000.0,17.0,17.0,0,No
PRV51354,Outpatient,3,440,146.66666666666666,6.666666666666667,0.0,0,No
PRV51355,Inpatient,15,134100,8940.0,4.266666666666667,4.266666666666667,0,No
PRV51355,Outpatient,59,10960,185.76271186440678,1.6440677966101696,0.0,0,No
PRV51356,Inpatient,17,167000,9823.529411764706,4.176470588235294,4.176470588235294,0,No
PRV51356,Outpatient,78,20800,266.6666666666667,0.6923076923076923,0.0,0,No
PRV51357,Inpatient,13,170000,13076.923076923076,7.6923076923076925,7.6923076923076925,1,Yes
PRV51357,Outpatient,148,35130,237.36486486486487,1.2432432432432432,0.0,1,Yes
PRV51358,Inpatient,7,60000,8571.42857142857,2.857142857142857,2.857142857142857,0,No
PRV51358,Outpatient,10,1210,121.0,0.0,0.0,0,No
PRV51360,Inpatient,9,86000,9555.555555555555,4.333333333333333,4.333333333333333,0,No
PRV51360,Outpatient,20,8230,411.5,2.25,0.0,0,No
PRV51361,Outpatient,32,7870,245.9375,0.6875,0.0,0,No
PRV51362,Inpatient,6,141000,23500.0,4.833333333333333,4.833333333333333,0,No
PRV51362,Outpatient,38,10320,271.57894736842104,1.6842105263157894,0.0,0,No
PRV51363,Outpatient,3,150,50.0,0.3333333333333333,0.0,0,No
PRV51364,Inpatient,6,52000,8666.666666666666,3.1666666666666665,3.1666666666666665,0,No
PRV51364,Outpatient,17,3830,225.2941176470588,1.0588235294117647,0.0,0,No
PRV51366,Outpatient,57,18340,321.7543859649123,0.8596491228070176,0.0,0,No
PRV51368,Outpatient,4,570,142.5,3.25,0.0,0,No
PRV51369,Outpatient,2083,601910,288.96303408545367,1.5885741718674988,0.0,1,Yes
PRV51371,Inpatient,11,83400,7581.818181818182,4.818181818181818,4.818181818181818,0,No
PRV51371,Outpatient,35,9730,278.0,1.1428571428571428,0.0,0,No
PRV51376,Outpatient,51,19420,380.7843137254902,1.8823529411764706,0.0,0,No
PRV51377,Inpatient,3,102000,34000.0,6.666666666666667,6.666666666666667,0,No
PRV51377,Outpatient,92,21950,238.58695652173913,1.4130434782608696,0.0,0,No
PRV51378,Inpatient,108,1202000,11129.62962962963,6.0092592592592595,6.0092592592592595,1,Yes
PRV51378,Outpatient,53,13370,252.26415094339623,1.3773584905660377,0.0,1,Yes
PRV51379,Inpatient,2,13000,6500.0,2.5,2.5,0,No
PRV51379,Outpatient,20,6340,317.0,0.0,0.0,0,No
PRV51380,Inpatient,4,51000,12750.0,4.25,4.25,0,No
PRV51380,Outpatient,4,560,140.0,0.25,0.0,0,No
PRV51382,Outpatient,16,6840,427.5,2.6875,0.0,0,No
PRV51383,Inpatient,9,89000,9888.888888888889,3.0,3.0,0,No
PRV51383,Outpatient,68,19490,286.61764705882354,1.5441176470588236,0.0,0,No
PRV51386,Outpatient,382,99320,260.0,1.450261780104712,0.0,0,No
PRV51387,Inpatient,13,96000,7384.615384615385,3.3076923076923075,3.3076923076923075,0,No
PRV51387,Outpatient,46,18420,400.4347826086956,0.717391304347826,0.0,0,No
PRV51388,Inpatient,14,159000,11357.142857142857,6.142857142857143,6.142857142857143,0,No
PRV51388,Outpatient,72,32010,444.5833333333333,1.6944444444444444,0.0,0,No
PRV51389,Inpatient,18,136000,7555.555555555556,5.055555555555555,5.055555555555555,0,No
PRV51389,Outpatient,61,17470,286.39344262295083,1.4918032786885247,0.0,0,No
PRV51390,Inpatient,164,1577600,9619.512195121952,5.9939024390243905,5.9939024390243905,1,Yes
PRV51390,Outpatient,111,29660,267.2072072072072,1.8738738738738738,0.0,1,Yes
PRV51391,Inpatient,13,79500,6115.384615384615,5.769230769230769,5.769230769230769,0,No
PRV51391,Outpatient,164,64900,395.7317073170732,1.1097560975609757,0.0,0,No
PRV51392,Outpatient,17,1660,97.6470588235294,1.7058823529411764,0.0,0,No
PRV51393,Inpatient,68,715000,10514.70588235294,6.044117647058823,6.044117647058823,1,Yes
PRV51393,Outpatient,842,191370,227.28028503562945,1.2292161520190024,0.0,1,Yes
PRV51394,Outpatient,4,460,115.0,0.0,0.0,0,No
PRV51395,Outpatient,20,10400,520.0,2.5,0.0,0,No
PRV51396,Inpatient,3,11000,3666.6666666666665,4.0,4.0,0,No
PRV51396,Outpatient,41,6520,159.02439024390245,1.5853658536585367,0.0,0,No
PRV51397,Outpatient,40,17870,446.75,0.75,0.0,0,No
PRV51398,Inpatient,1,4000,4000.0,4.0,4.0,0,No
PRV51398,Outpatient,85,27040,318.11764705882354,1.3647058823529412,0.0,0,No
PRV51399,Inpatient,65,711400,10944.615384615385,5.861538461538461,5.861538461538461,1,Yes
PRV51399,Outpatient,146,133670,915.5479452054794,1.0273972602739727,0.0,1,Yes
PRV51401,Inpatient,8,78000,9750.0,7.25,7.25,1,Yes
PRV51401,Outpatient,34,13520,397.6470588235294,2.4411764705882355,0.0,1,Yes
PRV51403,Inpatient,10,254000,25400.0,6.9,6.9,0,No
PRV51403,Outpatient,104,23010,221.25,1.2788461538461537,0.0,0,No
PRV51404,Inpatient,1,12000,12000.0,6.0,6.0,0,No
PRV51404,Outpatient,58,17350,299.13793103448273,1.2413793103448276,0.0,0,No
PRV51405,Inpatient,2,9000,4500.0,3.5,3.5,0,No
PRV51405,Outpatient,47,14710,312.97872340425533,0.6808510638297872,0.0,0,No
PRV51406,Inpatient,8,95000,11875.0,4.375,4.375,0,No
PRV51406,Outpatient,21,9260,440.95238095238096,2.4761904761904763,0.0,0,No
PRV51408,Outpatient,15,1390,92.66666666666667,0.3333333333333333,0.0,0,No
PRV51409,Outpatient,4,300,75.0,0.0,0.0,0,No
PRV51410,Outpatient,628,177550,282.7229299363057,1.4426751592356688,0.0,1,Yes
PRV51412,Outpatient,5,440,88.0,0.0,0.0,0,No
PRV51414,Inpatient,3,28000,9333.333333333334,6.0,6.0,0,No
PRV51414,Outpatient,25,2230,89.2,1.12,0.0,0,No
PRV51415,Inpatient,7,48000,6857.142857142857,4.285714285714286,4.285714285714286,0,No
PRV51415,Outpatient,44,15690,356.59090909090907,2.3863636363636362,0.0,0,No
PRV51416,Outpatient,81,25640,316.5432098765432,2.6419753086419755,0.0,0,No
PRV51418,Inpatient,17,176000,10352.941176470587,7.235294117647059,7.235294117647059,0,No
PRV51418,Outpatient,44,13340,303.1818181818182,1.9318181818181819,0.0,0,No
PRV51419,Inpatient,2,17000,8500.0,2.5,2.5,0,No
PRV51419,Outpatient,63,14250,226.1904761904762,1.6825396825396826,0.0,0,No
PRV51421,Inpatient,84,864000,10285.714285714286,6.071428571428571,6.071428571428571,1,Yes
PRV51421,Outpatient,55,20780,377.8181818181818,2.5454545454545454,0.0,1,Yes
PRV51422,Inpatient,4,39000,9750.0,2.5,2.5,0,No
PRV51422,Outpatient,21,9930,472.85714285714283,6.428571428571429,0.0,0,No
PRV51423,Outpatient,1,50,50.0,0.0,0.0,0,No
PRV51424,Inpatient,1,6000,6000.0,3.0,3.0,0,No
PRV51424,Outpatient,85,23670,278.47058823529414,1.2470588235294118,0.0,0,No
PRV51425,Inpatient,3,11000,3666.6666666666665,3.3333333333333335,3.3333333333333335,0,No
PRV51425,Outpatient,30,14990,499.6666666666667,0.9333333333333333,0.0,0,No
PRV51426,Inpatient,6,106000,17666.666666666668,6.833333333333333,6.833333333333333,1,Yes
PRV51426,Outpatient,200,39100,195.5,0.965,0.0,1,Yes
PRV51427,Inpatient,5,38000,7600.0,4.6,4.6,0,No
PRV51427,Outpatient,53,20770,391.8867924528302,1.6603773584905661,0.0,0,No
PRV51428,Inpatient,4,31000,7750.0,3.0,3.0,0,No
PRV51428,Outpatient,62,17040,274.83870967741933,1.096774193548387,0.0,0,No
PRV51429,Outpatient,10,1100,110.0,0.0,0.0,0,No
PRV51430,Inpatient,17,186000,10941.176470588236,4.352941176470588,4.352941176470588,0,No
PRV51430,Outpatient,95,27700,291.57894736842104,1.168421052631579,0.0,0,No
PRV51431,Inpatient,25,220000,8800.0,6.2,6.2,0,No
PRV51431,Outpatient,24,16720,696.6666666666666,4.666666666666667,0.0,0,No
PRV51432,Inpatient,7,56000,8000.0,2.4285714285714284,2.4285714285714284,0,No
PRV51432,Outpatient,16,3270,204.375,0.125,0.0,0,No
PRV51433,Outpatient,1610,454630,282.37888198757764,1.5627329192546584,0.0,1,Yes
PRV51434,Inpatient,24,259000,10791.666666666666,6.041666666666667,6.041666666666667,1,Yes
PRV51434,Outpatient,78,21490,275.5128205128205,0.6794871794871795,0.0,1,Yes
PRV51435,Inpatient,6,28200,4700.0,2.1666666666666665,2.1666666666666665,0,No
PRV51435,Outpatient,17,5420,318.8235294117647,1.1764705882352942,0.0,0,No
PRV51436,Inpatient,25,171000,6840.0,4.92,4.92,0,No
PRV51436,Outpatient,95,22410,235.89473684210526,1.2736842105263158,0.0,0,No
PRV51437,Outpatient,2,880,440.0,0.0,0.0,0,No
PRV51438,Inpatient,2,15000,7500.0,4.5,4.5,0,No
PRV51438,Outpatient,7,4510,644.2857142857143,5.142857142857143,0.0,0,No
PRV51439,Outpatient,42,15040,358.0952380952381,0.38095238095238093,0.0,0,No
PRV51440,Inpatient,7,80000,11428.57142857143,6.714285714285714,6.714285714285714,0,No
PRV51440,Outpatient,64,26380,412.1875,2.015625,0.0,0,No
PRV51441,Outpatient,85,29130,342.70588235294116,1.8235294117647058,0.0,0,No
PRV51442,Inpatient,2,25000,12500.0,4.0,4.0,0,No
PRV51442,Outpatient,4,970,242.5,0.0,0.0,0,No
PRV51443,Inpatient,2,12000,6000.0,4.5,4.5,0,No
PRV51443,Outpatient,71,21900,308.4507042253521,1.5774647887323943,0.0,0,No
PRV51444,Inpatient,4,64000,16000.0,4.75,4.75,0,No
PRV51444,Outpatient,38,9920,261.05263157894734,2.473684210526316,0.0,0,No
PRV51446,Inpatient,12,94000,7833.333333333333,5.166666666666667,5.166666666666667,0,No
PRV51446,Outpatient,12,3390,282.5,0.16666666666666666,0.0,0,No
PRV51447,Inpatient,16,246000,15375.0,6.8125,6.8125,1,Yes
PRV51447,Outpatient,73,23390,320.4109589041096,1.1917808219178083,0.0,1,Yes
PRV51448,Inpatient,11,102000,9272.727272727272,4.363636363636363,4.363636363636363,0,No
PRV51448,Outpatient,40,13550,338.75,1.225,0.0,0,No
PRV51449,Inpatient,9,69000,7666.666666666667,5.333333333333333,5.333333333333333,0,No
PRV51449,Outpatient,8,780,97.5,0.375,0.0,0,No
PRV51451,Outpatient,6,1170,195.0,6.666666666666667,0.0,0,No
PRV51453,Outpatient,12,7080,590.0,0.6666666666666666,0.0,0,No
PRV51454,Outpatient,34,10630,312.6470588235294,2.735294117647059,0.0,0,No
PRV51455,Inpatient,9,106800,11866.666666666666,7.333333333333333,7.333333333333333,0,No
PRV51455,Outpatient,25,6850,274.0,0.84,0.0,0,No
PRV51456,Inpatient,112,1036690,9256.160714285714,5.866071428571429,5.866071428571429,0,No
PRV51456,Outpatient,23,2300,100.0,0.43478260869565216,0.0,0,No
PRV51458,Outpatient,56,12440,222.14285714285714,0.16071428571428573,0.0,0,No
PRV51459,Outpatient,8240,2321890,281.78276699029124,1.4007281553398059,0.0,1,Yes
PRV51460,Inpatient,17,212000,12470.588235294117,6.588235294117647,6.588235294117647,0,No
PRV51460,Outpatient,435,122480,281.5632183908046,1.1494252873563218,0.0,0,No
PRV51462,Outpatient,30,9430,314.3333333333333,1.2333333333333334,0.0,0,No
PRV51464,Outpatient,145,38530,265.7241379310345,0.8482758620689655,0.0,0,No
PRV51465,Inpatient,1,3000,3000.0,3.0,3.0,0,No
PRV51465,Outpatient,6,900,150.0,3.0,0.0,0,No
PRV51466,Inpatient,5,42000,8400.0,5.8,5.8,0,No
PRV51466,Outpatient,69,15860,229.85507246376812,3.217391304347826,0.0,0,No
PRV51467,Inpatient,7,70800,10114.285714285714,7.142857142857143,7.142857142857143,0,No
PRV51467,Outpatient,18,3460,192.22222222222223,0.05555555555555555,0.0,0,No
PRV51468,Inpatient,15,103000,6866.666666666667,4.2,4.2,0,No
PRV51468,Outpatient,144,35670,247.70833333333334,1.1527777777777777,0.0,0,No
PRV51469,Outpatient,28,9350,333.92857142857144,1.0,0.0,0,No
PRV51470,Inpatient,3,24000,8000.0,3.3333333333333335,3.3333333333333335,0,No
PRV51470,Outpatient,24,11590,482.9166666666667,2.0,0.0,0,No
PRV51471,Inpatient,161,1594300,9902.48447204969,5.285714285714286,5.285714285714286,1,Yes
PRV51471,Outpatient,19,7910,416.3157894736842,1.4736842105263157,0.0,1,Yes
PRV51472,Outpatient,16,2170,135.625,2.1875,0.0,0,No
PRV51474,Inpatient,41,400400,9765.853658536585,4.658536585365853,4.658536585365853,0,No
PRV51474,Outpatient,30,10860,362.0,1.4333333333333333,0.0,0,No
PRV51475,Inpatient,11,63200,5745.454545454545,3.909090909090909,3.909090909090909,0,No
PRV51475,Outpatient,32,9930,310.3125,1.625,0.0,0,No
PRV51476,Inpatient,3,11000,3666.6666666666665,5.666666666666667,5.666666666666667,0,No
PRV51476,Outpatient,15,9180,612.0,1.4,0.0,0,No
PRV51477,Outpatient,22,9940,451.8181818181818,1.5909090909090908,0.0,0,No
PRV51478,Outpatient,17,3930,231.1764705882353,4.411764705882353,0.0,0,No
PRV51479,Inpatient,13,81000,6230.7692307692305,3.8461538461538463,3.8461538461538463,0,No
PRV51479,Outpatient,215,53630,249.4418604651163,1.786046511627907,0.0,0,No
PRV51480,Outpatient,1924,557880,289.95841995841994,1.5602910602910602,0.0,1,Yes
PRV51482,Inpatient,11,188000,17090.909090909092,6.2727272727272725,6.2727272727272725,1,Yes
PRV51482,Outpatient,80,30470,380.875,0.8125,0.0,1,Yes
PRV51483,Inpatient,6,42000,7000.0,3.0,3.0,0,No
PRV51483,Outpatient,71,18400,259.15492957746477,0.971830985915493,0.0,0,No
PRV51484,Inpatient,2,10000,5000.0,3.5,3.5,0,No
PRV51484,Outpatient,84,13570,161.54761904761904,0.7261904761904762,0.0,0,No
PRV51486,Outpatient,214,53660,250.74766355140187,0.9252336448598131,0.0,0,No
PRV51487,Outpatient,13,9240,710.7692307692307,0.0,0.0,0,No
PRV51488,Inpatient,3,15000,5000.0,3.6666666666666665,3.6666666666666665,0,No
PRV51488,Outpatient,269,93930,349.182156133829,1.6022304832713754,0.0,0,No
PRV51490,Inpatient,48,433000,9020.833333333334,4.791666666666667,4.895833333333333,1,Yes
PRV51490,Outpatient,16,9070,566.875,1.8125,0.0,1,Yes
PRV51491,Inpatient,8,47000,5875.0,2.875,2.875,0,No
PRV51491,Outpatient,63,20480,325.07936507936506,2.0634920634920637,0.0,0,No
PRV51492,Inpatient,14,133000,9500.0,4.785714285714286,4.785714285714286,0,No
PRV51492,Outpatient,67,17550,261.94029850746267,1.5223880597014925,0.0,0,No
PRV51494,Outpatient,38,17450,459.2105263157895,1.3421052631578947,0.0,0,No
PRV51495,Inpatient,90,835000,9277.777777777777,6.211111111111111,6.211111111111111,1,Yes
PRV51495,Outpatient,51,10690,209.6078431372549,2.7254901960784315,0.0,1,Yes
PRV51496,Outpatient,123,29250,237.8048780487805,1.1382113821138211,0.0,0,No
PRV51497,Inpatient,4,102000,25500.0,5.5,6.25,0,No
PRV51497,Outpatient,11,2190,199.0909090909091,1.7272727272727273,0.0,0,No
PRV51499,Inpatient,2,15000,7500.0,2.5,2.5,0,No
PRV51499,Outpatient,472,122840,260.2542372881356,1.478813559322034,0.0,0,No
PRV51500,Outpatient,8,1100,137.5,0.0,0.0,0,No
PRV51501,Inpatient,223,2070480,9284.663677130045,5.614349775784754,5.677130044843049,1,Yes
PRV51501,Outpatient,10,830,83.0,2.0,0.0,1,Yes
PRV51502,Outpatient,31,8390,270.64516129032256,3.838709677419355,0.0,0,No
PRV51503,Outpatient,57,24070,422.280701754386,1.1754385964912282,0.0,0,No
PRV51504,Outpatient,128,35290,275.703125,1.546875,0.0,0,No
PRV51505,Outpatient,15,2430,162.0,0.26666666666666666,0.0,0,No
PRV51507,Inpatient,6,43000,7166.666666666667,8.166666666666666,8.166666666666666,1,Yes
PRV51507,Outpatient,1007,294340,292.29394240317777,1.3435948361469712,0.0,1,Yes
PRV51508,Inpatient,12,179100,14925.0,3.5833333333333335,3.5833333333333335,0,No
PRV51508,Outpatient,190,59950,315.5263157894737,1.5894736842105264,0.0,0,No
PRV51509,Outpatient,1030,322130,312.747572815534,1.4893203883495145,0.0,0,No
PRV51510,Outpatient,57,20020,351.2280701754386,2.5789473684210527,0.0,0,No
PRV51511,Outpatient,16,8760,547.5,1.5,0.0,0,No
PRV51514,Inpatient,21,220200,10485.714285714286,6.571428571428571,6.571428571428571,0,No
PRV51514,Outpatient,72,19020,264.1666666666667,1.8194444444444444,0.0,0,No
PRV51515,Inpatient,5,40000,8000.0,11.0,11.0,0,No
PRV51515,Outpatient,43,12800,297.6744186046512,1.5116279069767442,0.0,0,No
PRV51516,Inpatient,3,25000,8333.333333333334,3.0,3.0,0,No
PRV51516,Outpatient,37,8260,223.24324324324326,1.0810810810810811,0.0,0,No
PRV51517,Outpatient,11,5990,544.5454545454545,1.9090909090909092,0.0,0,No
PRV51518,Inpatient,5,33000,6600.0,5.2,5.2,0,No
PRV51518,Outpatient,48,10920,227.5,0.3125,0.0,0,No
PRV51521,Outpatient,46,8070,175.43478260869566,0.4782608695652174,0.0,0,No
PRV51522,Inpatient,12,139000,11583.333333333334,5.416666666666667,5.416666666666667,0,No
PRV51522,Outpatient,178,67780,380.7865168539326,1.949438202247191,0.0,0,No
PRV51523,Inpatient,60,733000,12216.666666666666,5.566666666666666,5.566666666666666,0,No
PRV51523,Outpatient,5,810,162.0,0.0,0.0,0,No
PRV51525,Inpatient,5,56000,11200.0,8.4,8.4,0,No
PRV51525,Outpatient,56,19770,353.0357142857143,1.7678571428571428,0.0,0,No
PRV51526,Inpatient,7,35400,5057.142857142857,4.142857142857143,4.142857142857143,0,No
PRV51526,Outpatient,13,7750,596.1538461538462,3.1538461538461537,0.0,0,No
PRV51527,Outpatient,41,12410,302.6829268292683,1.170731707317073,0.0,0,No
PRV51528,Outpatient,17,6670,392.3529411764706,1.1764705882352942,0.0,0,No
PRV51529,Outpatient,23,5800,252.17391304347825,0.8695652173913043,0.0,0,No
PRV51531,Outpatient,34,9870,290.29411764705884,1.9705882352941178,0.0,0,No
PRV51532,Inpatient,6,60000,10000.0,9.166666666666666,9.166666666666666,0,No
PRV51532,Outpatient,26,10930,420.38461538461536,2.0,0.0,0,No
PRV51533,Inpatient,13,92000,7076.923076923077,10.846153846153847,10.846153846153847,0,No
PRV51533,Outpatient,23,4350,189.1304347826087,1.7826086956521738,0.0,0,No
PRV51534,Outpatient,1,50,50.0,0.0,0.0,0,No
PRV51535,Inpatient,2,28000,14000.0,5.5,5.5,0,No
PRV51535,Outpatient,386,93350,241.83937823834196,1.4740932642487046,0.0,0,No
PRV51536,Inpatient,4,37000,9250.0,3.75,3.75,0,No
PRV51536,Outpatient,12,4550,379.1666666666667,1.6666666666666667,0.0,0,No
PRV51539,Inpatient,69,733020,10623.478260869566,5.840579710144928,5.840579710144928,1,Yes
PRV51539,Outpatient,469,121220,258.4648187633262,1.0362473347547974,0.0,1,Yes
PRV51540,Inpatient,7,57000,8142.857142857143,5.285714285714286,5.285714285714286,0,No
PRV51540,Outpatient,48,9940,207.08333333333334,0.3541666666666667,0.0,0,No
PRV51541,Outpatient,51,12140,238.0392156862745,0.6078431372549019,0.0,0,No
PRV51542,Inpatient,93,950500,10220.430107526881,5.806451612903226,5.806451612903226,1,Yes
PRV51542,Outpatient,20,14160,708.0,1.05,0.0,1,Yes
PRV51544,Inpatient,45,429000,9533.333333333334,4.911111111111111,4.911111111111111,0,No
PRV51544,Outpatient,188,51150,272.0744680851064,1.702127659574468,0.0,0,No
PRV51546,Inpatient,9,104000,11555.555555555555,6.777777777777778,6.777777777777778,0,No
PRV51546,Outpatient,27,6930,256.6666666666667,1.0740740740740742,0.0,0,No
PRV51547,Outpatient,13,2640,203.07692307692307,1.8461538461538463,0.0,0,No
PRV51549,Inpatient,8,75000,9375.0,8.625,8.625,0,No
PRV51549,Outpatient,13,7110,546.9230769230769,1.6153846153846154,0.0,0,No
PRV51550,Inpatient,16,106000,6625.0,8.0,8.0,0,No
PRV51550,Outpatient,45,18040,400.8888888888889,1.3333333333333333,0.0,0,No
PRV51551,Inpatient,5,106000,21200.0,7.6,7.6,0,No
PRV51551,Outpatient,23,6800,295.6521739130435,0.782608695652174,0.0,0,No
PRV51552,Inpatient,10,83000,8300.0,3.1,3.1,0,No
PRV51552,Outpatient,52,11040,212.30769230769232,0.6730769230769231,0.0,0,No
PRV51553,Inpatient,6,36000,6000.0,5.333333333333333,5.333333333333333,0,No
PRV51553,Outpatient,15,4990,332.6666666666667,1.4,0.0,0,No
PRV51554,Inpatient,1,9000,9000.0,4.0,4.0,0,No
PRV51554,Outpatient,5,640,128.0,0.2,0.0,0,No
PRV51555,Outpatient,15,2910,194.0,0.6,0.0,0,No
PRV51556,Inpatient,10,118000,11800.0,7.8,7.8,0,No
PRV51556,Outpatient,46,20250,440.2173913043478,2.1956521739130435,0.0,0,No
PRV51557,Inpatient,1,11000,11000.0,3.0,3.0,0,No
PRV51557,Outpatient,9,5740,637.7777777777778,0.7777777777777778,0.0,0,No
PRV51558,Inpatient,5,22000,4400.0,4.2,4.2,0,No
PRV51558,Outpatient,21,3870,184.28571428571428,0.42857142857142855,0.0,0,No
PRV51560,Inpatient,200,1944600,9723.0,5.965,5.965,1,Yes
PRV51560,Outpatient,38,11590,305.0,1.605263157894737,0.0,1,Yes
PRV51562,Outpatient,24,5820,242.5,1.8333333333333333,0.0,0,No
PRV51563,Outpatient,19,4280,225.26315789473685,0.3684210526315789,0.0,0,No
PRV51564,Outpatient,24,9100,379.1666666666667,1.6666666666666667,0.0,0,No
PRV51566,Inpatient,15,87000,5800.0,4.6,4.6,0,No
PRV51566,Outpatient,11,3030,275.45454545454544,2.4545454545454546,0.0,0,No
PRV51567,Outpatient,1632,465400,285.171568627451,1.2628676470588236,0.0,1,Yes
PRV51568,Inpatient,9,88000,9777.777777777777,5.444444444444445,5.444444444444445,0,No
PRV51568,Outpatient,49,17010,347.14285714285717,2.4081632653061225,0.0,0,No
PRV51569,Outpatient,5,1500,300.0,0.2,0.0,0,No
PRV51570,Outpatient,1,0,0.0,0.0,0.0,0,No
PRV51571,Outpatient,22,4640,210.9090909090909,0.0,0.0,0,No
PRV51572,Inpatient,1,5000,5000.0,7.0,7.0,0,No
PRV51572,Outpatient,3,710,236.66666666666666,0.0,0.0,0,No
PRV51573,Inpatient,5,41000,8200.0,5.0,5.0,0,No
PRV51573,Outpatient,87,25730,295.7471264367816,1.5862068965517242,0.0,0,No
PRV51574,Outpatient,4444,1281810,288.4360936093609,1.4228172817281728,0.0,1,Yes
PRV51576,Inpatient,5,63000,12600.0,4.8,4.8,0,No
PRV51576,Outpatient,60,34780,579.6666666666666,2.2333333333333334,0.0,0,No
PRV51577,Outpatient,1,2100,2100.0,20.0,0.0,0,No
PRV51578,Inpatient,122,1269000,10401.639344262296,6.131147540983607,6.131147540983607,1,Yes
PRV51578,Outpatient,1378,393920,285.86357039187226,1.4172714078374455,0.0,1,Yes
PRV51579,Inpatient,18,236000,13111.111111111111,4.666666666666667,4.666666666666667,0,No
PRV51579,Outpatient,54,11680,216.2962962962963,2.074074074074074,0.0,0,No
PRV51580,Outpatient,3,1710,570.0,0.0,0.0,0,No
PRV51582,Inpatient,1,12000,12000.0,6.0,6.0,0,No
PRV51582,Outpatient,3,2370,790.0,6.666666666666667,0.0,0,No
PRV51583,Inpatient,2,15000,7500.0,3.5,3.5,0,No
PRV51583,Outpatient,45,17430,387.3333333333333,1.511111111111111,0.0,0,No
PRV51584,Inpatient,13,159000,12230.76923076923,6.0,6.0,1,Yes
PRV51584,Outpatient,69,12930,187.3913043478261,1.6376811594202898,0.0,1,Yes
PRV51585,Inpatient,4,77000,19250.0,4.0,4.0,0,No
PRV51585,Outpatient,2,80,40.0,0.0,0.0,0,No
PRV51586,Inpatient,6,72000,12000.0,7.833333333333333,7.833333333333333,1,Yes
PRV51586,Outpatient,2,510,255.0,0.0,0.0,1,Yes
PRV51587,Outpatient,5,1500,300.0,0.0,0.0,0,No
PRV51588,Inpatient,3,58000,19333.333333333332,5.0,5.0,0,No
PRV51588,Outpatient,7,430,61.42857142857143,0.14285714285714285,0.0,0,No
PRV51590,Inpatient,81,781000,9641.975308641975,5.432098765432099,5.432098765432099,1,Yes
PRV51590,Outpatient,3,380,126.66666666666667,0.0,0.0,1,Yes
PRV51592,Outpatient,3,30,10.0,0.0,0.0,0,No
PRV51593,Inpatient,12,139000,11583.333333333334,8.833333333333334,8.833333333333334,1,Yes
PRV51593,Outpatient,42,11000,261.9047619047619,1.0,0.0,1,Yes
PRV51595,Inpatient,1,5000,5000.0,3.0,3.0,0,No
PRV51595,Outpatient,23,9660,420.0,1.0434782608695652,0.0,0,No
PRV51596,Inpatient,3,32000,10666.666666666666,9.333333333333334,9.333333333333334,0,No
PRV51596,Outpatient,47,9830,209.14893617021278,0.6595744680851063,0.0,0,No
PRV51598,Inpatient,61,678000,11114.754098360656,6.147540983606557,6.147540983606557,0,No
PRV51598,Outpatient,361,101530,281.2465373961219,1.1523545706371192,0.0,0,No
PRV51599,Inpatient,3,16000,5333.333333333333,8.0,8.0,0,No
PRV51599,Outpatient,2,210,105.0,0.0,0.0,0,No
PRV51600,Inpatient,3,9000,3000.0,3.3333333333333335,3.3333333333333335,0,No
PRV51600,Outpatient,106,27050,255.18867924528303,1.4150943396226414,0.0,0,No
PRV51601,Outpatient,14,3690,263.57142857142856,1.4285714285714286,0.0,0,No
PRV51602,Inpatient,12,72000,6000.0,5.0,5.0,0,No
PRV51602,Outpatient,27,5480,202.96296296296296,0.7407407407407407,0.0,0,No
PRV51604,Inpatient,50,617000,12340.0,7.04,7.04,1,Yes
PRV51604,Outpatient,279,80510,288.5663082437276,1.6057347670250897,0.0,1,Yes
PRV51605,Inpatient,5,27000,5400.0,4.2,4.2,0,No
PRV51605,Outpatient,67,19990,298.35820895522386,1.6119402985074627,0.0,0,No
PRV51606,Inpatient,10,57000,5700.0,5.0,5.0,0,No
PRV51606,Outpatient,36,9100,252.77777777777777,1.3333333333333333,0.0,0,No
PRV51607,Inpatient,1,14000,14000.0,9.0,9.0,0,No
PRV51607,Outpatient,14,1410,100.71428571428571,0.07142857142857142,0.0,0,No
PRV51608,Inpatient,9,71000,7888.888888888889,5.333333333333333,5.333333333333333,0,No
PRV51608,Outpatient,28,7140,255.0,0.7142857142857143,0.0,0,No
PRV51609,Inpatient,12,102000,8500.0,10.75,10.75,0,No
PRV51609,Outpatient,63,8790,139.52380952380952,1.1428571428571428,0.0,0,No
PRV51610,Inpatient,3,43000,14333.333333333334,9.333333333333334,9.333333333333334,0,No
PRV51610,Outpatient,3,150,50.0,0.0,0.0,0,No
PRV51611,Outpatient,8,2780,347.5,2.5,0.0,0,No
PRV51612,Inpatient,6,66000,11000.0,12.0,12.0,0,No
PRV51612,Outpatient,7,770,110.0,0.0,0.0,0,No
PRV51613,Inpatient,4,18000,4500.0,5.25,5.25,0,No
PRV51613,Outpatient,17,2450,144.11764705882354,1.1176470588235294,0.0,0,No
PRV51614,Inpatient,148,1446000,9770.27027027027,4.756756756756757,4.756756756756757,1,Yes
PRV51614,Outpatient,120,26150,217.91666666666666,1.7,0.0,1,Yes
PRV51616,Outpatient,26,6120,235.3846153846154,1.5,0.0,0,No
PRV51617,Inpatient,11,109000,9909.09090909091,9.181818181818182,9.181818181818182,0,No
PRV51617,Outpatient,11,2270,206.36363636363637,0.8181818181818182,0.0,0,No
PRV51618,Inpatient,1,2000,2000.0,2.0,2.0,0,No
PRV51619,Inpatient,8,75000,9375.0,9.875,9.875,0,No
PRV51619,Outpatient,11,3150,286.3636363636364,1.8181818181818181,0.0,0,No
PRV51620,Inpatient,3,20000,6666.666666666667,4.666666666666667,4.666666666666667,0,No
PRV51620,Outpatient,5,1190,238.0,0.0,0.0,0,No
PRV51621,Outpatient,9,530,58.888888888888886,0.0,0.0,0,No
PRV51622,Inpatient,9,53000,5888.888888888889,4.444444444444445,4.444444444444445,0,No
PRV51622,Outpatient,94,48690,517.9787234042553,1.053191489361702,0.0,0,No
PRV51623,Inpatient,7,53000,7571.428571428572,4.571428571428571,4.571428571428571,0,No
PRV51623,Outpatient,14,3350,239.28571428571428,0.14285714285714285,0.0,0,No
PRV51624,Outpatient,5,320,64.0,0.2,0.0,0,No
PRV51625,Inpatient,4,19000,4750.0,2.5,2.5,0,No
PRV51625,Outpatient,3,420,140.0,0.0,0.0,0,No
PRV51626,Inpatient,1,35000,35000.0,3.0,3.0,0,No
PRV51626,Outpatient,8,1920,240.0,3.75,0.0,0,No
PRV51627,Inpatient,3,39000,13000.0,7.0,7.0,0,No
PRV51627,Outpatient,23,5860,254.7826086956522,2.391304347826087,0.0,0,No
PRV51628,Inpatient,2,13000,6500.0,3.5,3.5,0,No
PRV51628,Outpatient,4,320,80.0,0.0,0.0,0,No
PRV51629,Inpatient,22,213000,9681.818181818182,6.318181818181818,6.318181818181818,0,No
PRV51630,Inpatient,1,0,0.0,5.0,5.0,0,No
PRV51630,Outpatient,4,1860,465.0,5.0,0.0,0,No
PRV51631,Outpatient,6,1500,250.0,1.1666666666666667,0.0,0,No
PRV51632,Inpatient,4,19000,4750.0,4.0,4.0,0,No
PRV51632,Outpatient,22,7850,356.8181818181818,4.409090909090909,0.0,0,No
PRV51634,Inpatient,5,21000,4200.0,4.2,4.2,0,No
PRV51634,Outpatient,114,50090,439.3859649122807,0.8508771929824561,0.0,0,No
PRV51635,Inpatient,1,24000,24000.0,6.0,6.0,0,No
PRV51635,Outpatient,28,4120,147.14285714285714,1.2142857142857142,0.0,0,No
PRV51636,Inpatient,3,73000,24333.333333333332,10.333333333333334,10.333333333333334,0,No
PRV51636,Outpatient,313,107020,341.91693290734827,1.2268370607028753,0.0,0,No
PRV51637,Inpatient,7,38000,5428.571428571428,4.714285714285714,4.714285714285714,0,No
PRV51637,Outpatient,27,5440,201.4814814814815,1.4814814814814814,0.0,0,No
PRV51638,Inpatient,2,18000,9000.0,5.5,5.5,0,No
PRV51638,Outpatient,2,2490,1245.0,0.0,0.0,0,No
PRV51639,Inpatient,12,108000,9000.0,3.0,3.0,0,No
PRV51639,Outpatient,17,4520,265.88235294117646,1.0588235294117647,0.0,0,No
PRV51640,Inpatient,3,16000,5333.333333333333,2.6666666666666665,2.6666666666666665,0,No
PRV51640,Outpatient,4,1490,372.5,0.25,0.0,0,No
PRV51641,Outpatient,14,1700,121.42857142857143,0.0,0.0,0,No
PRV51642,Inpatient,1,5000,5000.0,2.0,2.0,0,No
PRV51642,Outpatient,28,5460,195.0,0.75,0.0,0,No
PRV51644,Inpatient,1,7000,7000.0,5.0,5.0,0,No
PRV51644,Outpatient,23,9490,412.60869565217394,1.4782608695652173,0.0,0,No
PRV51645,Outpatient,5,280,56.0,5.4,0.0,0,No
PRV51647,Inpatient,6,43700,7283.333333333333,5.5,5.5,0,No
PRV51647,Outpatient,6,1240,206.66666666666666,3.3333333333333335,0.0,0,No
PRV51650,Outpatient,24,13290,553.75,1.5416666666666667,0.0,0,No
PRV51652,Outpatient,64,17600,275.0,2.59375,0.0,0,No
PRV51653,Outpatient,24,8530,355.4166666666667,2.625,0.0,0,No
PRV51654,Outpatient,2,220,110.0,2.0,0.0,0,No
PRV51655,Outpatient,3,70,23.333333333333332,1.6666666666666667,0.0,0,No
PRV51656,Outpatient,23,4860,211.30434782608697,2.0434782608695654,0.0,0,No
PRV51657,Outpatient,4,3760,940.0,0.0,0.0,0,No
PRV51658,Outpatient,5,1770,354.0,0.0,0.0,0,No
PRV51660,Outpatient,3,180,60.0,0.0,0.0,0,No
PRV51661,Outpatient,134,47570,355.0,2.253731343283582,0.0,0,No
PRV51664,Outpatient,10,790,79.0,0.0,0.0,0,No
PRV51665,Outpatient,15,3810,254.0,1.8666666666666667,0.0,0,No
PRV51666,Outpatient,1,50,50.0,0.0,0.0,0,No
PRV51668,Outpatient,38,9020,237.3684210526316,0.21052631578947367,0.0,0,No
PRV51669,Outpatient,76,21060,277.10526315789474,2.6184210526315788,0.0,0,No
PRV51670,Inpatient,1,6000,6000.0,8.0,8.0,0,No
PRV51670,Outpatient,435,116850,268.62068965517244,1.303448275862069,0.0,0,No
PRV51671,Outpatient,39,8490,217.69230769230768,0.717948717948718,0.0,0,No
PRV51672,Outpatient,6,2270,378.3333333333333,0.16666666666666666,0.0,0,No
PRV51673,Outpatient,183,51180,279.672131147541,1.0437158469945356,0.0,0,No
PRV51674,Outpatient,4,1400,350.0,0.0,0.0,0,No
PRV51675,Outpatient,28,7690,274.64285714285717,1.3571428571428572,0.0,0,No
PRV51676,Inpatient,3,50000,16666.666666666668,7.0,7.0,0,No
PRV51676,Outpatient,135,41920,310.51851851851853,1.3111111111111111,0.0,0,No
PRV51678,Outpatient,66,25540,386.969696969697,1.3484848484848484,0.0,0,No
PRV51679,Inpatient,2,30000,15000.0,10.0,10.0,0,No
PRV51679,Outpatient,36,9420,261.6666666666667,1.0555555555555556,0.0,0,No
PRV51681,Inpatient,1,51000,51000.0,12.0,12.0,0,No
PRV51681,Outpatient,25,18130,725.2,1.64,0.0,0,No
PRV51682,Outpatient,16,9110,569.375,1.625,0.0,0,No
PRV51685,Outpatient,55,11830,215.0909090909091,0.32727272727272727,0.0,0,No
PRV51687,Outpatient,10,2530,253.0,2.1,0.0,0,No
PRV51688,Inpatient,2,22000,11000.0,3.0,3.0,0,No
PRV51688,Outpatient,7,660,94.28571428571429,0.0,0.0,0,No
PRV51689,Outpatient,1,1700,1700.0,0.0,0.0,0,No
PRV51690,Inpatient,7,52000,7428.571428571428,8.857142857142858,8.857142857142858,0,No
PRV51690,Outpatient,248,73280,295.48387096774195,1.3548387096774193,0.0,0,No
PRV51691,Outpatient,88,26790,304.4318181818182,1.2727272727272727,0.0,0,No
PRV51692,Outpatient,11,970,88.18181818181819,0.09090909090909091,0.0,0,No
PRV51693,Outpatient,113,21100,186.72566371681415,0.911504424778761,0.0,0,No
PRV51694,Outpatient,26,5940,228.46153846153845,0.038461538461538464,0.0,0,No
PRV51695,Outpatient,429,113180,263.8228438228438,1.393939393939394,0.0,0,No
PRV51696,Outpatient,9,730,81.11111111111111,0.7777777777777778,0.0,0,No
PRV51697,Outpatient,63,21600,342.85714285714283,2.253968253968254,0.0,0,No
PRV51698,Outpatient,13,1910,146.92307692307693,1.6923076923076923,0.0,0,No
PRV51699,Outpatient,209,53760,257.2248803827751,1.2535885167464116,0.0,0,No
PRV51702,Outpatient,10,3230,323.0,0.0,0.0,0,No
PRV51703,Outpatient,2,80,40.0,0.0,0.0,0,No
PRV51704,Outpatient,1,600,600.0,0.0,0.0,0,No
PRV51705,Outpatient,1,400,400.0,0.0,0.0,0,No
PRV51706,Outpatient,2,330,165.0,0.0,0.0,0,No
PRV51707,Outpatient,12,270,22.5,1.6666666666666667,0.0,0,No
PRV51708,Outpatient,4,410,102.5,0.0,0.0,0,No
PRV51709,Outpatient,10,1610,161.0,0.0,0.0,0,No
PRV51710,Inpatient,14,121000,8642.857142857143,4.071428571428571,4.071428571428571,0,No
PRV51710,Outpatient,3,80,26.666666666666668,0.0,0.0,0,No
PRV51711,Inpatient,1,4000,4000.0,3.0,3.0,0,No
PRV51712,Outpatient,3,860,286.6666666666667,4.333333333333333,0.0,0,No
PRV51713,Outpatient,13,1380,106.15384615384616,0.3076923076923077,0.0,0,No
PRV51715,Inpatient,3,66000,22000.0,5.333333333333333,5.333333333333333,0,No
PRV51715,Outpatient,9,1340,148.88888888888889,0.0,0.0,0,No
PRV51716,Outpatient,82,23030,280.8536585365854,0.6707317073170732,0.0,0,No
PRV51718,Outpatient,8,2170,271.25,2.5,0.0,0,No
PRV51719,Outpatient,4,4740,1185.0,5.25,0.0,0,No
PRV51720,Outpatient,4,720,180.0,0.0,0.0,0,No
PRV51721,Outpatient,5,680,136.0,0.4,0.0,0,No
PRV51722,Outpatient,1,30,30.0,0.0,0.0,0,No
PRV51723,Outpatient,16,5340,333.75,1.25,0.0,0,No
PRV51724,Outpatient,6,2480,413.3333333333333,3.3333333333333335,0.0,0,No
PRV51725,Outpatient,4,190,47.5,0.0,0.0,0,No
PRV51726,Outpatient,21,6790,323.3333333333333,3.0952380952380953,0.0,0,No
PRV51727,Outpatient,3,1950,650.0,0.0,0.0,0,No
PRV51729,Outpatient,19,3740,196.8421052631579,0.5789473684210527,0.0,0,No
PRV51731,Outpatient,38,8720,229.47368421052633,1.8421052631578947,0.0,0,No
PRV51732,Outpatient,12,6960,580.0,2.0833333333333335,0.0,0,No
PRV51733,Outpatient,2,70,35.0,0.0,0.0,0,No
PRV51734,Outpatient,20,7900,395.0,1.0,0.0,0,No
PRV51735,Outpatient,4,350,87.5,0.0,0.0,0,No
PRV51736,Outpatient,21,5620,267.6190476190476,0.0,0.0,0,No
PRV51737,Outpatient,152,50300,330.92105263157896,1.3157894736842106,0.0,0,No
PRV51738,Outpatient,16,850,53.125,0.6875,0.0,0,No
PRV51739,Outpatient,74,13700,185.13513513513513,0.5135135135135135,0.0,0,No
PRV51740,Outpatient,57,14010,245.78947368421052,1.9473684210526316,0.0,0,No
PRV51741,Outpatient,35,5190,148.28571428571428,2.057142857142857,0.0,0,No
PRV51742,Outpatient,13,2830,217.69230769230768,1.6153846153846154,0.0,0,No
PRV51743,Outpatient,118,29380,248.98305084745763,0.4491525423728814,0.0,0,No
PRV51744,Outpatient,5,660,132.0,0.6,0.0,0,No
PRV51745,Outpatient,13,2290,176.15384615384616,0.3076923076923077,0.0,0,No
PRV51746,Outpatient,26,10490,403.46153846153845,2.576923076923077,0.0,0,No
PRV51747,Outpatient,4,1500,375.0,0.0,0.0,0,No
PRV51748,Outpatient,18,8060,447.77777777777777,1.6111111111111112,0.0,0,No
PRV51749,Outpatient,6,2780,463.3333333333333,3.3333333333333335,0.0,0,No
PRV51750,Outpatient,3,1600,533.3333333333334,0.0,0.0,0,No
PRV51751,Outpatient,2,900,450.0,3.5,0.0,0,No
PRV51752,Outpatient,87,32740,376.32183908045977,1.9425287356321839,0.0,0,No
PRV51753,Outpatient,4,1210,302.5,5.25,0.0,0,No
PRV51754,Outpatient,9,2120,235.55555555555554,0.0,0.0,0,No
PRV51755,Outpatient,6,590,98.33333333333333,3.3333333333333335,0.0,0,No
PRV51758,Outpatient,7,910,130.0,2.857142857142857,0.0,0,No
PRV51759,Outpatient,13,1090,83.84615384615384,1.5384615384615385,0.0,0,No
PRV51761,Outpatient,11,1870,170.0,1.9090909090909092,0.0,0,No
PRV51762,Outpatient,14,3100,221.42857142857142,0.07142857142857142,0.0,0,No
PRV51763,Outpatient,11,3960,360.0,0.6363636363636364,0.0,0,No
PRV51764,Outpatient,33,6060,183.63636363636363,1.5151515151515151,0.0,0,No
PRV51765,Outpatient,14,2870,205.0,0.07142857142857142,0.0,0,No
PRV51766,Outpatient,23,2290,99.56521739130434,2.260869565217391,0.0,0,No
PRV51767,Outpatient,12,4060,338.3333333333333,0.08333333333333333,0.0,0,No
PRV51769,Outpatient,15,4800,320.0,0.2,0.0,0,No
PRV51770,Outpatient,15,6820,454.6666666666667,1.6666666666666667,0.0,0,No
PRV51771,Outpatient,40,8530,213.25,0.675,0.0,0,No
PRV51773,Outpatient,5,760,152.0,0.0,0.0,0,No
PRV51774,Outpatient,3,2990,996.6666666666666,6.666666666666667,0.0,0,No
PRV51775,Outpatient,39,9610,246.4102564102564,0.46153846153846156,0.0,0,No
PRV51776,Outpatient,54,12640,234.07407407407408,0.9629629629629629,0.0,0,No
PRV51778,Outpatient,3,250,83.33333333333333,0.0,0.0,0,No
PRV51779,Outpatient,24,7690,320.4166666666667,1.7083333333333333,0.0,0,No
PRV51780,Outpatient,34,5120,150.58823529411765,0.0,0.0,0,No
PRV51781,Outpatient,24,3000,125.0,1.7916666666666667,0.0,0,No
PRV51784,Outpatient,8,3820,477.5,3.125,0.0,0,No
PRV51786,Outpatient,5,280,56.0,2.8,0.0,0,No
PRV51787,Outpatient,3,150,50.0,4.666666666666667,0.0,0,No
PRV51788,Outpatient,139,38790,279.0647482014389,1.0359712230215827,0.0,0,No
PRV51789,Outpatient,32,6940,216.875,0.15625,0.0,0,No
PRV51790,Outpatient,76,18580,244.47368421052633,0.9210526315789473,0.0,0,No
PRV51792,Outpatient,46,21390,465.0,2.4130434782608696,0.0,0,No
PRV51793,Outpatient,25,5000,200.0,2.12,0.0,0,No
PRV51794,Outpatient,11,2020,183.63636363636363,3.1818181818181817,0.0,0,No
PRV51795,Outpatient,36,7510,208.61111111111111,1.3611111111111112,0.0,0,No
PRV51796,Outpatient,4,140,35.0,0.0,0.0,0,No
PRV51797,Outpatient,5,450,90.0,7.6,0.0,0,No
PRV51798,Outpatient,10,1420,142.0,0.1,0.0,0,No
PRV51799,Outpatient,3,730,243.33333333333334,1.0,0.0,0,No
PRV51801,Outpatient,20,5030,251.5,0.1,0.0,0,No
PRV51802,Outpatient,24,4930,205.41666666666666,1.9583333333333333,0.0,0,No
PRV51803,Inpatient,2,33000,16500.0,3.5,3.5,0,No
PRV51803,Outpatient,3,570,190.0,0.3333333333333333,0.0,0,No
PRV51805,Inpatient,3,67000,22333.333333333332,12.0,12.0,1,Yes
PRV51806,Inpatient,1,13000,13000.0,4.0,4.0,0,No
PRV51807,Inpatient,7,98000,14000.0,4.714285714285714,4.714285714285714,0,No
PRV51809,Inpatient,27,242020,8963.703703703704,5.888888888888889,5.888888888888889,0,No
PRV51810,Inpatient,3,29000,9666.666666666666,4.666666666666667,4.666666666666667,0,No
PRV51811,Inpatient,15,199000,13266.666666666666,5.466666666666667,5.466666666666667,0,No
PRV51812,Inpatient,1,6000,6000.0,7.0,7.0,0,No
PRV51813,Inpatient,10,110000,11000.0,8.1,8.1,0,No
PRV51815,Outpatient,5,810,162.0,0.0,0.0,0,No
PRV51816,Inpatient,7,68000,9714.285714285714,3.857142857142857,3.857142857142857,0,No
PRV51818,Inpatient,29,267000,9206.896551724138,6.0,6.0,1,Yes
PRV51819,Inpatient,2,7000,3500.0,6.0,6.0,0,No
PRV51819,Outpatient,1,50,50.0,0.0,0.0,0,No
PRV51820,Inpatient,5,25000,5000.0,4.0,4.0,0,No
PRV51821,Inpatient,10,138000,13800.0,11.5,11.5,0,No
PRV51822,Inpatient,1,600,600.0,17.0,17.0,0,No
PRV51823,Inpatient,8,44000,5500.0,5.125,5.125,0,No
PRV51823,Outpatient,3,530,176.66666666666666,0.3333333333333333,0.0,0,No
PRV51824,Inpatient,10,59900,5990.0,6.9,6.9,0,No
PRV51826,Inpatient,21,265000,12619.047619047618,5.809523809523809,5.809523809523809,1,Yes
PRV51827,Inpatient,18,130000,7222.222222222223,6.722222222222222,6.722222222222222,0,No
PRV51828,Inpatient,11,111000,10090.90909090909,3.3636363636363638,3.3636363636363638,0,No
PRV51829,Inpatient,5,36000,7200.0,10.0,10.0,0,No
PRV51830,Inpatient,6,20000,3333.3333333333335,4.0,4.0,0,No
PRV51831,Inpatient,2,28000,14000.0,4.0,4.0,0,No
PRV51833,Inpatient,3,15000,5000.0,3.3333333333333335,3.3333333333333335,0,No
PRV51836,Outpatient,1794,505000,281.4938684503902,1.5512820512820513,0.0,1,Yes
PRV51837,Inpatient,15,173000,11533.333333333334,7.0,7.0,0,No
PRV51837,Outpatient,89,27310,306.85393258426967,1.5842696629213484,0.0,0,No
PRV51838,Outpatient,200,54000,270.0,1.045,0.0,0,No
PRV51840,Inpatient,39,362700,9300.0,5.948717948717949,5.948717948717949,1,Yes
PRV51840,Outpatient,79,17900,226.58227848101265,1.4936708860759493,0.0,1,Yes
PRV51841,Inpatient,8,119000,14875.0,5.875,5.875,0,No
PRV51841,Outpatient,48,13310,277.2916666666667,1.0833333333333333,0.0,0,No
PRV51842,Inpatient,117,1165700,9963.247863247863,4.923076923076923,4.897435897435898,1,Yes
PRV51842,Outpatient,177,54900,310.1694915254237,1.8587570621468927,0.0,1,Yes
PRV51843,Outpatient,50,18810,376.2,1.6,0.0,0,No
PRV51845,Inpatient,11,102000,9272.727272727272,4.7272727272727275,4.7272727272727275,0,No
PRV51845,Outpatient,34,8280,243.52941176470588,1.088235294117647,0.0,0,No
PRV51846,Inpatient,2,11000,5500.0,4.5,4.5,0,No
PRV51846,Outpatient,27,8070,298.8888888888889,1.0,0.0,0,No
PRV51847,Outpatient,42,9420,224.28571428571428,0.8333333333333334,0.0,0,No
PRV51848,Outpatient,57,15680,275.0877192982456,0.8947368421052632,0.0,0,No
PRV51849,Inpatient,3,18000,6000.0,3.0,3.0,0,No
PRV51849,Outpatient,143,32620,228.1118881118881,1.0,0.0,0,No
PRV51851,Inpatient,53,548000,10339.622641509433,4.773584905660377,4.773584905660377,1,Yes
PRV51851,Outpatient,419,121490,289.95226730310264,1.4152744630071599,0.0,1,Yes
PRV51852,Outpatient,19,7740,407.36842105263156,0.15789473684210525,0.0,0,No
PRV51855,Inpatient,16,126000,7875.0,3.75,3.75,0,No
PRV51855,Outpatient,104,19170,184.32692307692307,1.7980769230769231,0.0,0,No
PRV51856,Outpatient,117,31500,269.2307692307692,1.7606837606837606,0.0,0,No
PRV51857,Inpatient,26,379000,14576.923076923076,5.1923076923076925,5.1923076923076925,1,Yes
PRV51857,Outpatient,31,4490,144.83870967741936,0.8387096774193549,0.0,1,Yes
PRV51858,Outpatient,61,14380,235.7377049180328,1.5245901639344261,0.0,0,No
PRV51859,Outpatient,65,15500,238.46153846153845,1.4307692307692308,0.0,0,No
PRV51860,Inpatient,4,18400,4600.0,5.5,5.5,0,No
PRV51860,Outpatient,772,226210,293.0181347150259,1.2733160621761659,0.0,0,No
PRV51861,Outpatient,21,2760,131.42857142857142,0.9047619047619048,0.0,0,No
PRV51862,Inpatient,8,89000,11125.0,4.75,4.75,0,No
PRV51862,Outpatient,12,3870,322.5,0.5833333333333334,0.0,0,No
PRV51863,Inpatient,19,268000,14105.263157894737,7.894736842105263,7.894736842105263,0,No
PRV51863,Outpatient,54,18700,346.2962962962963,2.4814814814814814,0.0,0,No
PRV51864,Inpatient,6,60000,10000.0,2.8333333333333335,2.8333333333333335,0,No
PRV51864,Outpatient,127,31090,244.8031496062992,0.9448818897637795,0.0,0,No
PRV51865,Outpatient,28,11670,416.7857142857143,0.9285714285714286,0.0,0,No
PRV51867,Outpatient,102,32130,315.0,1.4313725490196079,0.0,0,No
PRV51868,Inpatient,100,1093060,10930.6,5.45,5.45,1,Yes
PRV51868,Outpatient,44,6650,151.13636363636363,1.1590909090909092,0.0,1,Yes
PRV51869,Inpatient,2,21000,10500.0,4.5,4.5,0,No
PRV51869,Outpatient,19,5480,288.42105263157896,0.0,0.0,0,No
PRV51870,Outpatient,55,19290,350.72727272727275,1.1272727272727272,0.0,0,No
PRV51871,Outpatient,30,5920,197.33333333333334,1.5333333333333334,0.0,0,No
PRV51872,Outpatient,24,8840,368.3333333333333,0.0,0.0,0,No
PRV51873,Inpatient,26,301000,11576.923076923076,6.038461538461538,6.038461538461538,1,Yes
PRV51873,Outpatient,118,40480,343.0508474576271,0.7966101694915254,0.0,1,Yes
PRV51874,Outpatient,44,11290,256.59090909090907,0.6136363636363636,0.0,0,No
PRV51875,Outpatient,1,50,50.0,0.0,0.0,0,No
PRV51876,Inpatient,18,232000,12888.888888888889,6.944444444444445,6.944444444444445,1,Yes
PRV51876,Outpatient,43,10320,240.0,2.116279069767442,0.0,1,Yes
PRV51877,Outpatient,4,290,72.5,0.0,0.0,0,No
PRV51878,Outpatient,12,3110,259.1666666666667,3.3333333333333335,0.0,0,No
PRV51879,Outpatient,105,40710,387.7142857142857,1.9619047619047618,0.0,0,No
PRV51884,Inpatient,5,73000,14600.0,6.2,6.2,0,No
PRV51884,Outpatient,39,11530,295.64102564102564,0.6666666666666666,0.0,0,No
PRV51885,Outpatient,85,25670,302.0,2.411764705882353,0.0,0,No
PRV51886,Outpatient,18,2160,120.0,1.2222222222222223,0.0,0,No
PRV51887,Outpatient,2,120,60.0,0.0,0.0,0,No
PRV51888,Outpatient,5,640,128.0,0.0,0.0,0,No
PRV51889,Outpatient,4,170,42.5,0.0,0.0,0,No
PRV51890,Inpatient,1,11000,11000.0,2.0,2.0,0,No
PRV51890,Outpatient,20,3510,175.5,2.05,0.0,0,No
PRV51891,Outpatient,3,480,160.0,0.0,0.0,0,No
PRV51892,Outpatient,5,750,150.0,0.0,0.0,0,No
PRV51894,Outpatient,20,9210,460.5,0.55,0.0,0,No
PRV51895,Outpatient,18,3730,207.22222222222223,2.0,0.0,0,No
PRV51896,Outpatient,5,530,106.0,4.0,0.0,0,No
PRV51897,Outpatient,65,10930,168.15384615384616,1.0307692307692307,0.0,0,No
PRV51898,Inpatient,1,6000,6000.0,3.0,3.0,0,No
PRV51898,Outpatient,58,6520,112.41379310344827,0.6551724137931034,0.0,0,No
PRV51899,Outpatient,23,5500,239.1304347826087,2.0,0.0,0,No
PRV51901,Outpatient,7,3600,514.2857142857143,0.42857142857142855,0.0,0,No
PRV51902,Outpatient,4,1300,325.0,1.0,0.0,0,No
PRV51905,Outpatient,257,82540,321.16731517509726,1.11284046692607,0.0,0,No
PRV51906,Outpatient,22,2730,124.0909090909091,0.8181818181818182,0.0,0,No
PRV51908,Outpatient,22,14270,648.6363636363636,3.4545454545454546,0.0,0,No
PRV51909,Outpatient,16,3460,216.25,2.0,0.0,0,No
PRV51910,Outpatient,82,27950,340.8536585365854,2.024390243902439,0.0,0,No
PRV51911,Outpatient,93,25540,274.6236559139785,1.7419354838709677,0.0,0,No
PRV51913,Outpatient,1,70,70.0,0.0,0.0,0,No
PRV51914,Outpatient,11,1680,152.72727272727272,0.0,0.0,0,No
PRV51915,Outpatient,20,6170,308.5,0.55,0.0,0,No
PRV51916,Outpatient,43,7290,169.53488372093022,0.5116279069767442,0.0,0,No
PRV51917,Outpatient,11,970,88.18181818181819,1.8181818181818181,0.0,0,No
PRV51918,Outpatient,1,50,50.0,0.0,0.0,0,No
PRV51919,Inpatient,6,101000,16833.333333333332,5.666666666666667,5.666666666666667,0,No
PRV51920,Inpatient,9,100000,11111.111111111111,6.0,6.0,1,Yes
PRV51920,Outpatient,9,700,77.77777777777777,0.8888888888888888,0.0,1,Yes
PRV51921,Outpatient,70,19290,275.57142857142856,0.45714285714285713,0.0,0,No
PRV51922,Outpatient,24,5090,212.08333333333334,0.041666666666666664,0.0,0,No
PRV51923,Outpatient,9,1040,115.55555555555556,2.5555555555555554,0.0,0,No
PRV51924,Outpatient,50,15710,314.2,0.78,0.0,0,No
PRV51925,Outpatient,4,1960,490.0,0.0,0.0,0,No
PRV51926,Outpatient,32,13870,433.4375,0.71875,0.0,0,No
PRV51927,Inpatient,5,64000,12800.0,11.4,11.4,0,No
PRV51927,Outpatient,1,50,50.0,0.0,0.0,0,No
PRV51928,Outpatient,30,7140,238.0,1.5333333333333334,0.0,0,No
PRV51929,Inpatient,8,71000,8875.0,3.125,3.125,0,No
PRV51929,Outpatient,103,35630,345.92233009708735,2.650485436893204,0.0,0,No
PRV51930,Outpatient,6,1010,168.33333333333334,0.0,0.0,0,No
PRV51931,Inpatient,1,5000,5000.0,3.0,3.0,0,No
PRV51931,Outpatient,45,13430,298.44444444444446,1.0888888888888888,0.0,0,No
PRV51932,Inpatient,2,27000,13500.0,13.5,13.5,0,No
PRV51932,Outpatient,19,4970,261.57894736842104,0.8947368421052632,0.0,0,No
PRV51933,Outpatient,57,14370,252.10526315789474,1.6140350877192982,0.0,0,No
PRV51934,Outpatient,111,27270,245.67567567567568,1.3783783783783783,0.0,0,No
PRV51935,Inpatient,3,22000,7333.333333333333,7.666666666666667,7.666666666666667,0,No
PRV51935,Outpatient,54,16280,301.48148148148147,1.0555555555555556,0.0,0,No
PRV51936,Outpatient,20,4770,238.5,1.6,0.0,0,No
PRV51937,Outpatient,90,18270,203.0,1.5222222222222221,0.0,0,No
PRV51938,Inpatient,2,11000,5500.0,3.5,3.5,0,No
PRV51938,Outpatient,104,31020,298.2692307692308,1.4230769230769231,0.0,0,No
PRV51940,Inpatient,193,1964000,10176.165803108808,5.787564766839378,5.787564766839378,1,Yes
PRV51940,Outpatient,58,28270,487.41379310344826,1.7413793103448276,0.0,1,Yes
PRV51941,Inpatient,2,11200,5600.0,2.5,2.5,0,No
PRV51941,Outpatient,25,6790,271.6,1.04,0.0,0,No
PRV51942,Outpatient,53,11880,224.1509433962264,0.5849056603773585,0.0,0,No
PRV51943,Inpatient,1,9000,9000.0,2.0,2.0,0,No
PRV51943,Outpatient,88,19970,226.9318181818182,0.3977272727272727,0.0,0,No
PRV51944,Inpatient,5,49000,9800.0,8.4,8.4,0,No
PRV51944,Outpatient,119,47100,395.79831932773106,2.2857142857142856,0.0,0,No
PRV51946,Inpatient,23,182000,7913.04347826087,4.6521739130434785,4.6521739130434785,0,No
PRV51946,Outpatient,68,19370,284.8529411764706,1.7058823529411764,0.0,0,No
PRV51947,Inpatient,1,22000,22000.0,14.0,14.0,0,No
PRV51947,Outpatient,27,2090,77.4074074074074,1.0,0.0,0,No
PRV51948,Inpatient,143,1410800,9865.734265734265,5.5874125874125875,5.5874125874125875,1,Yes
PRV51948,Outpatient,372,109150,293.4139784946237,1.4327956989247312,0.0,1,Yes
PRV51949,Inpatient,19,246000,12947.368421052632,6.2631578947368425,6.2631578947368425,0,No
PRV51949,Outpatient,52,14140,271.9230769230769,1.3846153846153846,0.0,0,No
PRV51950,Inpatient,3,23000,7666.666666666667,7.666666666666667,7.666666666666667,0,No
PRV51950,Outpatient,66,22770,345.0,1.7878787878787878,0.0,0,No
PRV51951,Inpatient,48,458000,9541.666666666666,5.270833333333333,5.270833333333333,1,Yes
PRV51951,Outpatient,54,15010,277.962962962963,1.037037037037037,0.0,1,Yes
PRV51952,Outpatient,19,2470,130.0,2.1052631578947367,0.0,0,No
PRV51954,Inpatient,23,272000,11826.08695652174,5.739130434782608,5.739130434782608,0,No
PRV51954,Outpatient,620,178930,288.5967741935484,1.2919354838709678,0.0,0,No
PRV51956,Inpatient,2,18000,9000.0,12.0,12.0,0,No
PRV51956,Outpatient,12,6110,509.1666666666667,1.6666666666666667,0.0,0,No
PRV51957,Inpatient,24,199000,8291.666666666666,4.875,4.875,0,No
PRV51957,Outpatient,55,11190,203.45454545454547,1.6363636363636365,0.0,0,No
PRV51958,Inpatient,1,3000,3000.0,1.0,1.0,0,No
PRV51958,Outpatient,28,8000,285.7142857142857,1.1785714285714286,0.0,0,No
PRV51959,Outpatient,751,213350,284.08788282290277,1.1065246338215713,0.0,0,No
PRV51960,Inpatient,21,263000,12523.809523809523,4.761904761904762,4.761904761904762,0,No
PRV51960,Outpatient,27,3640,134.8148148148148,1.3333333333333333,0.0,0,No
PRV51961,Outpatient,159,46610,293.1446540880503,1.578616352201258,0.0,0,No
PRV51963,Outpatient,54,13630,252.40740740740742,1.7222222222222223,0.0,0,No
PRV51964,Outpatient,17,2440,143.52941176470588,0.0,0.0,0,No
PRV51965,Outpatient,19,2680,141.05263157894737,0.3157894736842105,0.0,0,No
PRV51966,Outpatient,3,2450,816.6666666666666,0.0,0.0,0,No
PRV51967,Outpatient,57,16830,295.2631578947368,0.7894736842105263,0.0,0,No
PRV51968,Outpatient,1,90,90.0,0.0,0.0,0,No
PRV51969,Outpatient,42,15450,367.85714285714283,2.3095238095238093,0.0,0,No
PRV51970,Outpatient,35,25410,726.0,0.5714285714285714,0.0,0,No
PRV51972,Outpatient,35,9460,270.2857142857143,3.3142857142857145,0.0,0,No
PRV51973,Outpatient,74,19060,257.56756756756755,1.5,0.0,0,No
PRV51974,Outpatient,4,710,177.5,1.25,0.0,0,No
PRV51976,Inpatient,7,61000,8714.285714285714,6.714285714285714,6.714285714285714,0,No
PRV51977,Inpatient,1,8000,8000.0,3.0,3.0,0,No
PRV51978,Inpatient,4,31000,7750.0,5.25,5.25,0,No
PRV51979,Inpatient,13,136000,10461.538461538461,5.076923076923077,5.076923076923077,1,Yes
PRV51981,Inpatient,5,18000,3600.0,3.2,3.2,0,No
PRV51983,Outpatient,40,7050,176.25,1.925,0.0,0,No
PRV51984,Outpatient,525,160780,306.247619047619,1.9085714285714286,0.0,0,No
PRV51987,Outpatient,2,30,15.0,0.0,0.0,0,No
PRV51988,Outpatient,37,12230,330.5405405405405,2.8378378378378377,0.0,0,No
PRV51989,Outpatient,18,4060,225.55555555555554,0.05555555555555555,0.0,0,No
PRV51990,Outpatient,89,18690,210.0,0.6404494382022472,0.0,0,No
PRV51991,Outpatient,31,9570,308.7096774193548,2.3870967741935485,0.0,0,No
PRV51992,Outpatient,61,10790,176.88524590163934,0.8524590163934426,0.0,0,No
PRV51993,Outpatient,2,230,115.0,0.0,0.0,0,No
PRV51994,Outpatient,33,11780,356.969696969697,2.0303030303030303,0.0,0,No
PRV51995,Outpatient,20,9700,485.0,1.0,0.0,0,No
PRV51996,Outpatient,41,10070,245.609756097561,2.0,0.0,0,No
PRV51998,Outpatient,28,5360,191.42857142857142,1.25,0.0,0,No
PRV51999,Outpatient,17,2660,156.47058823529412,0.058823529411764705,0.0,0,No
PRV52001,Outpatient,1177,320620,272.4044180118946,1.372982158028887,0.0,0,No
PRV52002,Inpatient,24,299000,12458.333333333334,6.958333333333333,6.958333333333333,1,Yes
PRV52002,Outpatient,164,44260,269.8780487804878,1.829268292682927,0.0,1,Yes
PRV52003,Inpatient,77,778000,10103.896103896104,4.584415584415584,4.584415584415584,0,No
PRV52003,Outpatient,77,28950,375.97402597402595,1.155844155844156,0.0,0,No
PRV52004,Outpatient,47,15680,333.6170212765957,1.5106382978723405,0.0,0,No
PRV52007,Outpatient,18,1910,106.11111111111111,1.0,0.0,0,No
PRV52008,Outpatient,25,4830,193.2,1.72,0.0,0,No
PRV52009,Outpatient,35,5770,164.85714285714286,0.3142857142857143,0.0,0,No
PRV52010,Outpatient,7,1400,200.0,0.0,0.0,0,No
PRV52011,Outpatient,26,7070,271.9230769230769,0.5769230769230769,0.0,0,No
PRV52012,Inpatient,1,8000,8000.0,8.0,8.0,0,No
PRV52013,Outpatient,62,14210,229.19354838709677,1.3548387096774193,0.0,0,No
PRV52014,Outpatient,351,93890,267.4928774928775,1.5242165242165242,0.0,0,No
PRV52017,Inpatient,23,235000,10217.391304347826,4.478260869565218,4.478260869565218,0,No
PRV52017,Outpatient,257,69770,271.47859922178986,2.1712062256809337,0.0,0,No
PRV52019,Inpatient,516,5580870,10815.639534883721,5.89922480620155,5.9147286821705425,1,Yes
PRV52019,Outpatient,1445,415180,287.3217993079585,1.2775086505190312,0.0,1,Yes
PRV52020,Inpatient,92,1027300,11166.304347826086,5.206521739130435,5.228260869565218,1,Yes
PRV52020,Outpatient,514,137520,267.5486381322957,1.367704280155642,0.0,1,Yes
PRV52021,Inpatient,181,1811500,10008.28729281768,5.762430939226519,5.762430939226519,1,Yes
PRV52021,Outpatient,432,140350,324.88425925925924,1.7777777777777777,0.0,1,Yes
PRV52022,Outpatient,66,17770,269.24242424242425,2.0454545454545454,0.0,0,No
PRV52024,Outpatient,2,2100,1050.0,1.0,0.0,0,No
PRV52025,Outpatient,119,35190,295.7142857142857,0.8739495798319328,0.0,0,No
PRV52026,Outpatient,24,6960,290.0,2.5833333333333335,0.0,0,No
PRV52027,Inpatient,46,375000,8152.173913043478,5.456521739130435,5.456521739130435,0,No
PRV52027,Outpatient,135,27620,204.59259259259258,0.8518518518518519,0.0,0,No
PRV52028,Inpatient,4,66000,16500.0,3.5,3.5,0,No
PRV52028,Outpatient,14,3530,252.14285714285714,0.0,0.0,0,No
PRV52029,Inpatient,11,125000,11363.636363636364,4.454545454545454,4.454545454545454,0,No
PRV52029,Outpatient,157,41610,265.03184713375794,1.4331210191082802,0.0,0,No
PRV52030,Inpatient,4,54000,13500.0,13.25,13.25,1,Yes
PRV52030,Outpatient,2271,627360,276.24834874504626,1.2875385292822545,0.0,1,Yes
PRV52031,Inpatient,1,11000,11000.0,1.0,1.0,0,No
PRV52031,Outpatient,124,26770,215.88709677419354,0.8064516129032258,0.0,0,No
PRV52032,Inpatient,56,535500,9562.5,4.732142857142857,4.732142857142857,1,Yes
PRV52032,Outpatient,571,163140,285.7092819614711,1.1716287215411558,0.0,1,Yes
PRV52037,Outpatient,171,52660,307.953216374269,1.5380116959064327,0.0,0,No
PRV52038,Inpatient,22,173000,7863.636363636364,3.8636363636363638,3.8636363636363638,0,No
PRV52038,Outpatient,237,67630,285.3586497890295,1.2911392405063291,0.0,0,No
PRV52039,Outpatient,50,10170,203.4,0.52,0.0,0,No
PRV52041,Outpatient,1885,604980,320.9442970822281,1.4450928381962864,0.0,1,Yes
PRV52042,Inpatient,1,9000,9000.0,3.0,3.0,0,No
PRV52042,Outpatient,51,18720,367.05882352941177,0.19607843137254902,0.0,0,No
PRV52044,Inpatient,43,401000,9325.581395348838,6.0,6.0,0,No
PRV52044,Outpatient,36,7830,217.5,1.3333333333333333,0.0,0,No
PRV52045,Inpatient,46,522700,11363.04347826087,5.391304347826087,5.326086956521739,1,Yes
PRV52045,Outpatient,197,54330,275.78680203045684,1.2588832487309645,0.0,1,Yes
PRV52046,Outpatient,101,28190,279.1089108910891,1.5742574257425743,0.0,0,No
PRV52047,Inpatient,15,144000,9600.0,5.466666666666667,5.466666666666667,0,No
PRV52047,Outpatient,9,4550,505.55555555555554,3.5555555555555554,0.0,0,No
PRV52048,Outpatient,108,38820,359.44444444444446,2.037037037037037,0.0,0,No
PRV52049,Outpatient,192,55850,290.8854166666667,1.8125,0.0,0,No
PRV52051,Outpatient,89,35290,396.5168539325843,1.0561797752808988,0.0,0,No
PRV52052,Inpatient,5,36000,7200.0,2.4,2.4,0,No
PRV52052,Outpatient,53,12580,237.35849056603774,0.9056603773584906,0.0,0,No
PRV52054,Outpatient,240,78490,327.0416666666667,1.5666666666666667,0.0,0,No
PRV52055,Outpatient,203,51010,251.2807881773399,1.6206896551724137,0.0,0,No
PRV52056,Outpatient,60,17280,288.0,2.0,0.0,0,No
PRV52057,Inpatient,10,148000,14800.0,7.0,7.0,0,No
PRV52057,Outpatient,175,25770,147.25714285714287,1.0514285714285714,0.0,0,No
PRV52058,Outpatient,204,55450,271.8137254901961,2.176470588235294,0.0,0,No
PRV52059,Inpatient,13,156000,12000.0,7.461538461538462,7.461538461538462,1,Yes
PRV52059,Outpatient,1274,384810,302.0486656200942,1.41287284144427,0.0,1,Yes
PRV52061,Outpatient,131,31790,242.67175572519085,1.3969465648854962,0.0,0,No
PRV52062,Outpatient,184,56860,309.0217391304348,1.0706521739130435,0.0,0,No
PRV52063,Inpatient,88,919000,10443.181818181818,5.363636363636363,5.363636363636363,0,No
PRV52063,Outpatient,704,197210,280.12784090909093,1.4985795454545454,0.0,0,No
PRV52064,Inpatient,38,350000,9210.526315789473,4.868421052631579,4.868421052631579,1,Yes
PRV52064,Outpatient,2806,769680,274.29793300071276,1.4875267284390592,0.0,1,Yes
PRV52065,Inpatient,116,1194000,10293.103448275862,4.870689655172414,4.870689655172414,1,Yes
PRV52065,Outpatient,209,56280,269.2822966507177,1.3779904306220097,0.0,1,Yes
PRV52066,Outpatient,1455,386530,265.65635738831617,1.3402061855670102,0.0,1,Yes
PRV52068,Outpatient,48,13080,272.5,0.7708333333333334,0.0,0,No
PRV52069,Outpatient,88,22280,253.1818181818182,1.8977272727272727,0.0,0,No
PRV52071,Outpatient,749,259850,346.92923898531376,1.520694259012016,0.0,0,No
PRV52072,Inpatient,41,398000,9707.317073170732,5.512195121951219,5.512195121951219,0,No
PRV52072,Outpatient,91,23030,253.07692307692307,0.6593406593406593,0.0,0,No
PRV52073,Inpatient,28,345000,12321.42857142857,4.964285714285714,4.964285714285714,0,No
PRV52073,Outpatient,36,14250,395.8333333333333,1.6944444444444444,0.0,0,No
PRV52074,Inpatient,11,136000,12363.636363636364,4.454545454545454,4.454545454545454,0,No
PRV52074,Outpatient,130,25600,196.92307692307693,1.1,0.0,0,No
PRV52075,Outpatient,5,1220,244.0,4.0,0.0,0,No
PRV52076,Inpatient,56,512000,9142.857142857143,4.875,4.875,0,No
PRV52076,Outpatient,165,42060,254.9090909090909,2.2303030303030305,0.0,0,No
PRV52077,Inpatient,104,1080000,10384.615384615385,5.548076923076923,5.548076923076923,1,Yes
PRV52077,Outpatient,1052,284150,270.1045627376426,1.3631178707224334,0.0,1,Yes
PRV52079,Inpatient,7,38500,5500.0,6.571428571428571,6.571428571428571,0,No
PRV52079,Outpatient,26,6600,253.84615384615384,2.5,0.0,0,No
PRV52081,Inpatient,3,18000,6000.0,6.0,6.0,0,No
PRV52081,Outpatient,21,10270,489.04761904761904,1.0,0.0,0,No
PRV52082,Outpatient,8,880,110.0,0.0,0.0,0,No
PRV52084,Inpatient,10,102000,10200.0,5.0,5.0,0,No
PRV52084,Outpatient,24,5750,239.58333333333334,0.7083333333333334,0.0,0,No
PRV52085,Outpatient,824,240620,292.0145631067961,1.4526699029126213,0.0,0,No
PRV52087,Inpatient,2,3000,1500.0,3.5,3.5,0,No
PRV52087,Outpatient,54,17350,321.2962962962963,1.3703703703703705,0.0,0,No
PRV52088,Inpatient,1,18000,18000.0,3.0,3.0,0,No
PRV52088,Outpatient,43,6990,162.5581395348837,0.9069767441860465,0.0,0,No
PRV52089,Inpatient,15,175000,11666.666666666666,3.933333333333333,3.933333333333333,1,Yes
PRV52089,Outpatient,130,46580,358.3076923076923,1.5,0.0,1,Yes
PRV52090,Outpatient,303,98250,324.25742574257424,1.5577557755775577,0.0,0,No
PRV52092,Inpatient,12,104000,8666.666666666666,5.5,5.5,0,No
PRV52092,Outpatient,147,37470,254.89795918367346,0.891156462585034,0.0,0,No
PRV52094,Inpatient,8,150000,18750.0,5.5,5.5,0,No
PRV52094,Outpatient,45,11120,247.11111111111111,0.6444444444444445,0.0,0,No
PRV52095,Inpatient,1,5000,5000.0,4.0,4.0,0,No
PRV52095,Outpatient,37,10560,285.4054054054054,1.162162162162162,0.0,0,No
PRV52097,Inpatient,1,4000,4000.0,3.0,3.0,0,No
PRV52097,Outpatient,54,15640,289.6296296296296,2.0185185185185186,0.0,0,No
PRV52098,Outpatient,469,122660,261.5351812366738,1.5458422174840085,0.0,0,No
PRV52099,Inpatient,2,14000,7000.0,7.0,7.0,0,No
PRV52099,Outpatient,88,17370,197.38636363636363,1.0909090909090908,0.0,0,No
PRV52100,Inpatient,164,1523200,9287.80487804878,6.475609756097561,6.524390243902439,1,Yes
PRV52100,Outpatient,37,9950,268.9189189189189,0.5945945945945946,0.0,1,Yes
PRV52101,Inpatient,1,10000,10000.0,2.0,2.0,0,No
PRV52101,Outpatient,14,2500,178.57142857142858,1.5714285714285714,0.0,0,No
PRV52102,Outpatient,15,1910,127.33333333333333,1.0666666666666667,0.0,0,No
PRV52104,Outpatient,1189,347070,291.9007569386039,1.6349873843566023,0.0,0,No
PRV52105,Outpatient,26,12780,491.53846153846155,2.8461538461538463,0.0,0,No
PRV52107,Inpatient,10,93000,9300.0,6.6,6.6,0,No
PRV52107,Outpatient,109,31760,291.3761467889908,0.9541284403669725,0.0,0,No
PRV52109,Outpatient,248,75580,304.758064516129,1.1774193548387097,0.0,0,No
PRV52111,Inpatient,9,65000,7222.222222222223,3.0,3.0,0,No
PRV52111,Outpatient,76,24960,328.42105263157896,1.605263157894737,0.0,0,No
PRV52112,Inpatient,24,245000,10208.333333333334,5.833333333333333,5.833333333333333,0,No
PRV52112,Outpatient,61,14790,242.45901639344262,1.4918032786885247,0.0,0,No
PRV52113,Outpatient,120,22170,184.75,0.7083333333333334,0.0,0,No
PRV52114,Inpatient,105,1110000,10571.42857142857,5.561904761904762,5.561904761904762,1,Yes
PRV52114,Outpatient,1164,308220,264.7938144329897,1.5867697594501717,0.0,1,Yes
PRV52115,Inpatient,20,230000,11500.0,6.95,6.95,1,Yes
PRV52115,Outpatient,70,11500,164.28571428571428,0.9428571428571428,0.0,1,Yes
PRV52118,Inpatient,4,96000,24000.0,6.5,6.5,0,No
PRV52118,Outpatient,48,17660,367.9166666666667,0.1875,0.0,0,No
PRV52119,Inpatient,16,192000,12000.0,5.8125,5.8125,1,Yes
PRV52119,Outpatient,36,10380,288.3333333333333,3.0833333333333335,0.0,1,Yes
PRV52120,Inpatient,165,1625200,9849.69696969697,5.806060606060606,5.806060606060606,1,Yes
PRV52120,Outpatient,1066,325520,305.3658536585366,1.4634146341463414,0.0,1,Yes
PRV52121,Inpatient,4,36000,9000.0,3.25,3.25,0,No
PRV52121,Outpatient,49,13610,277.7551020408163,2.2653061224489797,0.0,0,No
PRV52122,Outpatient,41,18740,457.0731707317073,1.7804878048780488,0.0,0,No
PRV52123,Inpatient,162,1423600,8787.654320987655,6.092592592592593,6.092592592592593,1,Yes
PRV52123,Outpatient,94,23540,250.4255319148936,1.6914893617021276,0.0,1,Yes
PRV52124,Inpatient,7,148000,21142.85714285714,8.285714285714286,8.285714285714286,1,Yes
PRV52124,Outpatient,108,41250,381.94444444444446,2.2037037037037037,0.0,1,Yes
PRV52126,Inpatient,39,369000,9461.538461538461,5.897435897435898,5.897435897435898,0,No
PRV52126,Outpatient,71,19830,279.2957746478873,0.647887323943662,0.0,0,No
PRV52127,Inpatient,5,72000,14400.0,7.0,7.0,0,No
PRV52127,Outpatient,10,1050,105.0,3.0,0.0,0,No
PRV52128,Inpatient,53,462050,8717.924528301886,5.69811320754717,5.69811320754717,0,No
PRV52128,Outpatient,60,30500,508.3333333333333,0.6833333333333333,0.0,0,No
PRV52129,Outpatient,223,55590,249.28251121076232,0.9237668161434978,0.0,0,No
PRV52130,Inpatient,10,116000,11600.0,7.4,7.4,0,No
PRV52130,Outpatient,83,25100,302.4096385542169,1.5783132530120483,0.0,0,No
PRV52131,Inpatient,31,329900,10641.935483870968,4.258064516129032,4.258064516129032,0,No
PRV52131,Outpatient,53,19860,374.7169811320755,1.490566037735849,0.0,0,No
PRV52133,Inpatient,2,7000,3500.0,1.5,1.5,0,No
PRV52133,Outpatient,303,98080,323.6963696369637,1.3993399339933994,0.0,0,No
PRV52135,Inpatient,210,1816300,8649.047619047618,4.957142857142857,4.957142857142857,1,Yes
PRV52135,Outpatient,53,9250,174.52830188679246,0.8113207547169812,0.0,1,Yes
PRV52136,Inpatient,40,361000,9025.0,4.875,4.875,0,No
PRV52136,Outpatient,64,19190,299.84375,0.796875,0.0,0,No
PRV52138,Outpatient,188,58880,313.1914893617021,1.6702127659574468,0.0,0,No
PRV52140,Outpatient,19,5130,270.0,0.47368421052631576,0.0,0,No
PRV52141,Inpatient,3,17000,5666.666666666667,1.6666666666666667,1.6666666666666667,0,No
PRV52141,Outpatient,668,203290,304.3263473053892,1.8053892215568863,0.0,0,No
PRV52142,Inpatient,28,242900,8675.0,4.75,4.75,0,No
PRV52142,Outpatient,31,5620,181.29032258064515,3.4516129032258065,0.0,0,No
PRV52143,Outpatient,17,8290,487.6470588235294,5.705882352941177,0.0,0,No
PRV52144,Inpatient,12,89000,7416.666666666667,4.166666666666667,4.166666666666667,0,No
PRV52144,Outpatient,122,34130,279.75409836065575,1.4672131147540983,0.0,0,No
PRV52145,Outpatient,245,60910,248.6122448979592,1.3673469387755102,0.0,0,No
PRV52146,Inpatient,24,237000,9875.0,5.625,5.625,0,No
PRV52146,Outpatient,16,3710,231.875,3.375,0.0,0,No
PRV52147,Inpatient,18,236000,13111.111111111111,6.055555555555555,6.055555555555555,1,Yes
PRV52147,Outpatient,193,55500,287.56476683937825,1.5181347150259068,0.0,1,Yes
PRV52148,Inpatient,42,341000,8119.047619047619,5.761904761904762,5.761904761904762,0,No
PRV52148,Outpatient,36,4150,115.27777777777777,1.6388888888888888,0.0,0,No
PRV52149,Inpatient,16,154000,9625.0,4.4375,4.4375,0,No
PRV52149,Outpatient,164,37550,228.96341463414635,1.6768292682926829,0.0,0,No
PRV52150,Inpatient,31,368000,11870.967741935483,7.161290322580645,7.161290322580645,0,No
PRV52150,Outpatient,279,77240,276.8458781362007,1.874551971326165,0.0,0,No
PRV52151,Inpatient,47,455800,9697.872340425532,5.638297872340425,5.638297872340425,1,Yes
PRV52151,Outpatient,74,18310,247.43243243243242,1.445945945945946,0.0,1,Yes
PRV52152,Inpatient,47,447980,9531.489361702128,5.0212765957446805,5.042553191489362,0,No
PRV52152,Outpatient,41,6380,155.609756097561,0.4878048780487805,0.0,0,No
PRV52154,Outpatient,742,194350,261.92722371967653,1.564690026954178,0.0,0,No
PRV52155,Inpatient,12,84000,7000.0,11.583333333333334,11.583333333333334,0,No
PRV52155,Outpatient,50,14490,289.8,1.88,0.0,0,No
PRV52156,Inpatient,13,238000,18307.69230769231,4.615384615384615,4.615384615384615,0,No
PRV52156,Outpatient,111,33910,305.4954954954955,0.918918918918919,0.0,0,No
PRV52157,Inpatient,43,444000,10325.581395348838,6.930232558139535,6.930232558139535,0,No
PRV52157,Outpatient,184,50450,274.1847826086956,1.7826086956521738,0.0,0,No
PRV52159,Inpatient,24,225000,9375.0,3.8333333333333335,3.8333333333333335,0,No
PRV52159,Outpatient,247,63300,256.27530364372467,1.1174089068825912,0.0,0,No
PRV52160,Inpatient,3,30000,10000.0,4.666666666666667,4.666666666666667,0,No
PRV52160,Outpatient,50,11460,229.2,2.12,0.0,0,No
PRV52161,Outpatient,10,1660,166.0,0.0,0.0,0,No
PRV52162,Inpatient,1,14000,14000.0,2.0,2.0,0,No
PRV52162,Outpatient,38,14000,368.42105263157896,2.1315789473684212,0.0,0,No
PRV52163,Inpatient,2,12000,6000.0,1.0,1.0,0,No
PRV52163,Outpatient,60,25470,424.5,1.2833333333333334,0.0,0,No
PRV52165,Inpatient,10,91000,9100.0,4.4,4.4,1,Yes
PRV52165,Outpatient,62,23060,371.93548387096774,1.1774193548387097,0.0,1,Yes
PRV52166,Inpatient,7,44000,6285.714285714285,5.0,5.0,0,No
PRV52166,Outpatient,93,25300,272.0430107526882,1.3655913978494623,0.0,0,No
PRV52167,Inpatient,9,99000,11000.0,4.444444444444445,4.444444444444445,0,No
PRV52167,Outpatient,71,17390,244.92957746478874,1.9859154929577465,0.0,0,No
PRV52168,Outpatient,78,17660,226.4102564102564,0.9230769230769231,0.0,0,No
PRV52169,Outpatient,39,10000,256.4102564102564,1.6666666666666667,0.0,0,No
PRV52170,Inpatient,3,53000,17666.666666666668,14.0,14.0,0,No
PRV52170,Outpatient,40,9090,227.25,0.5,0.0,0,No
PRV52171,Inpatient,3,16000,5333.333333333333,5.0,5.0,0,No
PRV52171,Outpatient,9,1820,202.22222222222223,0.4444444444444444,0.0,0,No
PRV52173,Inpatient,119,1381400,11608.403361344537,6.571428571428571,6.571428571428571,1,Yes
PRV52174,Outpatient,4,830,207.5,0.0,0.0,0,No
PRV52175,Outpatient,221,58320,263.8914027149321,1.16289592760181,0.0,0,No
PRV52176,Inpatient,21,312000,14857.142857142857,4.476190476190476,4.476190476190476,0,No
PRV52177,Inpatient,5,27000,5400.0,5.4,5.4,0,No
PRV52177,Outpatient,34,6850,201.47058823529412,1.2647058823529411,0.0,0,No
PRV52178,Inpatient,133,1379400,10371.42857142857,6.639097744360902,6.631578947368421,1,Yes
PRV52178,Outpatient,3,190,63.333333333333336,0.0,0.0,1,Yes
PRV52179,Inpatient,2,24000,12000.0,5.5,5.5,0,No
PRV52179,Outpatient,42,15910,378.8095238095238,1.6904761904761905,0.0,0,No
PRV52180,Inpatient,5,64400,12880.0,6.2,6.2,0,No
PRV52180,Outpatient,57,14320,251.2280701754386,1.263157894736842,0.0,0,No
PRV52181,Inpatient,10,105000,10500.0,6.0,6.0,1,Yes
PRV52181,Outpatient,17,3640,214.11764705882354,3.588235294117647,0.0,1,Yes
PRV52182,Inpatient,5,29000,5800.0,3.8,3.8,0,No
PRV52182,Outpatient,104,34620,332.88461538461536,2.1634615384615383,0.0,0,No
PRV52184,Outpatient,21,2960,140.95238095238096,0.7619047619047619,0.0,0,No
PRV52185,Outpatient,68,15510,228.08823529411765,1.4852941176470589,0.0,0,No
PRV52186,Outpatient,41,7160,174.6341463414634,1.0731707317073171,0.0,0,No
PRV52187,Outpatient,27,7440,275.55555555555554,2.7777777777777777,0.0,0,No
PRV52188,Inpatient,14,165000,11785.714285714286,6.571428571428571,6.571428571428571,0,No
PRV52188,Outpatient,19,6080,320.0,2.473684210526316,0.0,0,No
PRV52189,Outpatient,23,5890,256.0869565217391,2.1739130434782608,0.0,0,No
PRV52191,Outpatient,28,8640,308.57142857142856,1.7142857142857142,0.0,0,No
PRV52192,Inpatient,6,49000,8166.666666666667,4.333333333333333,4.333333333333333,0,No
PRV52192,Outpatient,26,3060,117.6923076923077,0.8846153846153846,0.0,0,No
PRV52193,Outpatient,153,28620,187.05882352941177,1.5359477124183007,0.0,0,No
PRV52195,Inpatient,10,120000,12000.0,6.5,6.5,1,Yes
PRV52196,Outpatient,6,2710,451.6666666666667,0.6666666666666666,0.0,0,No
PRV52197,Inpatient,10,114000,11400.0,7.7,7.7,0,No
PRV52199,Outpatient,10,1080,108.0,0.9,0.0,0,No
PRV52200,Outpatient,1,40,40.0,0.0,0.0,0,No
PRV52201,Outpatient,9,450,50.0,4.111111111111111,0.0,0,No
PRV52202,Outpatient,50,8200,164.0,0.42,0.0,0,No
PRV52204,Outpatient,9,2590,287.77777777777777,2.3333333333333335,0.0,0,No
PRV52205,Outpatient,2,1120,560.0,0.0,0.0,0,No
PRV52206,Outpatient,5,1810,362.0,5.6,0.0,0,No
PRV52208,Outpatient,13,4560,350.7692307692308,0.15384615384615385,0.0,0,No
PRV52209,Outpatient,8,4960,620.0,5.0,0.0,0,No
PRV52211,Outpatient,130,26860,206.6153846153846,0.6076923076923076,0.0,0,No
PRV52212,Outpatient,64,13220,206.5625,0.984375,0.0,0,No
PRV52213,Outpatient,7,590,84.28571428571429,1.2857142857142858,0.0,0,No
PRV52214,Outpatient,47,12680,269.78723404255317,1.702127659574468,0.0,0,No
PRV52216,Outpatient,15,4940,329.3333333333333,2.6666666666666665,0.0,0,No
PRV52217,Outpatient,5,520,104.0,0.2,0.0,0,No
PRV52218,Outpatient,8,1660,207.5,0.0,0.0,0,No
PRV52219,Outpatient,4,2780,695.0,0.0,0.0,0,No
PRV52220,Outpatient,12,2200,183.33333333333334,0.0,0.0,0,No
PRV52221,Outpatient,1,10,10.0,0.0,0.0,0,No
PRV52222,Outpatient,54,16920,313.3333333333333,2.3333333333333335,0.0,0,No
PRV52224,Outpatient,41,10100,246.34146341463415,2.317073170731707,0.0,0,No
PRV52225,Outpatient,6,840,140.0,0.0,0.0,0,No
PRV52226,Outpatient,2,100,50.0,2.0,0.0,0,No
PRV52227,Outpatient,7,5560,794.2857142857143,3.0,0.0,0,No
PRV52228,Outpatient,8,2400,300.0,3.375,0.0,0,No
PRV52229,Outpatient,11,370,33.63636363636363,1.8181818181818181,0.0,0,No
PRV52230,Outpatient,43,15100,351.16279069767444,0.9069767441860465,0.0,0,No
PRV52231,Outpatient,6,3980,663.3333333333334,3.3333333333333335,0.0,0,No
PRV52232,Outpatient,4,640,160.0,0.0,0.0,0,No
PRV52233,Outpatient,216,63540,294.1666666666667,1.6388888888888888,0.0,0,No
PRV52235,Outpatient,2,970,485.0,0.0,0.0,0,No
PRV52236,Outpatient,14,5780,412.85714285714283,1.9285714285714286,0.0,0,No
PRV52237,Outpatient,38,7400,194.73684210526315,1.9473684210526316,0.0,0,No
PRV52238,Outpatient,11,1530,139.0909090909091,0.45454545454545453,0.0,0,No
PRV52240,Outpatient,62,25220,406.7741935483871,2.306451612903226,0.0,0,No
PRV52241,Outpatient,23,5690,247.3913043478261,1.7391304347826086,0.0,0,No
PRV52242,Outpatient,31,13600,438.7096774193548,3.3548387096774195,0.0,0,No
PRV52246,Outpatient,67,26510,395.67164179104475,2.626865671641791,0.0,0,No
PRV52247,Outpatient,49,10890,222.24489795918367,0.7346938775510204,0.0,0,No
PRV52248,Outpatient,24,12750,531.25,4.208333333333333,0.0,0,No
PRV52249,Outpatient,47,25480,542.1276595744681,4.425531914893617,0.0,0,No
PRV52251,Outpatient,4,270,67.5,0.0,0.0,0,No
PRV52252,Outpatient,26,2130,81.92307692307692,1.3076923076923077,0.0,0,No
PRV52253,Outpatient,1,80,80.0,0.0,0.0,0,No
PRV52254,Outpatient,31,3960,127.74193548387096,2.806451612903226,0.0,0,No
PRV52255,Outpatient,10,720,72.0,0.1,0.0,0,No
PRV52256,Outpatient,1,50,50.0,0.0,0.0,0,No
PRV52257,Outpatient,15,4440,296.0,2.2666666666666666,0.0,0,No
PRV52260,Outpatient,63,12880,204.44444444444446,1.3492063492063493,0.0,0,No
PRV52261,Outpatient,1,200,200.0,0.0,0.0,0,No
PRV52262,Outpatient,112,27840,248.57142857142858,0.8125,0.0,0,No
PRV52263,Outpatient,3,630,210.0,0.0,0.0,0,No
PRV52264,Outpatient,25,4420,176.8,0.04,0.0,0,No
PRV52265,Inpatient,30,260000,8666.666666666666,4.733333333333333,4.733333333333333,0,No
PRV52266,Inpatient,37,460400,12443.243243243243,7.45945945945946,7.702702702702703,0,No
PRV52267,Inpatient,10,78900,7890.0,4.9,4.9,0,No
PRV52271,Outpatient,19,3760,197.89473684210526,1.105263157894737,0.0,0,No
PRV52272,Outpatient,8,4210,526.25,0.0,0.0,0,No
PRV52273,Outpatient,11,4380,398.1818181818182,0.0,0.0,0,No
PRV52274,Outpatient,38,7800,205.26315789473685,0.7368421052631579,0.0,0,No
PRV52275,Outpatient,101,27220,269.5049504950495,0.9603960396039604,0.0,0,No
PRV52276,Outpatient,68,17750,261.02941176470586,1.4558823529411764,0.0,0,No
PRV52278,Inpatient,16,235000,14687.5,5.6875,5.6875,0,No
PRV52279,Inpatient,82,783000,9548.780487804877,5.548780487804878,5.573170731707317,0,No
PRV52279,Outpatient,1,300,300.0,0.0,0.0,0,No
PRV52280,Inpatient,41,395000,9634.146341463415,7.2682926829268295,7.2682926829268295,1,Yes
PRV52281,Inpatient,41,408000,9951.219512195123,4.7560975609756095,4.7560975609756095,0,No
PRV52282,Inpatient,6,77000,12833.333333333334,6.0,6.0,0,No
PRV52283,Inpatient,66,594700,9010.60606060606,4.9393939393939394,4.9393939393939394,1,Yes
PRV52284,Outpatient,39,5320,136.4102564102564,1.7179487179487178,0.0,0,No
PRV52285,Inpatient,19,144000,7578.9473684210525,5.894736842105263,5.894736842105263,0,No
PRV52286,Inpatient,5,90000,18000.0,3.4,3.4,0,No
PRV52288,Outpatient,13,2810,216.15384615384616,0.07692307692307693,0.0,0,No
PRV52289,Inpatient,4,18000,4500.0,3.25,3.25,0,No
PRV52290,Inpatient,10,68000,6800.0,3.1,3.1,0,No
PRV52291,Inpatient,17,128000,7529.411764705882,4.647058823529412,4.647058823529412,0,No
PRV52291,Outpatient,1,0,0.0,0.0,0.0,0,No
PRV52292,Inpatient,25,303000,12120.0,7.2,7.2,1,Yes
PRV52293,Outpatient,7,4170,595.7142857142857,3.0,0.0,0,No
PRV52294,Inpatient,7,54000,7714.285714285715,4.571428571428571,4.571428571428571,0,No
PRV52295,Inpatient,5,19000,3800.0,5.2,5.2,0,No
PRV52296,Inpatient,2,12000,6000.0,3.5,3.5,0,No
PRV52298,Inpatient,9,93000,10333.333333333334,3.2222222222222223,3.2222222222222223,0,No
PRV52298,Outpatient,209,60300,288.51674641148327,1.6842105263157894,0.0,0,No
PRV52299,Outpatient,601,157140,261.46422628951746,1.194675540765391,0.0,0,No
PRV52300,Inpatient,3,55000,18333.333333333332,5.666666666666667,5.666666666666667,0,No
PRV52300,Outpatient,18,4160,231.11111111111111,2.2777777777777777,0.0,0,No
PRV52302,Inpatient,11,127000,11545.454545454546,5.818181818181818,5.818181818181818,0,No
PRV52302,Outpatient,35,9280,265.14285714285717,1.0285714285714285,0.0,0,No
PRV52303,Inpatient,23,258000,11217.391304347826,4.304347826086956,4.304347826086956,0,No
PRV52303,Outpatient,369,89340,242.1138211382114,0.9728997289972899,0.0,0,No
PRV52304,Outpatient,184,63120,343.04347826086956,1.2554347826086956,0.0,0,No
PRV52306,Outpatient,15,7030,468.6666666666667,0.5333333333333333,0.0,0,No
PRV52307,Inpatient,53,770000,14528.301886792453,5.60377358490566,5.60377358490566,1,Yes
PRV52307,Outpatient,122,36460,298.8524590163934,1.360655737704918,0.0,1,Yes
PRV52308,Inpatient,40,364700,9117.5,4.8,4.8,1,Yes
PRV52308,Outpatient,47,10060,214.04255319148936,1.3829787234042554,0.0,1,Yes
PRV52309,Outpatient,170,45340,266.70588235294116,1.9470588235294117,0.0,0,No
PRV52310,Outpatient,454,106790,235.2202643171806,0.8524229074889867,0.0,0,No
PRV52311,Outpatient,28,7770,277.5,0.75,0.0,0,No
PRV52312,Outpatient,214,79810,372.94392523364485,1.144859813084112,0.0,0,No
PRV52313,Outpatient,504,146700,291.07142857142856,1.626984126984127,0.0,0,No
PRV52314,Inpatient,40,412000,10300.0,5.825,5.825,0,No
PRV52314,Outpatient,183,43180,235.95628415300547,1.530054644808743,0.0,0,No
PRV52315,Inpatient,5,40000,8000.0,8.8,8.8,0,No
PRV52315,Outpatient,80,21930,274.125,1.1,0.0,0,No
PRV52317,Inpatient,2,24000,12000.0,4.0,4.0,0,No
PRV52317,Outpatient,23,4590,199.56521739130434,1.826086956521739,0.0,0,No
PRV52318,Outpatient,39,10000,256.4102564102564,1.5128205128205128,0.0,0,No
PRV52319,Outpatient,30,7740,258.0,1.3666666666666667,0.0,0,No
PRV52320,Inpatient,69,796000,11536.231884057972,5.797101449275362,5.797101449275362,1,Yes
PRV52320,Outpatient,297,78200,263.2996632996633,1.3771043771043772,0.0,1,Yes
PRV52321,Inpatient,33,367000,11121.212121212122,5.515151515151516,5.515151515151516,1,Yes
PRV52321,Outpatient,117,23230,198.54700854700855,1.1452991452991452,0.0,1,Yes
PRV52323,Outpatient,190,49770,261.94736842105266,1.1157894736842104,0.0,0,No
PRV52325,Inpatient,27,255900,9477.777777777777,6.555555555555555,6.555555555555555,1,Yes
PRV52325,Outpatient,103,25900,251.45631067961165,2.378640776699029,0.0,1,Yes
PRV52326,Inpatient,8,66000,8250.0,2.75,2.75,0,No
PRV52326,Outpatient,6,4770,795.0,4.666666666666667,0.0,0,No
PRV52328,Outpatient,35,19560,558.8571428571429,0.9142857142857143,0.0,0,No
PRV52331,Inpatient,9,55000,6111.111111111111,5.333333333333333,5.333333333333333,0,No
PRV52331,Outpatient,52,13430,258.2692307692308,0.6346153846153846,0.0,0,No
PRV52332,Outpatient,64,20650,322.65625,1.484375,0.0,0,No
PRV52334,Inpatient,8,93000,11625.0,4.75,4.75,0,No
PRV52334,Outpatient,59,20980,355.59322033898303,0.3728813559322034,0.0,0,No
PRV52335,Inpatient,2,26000,13000.0,5.5,5.5,0,No
PRV52335,Outpatient,240,83870,349.4583333333333,1.3625,0.0,0,No
PRV52336,Outpatient,86,26960,313.48837209302326,1.302325581395349,0.0,0,No
PRV52337,Outpatient,773,205790,266.22250970245796,1.1746442432082795,0.0,1,Yes
PRV52340,Inpatient,224,2075400,9265.17857142857,5.419642857142857,5.419642857142857,1,Yes
PRV52340,Outpatient,1519,464730,305.9447004608295,1.5938117182356815,0.0,1,Yes
PRV52341,Outpatient,135,45450,336.6666666666667,1.511111111111111,0.0,0,No
PRV52342,Inpatient,51,597000,11705.882352941177,6.607843137254902,6.607843137254902,0,No
PRV52342,Outpatient,167,55190,330.47904191616766,1.311377245508982,0.0,0,No
PRV52343,Inpatient,42,404200,9623.809523809523,5.214285714285714,5.214285714285714,1,Yes
PRV52343,Outpatient,219,77640,354.52054794520546,1.3835616438356164,0.0,1,Yes
PRV52344,Inpatient,23,249000,10826.08695652174,3.5652173913043477,3.5652173913043477,0,No
PRV52344,Outpatient,107,23150,216.3551401869159,0.2523364485981308,0.0,0,No
PRV52346,Inpatient,19,201000,10578.947368421053,5.052631578947368,5.052631578947368,0,No
PRV52346,Outpatient,49,16540,337.55102040816325,1.653061224489796,0.0,0,No
PRV52347,Inpatient,50,626400,12528.0,5.08,5.08,1,Yes
PRV52347,Outpatient,347,88690,255.5907780979827,1.7262247838616716,0.0,1,Yes
PRV52348,Inpatient,9,85000,9444.444444444445,7.333333333333333,7.333333333333333,0,No
PRV52348,Outpatient,58,17790,306.7241379310345,2.3793103448275863,0.0,0,No
PRV52349,Outpatient,99,20410,206.16161616161617,1.5151515151515151,0.0,0,No
PRV52350,Inpatient,7,30000,4285.714285714285,3.7142857142857144,3.7142857142857144,0,No
PRV52350,Outpatient,33,8660,262.42424242424244,1.5454545454545454,0.0,0,No
PRV52351,Outpatient,425,103700,244.0,1.275294117647059,0.0,0,No
PRV52352,Outpatient,32,9660,301.875,1.4375,0.0,0,No
PRV52353,Inpatient,6,140000,23333.333333333332,7.333333333333333,7.333333333333333,0,No
PRV52353,Outpatient,42,10420,248.0952380952381,1.2619047619047619,0.0,0,No
PRV52354,Outpatient,66,19400,293.93939393939394,0.9848484848484849,0.0,0,No
PRV52355,Outpatient,63,24170,383.6507936507937,1.1587301587301588,0.0,0,No
PRV52356,Outpatient,98,22350,228.0612244897959,1.8061224489795917,0.0,0,No
PRV52357,Inpatient,8,69000,8625.0,5.625,5.625,0,No
PRV52357,Outpatient,97,29830,307.5257731958763,1.4639175257731958,0.0,0,No
PRV52358,Outpatient,18,5180,287.77777777777777,3.0,0.0,0,No
PRV52359,Inpatient,42,413000,9833.333333333334,4.976190476190476,4.976190476190476,0,No
PRV52359,Outpatient,65,13430,206.6153846153846,1.0461538461538462,0.0,0,No
PRV52361,Outpatient,158,44230,279.9367088607595,0.9556962025316456,0.0,0,No
PRV52362,Inpatient,9,90300,10033.333333333334,6.222222222222222,6.222222222222222,0,No
PRV52362,Outpatient,145,35330,243.6551724137931,0.9241379310344827,0.0,0,No
PRV52365,Outpatient,739,202130,273.51826792963465,1.3301759133964817,0.0,0,No
PRV52366,Inpatient,25,226300,9052.0,4.36,4.36,0,No
PRV52366,Outpatient,191,54580,285.75916230366494,1.387434554973822,0.0,0,No
PRV52367,Inpatient,4,59000,14750.0,6.75,6.75,0,No
PRV52367,Outpatient,293,97620,333.1740614334471,1.1945392491467577,0.0,0,No
PRV52369,Outpatient,547,163780,299.41499085923215,1.4442413162705667,0.0,0,No
PRV52371,Outpatient,72,17370,241.25,1.2083333333333333,0.0,0,No
PRV52372,Inpatient,27,268000,9925.925925925925,6.0,6.0,0,No
PRV52372,Outpatient,97,24040,247.83505154639175,0.9896907216494846,0.0,0,No
PRV52373,Inpatient,3,38000,12666.666666666666,3.6666666666666665,3.6666666666666665,0,No
PRV52373,Outpatient,20,5710,285.5,2.05,0.0,0,No
PRV52374,Outpatient,228,68780,301.6666666666667,1.8333333333333333,0.0,0,No
PRV52377,Outpatient,44,13700,311.3636363636364,0.6818181818181818,0.0,0,No
PRV52378,Inpatient,3,11000,3666.6666666666665,11.0,11.0,0,No
PRV52378,Outpatient,9,920,102.22222222222223,2.2222222222222223,0.0,0,No
PRV52380,Outpatient,4,280,70.0,5.0,0.0,0,No
PRV52381,Outpatient,80,33460,418.25,2.2875,0.0,0,No
PRV52383,Outpatient,74,15540,210.0,1.3918918918918919,0.0,1,Yes
PRV52384,Outpatient,33,7880,238.78787878787878,0.0,0.0,0,No
PRV52385,Outpatient,22,7140,324.54545454545456,0.7272727272727273,0.0,0,No
PRV52386,Outpatient,237,55300,233.33333333333334,1.9451476793248945,0.0,0,No
PRV52387,Inpatient,13,106000,8153.846153846154,4.769230769230769,4.769230769230769,0,No
PRV52387,Outpatient,50,15740,314.8,1.68,0.0,0,No
PRV52389,Outpatient,171,44690,261.34502923976606,1.6608187134502923,0.0,0,No
PRV52390,Outpatient,36,6400,177.77777777777777,2.25,0.0,0,No
PRV52391,Outpatient,22,9030,410.45454545454544,2.6363636363636362,0.0,0,No
PRV52392,Inpatient,5,50000,10000.0,6.6,6.6,0,No
PRV52392,Outpatient,122,35980,294.91803278688525,1.1721311475409837,0.0,0,No
PRV52393,Inpatient,16,178000,11125.0,8.875,8.875,0,No
PRV52393,Outpatient,75,19430,259.06666666666666,0.7866666666666666,0.0,0,No
PRV52394,Inpatient,3,16000,5333.333333333333,7.0,7.0,0,No
PRV52394,Outpatient,115,39530,343.7391304347826,2.130434782608696,0.0,0,No
PRV52395,Outpatient,912,268430,294.3311403508772,1.518640350877193,0.0,0,No
PRV52396,Inpatient,17,148000,8705.882352941177,6.0,6.0,1,Yes
PRV52396,Outpatient,23,8300,360.8695652173913,0.9130434782608695,0.0,1,Yes
PRV52397,Outpatient,8,1010,126.25,4.25,0.0,0,No
PRV52398,Inpatient,12,188000,15666.666666666666,5.416666666666667,5.416666666666667,0,No
PRV52398,Outpatient,36,9890,274.72222222222223,1.5277777777777777,0.0,0,No
PRV52399,Outpatient,434,118800,273.7327188940092,0.543778801843318,0.0,0,No
PRV52400,Outpatient,231,64710,280.12987012987014,1.7705627705627707,0.0,0,No
PRV52401,Inpatient,4,51000,12750.0,4.25,4.25,0,No
PRV52401,Outpatient,137,27400,200.0,0.948905109489051,0.0,0,No
PRV52402,Inpatient,57,535000,9385.964912280702,5.456140350877193,5.456140350877193,0,No
PRV52402,Outpatient,152,42120,277.10526315789474,1.0,0.0,0,No
PRV52403,Inpatient,2,13000,6500.0,4.0,4.0,0,No
PRV52403,Outpatient,214,49760,232.52336448598132,1.5794392523364487,0.0,0,No
PRV52404,Inpatient,7,59000,8428.57142857143,7.428571428571429,7.428571428571429,0,No
PRV52404,Outpatient,20,1610,80.5,0.95,0.0,0,No
PRV52405,Inpatient,22,169000,7681.818181818182,4.0,4.0,0,No
PRV52405,Outpatient,67,20070,299.55223880597015,2.7611940298507465,0.0,0,No
PRV52406,Outpatient,63,13420,213.015873015873,0.9841269841269841,0.0,0,No
PRV52407,Outpatient,43,15970,371.3953488372093,0.5348837209302325,0.0,0,No
PRV52408,Outpatient,29,4270,147.24137931034483,1.0344827586206897,0.0,0,No
PRV52409,Outpatient,16,2630,164.375,0.0,0.0,0,No
PRV52410,Outpatient,58,24310,419.13793103448273,0.06896551724137931,0.0,0,No
PRV52411,Outpatient,92,32010,347.9347826086956,1.576086956521739,0.0,0,No
PRV52412,Outpatient,63,20340,322.85714285714283,1.5396825396825398,0.0,0,No
PRV52414,Outpatient,132,43600,330.3030303030303,1.446969696969697,0.0,0,No
PRV52415,Outpatient,41,7500,182.9268292682927,1.0731707317073171,0.0,0,No
PRV52416,Outpatient,42,9650,229.76190476190476,0.14285714285714285,0.0,0,No
PRV52417,Outpatient,20,4210,210.5,2.05,0.0,0,No
PRV52418,Outpatient,35,7730,220.85714285714286,1.4285714285714286,0.0,0,No
PRV52419,Inpatient,5,68000,13600.0,8.8,8.8,0,No
PRV52419,Outpatient,107,45470,424.95327102803736,2.6448598130841123,0.0,0,No
PRV52420,Outpatient,141,78050,553.5460992907801,3.234042553191489,0.0,1,Yes
PRV52421,Outpatient,95,33550,353.1578947368421,2.0105263157894737,0.0,0,No
PRV52422,Outpatient,58,26400,455.17241379310343,2.8448275862068964,0.0,0,No
PRV52423,Outpatient,54,11480,212.59259259259258,1.2222222222222223,0.0,0,No
PRV52425,Outpatient,23,3570,155.2173913043478,0.0,0.0,0,No
PRV52427,Inpatient,3,30000,10000.0,3.0,3.0,0,No
PRV52427,Outpatient,16,6850,428.125,1.25,0.0,0,No
PRV52431,Outpatient,63,23850,378.57142857142856,3.3968253968253967,0.0,0,No
PRV52432,Outpatient,58,12780,220.3448275862069,1.2241379310344827,0.0,0,No
PRV52433,Outpatient,85,22060,259.52941176470586,0.9058823529411765,0.0,0,No
PRV52434,Outpatient,2,90,45.0,0.0,0.0,0,No
PRV52435,Outpatient,70,20420,291.7142857142857,2.1,0.0,0,No
PRV52436,Outpatient,44,9980,226.8181818181818,1.5909090909090908,0.0,0,No
PRV52437,Outpatient,43,11050,256.9767441860465,0.2558139534883721,0.0,0,No
PRV52439,Outpatient,121,29520,243.96694214876032,0.5785123966942148,0.0,0,No
PRV52440,Outpatient,12,4980,415.0,2.9166666666666665,0.0,0,No
PRV52441,Outpatient,94,20410,217.12765957446808,1.0425531914893618,0.0,0,No
PRV52443,Outpatient,1,10,10.0,0.0,0.0,0,No
PRV52445,Inpatient,5,102000,20400.0,8.2,8.2,1,Yes
PRV52446,Inpatient,10,129000,12900.0,7.3,7.3,0,No
PRV52448,Outpatient,2,170,85.0,0.0,0.0,0,No
PRV52449,Inpatient,6,126000,21000.0,6.666666666666667,6.666666666666667,0,No
PRV52450,Outpatient,298,81540,273.6241610738255,1.3657718120805369,0.0,0,No
PRV52451,Outpatient,20,11130,556.5,2.4,0.0,0,No
PRV52452,Inpatient,2,20000,10000.0,5.5,5.5,0,No
PRV52452,Outpatient,272,67650,248.71323529411765,1.3161764705882353,0.0,0,No
PRV52453,Outpatient,1,20,20.0,0.0,0.0,0,No
PRV52454,Outpatient,15,1450,96.66666666666667,0.2,0.0,0,No
PRV52455,Outpatient,76,24200,318.42105263157896,1.8026315789473684,0.0,0,No
PRV52456,Outpatient,7,1370,195.71428571428572,1.5714285714285714,0.0,0,No
PRV52457,Inpatient,9,117000,13000.0,4.444444444444445,4.444444444444445,0,No
PRV52458,Inpatient,1,27000,27000.0,5.0,5.0,0,No
PRV52459,Inpatient,50,505900,10118.0,5.28,5.28,0,No
PRV52460,Inpatient,13,90000,6923.076923076923,5.3076923076923075,5.3076923076923075,0,No
PRV52461,Inpatient,7,48000,6857.142857142857,3.5714285714285716,3.5714285714285716,0,No
PRV52462,Inpatient,2,16000,8000.0,4.5,4.5,0,No
PRV52463,Inpatient,1,5000,5000.0,4.0,4.0,0,No
PRV52464,Inpatient,2,12000,6000.0,8.5,8.5,0,No
PRV52466,Inpatient,13,139000,10692.307692307691,8.538461538461538,8.538461538461538,0,No
PRV52467,Inpatient,8,169000,21125.0,6.875,6.875,1,Yes
PRV52467,Outpatient,95,14660,154.31578947368422,1.0526315789473684,0.0,1,Yes
PRV52468,Inpatient,3,29000,9666.666666666666,7.0,7.0,0,No
PRV52468,Outpatient,18,3450,191.66666666666666,1.1111111111111112,0.0,0,No
PRV52469,Inpatient,6,54000,9000.0,3.6666666666666665,4.166666666666667,0,No
PRV52469,Outpatient,178,50420,283.2584269662921,1.3314606741573034,0.0,0,No
PRV52470,Outpatient,3,270,90.0,0.0,0.0,0,No
PRV52471,Outpatient,8,1640,205.0,0.125,0.0,0,No
PRV52472,Inpatient,18,187000,10388.888888888889,4.611111111111111,4.611111111111111,0,No
PRV52472,Outpatient,43,16810,390.93023255813955,2.813953488372093,0.0,0,No
PRV52473,Outpatient,4,3870,967.5,5.0,0.0,0,No
PRV52474,Inpatient,22,224000,10181.818181818182,6.636363636363637,6.636363636363637,0,No
PRV52474,Outpatient,15,4770,318.0,1.0,0.0,0,No
PRV52476,Inpatient,6,84000,14000.0,7.666666666666667,7.666666666666667,0,No
PRV52476,Outpatient,20,3300,165.0,1.55,0.0,0,No
PRV52478,Inpatient,5,21000,4200.0,8.8,8.8,0,No
PRV52478,Outpatient,50,10700,214.0,1.62,0.0,0,No
PRV52480,Inpatient,5,40000,8000.0,3.6,3.6,0,No
PRV52480,Outpatient,25,4350,174.0,0.52,0.0,0,No
PRV52482,Outpatient,1,40,40.0,0.0,0.0,0,No
PRV52483,Outpatient,223,52110,233.67713004484304,1.0179372197309418,0.0,0,No
PRV52484,Outpatient,13,1570,120.76923076923077,0.9230769230769231,0.0,0,No
PRV52485,Outpatient,5,1580,316.0,0.0,0.0,0,No
PRV52486,Outpatient,69,22140,320.8695652173913,1.8695652173913044,0.0,0,No
PRV52487,Outpatient,177,51030,288.3050847457627,1.231638418079096,0.0,0,No
PRV52488,Outpatient,183,44710,244.3169398907104,1.1147540983606556,0.0,0,No
PRV52490,Outpatient,17,4990,293.52941176470586,2.3529411764705883,0.0,0,No
PRV52491,Outpatient,63,16580,263.1746031746032,1.4761904761904763,0.0,0,No
PRV52492,Outpatient,34,7810,229.7058823529412,1.8235294117647058,0.0,0,No
PRV52493,Outpatient,16,3970,248.125,0.0,0.0,0,No
PRV52494,Outpatient,1,20,20.0,0.0,0.0,0,No
PRV52495,Inpatient,12,97000,8083.333333333333,4.416666666666667,4.416666666666667,0,No
PRV52495,Outpatient,3,1800,600.0,0.0,0.0,0,No
PRV52497,Inpatient,4,55000,13750.0,9.0,9.0,1,Yes
PRV52497,Outpatient,26,4240,163.07692307692307,0.34615384615384615,0.0,1,Yes
PRV52499,Inpatient,8,115000,14375.0,4.375,4.375,0,No
PRV52499,Outpatient,149,49670,333.3557046979866,2.0738255033557045,0.0,0,No
PRV52500,Inpatient,7,55000,7857.142857142857,4.285714285714286,4.285714285714286,0,No
PRV52500,Outpatient,119,31310,263.109243697479,0.9831932773109243,0.0,0,No
PRV52501,Outpatient,19,4840,254.73684210526315,1.263157894736842,0.0,0,No
PRV52502,Inpatient,26,232070,8925.76923076923,6.615384615384615,6.615384615384615,1,Yes
PRV52502,Outpatient,93,28830,310.0,1.5806451612903225,0.0,1,Yes
PRV52503,Inpatient,5,44000,8800.0,3.8,3.8,0,No
PRV52503,Outpatient,73,28800,394.52054794520546,1.904109589041096,0.0,0,No
PRV52504,Inpatient,14,112200,8014.285714285715,4.142857142857143,4.142857142857143,1,Yes
PRV52504,Outpatient,26,1980,76.15384615384616,1.3461538461538463,0.0,1,Yes
PRV52506,Outpatient,13,2190,168.46153846153845,1.6153846153846154,0.0,0,No
PRV52507,Outpatient,29,7250,250.0,0.20689655172413793,0.0,0,No
PRV52508,Inpatient,2,23000,11500.0,7.0,7.0,0,No
PRV52508,Outpatient,35,7640,218.28571428571428,0.8285714285714286,0.0,0,No
PRV52509,Inpatient,6,96000,16000.0,5.166666666666667,5.166666666666667,0,No
PRV52509,Outpatient,57,17850,313.1578947368421,0.7017543859649122,0.0,0,No
PRV52510,Outpatient,26,4240,163.07692307692307,0.0,0.0,0,No
PRV52511,Inpatient,75,675200,9002.666666666666,6.32,6.32,1,Yes
PRV52511,Outpatient,171,45080,263.62573099415204,1.1754385964912282,0.0,1,Yes
PRV52512,Outpatient,31,6090,196.4516129032258,1.935483870967742,0.0,0,No
PRV52513,Outpatient,20,3870,193.5,0.0,0.0,0,No
PRV52514,Outpatient,15,6600,440.0,1.3333333333333333,0.0,0,No
PRV52515,Outpatient,17,2450,144.11764705882354,0.0,0.0,0,No
PRV52517,Outpatient,32,10910,340.9375,0.0,0.0,0,No
PRV52518,Inpatient,1,57000,57000.0,17.0,17.0,0,No
PRV52518,Outpatient,50,15340,306.8,1.12,0.0,0,No
PRV52519,Inpatient,6,98000,16333.333333333334,7.333333333333333,7.333333333333333,0,No
PRV52519,Outpatient,94,39180,416.8085106382979,1.946808510638298,0.0,0,No
PRV52520,Outpatient,121,39910,329.8347107438017,1.8760330578512396,0.0,0,No
PRV52521,Outpatient,113,25000,221.23893805309734,1.2920353982300885,0.0,0,No
PRV52523,Outpatient,3,480,160.0,0.0,0.0,0,No
PRV52525,Outpatient,2,150,75.0,0.0,0.0,0,No
PRV52526,Outpatient,1,90,90.0,0.0,0.0,0,No
PRV52527,Outpatient,160,48730,304.5625,1.74375,0.0,0,No
PRV52528,Outpatient,26,6460,248.46153846153845,1.0769230769230769,0.0,0,No
PRV52529,Outpatient,12,2120,176.66666666666666,0.0,0.0,0,No
PRV52530,Inpatient,1,3000,3000.0,6.0,6.0,0,No
PRV52530,Outpatient,9,2210,245.55555555555554,1.5555555555555556,0.0,0,No
PRV52531,Outpatient,5,2970,594.0,2.0,0.0,0,No
PRV52532,Outpatient,16,2550,159.375,0.4375,0.0,0,No
PRV52533,Outpatient,43,7380,171.62790697674419,0.3023255813953488,0.0,0,No
PRV52535,Outpatient,18,7200,400.0,1.1666666666666667,0.0,0,No
PRV52536,Inpatient,1,14000,14000.0,8.0,8.0,0,No
PRV52537,Inpatient,1,57000,57000.0,19.0,19.0,0,No
PRV52539,Outpatient,14,4450,317.85714285714283,4.142857142857143,0.0,0,No
PRV52540,Outpatient,7,3370,481.42857142857144,0.0,0.0,0,No
PRV52541,Inpatient,5,41000,8200.0,6.4,6.4,0,No
PRV52542,Outpatient,62,15920,256.7741935483871,1.2741935483870968,0.0,0,No
PRV52543,Outpatient,171,47550,278.0701754385965,1.2514619883040936,0.0,0,No
PRV52544,Inpatient,6,34000,5666.666666666667,3.8333333333333335,3.8333333333333335,0,No
PRV52545,Outpatient,13,1460,112.3076923076923,1.6153846153846154,0.0,0,No
PRV52547,Outpatient,2,3020,1510.0,0.0,0.0,0,No
PRV52548,Inpatient,5,37000,7400.0,4.6,4.6,0,No
PRV52548,Outpatient,10,1750,175.0,1.9,0.0,0,No
PRV52549,Inpatient,6,39000,6500.0,8.5,8.5,0,No
PRV52549,Outpatient,150,58160,387.73333333333335,3.38,0.0,0,No
PRV52551,Outpatient,5,920,184.0,1.6,0.0,0,No
PRV52552,Inpatient,11,107000,9727.272727272728,5.363636363636363,5.363636363636363,0,No
PRV52552,Outpatient,44,12870,292.5,1.1136363636363635,0.0,0,No
PRV52553,Inpatient,4,60000,15000.0,8.25,8.25,0,No
PRV52553,Outpatient,4,2320,580.0,0.25,0.0,0,No
PRV52554,Outpatient,13,1970,151.53846153846155,1.7692307692307692,0.0,0,No
PRV52555,Outpatient,7,3600,514.2857142857143,2.857142857142857,0.0,0,No
PRV52556,Inpatient,46,447000,9717.391304347826,4.369565217391305,4.369565217391305,0,No
PRV52556,Outpatient,69,17760,257.39130434782606,1.2028985507246377,0.0,0,No
PRV52557,Outpatient,11,970,88.18181818181819,1.8181818181818181,0.0,0,No
PRV52558,Outpatient,494,140900,285.2226720647773,1.4251012145748987,0.0,0,No
PRV52559,Outpatient,359,90740,252.75766016713092,1.392757660167131,0.0,0,No
PRV52560,Outpatient,503,145450,289.16500994035783,1.2664015904572565,0.0,0,No
PRV52561,Outpatient,280,128900,460.35714285714283,1.5178571428571428,0.0,0,No
PRV52562,Inpatient,6,72000,12000.0,4.5,4.5,0,No
PRV52562,Outpatient,81,18620,229.87654320987653,1.876543209876543,0.0,0,No
PRV52563,Outpatient,473,173770,367.3784355179704,1.7674418604651163,0.0,0,No
PRV52564,Inpatient,5,35000,7000.0,3.4,3.4,0,No
PRV52564,Outpatient,16,4700,293.75,2.5,0.0,0,No
PRV52565,Inpatient,11,109000,9909.09090909091,3.909090909090909,3.909090909090909,0,No
PRV52565,Outpatient,126,32640,259.04761904761904,2.1587301587301586,0.0,0,No
PRV52566,Inpatient,22,219400,9972.727272727272,6.2727272727272725,6.2727272727272725,0,No
PRV52566,Outpatient,117,32630,278.8888888888889,1.0854700854700854,0.0,0,No
PRV52567,Outpatient,66,29670,449.54545454545456,1.7121212121212122,0.0,0,No
PRV52568,Outpatient,87,25730,295.7471264367816,0.9195402298850575,0.0,0,No
PRV52570,Inpatient,8,62000,7750.0,7.125,7.125,0,No
PRV52570,Outpatient,16,6190,386.875,1.3125,0.0,0,No
PRV52571,Outpatient,508,161790,318.48425196850394,1.68503937007874,0.0,0,No
PRV52572,Outpatient,3,4150,1383.3333333333333,13.333333333333334,0.0,0,No
PRV52573,Outpatient,587,158670,270.30664395229985,1.616695059625213,0.0,0,No
PRV52574,Inpatient,146,1498900,10266.438356164384,5.363013698630137,5.363013698630137,1,Yes
PRV52574,Outpatient,113,34930,309.11504424778764,1.5398230088495575,0.0,1,Yes
PRV52575,Outpatient,70,23780,339.7142857142857,2.157142857142857,0.0,0,No
PRV52576,Inpatient,3,42000,14000.0,4.333333333333333,4.333333333333333,0,No
PRV52576,Outpatient,23,7850,341.30434782608694,1.4782608695652173,0.0,0,No
PRV52577,Outpatient,8,2550,318.75,5.25,0.0,0,No
PRV52578,Inpatient,37,348000,9405.405405405405,6.081081081081081,6.081081081081081,1,Yes
PRV52578,Outpatient,12,5050,420.8333333333333,0.16666666666666666,0.0,1,Yes
PRV52579,Outpatient,9,1060,117.77777777777777,0.0,0.0,0,No
PRV52580,Outpatient,39,7090,181.7948717948718,0.8717948717948718,0.0,0,No
PRV52581,Outpatient,142,40050,282.0422535211268,1.6408450704225352,0.0,0,No
PRV52582,Inpatient,19,190000,10000.0,6.2631578947368425,6.2631578947368425,0,No
PRV52582,Outpatient,4,1020,255.0,0.0,0.0,0,No
PRV52583,Inpatient,26,196000,7538.461538461538,5.884615384615385,5.884615384615385,0,No
PRV52583,Outpatient,182,41790,229.6153846153846,1.7087912087912087,0.0,0,No
PRV52584,Inpatient,3,45000,15000.0,11.333333333333334,11.333333333333334,0,No
PRV52584,Outpatient,51,12460,244.31372549019608,2.196078431372549,0.0,0,No
PRV52586,Outpatient,1,300,300.0,0.0,0.0,0,No
PRV52587,Outpatient,137,38900,283.94160583941607,1.5912408759124088,0.0,0,No
PRV52588,Inpatient,17,167000,9823.529411764706,4.0588235294117645,4.0588235294117645,0,No
PRV52588,Outpatient,33,9620,291.5151515151515,2.9696969696969697,0.0,0,No
PRV52589,Inpatient,81,723800,8935.802469135802,5.419753086419753,5.419753086419753,1,Yes
PRV52589,Outpatient,345,109120,316.28985507246375,1.289855072463768,0.0,1,Yes
PRV52590,Inpatient,115,1204050,10470.0,5.139130434782609,5.139130434782609,1,Yes
PRV52590,Outpatient,93,23530,253.01075268817203,1.3655913978494623,0.0,1,Yes
PRV52591,Outpatient,46,12510,271.95652173913044,0.782608695652174,0.0,0,No
PRV52592,Inpatient,7,56000,8000.0,4.285714285714286,4.285714285714286,0,No
PRV52592,Outpatient,12,3620,301.6666666666667,4.833333333333333,0.0,0,No
PRV52593,Outpatient,582,142020,244.02061855670104,1.3986254295532645,0.0,1,Yes
PRV52596,Outpatient,2,400,200.0,1.0,0.0,0,No
PRV52598,Outpatient,31,10490,338.38709677419354,0.03225806451612903,0.0,0,No
PRV52599,Outpatient,272,87890,323.125,2.327205882352941,0.0,0,No
PRV52602,Inpatient,9,84000,9333.333333333334,3.5555555555555554,3.5555555555555554,0,No
PRV52602,Outpatient,70,24520,350.2857142857143,1.3142857142857143,0.0,0,No
PRV52604,Outpatient,7,3490,498.57142857142856,0.0,0.0,0,No
PRV52605,Outpatient,1000,253880,253.88,1.466,0.0,0,No
PRV52606,Outpatient,30,10020,334.0,1.0,0.0,0,No
PRV52607,Outpatient,2,3400,1700.0,0.0,0.0,0,No
PRV52608,Inpatient,1,3000,3000.0,3.0,3.0,0,No
PRV52609,Inpatient,5,58000,11600.0,5.8,5.8,1,Yes
PRV52609,Outpatient,128,40690,317.890625,1.015625,0.0,1,Yes
PRV52610,Inpatient,1,3000,3000.0,1.0,1.0,0,No
PRV52610,Outpatient,16,7040,440.0,1.25,0.0,0,No
PRV52611,Inpatient,9,80000,8888.888888888889,5.444444444444445,5.444444444444445,0,No
PRV52611,Outpatient,7,2760,394.2857142857143,0.0,0.0,0,No
PRV52614,Outpatient,156,42480,272.3076923076923,1.4743589743589745,0.0,0,No
PRV52615,Inpatient,2,18000,9000.0,4.0,4.0,0,No
PRV52615,Outpatient,7,770,110.0,2.857142857142857,0.0,0,No
PRV52616,Outpatient,15,8640,576.0,1.9333333333333333,0.0,0,No
PRV52617,Inpatient,42,349000,8309.52380952381,5.357142857142857,5.357142857142857,0,No
PRV52617,Outpatient,196,58900,300.51020408163265,1.5,0.0,0,No
PRV52621,Inpatient,24,176000,7333.333333333333,5.916666666666667,5.916666666666667,0,No
PRV52621,Outpatient,21,4280,203.8095238095238,1.4761904761904763,0.0,0,No
PRV52622,Inpatient,4,16000,4000.0,1.75,1.75,0,No
PRV52622,Outpatient,3,1010,336.6666666666667,6.666666666666667,0.0,0,No
PRV52623,Inpatient,10,147000,14700.0,7.9,7.9,0,No
PRV52623,Outpatient,225,55290,245.73333333333332,1.0266666666666666,0.0,0,No
PRV52626,Outpatient,3,560,186.66666666666666,0.0,0.0,0,No
PRV52627,Inpatient,3,46000,15333.333333333334,1.6666666666666667,1.6666666666666667,0,No
PRV52627,Outpatient,2,70,35.0,10.0,0.0,0,No
PRV52628,Outpatient,2098,604120,287.9504289799809,1.644423260247855,0.0,1,Yes
PRV52629,Outpatient,61,12320,201.9672131147541,1.0327868852459017,0.0,0,No
PRV52630,Inpatient,87,774400,8901.149425287356,5.137931034482759,5.137931034482759,1,Yes
PRV52630,Outpatient,347,99070,285.5043227665706,1.7031700288184437,0.0,1,Yes
PRV52631,Outpatient,1057,321750,304.399243140965,1.3159886471144748,0.0,0,No
PRV52633,Outpatient,379,100770,265.8839050131926,1.3509234828496042,0.0,0,No
PRV52634,Inpatient,58,420400,7248.275862068966,6.913793103448276,6.913793103448276,0,No
PRV52634,Outpatient,29,4550,156.89655172413794,1.9655172413793103,0.0,0,No
PRV52636,Outpatient,21,6820,324.76190476190476,1.380952380952381,0.0,0,No
PRV52638,Outpatient,1,400,400.0,0.0,0.0,0,No
PRV52639,Outpatient,37,10150,274.3243243243243,2.972972972972973,0.0,0,No
PRV52640,Outpatient,66,11050,167.42424242424244,1.2121212121212122,0.0,0,No
PRV52641,Inpatient,21,164000,7809.523809523809,5.285714285714286,5.285714285714286,0,No
PRV52641,Outpatient,76,22330,293.8157894736842,1.644736842105263,0.0,0,No
PRV52642,Inpatient,146,1252000,8575.342465753425,5.335616438356165,5.335616438356165,1,Yes
PRV52642,Outpatient,290,76240,262.8965517241379,1.6758620689655173,0.0,1,Yes
PRV52643,Outpatient,11,5090,462.72727272727275,1.2727272727272727,0.0,0,No
PRV52644,Inpatient,9,64000,7111.111111111111,4.444444444444445,4.444444444444445,0,No
PRV52644,Outpatient,22,6530,296.8181818181818,3.3636363636363638,0.0,0,No
PRV52645,Outpatient,408,109630,268.70098039215685,1.3602941176470589,0.0,0,No
PRV52646,Inpatient,34,292000,8588.235294117647,5.9411764705882355,5.9411764705882355,0,No
PRV52646,Outpatient,70,14310,204.42857142857142,1.4714285714285715,0.0,0,No
PRV52647,Inpatient,7,50000,7142.857142857143,3.857142857142857,3.857142857142857,0,No
PRV52647,Outpatient,68,21070,309.8529411764706,0.8676470588235294,0.0,0,No
PRV52648,Outpatient,842,255250,303.14726840855104,1.5807600950118765,0.0,1,Yes
PRV52649,Outpatient,2156,602190,279.30890538033395,1.4837662337662338,0.0,1,Yes
PRV52651,Inpatient,3,33000,11000.0,3.6666666666666665,3.6666666666666665,0,No
PRV52651,Outpatient,1,90,90.0,0.0,0.0,0,No
PRV52652,Outpatient,743,190560,256.47375504710635,1.5450874831763122,0.0,1,Yes
PRV52653,Inpatient,4,68000,17000.0,11.0,11.0,0,No
PRV52653,Outpatient,10,950,95.0,0.1,0.0,0,No
PRV52654,Inpatient,58,453700,7822.413793103448,4.793103448275862,4.793103448275862,0,No
PRV52654,Outpatient,119,29850,250.8403361344538,1.5546218487394958,0.0,0,No
PRV52656,Outpatient,775,239770,309.3806451612903,1.423225806451613,0.0,0,No
PRV52657,Outpatient,121,29250,241.73553719008265,0.6115702479338843,0.0,0,No
PRV52658,Outpatient,39,14840,380.5128205128205,2.230769230769231,0.0,0,No
PRV52659,Outpatient,24,3310,137.91666666666666,0.8333333333333334,0.0,0,No
PRV52660,Outpatient,558,145400,260.57347670250897,1.075268817204301,0.0,0,No
PRV52661,Outpatient,247,75690,306.43724696356276,1.3157894736842106,0.0,0,No
PRV52662,Inpatient,2,11000,5500.0,3.5,3.5,0,No
PRV52662,Outpatient,17,1790,105.29411764705883,1.411764705882353,0.0,0,No
PRV52663,Outpatient,576,180650,313.62847222222223,1.2013888888888888,0.0,0,No
PRV52665,Outpatient,607,146130,240.74135090609556,1.2487644151565074,0.0,0,No
PRV52666,Outpatient,39,8930,228.97435897435898,1.9230769230769231,0.0,0,No
PRV52667,Outpatient,3,150,50.0,0.0,0.0,0,No
PRV52668,Outpatient,7,1850,264.2857142857143,4.142857142857143,0.0,0,No
PRV52669,Outpatient,1,300,300.0,0.0,0.0,0,No
PRV52670,Outpatient,13,760,58.46153846153846,0.0,0.0,0,No
PRV52671,Outpatient,2,240,120.0,0.0,0.0,0,No
PRV52672,Outpatient,3,390,130.0,0.0,0.0,0,No
PRV52673,Outpatient,87,19470,223.79310344827587,1.2413793103448276,0.0,0,No
PRV52674,Outpatient,3,730,243.33333333333334,0.0,0.0,0,No
PRV52676,Outpatient,39,9800,251.28205128205127,0.4358974358974359,0.0,0,No
PRV52677,Outpatient,2,140,70.0,0.0,0.0,0,No
PRV52678,Outpatient,74,24930,336.8918918918919,2.4594594594594597,0.0,0,No
PRV52679,Outpatient,53,16100,303.77358490566036,1.9433962264150944,0.0,0,No
PRV52681,Outpatient,3,460,153.33333333333334,0.0,0.0,0,No
PRV52683,Outpatient,131,33240,253.74045801526717,1.2213740458015268,0.0,0,No
PRV52684,Inpatient,5,66000,13200.0,9.6,9.6,0,No
PRV52684,Outpatient,205,64040,312.390243902439,1.5121951219512195,0.0,0,No
PRV52686,Outpatient,9,1120,124.44444444444444,4.444444444444445,0.0,0,No
PRV52687,Inpatient,6,56000,9333.333333333334,4.666666666666667,4.666666666666667,0,No
PRV52687,Outpatient,35,5920,169.14285714285714,1.8285714285714285,0.0,0,No
PRV52688,Inpatient,6,99000,16500.0,5.833333333333333,5.833333333333333,0,No
PRV52688,Outpatient,53,16670,314.52830188679246,2.1320754716981134,0.0,0,No
PRV52689,Outpatient,12,1330,110.83333333333333,0.0,0.0,0,No
PRV52690,Outpatient,117,52510,448.8034188034188,2.0085470085470085,0.0,1,Yes
PRV52691,Inpatient,3,20000,6666.666666666667,6.0,6.0,0,No
PRV52691,Outpatient,14,2380,170.0,2.2857142857142856,0.0,0,No
PRV52692,Outpatient,36,9640,267.77777777777777,2.8333333333333335,0.0,0,No
PRV52693,Outpatient,8,3920,490.0,2.5,0.0,0,No
PRV52694,Outpatient,2,110,55.0,10.0,0.0,0,No
PRV52695,Outpatient,5,200,40.0,0.0,0.0,0,No
PRV52696,Inpatient,3,96000,32000.0,7.0,7.0,0,No
PRV52697,Outpatient,5,650,130.0,0.0,0.0,0,No
PRV52698,Inpatient,1,7000,7000.0,2.0,2.0,0,No
PRV52698,Outpatient,122,34770,285.0,2.040983606557377,0.0,0,No
PRV52699,Inpatient,1,9000,9000.0,3.0,3.0,0,No
PRV52699,Outpatient,11,4150,377.27272727272725,2.0,0.0,0,No
PRV52700,Outpatient,30,12300,410.0,2.3666666666666667,0.0,0,No
PRV52701,Outpatient,96,25610,266.7708333333333,1.0729166666666667,0.0,0,No
PRV52702,Outpatient,28,6750,241.07142857142858,2.4642857142857144,0.0,0,No
PRV52703,Outpatient,4,2700,675.0,1.0,0.0,0,No
PRV52704,Outpatient,159,51790,325.72327044025155,1.421383647798742,0.0,0,No
PRV52706,Inpatient,2,25000,12500.0,18.5,18.5,0,No
PRV52706,Outpatient,24,8190,341.25,3.2916666666666665,0.0,0,No
PRV52708,Inpatient,5,32000,6400.0,4.0,4.0,0,No
PRV52708,Outpatient,26,8400,323.0769230769231,0.8461538461538461,0.0,0,No
PRV52709,Outpatient,13,2220,170.76923076923077,3.076923076923077,0.0,0,No
PRV52710,Outpatient,28,4410,157.5,0.6428571428571429,0.0,0,No
PRV52711,Outpatient,28,9110,325.35714285714283,1.5714285714285714,0.0,0,No
PRV52713,Outpatient,60,14260,237.66666666666666,1.9333333333333333,0.0,0,No
PRV52714,Outpatient,5,710,142.0,0.4,0.0,0,No
PRV52715,Outpatient,3,200,66.66666666666667,0.0,0.0,0,No
PRV52717,Inpatient,20,185000,9250.0,5.2,5.2,0,No
PRV52717,Outpatient,109,26130,239.72477064220183,1.1926605504587156,0.0,0,No
PRV52719,Outpatient,63,10840,172.06349206349208,0.8571428571428571,0.0,0,No
PRV52720,Outpatient,50,15050,301.0,2.02,0.0,0,No
PRV52721,Outpatient,7,1810,258.57142857142856,6.285714285714286,0.0,0,No
PRV52722,Inpatient,9,76000,8444.444444444445,5.555555555555555,5.555555555555555,0,No
PRV52722,Outpatient,274,71380,260.5109489051095,1.2408759124087592,0.0,0,No
PRV52723,Inpatient,18,169000,9388.888888888889,7.444444444444445,7.444444444444445,0,No
PRV52723,Outpatient,163,50760,311.41104294478527,1.312883435582822,0.0,0,No
PRV52724,Outpatient,24,5040,210.0,1.5,0.0,0,No
PRV52725,Outpatient,42,18850,448.8095238095238,1.2142857142857142,0.0,0,No
PRV52726,Outpatient,2,380,190.0,10.0,0.0,0,No
PRV52727,Outpatient,12,2650,220.83333333333334,1.5833333333333333,0.0,0,No
PRV52728,Outpatient,15,3140,209.33333333333334,0.6,0.0,0,No
PRV52729,Outpatient,2,500,250.0,2.0,0.0,0,No
PRV52731,Outpatient,23,4410,191.7391304347826,2.6956521739130435,0.0,0,No
PRV52732,Outpatient,10,2490,249.0,4.0,0.0,0,No
PRV52733,Outpatient,1,30,30.0,12.0,0.0,0,No
PRV52736,Outpatient,1,50,50.0,0.0,0.0,0,No
PRV52738,Outpatient,62,17660,284.83870967741933,1.3709677419354838,0.0,0,No
PRV52739,Outpatient,53,11400,215.0943396226415,1.6226415094339623,0.0,0,No
PRV52740,Outpatient,34,6310,185.58823529411765,3.235294117647059,0.0,0,No
PRV52741,Outpatient,2,80,40.0,0.0,0.0,0,No
PRV52742,Outpatient,6,1270,211.66666666666666,3.3333333333333335,0.0,0,No
PRV52743,Outpatient,6,2070,345.0,0.0,0.0,0,No
PRV52744,Outpatient,2,400,200.0,0.0,0.0,0,No
PRV52745,Outpatient,156,47020,301.4102564102564,1.0897435897435896,0.0,0,No
PRV52746,Outpatient,1,50,50.0,0.0,0.0,0,No
PRV52747,Outpatient,21,7520,358.0952380952381,1.7619047619047619,0.0,0,No
PRV52748,Outpatient,10,610,61.0,0.0,0.0,0,No
PRV52750,Outpatient,26,10700,411.53846153846155,4.461538461538462,0.0,0,No
PRV52751,Outpatient,3,300,100.0,0.0,0.0,0,No
PRV52752,Outpatient,2,560,280.0,10.0,0.0,0,No
PRV52753,Outpatient,2,130,65.0,0.0,0.0,0,No
PRV52754,Outpatient,1,10,10.0,0.0,0.0,0,No
PRV52755,Outpatient,11,5930,539.0909090909091,1.8181818181818181,0.0,0,No
PRV52756,Outpatient,4,220,55.0,0.25,0.0,0,No
PRV52757,Outpatient,1,50,50.0,0.0,0.0,0,No
PRV52758,Outpatient,4,130,32.5,0.0,0.0,0,No
PRV52760,Outpatient,5,4070,814.0,0.4,0.0,0,No
PRV52761,Outpatient,11,4740,430.90909090909093,1.9090909090909092,0.0,0,No
PRV52763,Outpatient,1,50,50.0,0.0,0.0,0,No
PRV52764,Outpatient,3,450,150.0,6.666666666666667,0.0,0,No
PRV52766,Outpatient,11,2010,182.72727272727272,0.0,0.0,0,No
PRV52767,Outpatient,4,690,172.5,0.25,0.0,0,No
PRV52768,Outpatient,25,7310,292.4,0.8,0.0,0,No
PRV52769,Outpatient,1,40,40.0,0.0,0.0,0,No
PRV52770,Outpatient,7,1090,155.71428571428572,0.0,0.0,0,No
PRV52771,Outpatient,4,250,62.5,0.0,0.0,0,No
PRV52772,Outpatient,12,2050,170.83333333333334,0.4166666666666667,0.0,0,No
PRV52773,Outpatient,2,150,75.0,7.0,0.0,0,No
PRV52774,Outpatient,4,300,75.0,0.0,0.0,0,No
PRV52775,Outpatient,7,3790,541.4285714285714,2.857142857142857,0.0,0,No
PRV52777,Outpatient,2,260,130.0,0.0,0.0,0,No
PRV52778,Outpatient,1,100,100.0,0.0,0.0,0,No
PRV52781,Outpatient,1,100,100.0,0.0,0.0,0,No
PRV52782,Outpatient,10,1730,173.0,0.5,0.0,0,No
PRV52783,Outpatient,1,70,70.0,0.0,0.0,0,No
PRV52784,Outpatient,2,270,135.0,0.0,0.0,0,No
PRV52785,Outpatient,1,60,60.0,0.0,0.0,0,No
PRV52786,Outpatient,2,120,60.0,0.0,0.0,0,No
PRV52787,Inpatient,11,67000,6090.909090909091,2.8181818181818183,2.8181818181818183,0,No
PRV52788,Outpatient,401,115280,287.48129675810475,1.139650872817955,0.0,0,No
PRV52789,Outpatient,38,12500,328.94736842105266,2.4210526315789473,0.0,0,No
PRV52790,Outpatient,28,6860,245.0,0.7142857142857143,0.0,0,No
PRV52791,Outpatient,1,200,200.0,0.0,0.0,0,No
PRV52792,Outpatient,5,320,64.0,0.0,0.0,0,No
PRV52793,Outpatient,17,4230,248.8235294117647,2.176470588235294,0.0,0,No
PRV52794,Outpatient,1,30,30.0,0.0,0.0,0,No
PRV52795,Outpatient,19,6150,323.6842105263158,2.8947368421052633,0.0,0,No
PRV52796,Outpatient,48,16690,347.7083333333333,0.7083333333333334,0.0,0,No
PRV52797,Outpatient,1,300,300.0,0.0,0.0,0,No
PRV52798,Outpatient,56,18160,324.2857142857143,1.6607142857142858,0.0,0,No
PRV52799,Outpatient,2,150,75.0,0.0,0.0,0,No
PRV52800,Outpatient,8,1890,236.25,0.0,0.0,0,No
PRV52801,Outpatient,31,10510,339.03225806451616,2.2580645161290325,0.0,0,No
PRV52803,Inpatient,2,9000,4500.0,2.0,2.0,0,No
PRV52804,Inpatient,1,36000,36000.0,13.0,13.0,0,No
PRV52806,Inpatient,2,16000,8000.0,2.5,2.5,0,No
PRV52807,Inpatient,2,17000,8500.0,5.5,5.5,0,No
PRV52808,Inpatient,4,31000,7750.0,6.0,6.0,0,No
PRV52808,Outpatient,1,80,80.0,0.0,0.0,0,No
PRV52810,Inpatient,6,76000,12666.666666666666,5.166666666666667,5.166666666666667,0,No
PRV52813,Inpatient,17,142000,8352.941176470587,4.588235294117647,4.588235294117647,0,No
PRV52814,Inpatient,2,6000,3000.0,4.0,4.0,0,No
PRV52815,Inpatient,26,390000,15000.0,5.6923076923076925,5.6923076923076925,1,Yes
PRV52816,Inpatient,1,3000,3000.0,1.0,1.0,0,No
PRV52818,Outpatient,39,9730,249.48717948717947,0.9743589743589743,0.0,0,No
PRV52820,Outpatient,32,6510,203.4375,0.125,0.0,0,No
PRV52821,Inpatient,173,1661000,9601.156069364162,5.838150289017341,5.936416184971098,1,Yes
PRV52821,Outpatient,540,161970,299.94444444444446,1.848148148148148,0.0,1,Yes
PRV52822,Outpatient,135,43480,322.0740740740741,1.385185185185185,0.0,0,No
PRV52823,Inpatient,7,46000,6571.428571428572,10.857142857142858,10.857142857142858,0,No
PRV52823,Outpatient,80,19100,238.75,1.6625,0.0,0,No
PRV52824,Outpatient,42,8740,208.0952380952381,0.5238095238095238,0.0,0,No
PRV52825,Outpatient,22,5870,266.8181818181818,1.8636363636363635,0.0,0,No
PRV52826,Outpatient,292,101600,347.94520547945206,1.5410958904109588,0.0,1,Yes
PRV52827,Outpatient,804,282060,350.82089552238807,2.2412935323383083,0.0,0,No
PRV52828,Inpatient,23,212000,9217.391304347826,5.826086956521739,5.695652173913044,1,Yes
PRV52828,Outpatient,21,9050,430.95238095238096,2.380952380952381,0.0,1,Yes
PRV52829,Inpatient,6,40000,6666.666666666667,3.5,3.5,0,No
PRV52829,Outpatient,527,186800,354.4592030360531,1.6698292220113853,0.0,0,No
PRV52830,Outpatient,34,7250,213.23529411764707,0.29411764705882354,0.0,0,No
PRV52831,Inpatient,20,246000,12300.0,5.85,5.85,0,No
PRV52831,Outpatient,11,1920,174.54545454545453,0.6363636363636364,0.0,0,No
PRV52832,Outpatient,31,10180,328.38709677419354,0.3548387096774194,0.0,0,No
PRV52833,Inpatient,4,26000,6500.0,16.75,16.75,0,No
PRV52833,Outpatient,10,1460,146.0,2.3,0.0,0,No
PRV52835,Inpatient,11,128000,11636.363636363636,5.636363636363637,5.636363636363637,0,No
PRV52835,Outpatient,46,12360,268.69565217391306,1.0217391304347827,0.0,0,No
PRV52836,Inpatient,5,51000,10200.0,6.8,6.8,0,No
PRV52836,Outpatient,16,2680,167.5,0.25,0.0,0,No
PRV52837,Inpatient,2,22000,11000.0,3.0,3.0,0,No
PRV52837,Outpatient,69,9930,143.91304347826087,0.4492753623188406,0.0,0,No
PRV52838,Outpatient,83,25230,303.9759036144578,0.9156626506024096,0.0,0,No
PRV52839,Outpatient,33,12290,372.42424242424244,1.9696969696969697,0.0,0,No
PRV52841,Inpatient,1,13000,13000.0,1.0,1.0,0,No
PRV52841,Outpatient,2,320,160.0,0.0,0.0,0,No
PRV52842,Inpatient,24,286000,11916.666666666666,4.75,4.75,0,No
PRV52842,Outpatient,421,110510,262.4940617577197,1.2897862232779098,0.0,0,No
PRV52843,Inpatient,47,543000,11553.191489361701,5.425531914893617,5.382978723404255,1,Yes
PRV52843,Outpatient,204,49160,240.98039215686273,0.9313725490196079,0.0,1,Yes
PRV52844,Inpatient,2,13000,6500.0,2.5,2.5,0,No
PRV52844,Outpatient,127,33950,267.3228346456693,1.5275590551181102,0.0,0,No
PRV52845,Inpatient,8,218000,27250.0,3.375,3.375,0,No
PRV52845,Outpatient,223,50340,225.73991031390133,1.5336322869955157,0.0,0,No
PRV52846,Inpatient,175,2099830,11999.028571428571,5.668571428571428,5.668571428571428,1,Yes
PRV52846,Outpatient,66,17180,260.3030303030303,2.1363636363636362,0.0,1,Yes
PRV52847,Inpatient,62,611000,9854.838709677419,5.338709677419355,5.338709677419355,1,Yes
PRV52847,Outpatient,30,6430,214.33333333333334,1.3333333333333333,0.0,1,Yes
PRV52848,Outpatient,25,5280,211.2,1.4,0.0,0,No
PRV52849,Inpatient,2,43000,21500.0,4.5,4.5,0,No
PRV52849,Outpatient,12,2780,231.66666666666666,0.5833333333333334,0.0,0,No
PRV52850,Inpatient,1,16000,16000.0,5.0,5.0,0,No
PRV52850,Outpatient,145,32470,223.93103448275863,1.5655172413793104,0.0,0,No
PRV52851,Inpatient,8,61000,7625.0,4.875,4.875,0,No
PRV52851,Outpatient,29,6460,222.75862068965517,1.4482758620689655,0.0,0,No
PRV52853,Outpatient,29,11050,381.0344827586207,2.2413793103448274,0.0,0,No
PRV52855,Inpatient,3,25000,8333.333333333334,5.333333333333333,5.333333333333333,0,No
PRV52855,Outpatient,19,6800,357.89473684210526,2.1578947368421053,0.0,0,No
PRV52857,Inpatient,6,54000,9000.0,6.333333333333333,6.333333333333333,0,No
PRV52857,Outpatient,453,142310,314.1501103752759,1.4260485651214128,0.0,0,No
PRV52858,Inpatient,14,143000,10214.285714285714,6.428571428571429,6.428571428571429,0,No
PRV52858,Outpatient,66,21760,329.6969696969697,2.409090909090909,0.0,0,No
PRV52859,Outpatient,911,287930,316.059275521405,1.5093304061470911,0.0,0,No
PRV52860,Outpatient,393,107830,274.3765903307888,2.1348600508905853,0.0,1,Yes
PRV52861,Outpatient,14,1770,126.42857142857143,1.5714285714285714,0.0,0,No
PRV52862,Inpatient,56,431000,7696.428571428572,4.428571428571429,4.428571428571429,0,No
PRV52862,Outpatient,20,1660,83.0,2.65,0.0,0,No
PRV52863,Outpatient,52,14650,281.7307692307692,1.9807692307692308,0.0,0,No
PRV52864,Outpatient,28,12870,459.64285714285717,0.8214285714285714,0.0,0,No
PRV52865,Inpatient,6,70000,11666.666666666666,2.8333333333333335,2.8333333333333335,0,No
PRV52865,Outpatient,60,12790,213.16666666666666,1.2666666666666666,0.0,0,No
PRV52868,Inpatient,42,413000,9833.333333333334,5.071428571428571,5.071428571428571,1,Yes
PRV52868,Outpatient,68,21120,310.5882352941176,2.2205882352941178,0.0,1,Yes
PRV52869,Inpatient,7,82000,11714.285714285714,6.857142857142857,6.857142857142857,0,No
PRV52869,Outpatient,55,12120,220.36363636363637,0.8,0.0,0,No
PRV52870,Inpatient,35,290300,8294.285714285714,4.485714285714286,4.485714285714286,1,Yes
PRV52870,Outpatient,554,163080,294.3682310469314,1.595667870036101,0.0,1,Yes
PRV52872,Outpatient,108,47710,441.75925925925924,1.9351851851851851,0.0,0,No
PRV52873,Outpatient,69,16500,239.1304347826087,0.5072463768115942,0.0,0,No
PRV52875,Outpatient,12,1540,128.33333333333334,1.5,0.0,0,No
PRV52876,Inpatient,18,178000,9888.888888888889,6.333333333333333,6.333333333333333,0,No
PRV52876,Outpatient,55,17980,326.90909090909093,1.7454545454545454,0.0,0,No
PRV52877,Outpatient,19,2450,128.94736842105263,1.4210526315789473,0.0,0,No
PRV52878,Outpatient,27,11700,433.3333333333333,1.4814814814814814,0.0,0,No
PRV52879,Outpatient,120,26880,224.0,0.7333333333333333,0.0,0,No
PRV52880,Inpatient,3,18000,6000.0,2.0,2.0,0,No
PRV52880,Outpatient,17,1560,91.76470588235294,0.35294117647058826,0.0,0,No
PRV52881,Inpatient,20,142500,7125.0,3.75,3.75,0,No
PRV52881,Outpatient,282,69010,244.7163120567376,1.3404255319148937,0.0,0,No
PRV52882,Outpatient,41,14960,364.8780487804878,1.7804878048780488,0.0,0,No
PRV52884,Outpatient,707,237930,336.53465346534654,1.7383309759547383,0.0,1,Yes
PRV52886,Outpatient,70,24030,343.2857142857143,1.6428571428571428,0.0,0,No
PRV52887,Inpatient,23,259010,11261.304347826086,8.173913043478262,8.173913043478262,1,Yes
PRV52887,Outpatient,507,124580,245.7199211045365,1.2958579881656804,0.0,1,Yes
PRV52889,Inpatient,31,229000,7387.096774193548,4.129032258064516,4.129032258064516,0,No
PRV52889,Outpatient,609,178500,293.1034482758621,1.0689655172413792,0.0,0,No
PRV52890,Inpatient,4,29000,7250.0,4.5,4.5,0,No
PRV52890,Outpatient,18,5950,330.55555555555554,1.2222222222222223,0.0,0,No
PRV52891,Outpatient,19,2580,135.78947368421052,1.0526315789473684,0.0,0,No
PRV52892,Inpatient,7,104000,14857.142857142857,8.571428571428571,8.571428571428571,0,No
PRV52892,Outpatient,29,4690,161.72413793103448,1.4137931034482758,0.0,0,No
PRV52893,Outpatient,362,131850,364.22651933701655,1.5138121546961325,0.0,0,No
PRV52895,Outpatient,81,26180,323.2098765432099,2.3950617283950617,0.0,0,No
PRV52896,Inpatient,17,266000,15647.058823529413,5.647058823529412,5.647058823529412,0,No
PRV52896,Outpatient,125,34920,279.36,1.536,0.0,0,No
PRV52897,Outpatient,45,9140,203.11111111111111,0.6666666666666666,0.0,0,No
PRV52898,Inpatient,48,513000,10687.5,5.729166666666667,5.729166666666667,0,No
PRV52898,Outpatient,66,22930,347.42424242424244,1.9545454545454546,0.0,0,No
PRV52899,Outpatient,1,30,30.0,0.0,0.0,0,No
PRV52901,Outpatient,85,23030,270.94117647058823,0.7647058823529411,0.0,0,No
PRV52902,Inpatient,21,128000,6095.238095238095,2.761904761904762,2.761904761904762,0,No
PRV52902,Outpatient,25,4250,170.0,0.72,0.0,0,No
PRV52903,Inpatient,167,1549580,9278.922155688622,5.706586826347305,5.706586826347305,1,Yes
PRV52903,Outpatient,33,18530,561.5151515151515,1.9393939393939394,0.0,1,Yes
PRV52904,Inpatient,1,10000,10000.0,7.0,7.0,0,No
PRV52904,Outpatient,2,230,115.0,0.0,0.0,0,No
PRV52905,Outpatient,130,25440,195.69230769230768,1.5076923076923077,0.0,0,No
PRV52907,Outpatient,183,53600,292.89617486338796,1.8907103825136613,0.0,0,No
PRV52910,Inpatient,10,149000,14900.0,4.8,4.8,0,No
PRV52910,Outpatient,8,2600,325.0,2.75,0.0,0,No
PRV52911,Outpatient,5,2060,412.0,4.4,0.0,0,No
PRV52912,Inpatient,1,13000,13000.0,4.0,4.0,0,No
PRV52912,Outpatient,15,1640,109.33333333333333,0.13333333333333333,0.0,0,No
PRV52913,Outpatient,35,11600,331.42857142857144,0.4,0.0,0,No
PRV52914,Outpatient,61,17170,281.4754098360656,0.8852459016393442,0.0,0,No
PRV52916,Inpatient,6,64000,10666.666666666666,6.166666666666667,6.166666666666667,0,No
PRV52916,Outpatient,20,9130,456.5,0.7,0.0,0,No
PRV52917,Outpatient,32,8870,277.1875,0.71875,0.0,0,No
PRV52918,Inpatient,13,108700,8361.538461538461,5.6923076923076925,5.6923076923076925,0,No
PRV52918,Outpatient,9,5310,590.0,0.4444444444444444,0.0,0,No
PRV52919,Outpatient,66,14070,213.1818181818182,1.2878787878787878,0.0,0,No
PRV52920,Inpatient,2,13000,6500.0,2.5,2.5,0,No
PRV52920,Outpatient,15,1530,102.0,0.26666666666666666,0.0,0,No
PRV52921,Inpatient,3,13000,4333.333333333333,3.3333333333333335,3.3333333333333335,0,No
PRV52921,Outpatient,43,14450,336.04651162790697,1.744186046511628,0.0,0,No
PRV52922,Inpatient,7,40000,5714.285714285715,3.7142857142857144,3.7142857142857144,0,No
PRV52922,Outpatient,26,9510,365.7692307692308,1.5769230769230769,0.0,0,No
PRV52924,Inpatient,3,36000,12000.0,3.3333333333333335,3.3333333333333335,0,No
PRV52924,Outpatient,10,2730,273.0,0.0,0.0,0,No
PRV52925,Inpatient,4,29000,7250.0,5.0,5.0,0,No
PRV52926,Inpatient,4,51000,12750.0,5.5,5.5,0,No
PRV52926,Outpatient,13,2760,212.30769230769232,2.769230769230769,0.0,0,No
PRV52928,Outpatient,41,9260,225.85365853658536,1.170731707317073,0.0,0,No
PRV52929,Outpatient,35,6770,193.42857142857142,0.7714285714285715,0.0,0,No
PRV52930,Outpatient,127,39290,309.37007874015745,1.3858267716535433,0.0,0,No
PRV52931,Outpatient,14,3010,215.0,0.7857142857142857,0.0,0,No
PRV52932,Outpatient,40,13830,345.75,2.275,0.0,0,No
PRV52933,Inpatient,4,68000,17000.0,7.0,7.0,1,Yes
PRV52933,Outpatient,4,1390,347.5,5.0,0.0,1,Yes
PRV52934,Outpatient,32,8730,272.8125,1.59375,0.0,0,No
PRV52935,Outpatient,280,101800,363.57142857142856,1.7857142857142858,0.0,0,No
PRV52936,Inpatient,4,24000,6000.0,2.75,2.75,0,No
PRV52936,Outpatient,104,20340,195.57692307692307,0.41346153846153844,0.0,0,No
PRV52937,Outpatient,24,6030,251.25,1.4583333333333333,0.0,0,No
PRV52938,Outpatient,3,4270,1423.3333333333333,6.666666666666667,0.0,0,No
PRV52940,Outpatient,9,950,105.55555555555556,4.444444444444445,0.0,0,No
PRV52941,Outpatient,43,13950,324.4186046511628,0.8372093023255814,0.0,0,No
PRV52942,Outpatient,43,10910,253.72093023255815,2.116279069767442,0.0,0,No
PRV52943,Outpatient,35,6760,193.14285714285714,3.5428571428571427,0.0,0,No
PRV52944,Outpatient,4,4120,1030.0,0.0,0.0,0,No
PRV52945,Outpatient,46,6870,149.34782608695653,1.3043478260869565,0.0,0,No
PRV52948,Outpatient,106,25320,238.8679245283019,1.2547169811320755,0.0,0,No
PRV52949,Outpatient,79,27080,342.7848101265823,1.2658227848101267,0.0,0,No
PRV52950,Outpatient,116,33830,291.63793103448273,1.043103448275862,0.0,0,No
PRV52951,Outpatient,20,9980,499.0,2.0,0.0,0,No
PRV52952,Outpatient,1,600,600.0,7.0,0.0,0,No
PRV52953,Outpatient,85,23580,277.4117647058824,1.8588235294117648,0.0,0,No
PRV52954,Outpatient,1,2100,2100.0,0.0,0.0,0,No
PRV52955,Outpatient,73,14160,193.97260273972603,1.273972602739726,0.0,0,No
PRV52956,Outpatient,18,2110,117.22222222222223,0.7222222222222222,0.0,0,No
PRV52957,Outpatient,1,0,0.0,0.0,0.0,0,No
PRV52958,Outpatient,16,2020,126.25,0.0,0.0,0,No
PRV52961,Outpatient,5,320,64.0,0.0,0.0,0,No
PRV52962,Outpatient,14,3520,251.42857142857142,0.5,0.0,0,No
PRV52963,Outpatient,9,850,94.44444444444444,2.2222222222222223,0.0,0,No
PRV52964,Outpatient,91,27140,298.24175824175825,1.120879120879121,0.0,0,No
PRV52966,Outpatient,3,710,236.66666666666666,0.6666666666666666,0.0,0,No
PRV52970,Inpatient,1,4000,4000.0,3.0,3.0,0,No
PRV52971,Inpatient,3,15000,5000.0,4.0,4.0,0,No
PRV52972,Inpatient,17,220000,12941.176470588236,4.647058823529412,4.647058823529412,0,No
PRV52976,Inpatient,4,29000,7250.0,2.75,2.75,0,No
PRV52978,Inpatient,5,59000,11800.0,8.0,8.0,0,No
PRV52979,Inpatient,6,68000,11333.333333333334,3.8333333333333335,3.8333333333333335,0,No
PRV52980,Outpatient,601,142660,237.3710482529118,1.1863560732113145,0.0,0,No
PRV52981,Outpatient,369,85830,232.60162601626016,0.9376693766937669,0.0,0,No
PRV52982,Outpatient,643,216220,336.2674961119751,1.8709175738724728,0.0,1,Yes
PRV52985,Inpatient,121,1361000,11247.933884297521,5.768595041322314,5.768595041322314,1,Yes
PRV52985,Outpatient,1282,359120,280.1248049921997,1.6380655226209049,0.0,1,Yes
PRV52986,Inpatient,9,124000,13777.777777777777,4.444444444444445,4.444444444444445,0,No
PRV52986,Outpatient,27,8490,314.44444444444446,2.2222222222222223,0.0,0,No
PRV52988,Outpatient,312,76070,243.81410256410257,1.1378205128205128,0.0,0,No
PRV52989,Inpatient,70,860000,12285.714285714286,5.742857142857143,5.742857142857143,1,Yes
PRV52989,Outpatient,107,22590,211.1214953271028,1.102803738317757,0.0,1,Yes
PRV52990,Inpatient,22,190000,8636.363636363636,4.045454545454546,4.045454545454546,1,Yes
PRV52990,Outpatient,57,18160,318.5964912280702,1.4035087719298245,0.0,1,Yes
PRV52991,Inpatient,8,87000,10875.0,6.125,6.125,0,No
PRV52991,Outpatient,51,16970,332.7450980392157,0.8235294117647058,0.0,0,No
PRV52993,Outpatient,10,3120,312.0,0.1,0.0,0,No
PRV52996,Outpatient,37,11510,311.0810810810811,0.8108108108108109,0.0,0,No
PRV52998,Inpatient,15,147300,9820.0,5.466666666666667,5.466666666666667,0,No
PRV52998,Outpatient,18,3890,216.11111111111111,1.2777777777777777,0.0,0,No
PRV52999,Inpatient,8,57000,7125.0,8.75,8.75,0,No
PRV52999,Outpatient,48,16210,337.7083333333333,2.0625,0.0,0,No
PRV53000,Outpatient,703,200250,284.850640113798,1.7041251778093884,0.0,0,No
PRV53001,Outpatient,150,45460,303.06666666666666,1.5933333333333333,0.0,0,No
PRV53002,Outpatient,397,116040,292.29219143576825,1.093198992443325,0.0,0,No
PRV53004,Outpatient,18,4310,239.44444444444446,2.2222222222222223,0.0,0,No
PRV53005,Inpatient,16,160200,10012.5,5.375,5.375,1,Yes
PRV53005,Outpatient,34,8660,254.7058823529412,1.3529411764705883,0.0,1,Yes
PRV53007,Inpatient,37,385000,10405.405405405405,4.702702702702703,4.702702702702703,1,Yes
PRV53007,Outpatient,59,15540,263.3898305084746,0.9830508474576272,0.0,1,Yes
PRV53008,Inpatient,39,351000,9000.0,5.564102564102564,5.564102564102564,1,Yes
PRV53008,Outpatient,13,2600,200.0,1.6153846153846154,0.0,1,Yes
PRV53009,Inpatient,5,31000,6200.0,4.8,4.8,0,No
PRV53009,Outpatient,32,4620,144.375,0.53125,0.0,0,No
PRV53013,Outpatient,4,5030,1257.5,5.0,0.0,0,No
PRV53014,Outpatient,8,1180,147.5,2.25,0.0,0,No
PRV53015,Outpatient,8,1120,140.0,1.875,0.0,0,No
PRV53016,Outpatient,31,16900,545.1612903225806,1.032258064516129,0.0,0,No
PRV53017,Outpatient,9,1000,111.11111111111111,0.0,0.0,0,No
PRV53018,Outpatient,41,11260,274.6341463414634,1.170731707317073,0.0,0,No
PRV53019,Outpatient,15,4920,328.0,0.4666666666666667,0.0,0,No
PRV53020,Outpatient,2,4500,2250.0,10.0,0.0,0,No
PRV53021,Inpatient,18,213000,11833.333333333334,6.0,6.0,1,Yes
PRV53021,Outpatient,10,3950,395.0,0.0,0.0,1,Yes
PRV53024,Inpatient,2,10000,5000.0,3.5,3.5,0,No
PRV53024,Outpatient,24,3800,158.33333333333334,1.6666666666666667,0.0,0,No
PRV53025,Outpatient,50,9460,189.2,0.1,0.0,0,No
PRV53026,Outpatient,26,6140,236.15384615384616,1.5384615384615385,0.0,0,No
PRV53027,Outpatient,5,500,100.0,0.0,0.0,0,No
PRV53028,Outpatient,3,300,100.0,0.0,0.0,0,No
PRV53029,Inpatient,4,38000,9500.0,7.0,7.0,0,No
PRV53029,Outpatient,12,2050,170.83333333333334,0.08333333333333333,0.0,0,No
PRV53031,Outpatient,6,1390,231.66666666666666,0.0,0.0,0,No
PRV53032,Inpatient,5,44000,8800.0,6.6,6.6,0,No
PRV53032,Outpatient,18,4310,239.44444444444446,0.0,0.0,0,No
PRV53033,Inpatient,2,75000,37500.0,3.5,3.5,0,No
PRV53034,Outpatient,2,3400,1700.0,10.0,0.0,0,No
PRV53035,Outpatient,34,5140,151.1764705882353,1.6470588235294117,0.0,0,No
PRV53036,Outpatient,122,39530,324.0163934426229,1.5655737704918034,0.0,0,No
PRV53037,Outpatient,9,4340,482.22222222222223,0.0,0.0,0,No
PRV53038,Outpatient,24,13310,554.5833333333334,2.5,0.0,0,No
PRV53040,Inpatient,5,51000,10200.0,3.2,3.2,0,No
PRV53040,Outpatient,9,800,88.88888888888889,0.0,0.0,0,No
PRV53042,Outpatient,39,10090,258.71794871794873,0.5384615384615384,0.0,0,No
PRV53043,Outpatient,61,37740,618.688524590164,3.2295081967213113,0.0,0,No
PRV53044,Outpatient,67,14460,215.82089552238807,1.5671641791044777,0.0,0,No
PRV53045,Outpatient,216,62730,290.4166666666667,2.0185185185185186,0.0,0,No
PRV53047,Outpatient,79,13060,165.31645569620252,1.5063291139240507,0.0,0,No
PRV53048,Outpatient,7,5620,802.8571428571429,4.571428571428571,0.0,0,No
PRV53049,Outpatient,2,10,5.0,0.0,0.0,0,No
PRV53050,Inpatient,2,3000,1500.0,1.5,1.5,0,No
PRV53050,Outpatient,6,730,121.66666666666667,0.0,0.0,0,No
PRV53052,Inpatient,1,4000,4000.0,3.0,3.0,0,No
PRV53052,Outpatient,8,1530,191.25,2.5,0.0,0,No
PRV53054,Outpatient,49,10690,218.16326530612244,1.6326530612244898,0.0,0,No
PRV53055,Outpatient,80,22570,282.125,0.9375,0.0,0,No
PRV53056,Outpatient,35,10110,288.85714285714283,2.657142857142857,0.0,0,No
PRV53057,Outpatient,53,20640,389.4339622641509,2.6792452830188678,0.0,0,No
PRV53059,Outpatient,33,16320,494.54545454545456,1.6363636363636365,0.0,0,No
PRV53061,Inpatient,1,9000,9000.0,1.0,1.0,0,No
PRV53062,Outpatient,4,190,47.5,0.0,0.0,0,No
PRV53063,Inpatient,2,7000,3500.0,2.0,2.0,0,No
PRV53063,Outpatient,2,450,225.0,0.0,0.0,0,No
PRV53064,Outpatient,35,6640,189.71428571428572,0.17142857142857143,0.0,0,No
PRV53065,Outpatient,38,6230,163.94736842105263,0.7631578947368421,0.0,0,No
PRV53066,Outpatient,7,1220,174.28571428571428,0.0,0.0,0,No
PRV53067,Outpatient,16,4540,283.75,0.8125,0.0,0,No
PRV53069,Outpatient,11,2630,239.0909090909091,0.0,0.0,0,No
PRV53070,Inpatient,12,111000,9250.0,6.583333333333333,6.583333333333333,0,No
PRV53070,Outpatient,8,530,66.25,0.0,0.0,0,No
PRV53071,Outpatient,28,12310,439.64285714285717,0.21428571428571427,0.0,0,No
PRV53072,Outpatient,18,4990,277.22222222222223,0.05555555555555555,0.0,0,No
PRV53073,Outpatient,14,1270,90.71428571428571,0.0,0.0,0,No
PRV53074,Outpatient,178,48950,275.0,1.3314606741573034,0.0,0,No
PRV53075,Outpatient,2,1780,890.0,0.0,0.0,0,No
PRV53076,Outpatient,105,30840,293.7142857142857,1.1238095238095238,0.0,0,No
PRV53077,Outpatient,124,38270,308.6290322580645,2.1774193548387095,0.0,0,No
PRV53078,Outpatient,45,10880,241.77777777777777,0.8888888888888888,0.0,0,No
PRV53079,Outpatient,1,50,50.0,0.0,0.0,0,No
PRV53081,Outpatient,9,1800,200.0,0.0,0.0,0,No
PRV53083,Outpatient,1,10,10.0,0.0,0.0,0,No
PRV53084,Outpatient,1,100,100.0,4.0,0.0,0,No
PRV53085,Outpatient,2,640,320.0,3.5,0.0,0,No
PRV53086,Outpatient,4,1060,265.0,5.0,0.0,0,No
PRV53087,Outpatient,31,9580,309.03225806451616,1.6451612903225807,0.0,0,No
PRV53090,Outpatient,179,58850,328.7709497206704,1.4357541899441342,0.0,0,No
PRV53091,Inpatient,4,19000,4750.0,6.75,6.75,0,No
PRV53095,Inpatient,2,36000,18000.0,7.0,7.0,0,No
PRV53095,Outpatient,2,100,50.0,0.5,0.0,0,No
PRV53096,Outpatient,130,53000,407.6923076923077,1.3307692307692307,0.0,0,No
PRV53099,Outpatient,2,220,110.0,0.0,0.0,0,No
PRV53100,Inpatient,5,50000,10000.0,4.4,4.4,0,No
PRV53100,Outpatient,125,36880,295.04,1.824,0.0,0,No
PRV53101,Inpatient,2,9000,4500.0,3.0,3.0,0,No
PRV53101,Outpatient,6,410,68.33333333333333,0.0,0.0,0,No
PRV53102,Outpatient,19,5910,311.05263157894734,1.6842105263157894,0.0,0,No
PRV53103,Inpatient,7,77000,11000.0,4.714285714285714,4.714285714285714,0,No
PRV53103,Outpatient,72,11440,158.88888888888889,1.8472222222222223,0.0,0,No
PRV53104,Inpatient,28,239500,8553.57142857143,6.107142857142857,6.107142857142857,0,No
PRV53104,Outpatient,52,13270,255.19230769230768,1.9615384615384615,0.0,0,No
PRV53106,Inpatient,4,18000,4500.0,1.5,1.5,1,Yes
PRV53106,Outpatient,40,9140,228.5,0.575,0.0,1,Yes
PRV53107,Inpatient,9,103000,11444.444444444445,6.555555555555555,6.555555555555555,0,No
PRV53107,Outpatient,6,390,65.0,0.0,0.0,0,No
PRV53108,Inpatient,5,54000,10800.0,5.8,5.8,0,No
PRV53108,Outpatient,43,15450,359.30232558139534,2.255813953488372,0.0,0,No
PRV53109,Inpatient,3,15800,5266.666666666667,3.0,3.0,0,No
PRV53109,Outpatient,25,6490,259.6,1.6,0.0,0,No
PRV53110,Inpatient,1,15000,15000.0,11.0,11.0,0,No
PRV53110,Outpatient,29,8280,285.51724137931035,1.7241379310344827,0.0,0,No
PRV53111,Inpatient,7,57000,8142.857142857143,4.714285714285714,4.714285714285714,0,No
PRV53111,Outpatient,26,11750,451.9230769230769,3.6153846153846154,0.0,0,No
PRV53113,Outpatient,81,19320,238.5185185185185,1.6790123456790123,0.0,0,No
PRV53114,Inpatient,14,274000,19571.428571428572,7.142857142857143,7.142857142857143,1,Yes
PRV53114,Outpatient,15,90680,6045.333333333333,1.4,0.0,1,Yes
PRV53116,Outpatient,44,8230,187.04545454545453,0.9318181818181818,0.0,0,No
PRV53117,Inpatient,18,127000,7055.555555555556,6.611111111111111,6.611111111111111,0,No
PRV53117,Outpatient,233,88370,379.2703862660944,1.51931330472103,0.0,0,No
PRV53119,Inpatient,3,24000,8000.0,13.333333333333334,13.333333333333334,1,Yes
PRV53119,Outpatient,15,2410,160.66666666666666,0.0,0.0,1,Yes
PRV53120,Inpatient,10,101000,10100.0,4.5,4.5,0,No
PRV53120,Outpatient,55,14950,271.8181818181818,1.0,0.0,0,No
PRV53121,Inpatient,48,408000,8500.0,4.604166666666667,4.604166666666667,1,Yes
PRV53121,Outpatient,531,154270,290.52730696798494,1.5291902071563088,0.0,1,Yes
PRV53122,Outpatient,24,8070,336.25,0.8333333333333334,0.0,0,No
PRV53123,Outpatient,132,45750,346.59090909090907,1.7803030303030303,0.0,0,No
PRV53124,Inpatient,20,169000,8450.0,6.8,6.8,0,No
PRV53124,Outpatient,45,9380,208.44444444444446,2.533333333333333,0.0,0,No
PRV53125,Outpatient,2,500,250.0,0.0,0.0,0,No
PRV53126,Outpatient,34,11820,347.6470588235294,3.911764705882353,0.0,0,No
PRV53127,Inpatient,1,10000,10000.0,7.0,7.0,0,No
PRV53127,Outpatient,98,19730,201.3265306122449,0.5816326530612245,0.0,0,No
PRV53128,Inpatient,1,6000,6000.0,2.0,2.0,0,No
PRV53128,Outpatient,32,18220,569.375,1.28125,0.0,0,No
PRV53129,Inpatient,3,75000,25000.0,12.666666666666666,12.666666666666666,0,No
PRV53129,Outpatient,43,7550,175.58139534883722,0.6046511627906976,0.0,0,No
PRV53131,Inpatient,6,47000,7833.333333333333,5.833333333333333,5.833333333333333,0,No
PRV53131,Outpatient,7,1330,190.0,0.0,0.0,0,No
PRV53133,Outpatient,159,46660,293.45911949685535,1.6918238993710693,0.0,0,No
PRV53134,Outpatient,10,4030,403.0,1.4,0.0,0,No
PRV53135,Inpatient,7,68000,9714.285714285714,5.714285714285714,5.714285714285714,0,No
PRV53136,Inpatient,7,146000,20857.14285714286,10.0,10.0,1,Yes
PRV53136,Outpatient,36,15020,417.22222222222223,1.1944444444444444,0.0,1,Yes
PRV53137,Outpatient,30,8900,296.6666666666667,1.9333333333333333,0.0,0,No
PRV53138,Outpatient,10,1570,157.0,0.0,0.0,0,No
PRV53139,Outpatient,9,780,86.66666666666667,3.5555555555555554,0.0,0,No
PRV53140,Outpatient,21,2180,103.80952380952381,1.8095238095238095,0.0,0,No
PRV53141,Inpatient,32,313000,9781.25,5.25,5.25,0,No
PRV53141,Outpatient,73,19720,270.13698630136986,1.9589041095890412,0.0,0,No
PRV53142,Inpatient,39,377000,9666.666666666666,5.461538461538462,5.461538461538462,1,Yes
PRV53142,Outpatient,72,17050,236.80555555555554,2.125,0.0,1,Yes
PRV53143,Inpatient,4,64000,16000.0,6.0,6.0,0,No
PRV53143,Outpatient,8,1670,208.75,1.75,0.0,0,No
PRV53144,Inpatient,4,30300,7575.0,8.75,8.75,0,No
PRV53144,Outpatient,35,6160,176.0,2.142857142857143,0.0,0,No
PRV53145,Outpatient,132,34760,263.3333333333333,1.6666666666666667,0.0,0,No
PRV53147,Outpatient,18,6760,375.55555555555554,2.2222222222222223,0.0,0,No
PRV53148,Outpatient,15,2580,172.0,0.13333333333333333,0.0,0,No
PRV53149,Outpatient,61,14860,243.60655737704917,2.3278688524590163,0.0,0,No
PRV53150,Outpatient,13,3130,240.76923076923077,0.38461538461538464,0.0,0,No
PRV53151,Outpatient,25,6360,254.4,2.2,0.0,0,No
PRV53153,Inpatient,6,116000,19333.333333333332,9.666666666666666,9.666666666666666,0,No
PRV53153,Outpatient,18,5630,312.77777777777777,1.1111111111111112,0.0,0,No
PRV53154,Outpatient,52,23670,455.1923076923077,2.3461538461538463,0.0,0,No
PRV53156,Outpatient,16,6570,410.625,0.4375,0.0,0,No
PRV53157,Outpatient,2,2190,1095.0,0.0,0.0,0,No
PRV53158,Outpatient,7,710,101.42857142857143,0.14285714285714285,0.0,0,No
PRV53159,Inpatient,2,32000,16000.0,2.5,2.5,0,No
PRV53159,Outpatient,25,4160,166.4,0.0,0.0,0,No
PRV53161,Outpatient,7,6810,972.8571428571429,5.714285714285714,0.0,0,No
PRV53162,Outpatient,5,1350,270.0,0.2,0.0,0,No
PRV53163,Outpatient,12,800,66.66666666666667,0.0,0.0,0,No
PRV53164,Outpatient,25,4180,167.2,0.76,0.0,0,No
PRV53166,Inpatient,1,5000,5000.0,8.0,8.0,0,No
PRV53166,Outpatient,22,3960,180.0,0.6818181818181818,0.0,0,No
PRV53167,Outpatient,3,1770,590.0,0.3333333333333333,0.0,0,No
PRV53168,Outpatient,2,2070,1035.0,0.0,0.0,0,No
PRV53169,Outpatient,4,170,42.5,0.0,0.0,0,No
PRV53171,Outpatient,17,8330,490.0,1.4705882352941178,0.0,0,No
PRV53172,Outpatient,3,2450,816.6666666666666,0.0,0.0,0,No
PRV53173,Outpatient,43,16610,386.27906976744185,2.488372093023256,0.0,0,No
PRV53174,Outpatient,5,260,52.0,0.4,0.0,0,No
PRV53175,Outpatient,9,710,78.88888888888889,0.8888888888888888,0.0,0,No
PRV53176,Outpatient,34,6000,176.47058823529412,0.6176470588235294,0.0,0,No
PRV53177,Outpatient,16,1520,95.0,1.1875,0.0,0,No
PRV53178,Outpatient,7,730,104.28571428571429,0.0,0.0,0,No
PRV53179,Inpatient,2,14000,7000.0,3.5,3.5,0,No
PRV53179,Outpatient,26,6190,238.07692307692307,1.1923076923076923,0.0,0,No
PRV53180,Outpatient,5,3010,602.0,1.8,0.0,0,No
PRV53182,Outpatient,3,100,33.333333333333336,0.0,0.0,0,No
PRV53183,Outpatient,1,80,80.0,0.0,0.0,0,No
PRV53186,Outpatient,8,4710,588.75,0.25,0.0,0,No
PRV53187,Outpatient,4,180,45.0,0.0,0.0,0,No
PRV53188,Outpatient,10,1220,122.0,0.0,0.0,0,No
PRV53189,Inpatient,4,42000,10500.0,3.25,3.25,0,No
PRV53189,Outpatient,24,11030,459.5833333333333,1.7083333333333333,0.0,0,No
PRV53191,Outpatient,15,3310,220.66666666666666,0.0,0.0,0,No
PRV53192,Outpatient,149,40610,272.5503355704698,1.6979865771812082,0.0,0,No
PRV53194,Outpatient,32,22330,697.8125,0.6875,0.0,0,No
PRV53196,Outpatient,16,4480,280.0,2.125,0.0,0,No
PRV53197,Outpatient,4,500,125.0,0.0,0.0,0,No
PRV53198,Outpatient,6,250,41.666666666666664,1.1666666666666667,0.0,0,No
PRV53201,Outpatient,13,14220,1093.8461538461538,8.384615384615385,0.0,0,No
PRV53202,Outpatient,11,670,60.90909090909091,2.0,0.0,0,No
PRV53203,Outpatient,7,420,60.0,0.0,0.0,0,No
PRV53204,Outpatient,7,3020,431.42857142857144,0.5714285714285714,0.0,0,No
PRV53205,Outpatient,14,1280,91.42857142857143,1.5,0.0,0,No
PRV53206,Outpatient,3,570,190.0,1.0,0.0,0,No
PRV53207,Outpatient,10,500,50.0,0.7,0.0,0,No
PRV53208,Inpatient,4,55000,13750.0,8.25,8.25,1,Yes
PRV53208,Outpatient,19,3500,184.21052631578948,3.789473684210526,0.0,1,Yes
PRV53210,Inpatient,3,21000,7000.0,5.0,5.0,0,No
PRV53210,Outpatient,29,6050,208.6206896551724,1.0344827586206897,0.0,0,No
PRV53211,Outpatient,4,3460,865.0,5.0,0.0,0,No
PRV53212,Outpatient,2,100,50.0,8.0,0.0,0,No
PRV53213,Outpatient,22,6910,314.09090909090907,0.7272727272727273,0.0,0,No
PRV53214,Outpatient,18,4280,237.77777777777777,1.1111111111111112,0.0,0,No
PRV53215,Outpatient,11,1560,141.8181818181818,1.1818181818181819,0.0,0,No
PRV53216,Outpatient,115,20930,182.0,1.1130434782608696,0.0,0,No
PRV53217,Outpatient,5,1570,314.0,4.0,0.0,0,No
PRV53218,Outpatient,13,2780,213.84615384615384,0.15384615384615385,0.0,0,No
PRV53220,Inpatient,5,110000,22000.0,7.0,7.0,0,No
PRV53221,Outpatient,16,6510,406.875,0.9375,0.0,0,No
PRV53222,Outpatient,45,10770,239.33333333333334,0.8444444444444444,0.0,0,No
PRV53223,Outpatient,23,11790,512.6086956521739,0.8695652173913043,0.0,0,No
PRV53224,Outpatient,12,1680,140.0,1.6666666666666667,0.0,0,No
PRV53225,Inpatient,49,415300,8475.510204081633,5.918367346938775,5.918367346938775,0,No
PRV53226,Inpatient,19,150000,7894.736842105263,8.0,9.368421052631579,0,No
PRV53227,Outpatient,74,18610,251.48648648648648,1.4864864864864864,0.0,0,No
PRV53228,Outpatient,1,600,600.0,0.0,0.0,0,No
PRV53229,Outpatient,139,29840,214.67625899280574,1.2949640287769784,0.0,0,No
PRV53230,Outpatient,56,16260,290.35714285714283,2.017857142857143,0.0,0,No
PRV53232,Outpatient,64,25300,395.3125,2.28125,0.0,0,No
PRV53233,Inpatient,13,96000,7384.615384615385,4.3076923076923075,4.3076923076923075,0,No
PRV53235,Outpatient,2,170,85.0,0.0,0.0,0,No
PRV53236,Inpatient,9,96000,10666.666666666666,5.444444444444445,5.444444444444445,0,No
PRV53237,Outpatient,8,1230,153.75,0.75,0.0,0,No
PRV53238,Inpatient,9,98000,10888.888888888889,7.444444444444445,7.444444444444445,0,No
PRV53238,Outpatient,186,45590,245.10752688172042,1.413978494623656,0.0,0,No
PRV53239,Inpatient,19,197000,10368.421052631578,6.578947368421052,6.578947368421052,0,No
PRV53239,Outpatient,94,35580,378.51063829787233,2.265957446808511,0.0,0,No
PRV53240,Inpatient,1,3000,3000.0,3.0,3.0,0,No
PRV53240,Outpatient,5,1860,372.0,0.0,0.0,0,No
PRV53242,Inpatient,105,1142000,10876.190476190477,6.247619047619048,6.247619047619048,1,Yes
PRV53242,Outpatient,154,34290,222.66233766233765,1.2012987012987013,0.0,1,Yes
PRV53243,Inpatient,9,100000,11111.111111111111,4.0,4.0,0,No
PRV53243,Outpatient,66,11760,178.1818181818182,0.9696969696969697,0.0,0,No
PRV53244,Inpatient,42,341500,8130.952380952381,4.476190476190476,4.476190476190476,0,No
PRV53244,Outpatient,466,124250,266.6309012875536,1.167381974248927,0.0,0,No
PRV53245,Inpatient,16,176000,11000.0,5.75,5.75,1,Yes
PRV53245,Outpatient,130,38800,298.46153846153845,1.0538461538461539,0.0,1,Yes
PRV53246,Inpatient,2,26000,13000.0,7.5,7.5,0,No
PRV53246,Outpatient,107,30490,284.95327102803736,1.2710280373831775,0.0,0,No
PRV53247,Inpatient,7,59000,8428.57142857143,3.4285714285714284,3.4285714285714284,0,No
PRV53247,Outpatient,30,6960,232.0,1.5666666666666667,0.0,0,No
PRV53248,Inpatient,5,74000,14800.0,5.0,5.0,0,No
PRV53248,Outpatient,52,14890,286.34615384615387,1.3076923076923077,0.0,0,No
PRV53249,Inpatient,6,54000,9000.0,9.666666666666666,9.666666666666666,0,No
PRV53249,Outpatient,17,6140,361.1764705882353,1.1764705882352942,0.0,0,No
PRV53251,Inpatient,4,29000,7250.0,2.75,2.75,0,No
PRV53251,Outpatient,229,66400,289.95633187772927,1.611353711790393,0.0,0,No
PRV53252,Inpatient,4,67000,16750.0,4.0,4.0,0,No
PRV53252,Outpatient,73,11090,151.91780821917808,0.6438356164383562,0.0,0,No
PRV53253,Outpatient,110,35600,323.6363636363636,1.8545454545454545,0.0,0,No
PRV53254,Outpatient,9,1190,132.22222222222223,2.2222222222222223,0.0,0,No
PRV53255,Outpatient,26,7760,298.46153846153845,0.46153846153846156,0.0,0,No
PRV53256,Inpatient,36,361000,10027.777777777777,5.333333333333333,5.333333333333333,0,No
PRV53256,Outpatient,309,97710,316.2135922330097,1.5113268608414239,0.0,0,No
PRV53257,Outpatient,25,11120,444.8,0.24,0.0,0,No
PRV53258,Inpatient,3,27000,9000.0,4.333333333333333,4.333333333333333,0,No
PRV53258,Outpatient,77,12490,162.2077922077922,1.12987012987013,0.0,0,No
PRV53259,Outpatient,187,61050,326.47058823529414,1.3903743315508021,0.0,0,No
PRV53260,Inpatient,2,7000,3500.0,3.0,3.0,0,No
PRV53260,Outpatient,132,24320,184.24242424242425,1.2196969696969697,0.0,0,No
PRV53261,Outpatient,194,41550,214.17525773195877,1.0,0.0,0,No
PRV53262,Outpatient,118,45250,383.47457627118644,2.093220338983051,0.0,0,No
PRV53265,Inpatient,27,315000,11666.666666666666,7.074074074074074,7.074074074074074,1,Yes
PRV53265,Outpatient,65,13820,212.6153846153846,1.1384615384615384,0.0,1,Yes
PRV53266,Inpatient,88,911100,10353.40909090909,4.965909090909091,4.965909090909091,1,Yes
PRV53266,Outpatient,169,63010,372.84023668639054,1.9881656804733727,0.0,1,Yes
PRV53268,Inpatient,7,69000,9857.142857142857,8.714285714285714,8.714285714285714,0,No
PRV53268,Outpatient,67,19230,287.0149253731343,0.7611940298507462,0.0,0,No
PRV53269,Inpatient,112,957000,8544.642857142857,5.4375,5.4375,1,Yes
PRV53269,Outpatient,344,88640,257.6744186046512,1.444767441860465,0.0,1,Yes
PRV53272,Inpatient,4,25000,6250.0,7.25,7.25,0,No
PRV53272,Outpatient,20,7660,383.0,1.0,0.0,0,No
PRV53274,Outpatient,30,4490,149.66666666666666,1.7,0.0,0,No
PRV53276,Outpatient,291,85280,293.05841924398624,1.268041237113402,0.0,0,No
PRV53277,Inpatient,15,121000,8066.666666666667,7.2,7.2,1,Yes
PRV53277,Outpatient,29,8060,277.9310344827586,1.3448275862068966,0.0,1,Yes
PRV53279,Inpatient,1,4000,4000.0,3.0,3.0,0,No
PRV53279,Outpatient,35,6520,186.28571428571428,1.3142857142857143,0.0,0,No
PRV53280,Outpatient,15,2030,135.33333333333334,0.2,0.0,0,No
PRV53281,Inpatient,21,131000,6238.0952380952385,3.1904761904761907,3.1904761904761907,0,No
PRV53281,Outpatient,32,7310,228.4375,0.03125,0.0,0,No
PRV53282,Outpatient,31,5730,184.83870967741936,0.16129032258064516,0.0,0,No
PRV53283,Inpatient,3,55000,18333.333333333332,2.6666666666666665,2.6666666666666665,0,No
PRV53283,Outpatient,94,45220,481.06382978723406,1.8191489361702127,0.0,0,No
PRV53284,Inpatient,6,40000,6666.666666666667,3.1666666666666665,3.1666666666666665,0,No
PRV53284,Outpatient,142,34780,244.92957746478874,1.352112676056338,0.0,0,No
PRV53288,Outpatient,43,12340,286.9767441860465,0.9534883720930233,0.0,0,No
PRV53289,Inpatient,1,8000,8000.0,3.0,3.0,0,No
PRV53289,Outpatient,105,28260,269.14285714285717,2.0952380952380953,0.0,0,No
PRV53290,Outpatient,6,3860,643.3333333333334,6.666666666666667,0.0,0,No
PRV53291,Outpatient,10,2730,273.0,2.0,0.0,0,No
PRV53292,Inpatient,5,23000,4600.0,7.6,7.6,0,No
PRV53292,Outpatient,36,10700,297.22222222222223,1.75,0.0,0,No
PRV53293,Outpatient,41,10080,245.85365853658536,0.8536585365853658,0.0,0,No
PRV53294,Outpatient,582,180760,310.58419243986253,1.7233676975945018,0.0,0,No
PRV53295,Inpatient,29,301000,10379.310344827587,5.241379310344827,5.241379310344827,1,Yes
PRV53295,Outpatient,168,32990,196.36904761904762,1.3273809523809523,0.0,1,Yes
PRV53296,Outpatient,187,62740,335.5080213903743,1.2620320855614973,0.0,0,No
PRV53297,Inpatient,15,166000,11066.666666666666,8.2,8.2,1,Yes
PRV53297,Outpatient,14,5770,412.14285714285717,5.714285714285714,0.0,1,Yes
PRV53298,Inpatient,8,53000,6625.0,4.625,4.625,0,No
PRV53298,Outpatient,55,14130,256.90909090909093,1.3272727272727274,0.0,0,No
PRV53300,Outpatient,354,126160,356.38418079096044,1.6751412429378532,0.0,0,No
PRV53301,Outpatient,67,16070,239.8507462686567,1.9402985074626866,0.0,0,No
PRV53303,Outpatient,111,35770,322.2522522522523,1.7387387387387387,0.0,0,No
PRV53304,Inpatient,2,59000,29500.0,6.5,6.5,0,No
PRV53304,Outpatient,11,670,60.90909090909091,0.0,0.0,0,No
PRV53305,Inpatient,1,14000,14000.0,7.0,7.0,0,No
PRV53305,Outpatient,18,7440,413.3333333333333,1.7222222222222223,0.0,0,No
PRV53306,Outpatient,78,17600,225.64102564102564,1.435897435897436,0.0,0,No
PRV53307,Outpatient,34,7430,218.52941176470588,0.7941176470588235,0.0,0,No
PRV53308,Inpatient,7,117000,16714.285714285714,3.2857142857142856,3.2857142857142856,0,No
PRV53308,Outpatient,38,8990,236.57894736842104,1.5789473684210527,0.0,0,No
PRV53309,Inpatient,4,32000,8000.0,5.75,5.75,0,No
PRV53309,Outpatient,59,13260,224.74576271186442,1.728813559322034,0.0,0,No
PRV53310,Outpatient,10,2290,229.0,0.0,0.0,0,No
PRV53312,Inpatient,1,5000,5000.0,1.0,1.0,0,No
PRV53312,Outpatient,64,24790,387.34375,0.828125,0.0,0,No
PRV53313,Outpatient,68,17800,261.7647058823529,0.8088235294117647,0.0,0,No
PRV53314,Inpatient,4,77000,19250.0,9.25,9.25,0,No
PRV53314,Outpatient,53,15490,292.2641509433962,1.0377358490566038,0.0,0,No
PRV53315,Outpatient,25,8340,333.6,0.96,0.0,0,No
PRV53317,Inpatient,5,45000,9000.0,5.0,5.0,0,No
PRV53317,Outpatient,11,850,77.27272727272727,0.09090909090909091,0.0,0,No
PRV53318,Outpatient,21,9420,448.57142857142856,2.6666666666666665,0.0,0,No
PRV53319,Inpatient,13,99000,7615.384615384615,4.076923076923077,4.076923076923077,0,No
PRV53319,Outpatient,101,31220,309.1089108910891,1.603960396039604,0.0,0,No
PRV53320,Inpatient,3,65000,21666.666666666668,1.3333333333333333,1.3333333333333333,0,No
PRV53320,Outpatient,59,16340,276.9491525423729,2.711864406779661,0.0,0,No
PRV53321,Outpatient,81,27530,339.87654320987656,3.0864197530864197,0.0,0,No
PRV53323,Outpatient,18,2920,162.22222222222223,0.2777777777777778,0.0,0,No
PRV53325,Outpatient,63,12890,204.6031746031746,1.0793650793650793,0.0,0,No
PRV53326,Outpatient,102,31950,313.2352941176471,1.607843137254902,0.0,0,No
PRV53329,Inpatient,1,0,0.0,1.0,1.0,0,No
PRV53329,Outpatient,10,2070,207.0,0.1,0.0,0,No
PRV53331,Outpatient,7,810,115.71428571428571,0.0,0.0,0,No
PRV53334,Outpatient,29,9340,322.0689655172414,2.206896551724138,0.0,0,No
PRV53335,Outpatient,381,114030,299.29133858267716,1.6036745406824147,0.0,0,No
PRV53336,Inpatient,3,34000,11333.333333333334,5.333333333333333,5.333333333333333,0,No
PRV53337,Outpatient,5,1620,324.0,4.2,0.0,0,No
PRV53339,Outpatient,10,1430,143.0,4.4,0.0,0,No
PRV53340,Outpatient,23,2170,94.34782608695652,0.21739130434782608,0.0,0,No
PRV53341,Outpatient,9,4090,454.44444444444446,2.2222222222222223,0.0,0,No
PRV53342,Outpatient,73,25810,353.56164383561645,1.1917808219178083,0.0,0,No
PRV53343,Outpatient,6,310,51.666666666666664,0.0,0.0,0,No
PRV53344,Outpatient,3,630,210.0,0.0,0.0,0,No
PRV53346,Outpatient,4,770,192.5,5.0,0.0,0,No
PRV53347,Outpatient,6,280,46.666666666666664,0.0,0.0,0,No
PRV53349,Outpatient,24,2180,90.83333333333333,1.0416666666666667,0.0,0,No
PRV53350,Outpatient,4,2420,605.0,1.25,0.0,0,No
PRV53351,Outpatient,18,4660,258.8888888888889,1.1111111111111112,0.0,0,No
PRV53352,Outpatient,288,92300,320.4861111111111,1.3819444444444444,0.0,0,No
PRV53353,Outpatient,30,9310,310.3333333333333,1.6,0.0,0,No
PRV53354,Outpatient,18,5120,284.44444444444446,1.3888888888888888,0.0,0,No
PRV53355,Outpatient,3,510,170.0,2.3333333333333335,0.0,0,No
PRV53356,Outpatient,38,3950,103.94736842105263,0.0,0.0,0,No
PRV53357,Outpatient,2,1820,910.0,0.0,0.0,0,No
PRV53358,Outpatient,3,2840,946.6666666666666,0.0,0.0,0,No
PRV53359,Outpatient,213,57150,268.3098591549296,1.3615023474178405,0.0,0,No
PRV53360,Outpatient,20,2660,133.0,0.0,0.0,0,No
PRV53361,Outpatient,9,4540,504.44444444444446,2.2222222222222223,0.0,0,No
PRV53362,Outpatient,35,13220,377.7142857142857,2.085714285714286,0.0,0,No
PRV53363,Outpatient,41,16940,413.1707317073171,2.902439024390244,0.0,0,No
PRV53364,Outpatient,26,8770,337.3076923076923,0.038461538461538464,0.0,0,No
PRV53365,Outpatient,6,730,121.66666666666667,0.0,0.0,0,No
PRV53369,Outpatient,1,90,90.0,0.0,0.0,0,No
PRV53370,Outpatient,9,1070,118.88888888888889,0.4444444444444444,0.0,0,No
PRV53371,Outpatient,43,10930,254.1860465116279,1.0465116279069768,0.0,0,No
PRV53373,Outpatient,3,2210,736.6666666666666,0.0,0.0,0,No
PRV53374,Outpatient,387,105160,271.7312661498708,1.3643410852713178,0.0,0,No
PRV53375,Outpatient,15,4590,306.0,0.6666666666666666,0.0,0,No
PRV53376,Outpatient,74,28240,381.6216216216216,1.1216216216216217,0.0,0,No
PRV53377,Inpatient,7,57000,8142.857142857143,3.857142857142857,3.857142857142857,0,No
PRV53378,Inpatient,10,74000,7400.0,9.4,9.4,0,No
PRV53379,Inpatient,11,153000,13909.09090909091,6.909090909090909,6.909090909090909,1,Yes
PRV53380,Inpatient,4,22000,5500.0,2.75,2.75,0,No
PRV53381,Inpatient,11,134000,12181.818181818182,5.909090909090909,5.909090909090909,0,No
PRV53381,Outpatient,22,4120,187.27272727272728,1.5454545454545454,0.0,0,No
PRV53382,Outpatient,45,18320,407.1111111111111,1.0666666666666667,0.0,0,No
PRV53383,Inpatient,4,43000,10750.0,6.25,6.25,0,No
PRV53383,Outpatient,18,8890,493.8888888888889,3.2777777777777777,0.0,0,No
PRV53384,Inpatient,38,331000,8710.526315789473,5.684210526315789,5.684210526315789,1,Yes
PRV53384,Outpatient,24,4120,171.66666666666666,1.75,0.0,1,Yes
PRV53385,Inpatient,106,1055300,9955.66037735849,5.547169811320755,5.547169811320755,1,Yes
PRV53385,Outpatient,931,307270,330.04296455424276,1.5660580021482278,0.0,1,Yes
PRV53386,Outpatient,53,13070,246.60377358490567,1.2075471698113207,0.0,0,No
PRV53387,Inpatient,3,23200,7733.333333333333,5.0,5.0,0,No
PRV53387,Outpatient,46,13120,285.2173913043478,0.43478260869565216,0.0,0,No
PRV53388,Inpatient,11,97000,8818.181818181818,3.272727272727273,3.272727272727273,0,No
PRV53388,Outpatient,111,26340,237.2972972972973,1.3423423423423424,0.0,0,No
PRV53389,Inpatient,1,15000,15000.0,3.0,3.0,0,No
PRV53389,Outpatient,12,4070,339.1666666666667,1.4166666666666667,0.0,0,No
PRV53390,Outpatient,15,4320,288.0,2.6666666666666665,0.0,0,No
PRV53391,Outpatient,69,11420,165.5072463768116,1.1594202898550725,0.0,0,No
PRV53392,Outpatient,99,33790,341.3131313131313,2.8585858585858586,0.0,0,No
PRV53393,Inpatient,2,9000,4500.0,4.0,4.0,0,No
PRV53393,Outpatient,3,170,56.666666666666664,1.0,0.0,0,No
PRV53394,Inpatient,47,443000,9425.531914893618,6.595744680851064,6.595744680851064,0,No
PRV53394,Outpatient,1168,342420,293.1678082191781,1.4589041095890412,0.0,0,No
PRV53396,Inpatient,45,439000,9755.555555555555,5.8,5.8,0,No
PRV53396,Outpatient,54,13600,251.85185185185185,2.2777777777777777,0.0,0,No
PRV53397,Inpatient,3,116000,38666.666666666664,13.666666666666666,13.666666666666666,1,Yes
PRV53397,Outpatient,11,6270,570.0,3.8181818181818183,0.0,1,Yes
PRV53398,Inpatient,1,17000,17000.0,10.0,10.0,0,No
PRV53398,Outpatient,4,410,102.5,0.0,0.0,0,No
PRV53399,Inpatient,7,67000,9571.42857142857,7.714285714285714,7.714285714285714,1,Yes
PRV53399,Outpatient,26,7120,273.84615384615387,1.2307692307692308,0.0,1,Yes
PRV53401,Inpatient,130,1101000,8469.23076923077,5.653846153846154,5.653846153846154,1,Yes
PRV53401,Outpatient,173,42010,242.83236994219652,0.7745664739884393,0.0,1,Yes
PRV53402,Outpatient,17,7230,425.29411764705884,2.3529411764705883,0.0,0,No
PRV53403,Outpatient,72,15250,211.80555555555554,1.5555555555555556,0.0,0,No
PRV53405,Inpatient,21,192000,9142.857142857143,6.285714285714286,6.285714285714286,0,No
PRV53405,Outpatient,168,47010,279.82142857142856,2.3273809523809526,0.0,0,No
PRV53407,Inpatient,3,16000,5333.333333333333,8.333333333333334,8.333333333333334,0,No
PRV53407,Outpatient,130,37960,292.0,2.146153846153846,0.0,0,No
PRV53408,Inpatient,10,74000,7400.0,5.8,5.8,0,No
PRV53408,Outpatient,37,14780,399.4594594594595,1.135135135135135,0.0,0,No
PRV53409,Inpatient,3,24000,8000.0,3.6666666666666665,3.6666666666666665,0,No
PRV53409,Outpatient,31,4130,133.2258064516129,1.4193548387096775,0.0,0,No
PRV53411,Outpatient,6,2570,428.3333333333333,0.16666666666666666,0.0,0,No
PRV53412,Outpatient,27,9640,357.037037037037,1.4814814814814814,0.0,0,No
PRV53413,Inpatient,2,29000,14500.0,4.0,4.0,0,No
PRV53413,Outpatient,28,5040,180.0,2.142857142857143,0.0,0,No
PRV53415,Outpatient,34,12050,354.4117647058824,1.2058823529411764,0.0,0,No
PRV53416,Inpatient,1,14000,14000.0,2.0,2.0,0,No
PRV53416,Outpatient,86,36840,428.3720930232558,1.8372093023255813,0.0,0,No
PRV53417,Inpatient,7,76000,10857.142857142857,7.857142857142857,7.857142857142857,1,Yes
PRV53417,Outpatient,164,39090,238.35365853658536,1.5548780487804879,0.0,1,Yes
PRV53419,Inpatient,5,43000,8600.0,6.8,6.8,0,No
PRV53419,Outpatient,14,3410,243.57142857142858,0.0,0.0,0,No
PRV53421,Inpatient,95,984000,10357.894736842105,5.673684210526316,5.673684210526316,1,Yes
PRV53421,Outpatient,34,15910,467.94117647058823,1.2058823529411764,0.0,1,Yes
PRV53423,Inpatient,5,34000,6800.0,2.2,2.2,0,No
PRV53423,Outpatient,48,14240,296.6666666666667,2.5833333333333335,0.0,0,No
PRV53424,Inpatient,37,375000,10135.135135135135,6.756756756756757,6.756756756756757,0,No
PRV53424,Outpatient,226,77390,342.43362831858406,1.3672566371681416,0.0,0,No
PRV53426,Outpatient,10,1480,148.0,0.2,0.0,0,No
PRV53427,Outpatient,24,8880,370.0,3.5416666666666665,0.0,0,No
PRV53428,Outpatient,22,4930,224.0909090909091,0.5454545454545454,0.0,0,No
PRV53429,Inpatient,1,16000,16000.0,4.0,4.0,0,No
PRV53429,Outpatient,28,6690,238.92857142857142,1.3928571428571428,0.0,0,No
PRV53431,Inpatient,1,21000,21000.0,24.0,24.0,0,No
PRV53431,Outpatient,41,9080,221.46341463414635,1.9268292682926829,0.0,0,No
PRV53432,Inpatient,13,170000,13076.923076923076,5.153846153846154,5.153846153846154,0,No
PRV53432,Outpatient,109,21580,197.9816513761468,1.1376146788990826,0.0,0,No
PRV53433,Outpatient,19,2920,153.68421052631578,0.05263157894736842,0.0,0,No
PRV53435,Outpatient,6,5490,915.0,3.3333333333333335,0.0,0,No
PRV53436,Inpatient,3,14000,4666.666666666667,4.333333333333333,4.333333333333333,0,No
PRV53436,Outpatient,15,2420,161.33333333333334,0.0,0.0,0,No
PRV53437,Inpatient,1,6000,6000.0,2.0,2.0,0,No
PRV53437,Outpatient,8,1740,217.5,0.125,0.0,0,No
PRV53438,Inpatient,8,58000,7250.0,3.625,3.625,0,No
PRV53438,Outpatient,53,9830,185.47169811320754,0.7547169811320755,0.0,0,No
PRV53439,Outpatient,24,5670,236.25,0.9166666666666666,0.0,0,No
PRV53440,Inpatient,1,4000,4000.0,3.0,3.0,0,No
PRV53440,Outpatient,163,55590,341.04294478527606,1.656441717791411,0.0,0,No
PRV53441,Inpatient,14,184000,13142.857142857143,4.714285714285714,4.714285714285714,0,No
PRV53441,Outpatient,24,3610,150.41666666666666,0.375,0.0,0,No
PRV53442,Inpatient,8,82000,10250.0,6.375,6.375,0,No
PRV53442,Outpatient,38,10730,282.36842105263156,2.1315789473684212,0.0,0,No
PRV53443,Outpatient,215,81290,378.09302325581393,2.158139534883721,0.0,0,No
PRV53444,Inpatient,10,97000,9700.0,4.6,4.6,0,No
PRV53444,Outpatient,17,4300,252.94117647058823,2.3529411764705883,0.0,0,No
PRV53445,Outpatient,7,4940,705.7142857142857,2.857142857142857,0.0,0,No
PRV53446,Outpatient,46,12880,280.0,2.717391304347826,0.0,0,No
PRV53447,Outpatient,39,6170,158.2051282051282,0.6410256410256411,0.0,0,No
PRV53448,Inpatient,10,76200,7620.0,6.1,6.1,0,No
PRV53448,Outpatient,54,16230,300.55555555555554,3.0185185185185186,0.0,0,No
PRV53449,Inpatient,1,9000,9000.0,28.0,28.0,0,No
PRV53449,Outpatient,8,980,122.5,0.0,0.0,0,No
PRV53450,Outpatient,50,14890,297.8,2.2,0.0,0,No
PRV53451,Inpatient,5,25000,5000.0,3.2,3.2,0,No
PRV53452,Outpatient,62,37100,598.3870967741935,3.5161290322580645,0.0,0,No
PRV53453,Inpatient,4,38000,9500.0,4.75,4.75,0,No
PRV53453,Outpatient,11,4980,452.72727272727275,0.09090909090909091,0.0,0,No
PRV53454,Outpatient,25,5580,223.2,1.28,0.0,0,No
PRV53455,Outpatient,39,8640,221.53846153846155,0.9487179487179487,0.0,0,No
PRV53456,Inpatient,5,62000,12400.0,10.2,10.2,0,No
PRV53456,Outpatient,24,7670,319.5833333333333,0.75,0.0,0,No
PRV53457,Outpatient,5,9430,1886.0,4.0,0.0,0,No
PRV53460,Outpatient,3,820,273.3333333333333,0.0,0.0,0,No
PRV53461,Inpatient,14,315000,22500.0,5.714285714285714,5.571428571428571,1,Yes
PRV53461,Outpatient,22,110080,5003.636363636364,1.4545454545454546,0.0,1,Yes
PRV53462,Outpatient,11,4450,404.54545454545456,1.4545454545454546,0.0,0,No
PRV53463,Inpatient,3,13000,4333.333333333333,5.0,5.0,0,No
PRV53463,Outpatient,73,25030,342.8767123287671,1.3013698630136987,0.0,0,No
PRV53465,Inpatient,3,28000,9333.333333333334,7.333333333333333,7.333333333333333,0,No
PRV53465,Outpatient,20,6750,337.5,3.0,0.0,0,No
PRV53467,Outpatient,10,850,85.0,0.1,0.0,0,No
PRV53469,Outpatient,14,7460,532.8571428571429,2.857142857142857,0.0,0,No
PRV53470,Outpatient,64,21900,342.1875,0.734375,0.0,0,No
PRV53471,Inpatient,1,19000,19000.0,0.0,0.0,0,No
PRV53471,Outpatient,30,6720,224.0,1.5,0.0,0,No
PRV53472,Outpatient,3,3440,1146.6666666666667,6.666666666666667,0.0,0,No
PRV53473,Outpatient,11,7140,649.0909090909091,5.454545454545454,0.0,0,No
PRV53474,Outpatient,6,470,78.33333333333333,0.0,0.0,0,No
PRV53475,Outpatient,10,4190,419.0,4.0,0.0,0,No
PRV53476,Outpatient,10,3310,331.0,2.0,0.0,0,No
PRV53477,Outpatient,50,14170,283.4,1.76,0.0,0,No
PRV53478,Outpatient,149,50680,340.13422818791946,0.7651006711409396,0.0,0,No
PRV53479,Outpatient,5,390,78.0,4.0,0.0,0,No
PRV53480,Outpatient,10,1520,152.0,2.8,0.0,0,No
PRV53482,Outpatient,24,10120,421.6666666666667,2.4166666666666665,0.0,0,No
PRV53483,Inpatient,2,10000,5000.0,4.0,4.0,0,No
PRV53483,Outpatient,16,10080,630.0,4.5625,0.0,0,No
PRV53484,Outpatient,63,16720,265.3968253968254,2.3333333333333335,0.0,0,No
PRV53485,Outpatient,5,330,66.0,0.0,0.0,0,No
PRV53486,Outpatient,28,5640,201.42857142857142,1.5,0.0,0,No
PRV53487,Outpatient,40,15530,388.25,1.6,0.0,0,No
PRV53489,Inpatient,5,71000,14200.0,6.2,6.2,0,No
PRV53489,Outpatient,15,3870,258.0,0.4,0.0,0,No
PRV53490,Outpatient,145,38620,266.3448275862069,1.1793103448275861,0.0,0,No
PRV53491,Outpatient,16,1760,110.0,1.25,0.0,0,No
PRV53492,Outpatient,3,590,196.66666666666666,0.0,0.0,0,No
PRV53494,Outpatient,7,470,67.14285714285714,0.0,0.0,0,No
PRV53495,Outpatient,34,14990,440.88235294117646,1.6176470588235294,0.0,0,No
PRV53496,Outpatient,58,14660,252.75862068965517,1.9482758620689655,0.0,0,No
PRV53498,Outpatient,2,860,430.0,0.0,0.0,0,No
PRV53499,Outpatient,46,12370,268.9130434782609,1.1304347826086956,0.0,0,No
PRV53501,Outpatient,1,300,300.0,0.0,0.0,0,No
PRV53502,Outpatient,47,8000,170.2127659574468,0.14893617021276595,0.0,0,No
PRV53503,Outpatient,13,5380,413.84615384615387,0.23076923076923078,0.0,0,No
PRV53504,Outpatient,4,730,182.5,0.25,0.0,0,No
PRV53506,Outpatient,1,500,500.0,0.0,0.0,0,No
PRV53507,Inpatient,9,62000,6888.888888888889,4.444444444444445,4.444444444444445,0,No
PRV53509,Inpatient,1,15000,15000.0,17.0,17.0,0,No
PRV53510,Inpatient,2,11000,5500.0,18.0,18.0,0,No
PRV53510,Outpatient,14,2880,205.71428571428572,3.5,0.0,0,No
PRV53511,Inpatient,1,0,0.0,5.0,5.0,0,No
PRV53513,Inpatient,2,18000,9000.0,4.0,4.0,0,No
PRV53515,Inpatient,1,14000,14000.0,5.0,5.0,0,No
PRV53516,Inpatient,1,3000,3000.0,8.0,8.0,0,No
PRV53517,Inpatient,2,17000,8500.0,5.5,5.5,0,No
PRV53519,Inpatient,9,61000,6777.777777777777,4.555555555555555,4.555555555555555,0,No
PRV53520,Outpatient,4,690,172.5,0.0,0.0,0,No
PRV53521,Outpatient,9,380,42.22222222222222,1.5555555555555556,0.0,0,No
PRV53522,Outpatient,26,3690,141.92307692307693,0.5,0.0,0,No
PRV53523,Outpatient,89,26250,294.9438202247191,1.9550561797752808,0.0,0,No
PRV53524,Outpatient,52,10110,194.42307692307693,0.19230769230769232,0.0,0,No
PRV53525,Outpatient,2,700,350.0,0.0,0.0,0,No
PRV53526,Outpatient,60,18440,307.3333333333333,0.8833333333333333,0.0,0,No
PRV53527,Outpatient,37,9500,256.7567567567568,1.9189189189189189,0.0,0,No
PRV53530,Outpatient,27,6940,257.037037037037,1.0,0.0,0,No
PRV53531,Outpatient,11,940,85.45454545454545,0.0,0.0,0,No
PRV53532,Outpatient,9,2230,247.77777777777777,2.7777777777777777,0.0,0,No
PRV53533,Outpatient,51,21850,428.4313725490196,2.843137254901961,0.0,0,No
PRV53534,Outpatient,76,24190,318.2894736842105,2.3421052631578947,0.0,0,No
PRV53535,Outpatient,19,8970,472.10526315789474,1.5263157894736843,0.0,0,No
PRV53536,Outpatient,31,5660,182.58064516129033,0.0967741935483871,0.0,0,No
PRV53539,Outpatient,2,200,100.0,1.5,0.0,0,No
PRV53540,Outpatient,13,3060,235.3846153846154,0.23076923076923078,0.0,0,No
PRV53544,Outpatient,17,4860,285.88235294117646,1.1764705882352942,0.0,0,No
PRV53545,Outpatient,1,60,60.0,0.0,0.0,0,No
PRV53547,Outpatient,21,6850,326.1904761904762,4.095238095238095,0.0,0,No
PRV53548,Outpatient,4,250,62.5,0.0,0.0,0,No
PRV53549,Outpatient,6,450,75.0,0.0,0.0,0,No
PRV53550,Outpatient,10,3130,313.0,0.0,0.0,0,No
PRV53551,Outpatient,29,11220,386.8965517241379,1.5862068965517242,0.0,0,No
PRV53553,Outpatient,30,7060,235.33333333333334,0.9333333333333333,0.0,0,No
PRV53554,Outpatient,2,70,35.0,0.0,0.0,0,No
PRV53555,Outpatient,11,3260,296.3636363636364,0.8181818181818182,0.0,0,No
PRV53556,Outpatient,31,11550,372.5806451612903,2.0,0.0,0,No
PRV53558,Outpatient,22,7320,332.72727272727275,0.045454545454545456,0.0,0,No
PRV53559,Outpatient,2,60,30.0,0.0,0.0,0,No
PRV53560,Outpatient,23,6960,302.60869565217394,1.2608695652173914,0.0,0,No
PRV53561,Outpatient,9,5690,632.2222222222222,0.0,0.0,0,No
PRV53562,Outpatient,10,5890,589.0,2.7,0.0,0,No
PRV53563,Outpatient,2,60,30.0,0.0,0.0,0,No
PRV53564,Outpatient,5,220,44.0,1.0,0.0,0,No
PRV53565,Outpatient,5,1910,382.0,0.0,0.0,0,No
PRV53566,Outpatient,4,590,147.5,0.0,0.0,0,No
PRV53568,Outpatient,4,1230,307.5,1.0,0.0,0,No
PRV53569,Outpatient,14,3790,270.7142857142857,2.857142857142857,0.0,0,No
PRV53570,Outpatient,18,8110,450.55555555555554,1.8888888888888888,0.0,0,No
PRV53571,Outpatient,26,2810,108.07692307692308,1.2307692307692308,0.0,0,No
PRV53572,Outpatient,5,1610,322.0,2.2,0.0,0,No
PRV53573,Outpatient,32,10830,338.4375,2.125,0.0,0,No
PRV53574,Outpatient,17,2750,161.76470588235293,1.8235294117647058,0.0,0,No
PRV53577,Outpatient,11,2150,195.45454545454547,1.0909090909090908,0.0,0,No
PRV53578,Outpatient,7,570,81.42857142857143,0.0,0.0,0,No
PRV53581,Outpatient,11,990,90.0,2.4545454545454546,0.0,0,No
PRV53582,Outpatient,14,6920,494.2857142857143,2.857142857142857,0.0,0,No
PRV53584,Outpatient,8,1490,186.25,0.0,0.0,0,No
PRV53585,Outpatient,4,500,125.0,0.0,0.0,0,No
PRV53586,Outpatient,3,160,53.333333333333336,0.3333333333333333,0.0,0,No
PRV53587,Outpatient,3,770,256.6666666666667,0.0,0.0,0,No
PRV53588,Outpatient,1,10,10.0,0.0,0.0,0,No
PRV53589,Outpatient,2,500,250.0,0.0,0.0,0,No
PRV53590,Inpatient,7,96000,13714.285714285714,4.285714285714286,4.285714285714286,0,No
PRV53590,Outpatient,12,2820,235.0,0.08333333333333333,0.0,0,No
PRV53591,Inpatient,6,70000,11666.666666666666,4.0,4.0,0,No
PRV53593,Outpatient,17,5090,299.4117647058824,1.2941176470588236,0.0,0,No
PRV53594,Outpatient,101,29470,291.7821782178218,1.099009900990099,0.0,0,No
PRV53595,Outpatient,9,4460,495.55555555555554,4.444444444444445,0.0,0,No
PRV53596,Outpatient,4,820,205.0,1.25,0.0,0,No
PRV53597,Inpatient,6,41000,6833.333333333333,5.833333333333333,5.833333333333333,0,No
PRV53598,Inpatient,8,70000,8750.0,3.375,3.375,0,No
PRV53599,Inpatient,3,22000,7333.333333333333,8.0,8.0,0,No
PRV53600,Inpatient,1,4000,4000.0,2.0,2.0,0,No
PRV53601,Inpatient,2,6000,3000.0,6.0,6.0,0,No
PRV53602,Inpatient,4,21000,5250.0,3.0,3.0,0,No
PRV53604,Inpatient,6,51000,8500.0,6.333333333333333,6.333333333333333,0,No
PRV53605,Outpatient,55,7250,131.8181818181818,1.6363636363636365,0.0,0,No
PRV53606,Outpatient,76,11750,154.60526315789474,1.1842105263157894,0.0,0,No
PRV53607,Outpatient,26,8290,318.84615384615387,2.6538461538461537,0.0,0,No
PRV53608,Outpatient,199,50290,252.71356783919597,0.9095477386934674,0.0,0,No
PRV53609,Inpatient,2,8000,4000.0,4.5,4.5,0,No
PRV53609,Outpatient,181,52050,287.56906077348066,1.861878453038674,0.0,0,No
PRV53611,Outpatient,36,14410,400.27777777777777,1.6944444444444444,0.0,0,No
PRV53612,Inpatient,6,27000,4500.0,4.333333333333333,4.333333333333333,0,No
PRV53612,Outpatient,40,4180,104.5,0.075,0.0,0,No
PRV53613,Inpatient,15,137000,9133.333333333334,6.533333333333333,6.533333333333333,0,No
PRV53613,Outpatient,120,31350,261.25,1.1666666666666667,0.0,0,No
PRV53614,Outpatient,118,25710,217.88135593220338,2.2711864406779663,0.0,0,No
PRV53616,Inpatient,2,26000,13000.0,6.5,6.5,0,No
PRV53616,Outpatient,42,8970,213.57142857142858,1.9285714285714286,0.0,0,No
PRV53617,Outpatient,83,33480,403.3734939759036,1.1204819277108433,0.0,0,No
PRV53618,Inpatient,12,60000,5000.0,5.5,5.5,0,No
PRV53618,Outpatient,224,55660,248.48214285714286,1.6651785714285714,0.0,0,No
PRV53619,Outpatient,2,560,280.0,2.0,0.0,0,No
PRV53620,Inpatient,6,38000,6333.333333333333,4.166666666666667,4.166666666666667,0,No
PRV53620,Outpatient,122,44850,367.62295081967216,1.5655737704918034,0.0,0,No
PRV53621,Outpatient,81,22500,277.77777777777777,1.5308641975308641,0.0,0,No
PRV53622,Outpatient,6,460,76.66666666666667,0.0,0.0,0,No
PRV53623,Outpatient,894,245450,274.5525727069351,0.9194630872483222,0.0,1,Yes
PRV53624,Outpatient,143,40790,285.24475524475525,1.3076923076923077,0.0,0,No
PRV53625,Outpatient,147,44210,300.7482993197279,1.7210884353741496,0.0,0,No
PRV53626,Inpatient,1,3000,3000.0,4.0,4.0,0,No
PRV53626,Outpatient,12,7560,630.0,1.75,0.0,0,No
PRV53627,Outpatient,118,32390,274.49152542372883,1.4915254237288136,0.0,0,No
PRV53628,Inpatient,4,19000,4750.0,4.75,4.75,0,No
PRV53628,Outpatient,198,63780,322.1212121212121,1.398989898989899,0.0,0,No
PRV53629,Outpatient,15,3950,263.3333333333333,0.13333333333333333,0.0,0,No
PRV53631,Outpatient,6,470,78.33333333333333,0.0,0.0,0,No
PRV53632,Inpatient,2,7000,3500.0,3.0,3.0,0,No
PRV53632,Outpatient,13,7380,567.6923076923077,4.615384615384615,0.0,0,No
PRV53633,Outpatient,66,18010,272.8787878787879,1.696969696969697,0.0,0,No
PRV53634,Outpatient,497,145400,292.55533199195173,1.2937625754527162,0.0,0,No
PRV53635,Inpatient,5,82000,16400.0,3.6,3.6,0,No
PRV53635,Outpatient,49,8660,176.73469387755102,1.3061224489795917,0.0,0,No
PRV53638,Outpatient,111,38040,342.7027027027027,1.8018018018018018,0.0,0,No
PRV53640,Outpatient,33,5660,171.5151515151515,1.2727272727272727,0.0,0,No
PRV53641,Outpatient,8,2140,267.5,2.75,0.0,0,No
PRV53642,Outpatient,6,3270,545.0,1.3333333333333333,0.0,0,No
PRV53643,Outpatient,1,200,200.0,0.0,0.0,0,No
PRV53644,Outpatient,22,4640,210.9090909090909,0.7727272727272727,0.0,0,No
PRV53645,Outpatient,6,3600,600.0,0.6666666666666666,0.0,0,No
PRV53646,Outpatient,3,20,6.666666666666667,0.3333333333333333,0.0,0,No
PRV53647,Outpatient,7,610,87.14285714285714,0.0,0.0,0,No
PRV53648,Outpatient,20,10540,527.0,0.0,0.0,0,No
PRV53649,Outpatient,27,4770,176.66666666666666,1.6296296296296295,0.0,0,No
PRV53651,Outpatient,11,900,81.81818181818181,0.0,0.0,0,No
PRV53652,Outpatient,25,3640,145.6,0.0,0.0,0,No
PRV53654,Outpatient,39,12040,308.71794871794873,0.8717948717948718,0.0,0,No
PRV53655,Outpatient,1,20,20.0,0.0,0.0,0,No
PRV53656,Outpatient,5,1150,230.0,0.0,0.0,0,No
PRV53657,Outpatient,25,2850,114.0,1.4,0.0,0,No
PRV53658,Outpatient,27,3810,141.11111111111111,0.8888888888888888,0.0,0,No
PRV53659,Outpatient,5,680,136.0,0.0,0.0,0,No
PRV53660,Outpatient,35,5970,170.57142857142858,0.6285714285714286,0.0,0,No
PRV53661,Outpatient,1,200,200.0,0.0,0.0,0,No
PRV53662,Outpatient,331,86030,259.9093655589124,1.43202416918429,0.0,0,No
PRV53663,Outpatient,76,19810,260.6578947368421,0.8421052631578947,0.0,0,No
PRV53664,Outpatient,132,59730,452.5,2.8333333333333335,0.0,0,No
PRV53665,Outpatient,65,16330,251.23076923076923,1.353846153846154,0.0,0,No
PRV53666,Outpatient,20,3510,175.5,2.5,0.0,0,No
PRV53667,Inpatient,9,155000,17222.222222222223,3.0,3.0,0,No
PRV53668,Inpatient,16,141200,8825.0,4.625,4.625,1,Yes
PRV53669,Outpatient,13,4250,326.9230769230769,2.076923076923077,0.0,0,No
PRV53670,Outpatient,1173,322450,274.89343563512364,1.4015345268542199,0.0,1,Yes
PRV53671,Inpatient,31,247700,7990.322580645161,3.806451612903226,3.806451612903226,1,Yes
PRV53671,Outpatient,24,5890,245.41666666666666,1.5,0.0,1,Yes
PRV53672,Outpatient,487,142060,291.7043121149897,1.3285420944558521,0.0,0,No
PRV53673,Inpatient,14,179000,12785.714285714286,6.142857142857143,6.142857142857143,0,No
PRV53673,Outpatient,22,2630,119.54545454545455,1.8181818181818181,0.0,0,No
PRV53674,Outpatient,496,153530,309.53629032258067,1.2358870967741935,0.0,0,No
PRV53675,Inpatient,76,680700,8956.578947368422,5.447368421052632,5.447368421052632,0,No
PRV53675,Outpatient,221,66980,303.0769230769231,1.5429864253393666,0.0,0,No
PRV53676,Outpatient,471,167540,355.71125265392783,1.454352441613588,0.0,0,No
PRV53677,Inpatient,63,653000,10365.079365079366,5.682539682539683,5.682539682539683,1,Yes
PRV53677,Outpatient,499,120150,240.7815631262525,1.1062124248496994,0.0,1,Yes
PRV53678,Outpatient,3,120,40.0,0.0,0.0,0,No
PRV53679,Outpatient,826,283020,342.6392251815981,1.3329297820823245,0.0,0,No
PRV53680,Outpatient,27,7890,292.22222222222223,1.7407407407407407,0.0,0,No
PRV53681,Outpatient,31,9970,321.61290322580646,2.5483870967741935,0.0,0,No
PRV53682,Outpatient,365,99570,272.7945205479452,1.8273972602739725,0.0,0,No
PRV53683,Inpatient,2,35000,17500.0,8.0,8.0,0,No
PRV53683,Outpatient,7,2300,328.57142857142856,0.0,0.0,0,No
PRV53684,Outpatient,4,2570,642.5,1.25,0.0,0,No
PRV53685,Outpatient,45,17770,394.8888888888889,1.8888888888888888,0.0,0,No
PRV53686,Outpatient,292,78140,267.6027397260274,1.2431506849315068,0.0,0,No
PRV53688,Outpatient,17,3440,202.35294117647058,1.2352941176470589,0.0,0,No
PRV53689,Outpatient,561,178130,317.5222816399287,1.6559714795008913,0.0,0,No
PRV53690,Outpatient,11,1690,153.63636363636363,0.0,0.0,0,No
PRV53692,Inpatient,146,1366400,9358.90410958904,5.328767123287672,5.328767123287672,1,Yes
PRV53692,Outpatient,98,31200,318.3673469387755,1.989795918367347,0.0,1,Yes
PRV53694,Outpatient,61,14560,238.68852459016392,1.5573770491803278,0.0,0,No
PRV53695,Outpatient,116,32120,276.8965517241379,1.6551724137931034,0.0,0,No
PRV53696,Outpatient,15,4830,322.0,2.0,0.0,0,No
PRV53697,Inpatient,71,868000,12225.352112676057,5.464788732394366,5.464788732394366,0,No
PRV53697,Outpatient,43,11270,262.09302325581393,1.0465116279069768,0.0,0,No
PRV53698,Outpatient,77,30550,396.75324675324674,2.6103896103896105,0.0,0,No
PRV53699,Inpatient,2,18000,9000.0,4.0,4.0,0,No
PRV53699,Outpatient,359,112970,314.67966573816153,1.317548746518106,0.0,0,No
PRV53700,Outpatient,913,220320,241.31434830230012,1.11829134720701,0.0,0,No
PRV53701,Outpatient,6,2270,378.3333333333333,3.3333333333333335,0.0,0,No
PRV53702,Outpatient,1010,289070,286.2079207920792,1.4722772277227723,0.0,0,No
PRV53703,Outpatient,39,6160,157.94871794871796,0.38461538461538464,0.0,0,No
PRV53704,Outpatient,15,2950,196.66666666666666,2.2,0.0,0,No
PRV53705,Inpatient,4,32600,8150.0,2.5,3.5,0,No
PRV53705,Outpatient,53,15820,298.49056603773585,1.150943396226415,0.0,0,No
PRV53706,Inpatient,282,2776000,9843.971631205673,5.709219858156028,5.804964539007092,1,Yes
PRV53706,Outpatient,191,55940,292.87958115183244,1.5549738219895288,0.0,1,Yes
PRV53708,Outpatient,53,20820,392.8301886792453,2.0754716981132075,0.0,0,No
PRV53709,Outpatient,99,25310,255.65656565656565,1.5151515151515151,0.0,0,No
PRV53710,Inpatient,58,534000,9206.896551724138,5.086206896551724,5.120689655172414,0,No
PRV53710,Outpatient,327,81000,247.70642201834863,1.4250764525993884,0.0,0,No
PRV53712,Inpatient,161,1859500,11549.689440993789,6.496894409937888,6.496894409937888,1,Yes
PRV53712,Outpatient,76,22920,301.57894736842104,1.6578947368421053,0.0,1,Yes
PRV53713,Outpatient,31,4340,140.0,0.7741935483870968,0.0,0,No
PRV53714,Outpatient,144,44310,307.7083333333333,0.6736111111111112,0.0,0,No
PRV53715,Outpatient,24,7140,297.5,1.0416666666666667,0.0,0,No
PRV53716,Outpatient,33,7400,224.24242424242425,1.0909090909090908,0.0,0,No
PRV53717,Outpatient,61,17940,294.0983606557377,2.622950819672131,0.0,0,No
PRV53718,Outpatient,1,200,200.0,0.0,0.0,0,No
PRV53719,Outpatient,5,770,154.0,0.2,0.0,0,No
PRV53720,Outpatient,55,13700,249.0909090909091,1.709090909090909,0.0,0,No
PRV53721,Outpatient,5,2560,512.0,0.0,0.0,0,No
PRV53722,Outpatient,6,1000,166.66666666666666,0.0,0.0,0,No
PRV53723,Outpatient,6,3900,650.0,0.0,0.0,0,No
PRV53724,Outpatient,2,120,60.0,10.0,0.0,0,No
PRV53725,Outpatient,1,0,0.0,0.0,0.0,0,No
PRV53726,Outpatient,16,3710,231.875,0.5,0.0,0,No
PRV53727,Outpatient,20,7230,361.5,4.05,0.0,0,No
PRV53728,Outpatient,14,3480,248.57142857142858,0.0,0.0,0,No
PRV53729,Outpatient,3,1900,633.3333333333334,0.0,0.0,0,No
PRV53730,Outpatient,2,230,115.0,0.0,0.0,0,No
PRV53731,Outpatient,4,2660,665.0,0.0,0.0,0,No
PRV53732,Outpatient,15,3150,210.0,0.8666666666666667,0.0,0,No
PRV53733,Outpatient,20,6430,321.5,1.05,0.0,0,No
PRV53734,Outpatient,1,20,20.0,0.0,0.0,0,No
PRV53735,Outpatient,3,810,270.0,0.0,0.0,0,No
PRV53740,Outpatient,47,12140,258.29787234042556,1.9148936170212767,0.0,0,No
PRV53741,Outpatient,7,2390,341.42857142857144,2.857142857142857,0.0,0,No
PRV53743,Outpatient,31,14140,456.1290322580645,1.2258064516129032,0.0,0,No
PRV53745,Outpatient,23,3760,163.47826086956522,2.8260869565217392,0.0,0,No
PRV53746,Inpatient,6,35000,5833.333333333333,3.8333333333333335,3.8333333333333335,0,No
PRV53749,Inpatient,24,231000,9625.0,6.458333333333333,6.458333333333333,1,Yes
PRV53749,Outpatient,45,10350,230.0,0.15555555555555556,0.0,1,Yes
PRV53750,Inpatient,1,7000,7000.0,5.0,5.0,0,No
PRV53750,Outpatient,1244,346470,278.5128617363344,1.4895498392282958,0.0,0,No
PRV53751,Outpatient,22,9070,412.27272727272725,1.2272727272727273,0.0,0,No
PRV53752,Outpatient,35,11840,338.2857142857143,1.9142857142857144,0.0,0,No
PRV53754,Outpatient,9,2530,281.1111111111111,2.2222222222222223,0.0,0,No
PRV53755,Outpatient,20,2050,102.5,0.8,0.0,0,No
PRV53756,Outpatient,59,18210,308.64406779661016,1.3728813559322033,0.0,0,No
PRV53757,Inpatient,1,23000,23000.0,7.0,7.0,0,No
PRV53757,Outpatient,55,14230,258.72727272727275,2.727272727272727,0.0,0,No
PRV53759,Outpatient,56,12020,214.64285714285714,1.8392857142857142,0.0,0,No
PRV53761,Outpatient,38,9980,262.63157894736844,1.1842105263157894,0.0,0,No
PRV53762,Inpatient,84,915000,10892.857142857143,6.773809523809524,6.773809523809524,1,Yes
PRV53762,Outpatient,534,167730,314.1011235955056,1.192883895131086,0.0,1,Yes
PRV53763,Inpatient,58,739000,12741.379310344828,5.4655172413793105,5.4655172413793105,1,Yes
PRV53764,Inpatient,1,2000,2000.0,1.0,1.0,0,No
PRV53764,Outpatient,38,10390,273.42105263157896,1.4210526315789473,0.0,0,No
PRV53765,Outpatient,67,25080,374.32835820895525,1.1791044776119404,0.0,0,No
PRV53766,Outpatient,30,4860,162.0,0.2,0.0,0,No
PRV53767,Outpatient,18,4130,229.44444444444446,2.2222222222222223,0.0,0,No
PRV53768,Inpatient,5,21000,4200.0,4.2,4.2,0,No
PRV53768,Outpatient,57,16180,283.859649122807,1.3859649122807018,0.0,0,No
PRV53769,Inpatient,132,1624900,12309.848484848484,6.295454545454546,6.295454545454546,1,Yes
PRV53769,Outpatient,245,60280,246.0408163265306,1.7551020408163265,0.0,1,Yes
PRV53770,Inpatient,77,807500,10487.012987012988,5.077922077922078,5.077922077922078,0,No
PRV53770,Outpatient,176,42020,238.75,1.625,0.0,0,No
PRV53771,Outpatient,51,21610,423.72549019607845,1.0980392156862746,0.0,0,No
PRV53772,Outpatient,22,5410,245.9090909090909,0.13636363636363635,0.0,0,No
PRV53773,Outpatient,567,175830,310.1058201058201,1.3368606701940036,0.0,0,No
PRV53774,Inpatient,50,546000,10920.0,7.16,7.16,0,No
PRV53774,Outpatient,174,43370,249.2528735632184,1.5862068965517242,0.0,0,No
PRV53775,Inpatient,2,12000,6000.0,3.5,3.5,0,No
PRV53775,Outpatient,45,19170,426.0,0.4444444444444444,0.0,0,No
PRV53776,Inpatient,47,530000,11276.595744680852,5.0638297872340425,5.0638297872340425,1,Yes
PRV53776,Outpatient,153,41960,274.2483660130719,1.3006535947712419,0.0,1,Yes
PRV53779,Outpatient,49,12430,253.6734693877551,2.326530612244898,0.0,0,No
PRV53780,Outpatient,26,5080,195.3846153846154,1.1153846153846154,0.0,0,No
PRV53781,Inpatient,79,874600,11070.886075949367,6.050632911392405,6.050632911392405,1,Yes
PRV53781,Outpatient,314,88590,282.13375796178343,1.5286624203821657,0.0,1,Yes
PRV53782,Outpatient,53,17820,336.22641509433964,1.2264150943396226,0.0,0,No
PRV53783,Outpatient,30,6640,221.33333333333334,1.5333333333333334,0.0,0,No
PRV53784,Outpatient,41,5870,143.17073170731706,1.1219512195121952,0.0,0,No
PRV53785,Outpatient,129,54580,423.1007751937984,0.8604651162790697,0.0,0,No
PRV53786,Inpatient,36,342000,9500.0,6.083333333333333,6.083333333333333,1,Yes
PRV53786,Outpatient,1346,373760,277.6820208023774,1.2919762258543834,0.0,1,Yes
PRV53787,Inpatient,32,290000,9062.5,4.9375,4.9375,1,Yes
PRV53787,Outpatient,42,13480,320.95238095238096,1.2380952380952381,0.0,1,Yes
PRV53788,Outpatient,18,3500,194.44444444444446,0.7777777777777778,0.0,0,No
PRV53790,Inpatient,44,504000,11454.545454545454,5.795454545454546,5.795454545454546,1,Yes
PRV53790,Outpatient,449,138230,307.8619153674833,1.7394209354120267,0.0,1,Yes
PRV53791,Inpatient,6,42000,7000.0,5.666666666666667,5.666666666666667,0,No
PRV53791,Outpatient,86,20190,234.7674418604651,1.2093023255813953,0.0,0,No
PRV53792,Inpatient,33,261000,7909.090909090909,4.424242424242424,4.424242424242424,1,Yes
PRV53792,Outpatient,20,11510,575.5,2.75,0.0,1,Yes
PRV53793,Outpatient,45,25700,571.1111111111111,2.2444444444444445,0.0,0,No
PRV53794,Outpatient,167,47640,285.2694610778443,1.0,0.0,0,No
PRV53796,Outpatient,28,5960,212.85714285714286,1.6071428571428572,0.0,0,No
PRV53797,Outpatient,4739,1303600,275.0791306182739,1.2357037349651825,0.0,1,Yes
PRV53798,Outpatient,38,15620,411.05263157894734,0.05263157894736842,0.0,0,No
PRV53799,Inpatient,14,100000,7142.857142857143,4.642857142857143,4.642857142857143,0,No
PRV53799,Outpatient,739,206440,279.3504736129905,1.361299052774019,0.0,0,No
PRV53801,Outpatient,59,26260,445.08474576271186,0.4915254237288136,0.0,0,No
PRV53802,Inpatient,46,448000,9739.130434782608,6.3478260869565215,6.3478260869565215,0,No
PRV53802,Outpatient,34,11870,349.11764705882354,0.7352941176470589,0.0,0,No
PRV53805,Outpatient,70,22520,321.7142857142857,0.5857142857142857,0.0,0,No
PRV53806,Outpatient,173,50270,290.5780346820809,2.2716763005780347,0.0,0,No
PRV53807,Inpatient,36,344300,9563.888888888889,6.111111111111111,6.111111111111111,0,No
PRV53807,Outpatient,122,30730,251.88524590163934,0.7622950819672131,0.0,0,No
PRV53808,Inpatient,195,1854200,9508.71794871795,5.887179487179488,5.887179487179488,1,Yes
PRV53808,Outpatient,298,73050,245.13422818791946,1.3456375838926173,0.0,1,Yes
PRV53812,Outpatient,2,260,130.0,0.0,0.0,0,No
PRV53814,Inpatient,3,18000,6000.0,4.0,4.0,0,No
PRV53814,Outpatient,50,12040,240.8,1.2,0.0,0,No
PRV53815,Outpatient,11,1800,163.63636363636363,0.0,0.0,0,No
PRV53816,Outpatient,194,57210,294.89690721649487,1.4381443298969072,0.0,0,No
PRV53817,Outpatient,21,5180,246.66666666666666,1.8095238095238095,0.0,0,No
PRV53818,Outpatient,10,1020,102.0,2.0,0.0,0,No
PRV53819,Outpatient,53,17930,338.3018867924528,1.6603773584905661,0.0,0,No
PRV53820,Outpatient,15,2450,163.33333333333334,2.3333333333333335,0.0,0,No
PRV53821,Outpatient,10,1070,107.0,3.5,0.0,0,No
PRV53824,Outpatient,114,35580,312.10526315789474,0.9035087719298246,0.0,0,No
PRV53827,Outpatient,9,2830,314.44444444444446,4.555555555555555,0.0,0,No
PRV53828,Outpatient,28,6260,223.57142857142858,0.03571428571428571,0.0,0,No
PRV53829,Outpatient,16,5910,369.375,1.9375,0.0,0,No
PRV53831,Outpatient,83,27550,331.9277108433735,1.4337349397590362,0.0,0,No
PRV53832,Outpatient,12,4910,409.1666666666667,2.0833333333333335,0.0,0,No
PRV53835,Outpatient,8,2300,287.5,3.5,0.0,0,No
PRV53836,Outpatient,49,10970,223.87755102040816,0.42857142857142855,0.0,0,No
PRV53837,Outpatient,13,2490,191.53846153846155,2.769230769230769,0.0,0,No
PRV53838,Outpatient,194,57800,297.9381443298969,0.8298969072164949,0.0,0,No
PRV53839,Outpatient,1,0,0.0,0.0,0.0,0,No
PRV53840,Outpatient,6,460,76.66666666666667,0.0,0.0,0,No
PRV53841,Outpatient,22,3370,153.1818181818182,0.0,0.0,0,No
PRV53842,Outpatient,7,2410,344.2857142857143,4.0,0.0,0,No
PRV53843,Outpatient,14,1460,104.28571428571429,1.6428571428571428,0.0,0,No
PRV53844,Outpatient,53,7910,149.24528301886792,0.6037735849056604,0.0,0,No
PRV53845,Outpatient,20,9160,458.0,0.4,0.0,0,No
PRV53846,Outpatient,12,2640,220.0,0.0,0.0,0,No
PRV53848,Outpatient,8,1080,135.0,0.0,0.0,0,No
PRV53849,Outpatient,21,2930,139.52380952380952,0.09523809523809523,0.0,0,No
PRV53850,Outpatient,10,1720,172.0,3.3,0.0,0,No
PRV53851,Outpatient,48,21100,439.5833333333333,1.3541666666666667,0.0,0,No
PRV53855,Inpatient,20,141000,7050.0,4.05,4.05,1,Yes
PRV53857,Inpatient,10,140000,14000.0,6.7,6.7,0,No
PRV53859,Outpatient,143,33810,236.43356643356643,1.944055944055944,0.0,0,No
PRV53860,Outpatient,1,100,100.0,0.0,0.0,0,No
PRV53861,Inpatient,2,11000,5500.0,6.0,6.0,0,No
PRV53862,Inpatient,4,50000,12500.0,6.25,6.25,0,No
PRV53862,Outpatient,2,100,50.0,0.0,0.0,0,No
PRV53864,Outpatient,2,460,230.0,0.5,0.0,0,No
PRV53865,Inpatient,6,60000,10000.0,5.166666666666667,5.166666666666667,0,No
PRV53867,Inpatient,9,90000,10000.0,7.0,7.0,0,No
PRV53867,Outpatient,4,3270,817.5,0.25,0.0,0,No
PRV53868,Inpatient,10,158000,15800.0,6.2,6.2,0,No
PRV53868,Outpatient,18,3420,190.0,0.3888888888888889,0.0,0,No
PRV53871,Outpatient,1220,272730,223.54918032786884,1.2254098360655739,0.0,0,No
PRV53872,Inpatient,9,105000,11666.666666666666,4.777777777777778,4.777777777777778,0,No
PRV53872,Outpatient,222,65480,294.9549549549549,1.2837837837837838,0.0,0,No
PRV53873,Inpatient,14,97000,6928.571428571428,5.071428571428571,5.071428571428571,0,No
PRV53873,Outpatient,68,19650,288.97058823529414,1.0588235294117647,0.0,0,No
PRV53874,Outpatient,524,149580,285.4580152671756,1.4408396946564885,0.0,0,No
PRV53875,Outpatient,41,9290,226.58536585365854,2.926829268292683,0.0,0,No
PRV53876,Outpatient,125,31310,250.48,1.096,0.0,0,No
PRV53877,Outpatient,19,6750,355.2631578947368,2.1578947368421053,0.0,0,No
PRV53878,Inpatient,5,35000,7000.0,4.8,4.8,0,No
PRV53878,Outpatient,41,13670,333.4146341463415,2.4390243902439024,0.0,0,No
PRV53879,Outpatient,15,1340,89.33333333333333,0.0,0.0,0,No
PRV53880,Outpatient,61,19790,324.42622950819674,0.9508196721311475,0.0,0,No
PRV53884,Inpatient,117,996900,8520.51282051282,4.7094017094017095,4.7094017094017095,1,Yes
PRV53884,Outpatient,152,43070,283.35526315789474,1.3026315789473684,0.0,1,Yes
PRV53885,Inpatient,6,48900,8150.0,4.166666666666667,4.166666666666667,0,No
PRV53885,Outpatient,6,730,121.66666666666667,1.5,0.0,0,No
PRV53887,Outpatient,598,165500,276.75585284280936,1.2692307692307692,0.0,1,Yes
PRV53888,Outpatient,70,19410,277.2857142857143,1.7428571428571429,0.0,0,No
PRV53889,Inpatient,9,60000,6666.666666666667,4.0,4.0,0,No
PRV53889,Outpatient,186,38480,206.88172043010752,1.0591397849462365,0.0,0,No
PRV53891,Outpatient,22,10530,478.6363636363636,1.7272727272727273,0.0,0,No
PRV53892,Inpatient,8,120000,15000.0,6.0,6.0,0,No
PRV53892,Outpatient,111,30340,273.3333333333333,0.9369369369369369,0.0,0,No
PRV53894,Inpatient,15,215000,14333.333333333334,6.6,6.6,1,Yes
PRV53894,Outpatient,202,53080,262.7722772277228,1.3366336633663367,0.0,1,Yes
PRV53895,Outpatient,1273,401380,315.30243519245874,1.6087981146897095,0.0,1,Yes
PRV53896,Outpatient,43,10950,254.65116279069767,1.1627906976744187,0.0,0,No
PRV53899,Outpatient,3,120,40.0,0.0,0.0,0,No
PRV53900,Outpatient,789,201850,255.83016476552598,1.4955640050697085,0.0,1,Yes
PRV53901,Outpatient,14,5400,385.7142857142857,3.0,0.0,0,No
PRV53905,Outpatient,77,21730,282.2077922077922,1.4415584415584415,0.0,0,No
PRV53906,Outpatient,4,480,120.0,0.75,0.0,0,No
PRV53907,Outpatient,126,45960,364.76190476190476,0.8888888888888888,0.0,0,No
PRV53908,Outpatient,15,8510,567.3333333333334,4.2,0.0,0,No
PRV53909,Outpatient,256,79990,312.4609375,1.578125,0.0,0,No
PRV53910,Inpatient,27,254000,9407.407407407407,7.481481481481482,7.481481481481482,0,No
PRV53910,Outpatient,69,21480,311.30434782608694,1.4782608695652173,0.0,0,No
PRV53911,Inpatient,14,177000,12642.857142857143,9.0,9.0,1,Yes
PRV53911,Outpatient,522,197480,378.3141762452107,1.8888888888888888,0.0,1,Yes
PRV53912,Outpatient,66,16820,254.84848484848484,2.0757575757575757,0.0,0,No
PRV53913,Outpatient,131,36180,276.1832061068702,1.549618320610687,0.0,0,No
PRV53915,Outpatient,545,152600,280.0,1.2256880733944955,0.0,0,No
PRV53916,Outpatient,192,43180,224.89583333333334,0.9375,0.0,0,No
PRV53917,Inpatient,7,52300,7471.428571428572,6.142857142857143,6.142857142857143,0,No
PRV53917,Outpatient,193,69900,362.1761658031088,1.6373056994818653,0.0,0,No
PRV53918,Outpatient,3588,1014510,282.75083612040135,1.3255295429208473,0.0,1,Yes
PRV53919,Inpatient,6,50800,8466.666666666666,8.5,8.5,1,Yes
PRV53919,Outpatient,18,3250,180.55555555555554,3.6666666666666665,0.0,1,Yes
PRV53920,Inpatient,3,36000,12000.0,5.333333333333333,5.333333333333333,0,No
PRV53920,Outpatient,218,59610,273.4403669724771,1.165137614678899,0.0,0,No
PRV53921,Inpatient,9,55040,6115.555555555556,3.7777777777777777,3.7777777777777777,0,No
PRV53921,Outpatient,759,267190,352.0289855072464,1.3754940711462451,0.0,0,No
PRV53922,Outpatient,55,13530,246.0,1.7454545454545454,0.0,0,No
PRV53923,Inpatient,30,243000,8100.0,3.7666666666666666,3.7666666666666666,1,Yes
PRV53923,Outpatient,125,27400,219.2,1.632,0.0,1,Yes
PRV53924,Outpatient,1,0,0.0,2.0,0.0,0,No
PRV53925,Inpatient,20,148000,7400.0,4.5,4.5,0,No
PRV53925,Outpatient,41,12200,297.5609756097561,1.5853658536585367,0.0,0,No
PRV53926,Outpatient,27,8840,327.4074074074074,0.7407407407407407,0.0,0,No
PRV53927,Outpatient,11,3600,327.27272727272725,1.9090909090909092,0.0,0,No
PRV53928,Inpatient,3,14000,4666.666666666667,2.6666666666666665,2.6666666666666665,0,No
PRV53928,Outpatient,38,9750,256.57894736842104,1.0263157894736843,0.0,0,No
PRV53931,Inpatient,3,30000,10000.0,2.6666666666666665,2.6666666666666665,0,No
PRV53931,Outpatient,52,10410,200.19230769230768,1.0384615384615385,0.0,0,No
PRV53932,Inpatient,82,860000,10487.80487804878,5.353658536585366,5.353658536585366,0,No
PRV53932,Outpatient,222,60140,270.9009009009009,1.2207207207207207,0.0,0,No
PRV53933,Outpatient,265,81990,309.39622641509436,1.5320754716981133,0.0,0,No
PRV53934,Outpatient,122,33500,274.59016393442624,1.6721311475409837,0.0,0,No
PRV53935,Outpatient,12,5410,450.8333333333333,0.08333333333333333,0.0,0,No
PRV53937,Inpatient,17,211000,12411.764705882353,6.882352941176471,6.882352941176471,1,Yes
PRV53937,Outpatient,21,6970,331.9047619047619,1.9047619047619047,0.0,1,Yes
PRV53938,Inpatient,82,637000,7768.292682926829,4.524390243902439,4.524390243902439,1,Yes
PRV53938,Outpatient,29,16670,574.8275862068965,2.3448275862068964,0.0,1,Yes
PRV53939,Inpatient,6,112000,18666.666666666668,8.166666666666666,8.166666666666666,0,No
PRV53939,Outpatient,298,81440,273.28859060402687,1.1208053691275168,0.0,0,No
PRV53940,Outpatient,97,21890,225.6701030927835,1.6288659793814433,0.0,0,No
PRV53941,Inpatient,6,59000,9833.333333333334,2.8333333333333335,2.8333333333333335,0,No
PRV53941,Outpatient,71,23160,326.19718309859155,2.323943661971831,0.0,0,No
PRV53942,Inpatient,8,73000,9125.0,5.875,5.875,0,No
PRV53942,Outpatient,17,4620,271.7647058823529,2.3529411764705883,0.0,0,No
PRV53943,Inpatient,8,63000,7875.0,5.0,5.0,0,No
PRV53943,Outpatient,101,28800,285.1485148514852,1.0495049504950495,0.0,0,No
PRV53944,Outpatient,104,21740,209.03846153846155,0.7884615384615384,0.0,0,No
PRV53945,Outpatient,49,15300,312.2448979591837,1.6938775510204083,0.0,0,No
PRV53946,Outpatient,21,10070,479.5238095238095,0.14285714285714285,0.0,0,No
PRV53947,Outpatient,8,430,53.75,2.0,0.0,0,No
PRV53949,Outpatient,5,710,142.0,1.8,0.0,0,No
PRV53950,Outpatient,298,82130,275.6040268456376,2.0671140939597317,0.0,0,No
PRV53951,Inpatient,22,211000,9590.90909090909,4.136363636363637,4.136363636363637,1,Yes
PRV53951,Outpatient,32,12620,394.375,0.625,0.0,1,Yes
PRV53952,Outpatient,15,4580,305.3333333333333,1.0,0.0,0,No
PRV53956,Outpatient,526,157610,299.638783269962,1.7395437262357414,0.0,0,No
PRV53957,Outpatient,15,6640,442.6666666666667,1.6,0.0,0,No
PRV53958,Inpatient,23,213000,9260.869565217392,4.608695652173913,4.608695652173913,0,No
PRV53958,Outpatient,690,262260,380.0869565217391,1.7057971014492754,0.0,0,No
PRV53959,Inpatient,76,866400,11400.0,6.2631578947368425,6.2894736842105265,1,Yes
PRV53959,Outpatient,138,30430,220.5072463768116,1.5144927536231885,0.0,1,Yes
PRV53960,Outpatient,420,127360,303.23809523809524,1.7976190476190477,0.0,0,No
PRV53961,Inpatient,97,793900,8184.5360824742265,4.948453608247423,4.948453608247423,1,Yes
PRV53961,Outpatient,32,17560,548.75,1.96875,0.0,1,Yes
PRV53963,Inpatient,4,57000,14250.0,3.25,3.25,0,No
PRV53963,Outpatient,35,13660,390.2857142857143,1.9714285714285715,0.0,0,No
PRV53964,Outpatient,146,40830,279.6575342465753,1.452054794520548,0.0,0,No
PRV53965,Outpatient,110,32070,291.54545454545456,1.3909090909090909,0.0,0,No
PRV53966,Outpatient,2,500,250.0,0.0,0.0,0,No
PRV53967,Outpatient,2,100,50.0,0.0,0.0,0,No
PRV53968,Outpatient,32,6600,206.25,2.0,0.0,0,No
PRV53969,Outpatient,118,35990,305.0,1.194915254237288,0.0,0,No
PRV53970,Inpatient,3,65000,21666.666666666668,3.6666666666666665,3.6666666666666665,0,No
PRV53970,Outpatient,1,200,200.0,1.0,0.0,0,No
PRV53971,Outpatient,102,22210,217.7450980392157,0.6666666666666666,0.0,0,No
PRV53972,Inpatient,6,35000,5833.333333333333,3.8333333333333335,3.8333333333333335,0,No
PRV53972,Outpatient,68,16920,248.8235294117647,1.7205882352941178,0.0,0,No
PRV53973,Outpatient,170,45130,265.47058823529414,1.723529411764706,0.0,0,No
PRV53974,Outpatient,67,12950,193.28358208955223,1.2388059701492538,0.0,0,No
PRV53975,Outpatient,70,11390,162.71428571428572,0.5857142857142857,0.0,0,No
PRV53977,Outpatient,65,22120,340.3076923076923,1.9230769230769231,0.0,0,No
PRV53978,Outpatient,1,100,100.0,0.0,0.0,0,No
PRV53979,Outpatient,77,26170,339.87012987012986,1.0129870129870129,0.0,0,No
PRV53980,Outpatient,22,3730,169.54545454545453,1.6363636363636365,0.0,0,No
PRV53981,Outpatient,22,4810,218.63636363636363,0.045454545454545456,0.0,0,No
PRV53982,Outpatient,9,980,108.88888888888889,1.2222222222222223,0.0,0,No
PRV53983,Outpatient,24,6400,266.6666666666667,0.08333333333333333,0.0,0,No
PRV53985,Inpatient,8,108000,13500.0,8.125,8.125,1,Yes
PRV53985,Outpatient,189,55330,292.75132275132273,1.8412698412698412,0.0,1,Yes
PRV53986,Inpatient,11,78000,7090.909090909091,7.090909090909091,7.090909090909091,0,No
PRV53986,Outpatient,34,12060,354.70588235294116,2.176470588235294,0.0,0,No
PRV53988,Outpatient,32,6360,198.75,0.65625,0.0,0,No
PRV53989,Inpatient,1,13000,13000.0,16.0,16.0,0,No
PRV53989,Outpatient,26,9130,351.15384615384613,1.2692307692307692,0.0,0,No
PRV53990,Inpatient,5,43000,8600.0,10.0,10.0,0,No
PRV53990,Outpatient,94,20350,216.48936170212767,1.0106382978723405,0.0,0,No
PRV53991,Outpatient,62,14050,226.61290322580646,0.9838709677419355,0.0,0,No
PRV53992,Outpatient,244,87620,359.0983606557377,1.6475409836065573,0.0,0,No
PRV53993,Outpatient,201,53770,267.5124378109453,1.7313432835820894,0.0,0,No
PRV53994,Outpatient,174,46000,264.367816091954,1.0747126436781609,0.0,0,No
PRV53995,Outpatient,3,440,146.66666666666666,0.3333333333333333,0.0,0,No
PRV53996,Inpatient,2,11000,5500.0,5.0,5.0,0,No
PRV53996,Outpatient,3,390,130.0,0.0,0.0,0,No
PRV53997,Outpatient,172,70230,408.3139534883721,2.308139534883721,0.0,0,No
PRV53999,Outpatient,1,60,60.0,0.0,0.0,0,No
PRV54000,Outpatient,206,42220,204.95145631067962,0.8058252427184466,0.0,0,No
PRV54001,Inpatient,8,61000,7625.0,4.875,4.875,0,No
PRV54002,Outpatient,11,2060,187.27272727272728,1.8181818181818181,0.0,0,No
PRV54004,Outpatient,8,1090,136.25,0.875,0.0,0,No
PRV54005,Outpatient,8,1800,225.0,2.5,0.0,0,No
PRV54006,Outpatient,1,90,90.0,0.0,0.0,0,No
PRV54007,Outpatient,5,1400,280.0,2.8,0.0,0,No
PRV54008,Outpatient,50,12860,257.2,1.68,0.0,0,No
PRV54009,Outpatient,1,40,40.0,0.0,0.0,0,No
PRV54011,Outpatient,2,70,35.0,0.0,0.0,0,No
PRV54012,Outpatient,8,3800,475.0,0.0,0.0,0,No
PRV54013,Outpatient,1,100,100.0,0.0,0.0,0,No
PRV54014,Outpatient,2,410,205.0,0.0,0.0,0,No
PRV54016,Outpatient,4,640,160.0,1.75,0.0,0,No
PRV54017,Outpatient,13,2610,200.76923076923077,0.5384615384615384,0.0,0,No
PRV54019,Outpatient,4,900,225.0,0.0,0.0,0,No
PRV54020,Outpatient,7,2050,292.85714285714283,5.285714285714286,0.0,0,No
PRV54021,Outpatient,20,1980,99.0,0.0,0.0,0,No
PRV54023,Outpatient,18,2060,114.44444444444444,0.0,0.0,0,No
PRV54024,Outpatient,38,17870,470.2631578947368,3.4473684210526314,0.0,0,No
PRV54025,Outpatient,20,8980,449.0,2.0,0.0,0,No
PRV54026,Outpatient,3,2420,806.6666666666666,0.0,0.0,0,No
PRV54027,Outpatient,14,1390,99.28571428571429,1.0,0.0,0,No
PRV54028,Outpatient,6,720,120.0,0.0,0.0,0,No
PRV54029,Outpatient,2,320,160.0,0.0,0.0,0,No
PRV54030,Outpatient,14,2820,201.42857142857142,2.0,0.0,0,No
PRV54031,Outpatient,5,2270,454.0,0.2,0.0,0,No
PRV54033,Outpatient,1,30,30.0,0.0,0.0,0,No
PRV54034,Outpatient,1,70,70.0,0.0,0.0,0,No
PRV54036,Outpatient,100,25890,258.9,1.06,0.0,0,No
PRV54037,Outpatient,17,10510,618.2352941176471,1.5294117647058822,0.0,0,No
PRV54038,Outpatient,19,5840,307.36842105263156,2.4210526315789473,0.0,0,No
PRV54039,Outpatient,28,4770,170.35714285714286,0.14285714285714285,0.0,0,No
PRV54040,Outpatient,2,250,125.0,0.0,0.0,0,No
PRV54041,Outpatient,65,35330,543.5384615384615,2.4153846153846152,0.0,0,No
PRV54043,Outpatient,3,5540,1846.6666666666667,12.666666666666666,0.0,0,No
PRV54044,Outpatient,6,820,136.66666666666666,0.0,0.0,0,No
PRV54045,Outpatient,3,240,80.0,6.333333333333333,0.0,0,No
PRV54046,Outpatient,1,0,0.0,20.0,0.0,0,No
PRV54048,Outpatient,4,830,207.5,0.0,0.0,0,No
PRV54049,Outpatient,132,34600,262.1212121212121,1.1818181818181819,0.0,0,No
PRV54050,Outpatient,1,500,500.0,2.0,0.0,0,No
PRV54051,Inpatient,5,38000,7600.0,4.2,4.2,0,No
PRV54052,Inpatient,6,75000,12500.0,8.333333333333334,8.333333333333334,0,No
PRV54053,Outpatient,1,10,10.0,0.0,0.0,0,No
PRV54054,Inpatient,1,5000,5000.0,5.0,5.0,0,No
PRV54055,Inpatient,25,214000,8560.0,3.6,3.6,0,No
PRV54056,Inpatient,21,197000,9380.952380952382,5.142857142857143,5.142857142857143,1,Yes
PRV54057,Outpatient,1,0,0.0,0.0,0.0,0,No
PRV54058,Inpatient,35,284000,8114.285714285715,6.571428571428571,6.571428571428571,0,No
PRV54059,Inpatient,18,172000,9555.555555555555,5.5,5.5,0,No
PRV54060,Inpatient,16,164000,10250.0,5.875,5.875,0,No
PRV54061,Inpatient,4,30000,7500.0,12.5,12.5,0,No
PRV54061,Outpatient,7,470,67.14285714285714,0.0,0.0,0,No
PRV54062,Inpatient,2,15000,7500.0,4.5,4.5,0,No
PRV54062,Outpatient,9,2730,303.3333333333333,1.4444444444444444,0.0,0,No
PRV54063,Inpatient,1,3000,3000.0,3.0,3.0,0,No
PRV54063,Outpatient,16,5620,351.25,1.0,0.0,0,No
PRV54064,Inpatient,16,179000,11187.5,6.0625,6.0625,0,No
PRV54064,Outpatient,106,43200,407.54716981132077,2.9716981132075473,0.0,0,No
PRV54065,Inpatient,24,238000,9916.666666666666,7.166666666666667,7.041666666666667,1,Yes
PRV54065,Outpatient,70,18620,266.0,1.9142857142857144,0.0,1,Yes
PRV54066,Outpatient,148,41710,281.8243243243243,1.777027027027027,0.0,0,No
PRV54068,Outpatient,7,570,81.42857142857143,0.0,0.0,0,No
PRV54070,Outpatient,1467,393990,268.56850715746424,1.3340149965916837,0.0,1,Yes
PRV54071,Inpatient,8,78000,9750.0,7.625,7.625,0,No
PRV54071,Outpatient,428,151020,352.85046728971963,2.317757009345794,0.0,0,No
PRV54072,Inpatient,6,99000,16500.0,4.5,4.5,0,No
PRV54072,Outpatient,24,6640,276.6666666666667,2.5,0.0,0,No
PRV54073,Inpatient,7,100000,14285.714285714286,4.0,4.0,0,No
PRV54073,Outpatient,37,16390,442.97297297297297,1.054054054054054,0.0,0,No
PRV54074,Inpatient,23,319000,13869.565217391304,5.695652173913044,5.695652173913044,1,Yes
PRV54074,Outpatient,90,23890,265.44444444444446,1.4555555555555555,0.0,1,Yes
PRV54075,Inpatient,32,286000,8937.5,5.6875,5.6875,1,Yes
PRV54075,Outpatient,1487,411520,276.7451244115669,1.4431741761936785,0.0,1,Yes
PRV54076,Inpatient,9,78000,8666.666666666666,4.111111111111111,4.111111111111111,0,No
PRV54076,Outpatient,43,13970,324.8837209302326,1.3953488372093024,0.0,0,No
PRV54077,Inpatient,52,521000,10019.23076923077,6.230769230769231,6.230769230769231,1,Yes
PRV54077,Outpatient,24,16320,680.0,4.166666666666667,0.0,1,Yes
PRV54078,Inpatient,20,193000,9650.0,8.55,8.55,0,No
PRV54078,Outpatient,99,21380,215.95959595959596,1.9393939393939394,0.0,0,No
PRV54080,Outpatient,573,176370,307.80104712041884,1.5340314136125655,0.0,0,No
PRV54081,Inpatient,11,135000,12272.727272727272,5.0,5.0,0,No
PRV54081,Outpatient,3,200,66.66666666666667,0.0,0.0,0,No
PRV54082,Inpatient,5,35000,7000.0,5.8,5.8,0,No
PRV54082,Outpatient,6,450,75.0,0.0,0.0,0,No
PRV54083,Inpatient,8,60000,7500.0,7.625,7.625,0,No
PRV54083,Outpatient,271,73780,272.2509225092251,1.4354243542435425,0.0,0,No
PRV54084,Inpatient,8,73000,9125.0,3.875,3.875,0,No
PRV54084,Outpatient,41,9310,227.0731707317073,1.3658536585365855,0.0,0,No
PRV54085,Inpatient,58,552000,9517.241379310344,5.206896551724138,5.206896551724138,0,No
PRV54085,Outpatient,176,50110,284.71590909090907,1.3806818181818181,0.0,0,No
PRV54086,Outpatient,66,12550,190.15151515151516,1.4090909090909092,0.0,0,No
PRV54089,Inpatient,7,76000,10857.142857142857,5.285714285714286,5.285714285714286,0,No
PRV54089,Outpatient,34,15230,447.94117647058823,2.2941176470588234,0.0,0,No
PRV54090,Inpatient,32,281000,8781.25,5.3125,5.3125,0,No
PRV54090,Outpatient,158,39740,251.51898734177215,1.6265822784810127,0.0,0,No
PRV54091,Outpatient,112,22820,203.75,1.4732142857142858,0.0,0,No
PRV54092,Outpatient,481,141550,294.28274428274426,1.3513513513513513,0.0,0,No
PRV54093,Inpatient,41,501700,12236.585365853658,6.195121951219512,6.195121951219512,1,Yes
PRV54093,Outpatient,48,13280,276.6666666666667,1.3541666666666667,0.0,1,Yes
PRV54096,Outpatient,7,920,131.42857142857142,0.0,0.0,0,No
PRV54098,Inpatient,9,57080,6342.222222222223,5.888888888888889,5.888888888888889,1,Yes
PRV54098,Outpatient,247,63320,256.3562753036437,1.0809716599190284,0.0,1,Yes
PRV54099,Inpatient,14,144000,10285.714285714286,3.357142857142857,3.357142857142857,0,No
PRV54099,Outpatient,203,43860,216.0591133004926,1.2019704433497538,0.0,0,No
PRV54101,Inpatient,11,60000,5454.545454545455,3.727272727272727,3.727272727272727,0,No
PRV54101,Outpatient,18,5790,321.6666666666667,1.8333333333333333,0.0,0,No
PRV54102,Inpatient,9,88000,9777.777777777777,5.0,5.0,0,No
PRV54102,Outpatient,14,12720,908.5714285714286,0.6428571428571429,0.0,0,No
PRV54103,Inpatient,8,58000,7250.0,3.75,3.75,1,Yes
PRV54103,Outpatient,179,46930,262.1787709497207,0.6703910614525139,0.0,1,Yes
PRV54106,Inpatient,5,62000,12400.0,4.8,4.8,0,No
PRV54106,Outpatient,34,7910,232.64705882352942,2.0294117647058822,0.0,0,No
PRV54107,Outpatient,147,44080,299.86394557823127,1.163265306122449,0.0,0,No
PRV54109,Outpatient,16,4950,309.375,4.125,0.0,0,No
PRV54110,Outpatient,7,450,64.28571428571429,2.857142857142857,0.0,0,No
PRV54111,Inpatient,54,548000,10148.148148148148,5.592592592592593,5.555555555555555,1,Yes
PRV54111,Outpatient,195,42000,215.3846153846154,0.676923076923077,0.0,1,Yes
PRV54112,Outpatient,31,6590,212.58064516129033,1.5483870967741935,0.0,0,No
PRV54113,Outpatient,1,60,60.0,0.0,0.0,0,No
PRV54114,Inpatient,3,20000,6666.666666666667,10.0,10.0,0,No
PRV54114,Outpatient,8,2790,348.75,1.125,0.0,0,No
PRV54115,Outpatient,4,170,42.5,0.0,0.0,0,No
PRV54116,Outpatient,16,1280,80.0,1.25,0.0,0,No
PRV54117,Outpatient,6,320,53.333333333333336,0.0,0.0,0,No
PRV54118,Outpatient,8,470,58.75,2.5,0.0,0,No
PRV54119,Outpatient,14,1980,141.42857142857142,0.0,0.0,0,No
PRV54120,Outpatient,2,1000,500.0,0.0,0.0,0,No
PRV54121,Outpatient,48,15370,320.2083333333333,1.5,0.0,0,No
PRV54122,Outpatient,4,510,127.5,0.0,0.0,0,No
PRV54123,Outpatient,2,110,55.0,0.0,0.0,0,No
PRV54124,Outpatient,5,700,140.0,0.0,0.0,0,No
PRV54125,Outpatient,11,7180,652.7272727272727,2.909090909090909,0.0,0,No
PRV54127,Outpatient,28,9100,325.0,2.5714285714285716,0.0,0,No
PRV54128,Outpatient,27,10440,386.6666666666667,1.8148148148148149,0.0,0,No
PRV54129,Outpatient,5,3120,624.0,0.0,0.0,0,No
PRV54130,Outpatient,64,9210,143.90625,1.359375,0.0,0,No
PRV54131,Outpatient,24,4010,167.08333333333334,0.2916666666666667,0.0,0,No
PRV54132,Outpatient,5,530,106.0,0.0,0.0,0,No
PRV54133,Outpatient,25,3560,142.4,0.08,0.0,0,No
PRV54134,Inpatient,2,10000,5000.0,4.0,4.0,0,No
PRV54134,Outpatient,42,17250,410.7142857142857,0.16666666666666666,0.0,0,No
PRV54135,Outpatient,3,260,86.66666666666667,7.0,0.0,0,No
PRV54136,Outpatient,30,7570,252.33333333333334,1.3666666666666667,0.0,0,No
PRV54139,Inpatient,5,39000,7800.0,4.8,4.8,0,No
PRV54139,Outpatient,94,22480,239.14893617021278,0.8829787234042553,0.0,0,No
PRV54140,Outpatient,6,230,38.333333333333336,0.0,0.0,0,No
PRV54141,Outpatient,31,9100,293.5483870967742,1.3870967741935485,0.0,0,No
PRV54142,Outpatient,28,9940,355.0,1.9285714285714286,0.0,0,No
PRV54144,Outpatient,294,73130,248.74149659863946,1.3503401360544218,0.0,1,Yes
PRV54145,Outpatient,6,6320,1053.3333333333333,3.5,0.0,0,No
PRV54146,Outpatient,5,240,48.0,0.0,0.0,0,No
PRV54148,Outpatient,1,90,90.0,0.0,0.0,0,No
PRV54149,Inpatient,5,32000,6400.0,4.0,4.0,1,Yes
PRV54149,Outpatient,11,2700,245.45454545454547,0.0,0.0,1,Yes
PRV54150,Outpatient,25,11020,440.8,0.8,0.0,0,No
PRV54153,Inpatient,3,40000,13333.333333333334,12.0,12.0,0,No
PRV54153,Outpatient,11,1410,128.1818181818182,0.09090909090909091,0.0,0,No
PRV54154,Outpatient,12,1640,136.66666666666666,1.75,0.0,0,No
PRV54155,Inpatient,1,13000,13000.0,3.0,3.0,0,No
PRV54155,Outpatient,50,11440,228.8,1.66,0.0,0,No
PRV54156,Outpatient,121,30480,251.900826446281,1.0495867768595042,0.0,0,No
PRV54157,Outpatient,130,27980,215.23076923076923,1.1846153846153846,0.0,0,No
PRV54158,Outpatient,9,2360,262.22222222222223,0.6666666666666666,0.0,0,No
PRV54159,Outpatient,34,14400,423.52941176470586,2.3529411764705883,0.0,0,No
PRV54160,Outpatient,9,4370,485.55555555555554,4.444444444444445,0.0,0,No
PRV54162,Outpatient,32,8160,255.0,0.6875,0.0,0,No
PRV54163,Outpatient,41,8820,215.1219512195122,0.0975609756097561,0.0,0,No
PRV54164,Inpatient,1,4000,4000.0,5.0,5.0,0,No
PRV54164,Outpatient,1,100,100.0,0.0,0.0,0,No
PRV54166,Outpatient,20,6500,325.0,0.9,0.0,0,No
PRV54167,Outpatient,9,1840,204.44444444444446,0.0,0.0,0,No
PRV54168,Inpatient,1,7000,7000.0,3.0,3.0,0,No
PRV54168,Outpatient,66,27350,414.3939393939394,1.893939393939394,0.0,0,No
PRV54171,Outpatient,72,20740,288.05555555555554,0.9722222222222222,0.0,0,No
PRV54172,Outpatient,2,140,70.0,0.0,0.0,0,No
PRV54173,Outpatient,7,640,91.42857142857143,0.0,0.0,0,No
PRV54175,Outpatient,1,80,80.0,0.0,0.0,0,No
PRV54176,Outpatient,10,1670,167.0,0.0,0.0,0,No
PRV54177,Outpatient,2,1100,550.0,0.0,0.0,0,No
PRV54178,Outpatient,2,90,45.0,0.0,0.0,0,No
PRV54179,Outpatient,1,0,0.0,0.0,0.0,0,No
PRV54180,Outpatient,2,150,75.0,0.0,0.0,0,No
PRV54181,Outpatient,4,190,47.5,0.25,0.0,0,No
PRV54182,Outpatient,4,1750,437.5,5.25,0.0,0,No
PRV54183,Outpatient,2,4400,2200.0,0.0,0.0,0,No
PRV54184,Outpatient,10,3560,356.0,4.0,0.0,0,No
PRV54185,Outpatient,2,350,175.0,10.5,0.0,0,No
PRV54186,Outpatient,11,1730,157.27272727272728,0.0,0.0,0,No
PRV54187,Outpatient,1,200,200.0,0.0,0.0,0,No
PRV54188,Outpatient,4,3060,765.0,5.0,0.0,0,No
PRV54191,Outpatient,2,360,180.0,0.0,0.0,0,No
PRV54192,Outpatient,2,890,445.0,0.0,0.0,0,No
PRV54193,Outpatient,24,4030,167.91666666666666,0.20833333333333334,0.0,0,No
PRV54194,Outpatient,7,3630,518.5714285714286,0.14285714285714285,0.0,0,No
PRV54196,Outpatient,10,4320,432.0,2.1,0.0,0,No
PRV54197,Outpatient,14,850,60.714285714285715,0.0,0.0,0,No
PRV54198,Outpatient,6,490,81.66666666666667,3.3333333333333335,0.0,0,No
PRV54199,Outpatient,1,40,40.0,0.0,0.0,0,No
PRV54200,Inpatient,13,173090,13314.615384615385,4.769230769230769,4.769230769230769,0,No
PRV54201,Inpatient,4,19600,4900.0,5.25,5.25,0,No
PRV54202,Inpatient,10,137000,13700.0,5.3,5.3,0,No
PRV54203,Outpatient,51,12930,253.52941176470588,1.3529411764705883,0.0,0,No
PRV54204,Inpatient,4,62200,15550.0,9.0,9.0,0,No
PRV54205,Inpatient,9,65000,7222.222222222223,4.666666666666667,4.666666666666667,0,No
PRV54206,Inpatient,1,10000,10000.0,3.0,3.0,0,No
PRV54206,Outpatient,43,11400,265.1162790697674,1.7209302325581395,0.0,0,No
PRV54207,Outpatient,41,6950,169.5121951219512,0.7560975609756098,0.0,0,No
PRV54208,Inpatient,10,109300,10930.0,5.7,5.7,0,No
PRV54208,Outpatient,17,4860,285.88235294117646,2.2941176470588234,0.0,0,No
PRV54209,Inpatient,20,146600,7330.0,4.85,4.85,1,Yes
PRV54209,Outpatient,131,32300,246.5648854961832,0.8625954198473282,0.0,1,Yes
PRV54210,Outpatient,20,4610,230.5,2.25,0.0,0,No
PRV54212,Outpatient,54,11920,220.74074074074073,1.0925925925925926,0.0,0,No
PRV54213,Inpatient,21,160000,7619.047619047619,4.238095238095238,4.238095238095238,0,No
PRV54213,Outpatient,46,9320,202.6086956521739,1.4565217391304348,0.0,0,No
PRV54215,Inpatient,14,142000,10142.857142857143,6.714285714285714,6.714285714285714,0,No
PRV54215,Outpatient,17,2370,139.41176470588235,1.2352941176470589,0.0,0,No
PRV54216,Inpatient,10,150000,15000.0,6.9,6.9,0,No
PRV54216,Outpatient,39,13340,342.05128205128204,0.5897435897435898,0.0,0,No
PRV54217,Outpatient,30,5260,175.33333333333334,1.0,0.0,0,No
PRV54219,Outpatient,101,18730,185.44554455445544,1.386138613861386,0.0,0,No
PRV54220,Inpatient,8,165000,20625.0,8.625,8.625,0,No
PRV54220,Outpatient,24,20140,839.1666666666666,2.0416666666666665,0.0,0,No
PRV54222,Outpatient,19,3130,164.73684210526315,0.3684210526315789,0.0,0,No
PRV54223,Outpatient,74,16480,222.7027027027027,1.1486486486486487,0.0,0,No
PRV54224,Outpatient,43,15460,359.5348837209302,0.8604651162790697,0.0,0,No
PRV54225,Outpatient,104,53620,515.5769230769231,2.0,0.0,1,Yes
PRV54226,Outpatient,13,760,58.46153846153846,1.0769230769230769,0.0,0,No
PRV54227,Outpatient,53,7630,143.96226415094338,1.830188679245283,0.0,0,No
PRV54228,Inpatient,41,304000,7414.634146341464,5.317073170731708,5.390243902439025,0,No
PRV54228,Outpatient,311,102000,327.9742765273312,1.5562700964630225,0.0,0,No
PRV54230,Inpatient,44,391000,8886.363636363636,6.068181818181818,6.068181818181818,1,Yes
PRV54230,Outpatient,82,17650,215.2439024390244,0.7682926829268293,0.0,1,Yes
PRV54231,Outpatient,190,67880,357.2631578947368,2.3947368421052633,0.0,0,No
PRV54232,Inpatient,8,98500,12312.5,6.5,6.5,0,No
PRV54232,Outpatient,34,9250,272.05882352941177,1.4705882352941178,0.0,0,No
PRV54233,Inpatient,1,6000,6000.0,2.0,2.0,0,No
PRV54233,Outpatient,6,350,58.333333333333336,0.0,0.0,0,No
PRV54235,Outpatient,16,4280,267.5,1.0625,0.0,0,No
PRV54237,Outpatient,234,52560,224.6153846153846,0.9102564102564102,0.0,0,No
PRV54238,Outpatient,348,92890,266.92528735632186,1.235632183908046,0.0,0,No
PRV54239,Outpatient,62,20980,338.38709677419354,1.4838709677419355,0.0,0,No
PRV54240,Outpatient,72,14400,200.0,0.5833333333333334,0.0,0,No
PRV54242,Inpatient,4,28000,7000.0,3.25,3.25,0,No
PRV54242,Outpatient,84,25270,300.8333333333333,0.6428571428571429,0.0,0,No
PRV54244,Inpatient,49,520800,10628.57142857143,6.346938775510204,6.346938775510204,0,No
PRV54244,Outpatient,182,55570,305.3296703296703,1.3846153846153846,0.0,0,No
PRV54245,Inpatient,14,119000,8500.0,6.857142857142857,6.857142857142857,0,No
PRV54245,Outpatient,159,38450,241.8238993710692,1.0440251572327044,0.0,0,No
PRV54246,Outpatient,43,9900,230.2325581395349,1.8604651162790697,0.0,0,No
PRV54247,Inpatient,4,28000,7000.0,13.75,13.75,0,No
PRV54247,Outpatient,66,19030,288.3333333333333,0.6818181818181818,0.0,0,No
PRV54250,Outpatient,62,22530,363.38709677419354,0.6451612903225806,0.0,0,No
PRV54251,Inpatient,6,57000,9500.0,5.0,5.0,0,No
PRV54251,Outpatient,41,20590,502.1951219512195,3.5365853658536586,0.0,0,No
PRV54252,Outpatient,17,6030,354.70588235294116,1.5294117647058822,0.0,0,No
PRV54253,Inpatient,4,80000,20000.0,7.0,7.0,0,No
PRV54253,Outpatient,10,2850,285.0,2.2,0.0,0,No
PRV54254,Outpatient,104,23140,222.5,1.5192307692307692,0.0,0,No
PRV54255,Outpatient,232,107230,462.19827586206895,1.5086206896551724,0.0,0,No
PRV54256,Inpatient,5,39000,7800.0,3.8,3.8,0,No
PRV54256,Outpatient,257,78080,303.81322957198444,1.3657587548638133,0.0,0,No
PRV54257,Outpatient,282,69540,246.59574468085106,1.7836879432624113,0.0,0,No
PRV54258,Inpatient,118,1186000,10050.847457627118,5.491525423728813,5.5,1,Yes
PRV54258,Outpatient,120,31250,260.4166666666667,1.0,0.0,1,Yes
PRV54259,Inpatient,12,78000,6500.0,5.0,5.0,0,No
PRV54259,Outpatient,17,11900,700.0,1.5294117647058822,0.0,0,No
PRV54261,Outpatient,75,25490,339.8666666666667,2.4,0.0,0,No
PRV54262,Inpatient,1,3000,3000.0,4.0,4.0,0,No
PRV54263,Inpatient,1,4000,4000.0,1.0,1.0,0,No
PRV54263,Outpatient,5,860,172.0,0.0,0.0,0,No
PRV54265,Outpatient,406,112930,278.1527093596059,1.2635467980295567,0.0,0,No
PRV54266,Inpatient,21,328000,15619.047619047618,4.9523809523809526,4.9523809523809526,0,No
PRV54266,Outpatient,44,11180,254.0909090909091,1.1590909090909092,0.0,0,No
PRV54267,Outpatient,226,78960,349.3805309734513,1.0663716814159292,0.0,0,No
PRV54269,Outpatient,118,32740,277.45762711864404,0.8813559322033898,0.0,0,No
PRV54270,Outpatient,34,11320,332.94117647058823,1.1764705882352942,0.0,0,No
PRV54271,Outpatient,29,6240,215.17241379310346,1.4137931034482758,0.0,0,No
PRV54273,Outpatient,234,72020,307.77777777777777,1.5683760683760684,0.0,0,No
PRV54274,Outpatient,47,16740,356.17021276595744,2.0425531914893615,0.0,0,No
PRV54275,Outpatient,1,50,50.0,4.0,0.0,0,No
PRV54276,Inpatient,4,86000,21500.0,5.5,5.5,0,No
PRV54276,Outpatient,73,14810,202.87671232876713,0.8493150684931506,0.0,0,No
PRV54278,Outpatient,61,19690,322.78688524590166,2.3114754098360657,0.0,0,No
PRV54280,Outpatient,20,7030,351.5,0.5,0.0,0,No
PRV54282,Outpatient,19,6540,344.2105263157895,1.105263157894737,0.0,0,No
PRV54283,Outpatient,5,550,110.0,0.0,0.0,0,No
PRV54284,Inpatient,8,58000,7250.0,4.875,4.875,0,No
PRV54284,Outpatient,105,38100,362.85714285714283,1.8857142857142857,0.0,0,No
PRV54285,Outpatient,20,2550,127.5,1.55,0.0,0,No
PRV54287,Outpatient,155,37900,244.51612903225808,0.9870967741935484,0.0,0,No
PRV54288,Outpatient,15,4100,273.3333333333333,1.1333333333333333,0.0,0,No
PRV54289,Outpatient,56,17720,316.42857142857144,1.9107142857142858,0.0,0,No
PRV54290,Outpatient,6,3300,550.0,0.0,0.0,0,No
PRV54291,Outpatient,10,1710,171.0,0.0,0.0,0,No
PRV54293,Outpatient,2,2520,1260.0,0.0,0.0,0,No
PRV54294,Outpatient,1,60,60.0,0.0,0.0,0,No
PRV54295,Outpatient,1,3300,3300.0,7.0,0.0,0,No
PRV54296,Outpatient,54,10460,193.7037037037037,0.9444444444444444,0.0,0,No
PRV54297,Inpatient,8,168000,21000.0,6.875,6.875,1,Yes
PRV54298,Inpatient,3,38000,12666.666666666666,5.333333333333333,5.333333333333333,0,No
PRV54299,Outpatient,5,1800,360.0,5.4,0.0,0,No
PRV54300,Outpatient,6,1490,248.33333333333334,2.0,0.0,0,No
PRV54301,Outpatient,13,3690,283.84615384615387,2.6923076923076925,0.0,0,No
PRV54302,Outpatient,1,3300,3300.0,0.0,0.0,0,No
PRV54303,Outpatient,16,5160,322.5,2.5625,0.0,0,No
PRV54304,Outpatient,1,50,50.0,0.0,0.0,0,No
PRV54305,Outpatient,6,2660,443.3333333333333,1.6666666666666667,0.0,0,No
PRV54306,Outpatient,33,13300,403.030303030303,4.757575757575758,0.0,0,No
PRV54307,Outpatient,2,400,200.0,0.0,0.0,0,No
PRV54308,Outpatient,1,70,70.0,0.0,0.0,0,No
PRV54309,Outpatient,29,6160,212.41379310344828,2.413793103448276,0.0,0,No
PRV54310,Outpatient,7,300,42.857142857142854,5.285714285714286,0.0,0,No
PRV54311,Outpatient,3,100,33.333333333333336,6.666666666666667,0.0,0,No
PRV54312,Outpatient,4,350,87.5,0.0,0.0,0,No
PRV54313,Outpatient,16,7070,441.875,3.875,0.0,0,No
PRV54315,Outpatient,103,37770,366.6990291262136,2.3592233009708736,0.0,0,No
PRV54316,Outpatient,2,250,125.0,0.0,0.0,0,No
PRV54317,Outpatient,25,3650,146.0,0.88,0.0,0,No
PRV54319,Outpatient,1,100,100.0,0.0,0.0,0,No
PRV54320,Outpatient,102,21760,213.33333333333334,1.7254901960784315,0.0,0,No
PRV54323,Outpatient,51,10380,203.52941176470588,2.196078431372549,0.0,1,Yes
PRV54324,Inpatient,32,266000,8312.5,5.8125,5.8125,0,No
PRV54325,Inpatient,15,142000,9466.666666666666,4.533333333333333,4.533333333333333,0,No
PRV54326,Inpatient,5,20000,4000.0,5.2,5.2,0,No
PRV54327,Inpatient,13,177000,13615.384615384615,5.769230769230769,5.769230769230769,1,Yes
PRV54327,Outpatient,57,18380,322.4561403508772,1.9298245614035088,0.0,1,Yes
PRV54328,Inpatient,17,173000,10176.470588235294,7.764705882352941,7.764705882352941,0,No
PRV54328,Outpatient,100,22980,229.8,1.65,0.0,0,No
PRV54330,Inpatient,18,146000,8111.111111111111,3.611111111111111,3.611111111111111,0,No
PRV54330,Outpatient,454,134120,295.4185022026432,1.2929515418502202,0.0,0,No
PRV54332,Outpatient,995,333170,334.84422110552765,1.3809045226130654,0.0,0,No
PRV54333,Inpatient,50,547000,10940.0,5.14,5.14,1,Yes
PRV54333,Outpatient,310,82430,265.9032258064516,0.9806451612903225,0.0,1,Yes
PRV54334,Outpatient,105,22590,215.14285714285714,0.9428571428571428,0.0,0,No
PRV54335,Inpatient,19,182000,9578.947368421053,4.473684210526316,4.473684210526316,0,No
PRV54335,Outpatient,200,63690,318.45,0.845,0.0,0,No
PRV54336,Inpatient,14,167000,11928.57142857143,5.214285714285714,5.214285714285714,1,Yes
PRV54336,Outpatient,218,65060,298.4403669724771,0.9220183486238532,0.0,1,Yes
PRV54337,Inpatient,64,612000,9562.5,5.546875,5.546875,0,No
PRV54337,Outpatient,85,28510,335.4117647058824,1.776470588235294,0.0,0,No
PRV54339,Inpatient,11,112000,10181.818181818182,6.2727272727272725,6.2727272727272725,0,No
PRV54339,Outpatient,112,31870,284.55357142857144,1.5535714285714286,0.0,0,No
PRV54340,Inpatient,3,28000,9333.333333333334,4.333333333333333,4.333333333333333,0,No
PRV54340,Outpatient,93,41900,450.5376344086022,1.6129032258064515,0.0,0,No
PRV54341,Inpatient,1,3000,3000.0,1.0,1.0,0,No
PRV54341,Outpatient,54,20970,388.3333333333333,1.537037037037037,0.0,0,No
PRV54342,Inpatient,7,39200,5600.0,4.285714285714286,4.285714285714286,0,No
PRV54342,Outpatient,28,5080,181.42857142857142,0.0,0.0,0,No
PRV54343,Outpatient,17,3110,182.94117647058823,0.29411764705882354,0.0,0,No
PRV54344,Outpatient,51,17170,336.6666666666667,1.6666666666666667,0.0,0,No
PRV54345,Outpatient,167,47280,283.1137724550898,1.3712574850299402,0.0,0,No
PRV54347,Outpatient,26,6530,251.15384615384616,0.6923076923076923,0.0,0,No
PRV54348,Inpatient,91,918000,10087.912087912087,6.065934065934066,6.065934065934066,0,No
PRV54348,Outpatient,126,41880,332.3809523809524,1.492063492063492,0.0,0,No
PRV54349,Outpatient,77,17850,231.8181818181818,0.7142857142857143,0.0,0,No
PRV54350,Inpatient,105,1064000,10133.333333333334,5.847619047619047,5.847619047619047,1,Yes
PRV54350,Outpatient,1390,361070,259.76258992805754,1.20863309352518,0.0,1,Yes
PRV54352,Outpatient,12,1670,139.16666666666666,0.0,0.0,0,No
PRV54353,Outpatient,32,6620,206.875,1.125,0.0,0,No
PRV54354,Inpatient,25,231000,9240.0,4.08,3.96,1,Yes
PRV54354,Outpatient,75,28620,381.6,2.6533333333333333,0.0,1,Yes
PRV54355,Inpatient,2,10000,5000.0,2.5,2.5,0,No
PRV54355,Outpatient,14,4040,288.57142857142856,1.0714285714285714,0.0,0,No
PRV54356,Inpatient,15,183700,12246.666666666666,4.6,4.6,0,No
PRV54356,Outpatient,16,11670,729.375,2.5625,0.0,0,No
PRV54357,Outpatient,10,2190,219.0,0.3,0.0,0,No
PRV54358,Outpatient,43,13150,305.8139534883721,1.813953488372093,0.0,0,No
PRV54359,Inpatient,44,484000,11000.0,4.818181818181818,4.818181818181818,1,Yes
PRV54359,Outpatient,446,100210,224.68609865470853,1.1345291479820627,0.0,1,Yes
PRV54360,Outpatient,37,9100,245.94594594594594,1.6216216216216217,0.0,0,No
PRV54361,Inpatient,7,76000,10857.142857142857,7.428571428571429,7.428571428571429,1,Yes
PRV54361,Outpatient,33,7640,231.5151515151515,1.5151515151515151,0.0,1,Yes
PRV54362,Outpatient,50,14510,290.2,0.24,0.0,0,No
PRV54363,Inpatient,12,118000,9833.333333333334,5.75,5.75,0,No
PRV54363,Outpatient,52,18700,359.61538461538464,1.4807692307692308,0.0,0,No
PRV54365,Outpatient,115,31190,271.2173913043478,1.208695652173913,0.0,0,No
PRV54367,Inpatient,322,3040900,9443.788819875776,5.372670807453416,5.372670807453416,1,Yes
PRV54367,Outpatient,314,92980,296.11464968152865,1.6337579617834395,0.0,1,Yes
PRV54368,Inpatient,4,11000,2750.0,2.0,2.0,0,No
PRV54368,Outpatient,106,34340,323.9622641509434,1.2830188679245282,0.0,0,No
PRV54370,Outpatient,181,42270,233.53591160220995,0.47513812154696133,0.0,0,No
PRV54371,Outpatient,31,8280,267.0967741935484,2.2903225806451615,0.0,0,No
PRV54372,Inpatient,21,209000,9952.380952380952,6.238095238095238,6.238095238095238,1,Yes
PRV54372,Outpatient,1596,464000,290.7268170426065,1.2481203007518797,0.0,1,Yes
PRV54373,Inpatient,1,5000,5000.0,3.0,3.0,0,No
PRV54373,Outpatient,7,830,118.57142857142857,0.0,0.0,0,No
PRV54374,Outpatient,854,280020,327.89227166276345,1.5011709601873535,0.0,0,No
PRV54375,Inpatient,16,131000,8187.5,6.375,6.375,0,No
PRV54375,Outpatient,40,12990,324.75,2.75,0.0,0,No
PRV54377,Inpatient,2,29000,14500.0,2.5,2.5,0,No
PRV54377,Outpatient,18,4110,228.33333333333334,2.7222222222222223,0.0,0,No
PRV54378,Inpatient,18,187000,10388.888888888889,5.388888888888889,5.388888888888889,0,No
PRV54378,Outpatient,61,13510,221.47540983606558,1.9180327868852458,0.0,0,No
PRV54379,Inpatient,28,246000,8785.714285714286,4.035714285714286,4.035714285714286,0,No
PRV54379,Outpatient,88,34670,393.97727272727275,2.6136363636363638,0.0,0,No
PRV54380,Inpatient,2,16000,8000.0,10.0,10.0,0,No
PRV54380,Outpatient,10,940,94.0,0.0,0.0,0,No
PRV54381,Inpatient,13,135700,10438.461538461539,4.3076923076923075,4.3076923076923075,0,No
PRV54381,Outpatient,116,27710,238.8793103448276,0.7241379310344828,0.0,0,No
PRV54382,Inpatient,66,654020,9909.39393939394,5.2272727272727275,5.2272727272727275,1,Yes
PRV54382,Outpatient,191,50810,266.020942408377,1.4764397905759161,0.0,1,Yes
PRV54383,Outpatient,29,5470,188.6206896551724,0.6896551724137931,0.0,0,No
PRV54384,Inpatient,2,37000,18500.0,4.0,4.0,0,No
PRV54384,Outpatient,26,7280,280.0,0.8461538461538461,0.0,0,No
PRV54387,Outpatient,415,113710,274.0,2.1156626506024097,0.0,0,No
PRV54388,Inpatient,6,30000,5000.0,5.0,5.0,1,Yes
PRV54388,Outpatient,70,18840,269.14285714285717,2.3142857142857145,0.0,1,Yes
PRV54389,Outpatient,56,25590,456.9642857142857,1.5892857142857142,0.0,0,No
PRV54390,Inpatient,38,337000,8868.421052631578,7.2105263157894735,7.2105263157894735,0,No
PRV54390,Outpatient,57,15760,276.49122807017545,1.9649122807017543,0.0,0,No
PRV54391,Inpatient,21,158000,7523.809523809524,4.428571428571429,4.428571428571429,1,Yes
PRV54391,Outpatient,297,79230,266.7676767676768,1.4983164983164983,0.0,1,Yes
PRV54392,Outpatient,35,4860,138.85714285714286,0.2857142857142857,0.0,0,No
PRV54393,Inpatient,5,27000,5400.0,7.2,7.2,0,No
PRV54393,Outpatient,70,21090,301.2857142857143,1.1428571428571428,0.0,0,No
PRV54396,Inpatient,1,10000,10000.0,5.0,5.0,0,No
PRV54396,Outpatient,43,16840,391.6279069767442,3.0,0.0,0,No
PRV54399,Inpatient,13,161000,12384.615384615385,8.153846153846153,8.153846153846153,1,Yes
PRV54399,Outpatient,336,102040,303.6904761904762,1.681547619047619,0.0,1,Yes
PRV54400,Outpatient,96,28030,291.9791666666667,2.21875,0.0,0,No
PRV54401,Outpatient,22,3020,137.27272727272728,1.8181818181818181,0.0,0,No
PRV54402,Inpatient,6,58000,9666.666666666666,4.5,4.5,0,No
PRV54402,Outpatient,50,16520,330.4,0.94,0.0,0,No
PRV54403,Outpatient,12,1880,156.66666666666666,0.6666666666666666,0.0,0,No
PRV54404,Inpatient,2,6000,3000.0,8.0,8.0,0,No
PRV54404,Outpatient,264,77080,291.969696969697,1.2765151515151516,0.0,0,No
PRV54407,Outpatient,19,2540,133.68421052631578,1.7894736842105263,0.0,0,No
PRV54408,Inpatient,2,10000,5000.0,3.5,3.5,0,No
PRV54408,Outpatient,104,43140,414.8076923076923,2.3846153846153846,0.0,0,No
PRV54409,Inpatient,5,32000,6400.0,3.6,3.6,0,No
PRV54409,Outpatient,14,3160,225.71428571428572,2.9285714285714284,0.0,0,No
PRV54410,Outpatient,37,10350,279.72972972972974,0.7567567567567568,0.0,0,No
PRV54411,Inpatient,1,2000,2000.0,4.0,4.0,0,No
PRV54411,Outpatient,21,6070,289.04761904761904,1.5238095238095237,0.0,0,No
PRV54412,Outpatient,70,12280,175.42857142857142,0.7142857142857143,0.0,0,No
PRV54413,Outpatient,20,3150,157.5,0.05,0.0,0,No
PRV54414,Inpatient,1,13000,13000.0,4.0,4.0,0,No
PRV54414,Outpatient,29,18780,647.5862068965517,2.4827586206896552,0.0,0,No
PRV54415,Outpatient,27,7130,264.0740740740741,0.0,0.0,0,No
PRV54416,Outpatient,17,7880,463.52941176470586,0.058823529411764705,0.0,0,No
PRV54419,Outpatient,28,4970,177.5,1.4642857142857142,0.0,0,No
PRV54420,Outpatient,1,300,300.0,5.0,0.0,0,No
PRV54421,Outpatient,65,14530,223.53846153846155,1.7692307692307692,0.0,0,No
PRV54422,Outpatient,15,2750,183.33333333333334,0.0,0.0,0,No
PRV54423,Outpatient,93,22480,241.72043010752688,0.5806451612903226,0.0,0,No
PRV54424,Outpatient,2,150,75.0,10.0,0.0,0,No
PRV54425,Inpatient,4,73000,18250.0,9.25,9.25,0,No
PRV54425,Outpatient,14,1300,92.85714285714286,0.07142857142857142,0.0,0,No
PRV54426,Inpatient,9,96000,10666.666666666666,5.888888888888889,5.888888888888889,0,No
PRV54426,Outpatient,15,4390,292.6666666666667,1.6,0.0,0,No
PRV54427,Outpatient,62,11740,189.3548387096774,2.1451612903225805,0.0,0,No
PRV54429,Inpatient,3,29000,9666.666666666666,3.6666666666666665,3.6666666666666665,0,No
PRV54429,Outpatient,62,22170,357.5806451612903,1.8548387096774193,0.0,0,No
PRV54430,Outpatient,64,12900,201.5625,1.21875,0.0,0,No
PRV54431,Outpatient,9,1580,175.55555555555554,4.0,0.0,0,No
PRV54432,Outpatient,5,1110,222.0,0.0,0.0,0,No
PRV54433,Outpatient,14,4040,288.57142857142856,1.2142857142857142,0.0,0,No
PRV54434,Inpatient,2,17000,8500.0,18.0,18.0,0,No
PRV54434,Outpatient,40,11830,295.75,0.7,0.0,0,No
PRV54435,Outpatient,11,4280,389.09090909090907,0.18181818181818182,0.0,0,No
PRV54436,Outpatient,2,2200,1100.0,3.5,0.0,0,No
PRV54437,Outpatient,14,3230,230.71428571428572,1.7857142857142858,0.0,0,No
PRV54438,Outpatient,272,61630,226.5808823529412,1.2941176470588236,0.0,0,No
PRV54439,Outpatient,3,190,63.333333333333336,0.0,0.0,0,No
PRV54441,Outpatient,4,480,120.0,0.0,0.0,0,No
PRV54442,Outpatient,68,25300,372.05882352941177,2.2058823529411766,0.0,0,No
PRV54443,Outpatient,61,27200,445.9016393442623,2.8360655737704916,0.0,0,No
PRV54444,Outpatient,27,9770,361.85185185185185,1.5925925925925926,0.0,0,No
PRV54448,Outpatient,23,6720,292.17391304347825,1.1304347826086956,0.0,0,No
PRV54449,Outpatient,1,50,50.0,0.0,0.0,0,No
PRV54450,Outpatient,10,5790,579.0,3.0,0.0,0,No
PRV54451,Outpatient,13,8310,639.2307692307693,1.6153846153846154,0.0,0,No
PRV54452,Outpatient,5,520,104.0,0.0,0.0,0,No
PRV54454,Outpatient,171,45040,263.39181286549706,1.4795321637426901,0.0,0,No
PRV54455,Outpatient,6,1390,231.66666666666666,0.0,0.0,0,No
PRV54456,Outpatient,8,1370,171.25,0.0,0.0,0,No
PRV54457,Outpatient,16,2220,138.75,1.25,0.0,0,No
PRV54459,Outpatient,9,3080,342.22222222222223,2.2222222222222223,0.0,0,No
PRV54460,Inpatient,5,47000,9400.0,4.4,4.4,0,No
PRV54461,Inpatient,12,152000,12666.666666666666,5.583333333333333,5.583333333333333,0,No
PRV54462,Outpatient,80,16330,204.125,1.2875,0.0,0,No
PRV54463,Outpatient,3,2010,670.0,0.0,0.0,0,No
PRV54465,Outpatient,9,3610,401.1111111111111,0.0,0.0,0,No
PRV54466,Outpatient,3,120,40.0,0.0,0.0,0,No
PRV54467,Outpatient,7,1380,197.14285714285714,0.0,0.0,0,No
PRV54468,Outpatient,21,1710,81.42857142857143,0.0,0.0,0,No
PRV54469,Outpatient,11,3290,299.09090909090907,0.09090909090909091,0.0,0,No
PRV54471,Outpatient,46,16700,363.04347826086956,1.3043478260869565,0.0,0,No
PRV54472,Outpatient,32,16300,509.375,2.0625,0.0,0,No
PRV54473,Outpatient,19,11020,580.0,5.2631578947368425,0.0,0,No
PRV54475,Outpatient,151,43120,285.5629139072848,1.6688741721854305,0.0,0,No
PRV54477,Outpatient,100,34310,343.1,1.76,0.0,0,No
PRV54478,Outpatient,64,21590,337.34375,0.609375,0.0,0,No
PRV54479,Outpatient,17,8640,508.2352941176471,1.1764705882352942,0.0,0,No
PRV54480,Inpatient,6,40000,6666.666666666667,3.5,3.5,0,No
PRV54481,Outpatient,8,1890,236.25,0.0,0.0,0,No
PRV54482,Outpatient,6,370,61.666666666666664,0.0,0.0,0,No
PRV54483,Outpatient,13,1170,90.0,0.23076923076923078,0.0,0,No
PRV54486,Outpatient,28,8010,286.07142857142856,2.0,0.0,0,No
PRV54489,Outpatient,14,6300,450.0,1.6428571428571428,0.0,0,No
PRV54490,Outpatient,23,2160,93.91304347826087,0.0,0.0,0,No
PRV54491,Outpatient,14,8730,623.5714285714286,1.5,0.0,0,No
PRV54496,Outpatient,8,2360,295.0,3.0,0.0,0,No
PRV54497,Inpatient,5,51000,10200.0,4.2,4.2,0,No
PRV54498,Inpatient,1,12000,12000.0,6.0,6.0,0,No
PRV54499,Inpatient,1,11000,11000.0,1.0,1.0,0,No
PRV54500,Inpatient,2,25000,12500.0,13.5,13.5,0,No
PRV54501,Inpatient,3,40000,13333.333333333334,3.0,3.0,0,No
PRV54502,Inpatient,3,55000,18333.333333333332,11.333333333333334,11.333333333333334,0,No
PRV54503,Inpatient,1,8000,8000.0,8.0,8.0,0,No
PRV54504,Inpatient,44,416400,9463.636363636364,3.909090909090909,3.909090909090909,1,Yes
PRV54504,Outpatient,76,18520,243.68421052631578,1.0789473684210527,0.0,1,Yes
PRV54505,Inpatient,5,50000,10000.0,6.4,6.4,1,Yes
PRV54505,Outpatient,33,5140,155.75757575757575,0.030303030303030304,0.0,1,Yes
PRV54506,Inpatient,3,23000,7666.666666666667,2.0,2.0,0,No
PRV54506,Outpatient,131,33570,256.25954198473283,0.8473282442748091,0.0,0,No
PRV54507,Inpatient,39,340000,8717.948717948719,4.717948717948718,4.717948717948718,0,No
PRV54507,Outpatient,70,23310,333.0,0.04285714285714286,0.0,0,No
PRV54508,Outpatient,90,33010,366.77777777777777,1.511111111111111,0.0,0,No
PRV54509,Outpatient,4,250,62.5,3.75,0.0,0,No
PRV54510,Outpatient,149,41250,276.8456375838926,1.308724832214765,0.0,0,No
PRV54511,Outpatient,32,8690,271.5625,1.4375,0.0,0,No
PRV54514,Inpatient,48,556600,11595.833333333334,5.583333333333333,5.583333333333333,1,Yes
PRV54514,Outpatient,339,87410,257.8466076696165,0.9616519174041298,0.0,1,Yes
PRV54515,Outpatient,67,22750,339.55223880597015,0.8955223880597015,0.0,0,No
PRV54517,Outpatient,45,5660,125.77777777777777,0.06666666666666667,0.0,0,No
PRV54519,Outpatient,15,4540,302.6666666666667,1.3333333333333333,0.0,0,No
PRV54520,Outpatient,15,8080,538.6666666666666,4.6,0.0,0,No
PRV54521,Outpatient,64,31840,497.5,1.734375,0.0,0,No
PRV54522,Outpatient,2,2030,1015.0,0.5,0.0,0,No
PRV54523,Outpatient,1,90,90.0,0.0,0.0,0,No
PRV54524,Outpatient,21,2840,135.23809523809524,0.09523809523809523,0.0,0,No
PRV54526,Outpatient,46,10230,222.3913043478261,0.15217391304347827,0.0,0,No
PRV54528,Outpatient,23,5710,248.2608695652174,0.8695652173913043,0.0,0,No
PRV54529,Outpatient,5,160,32.0,0.0,0.0,0,No
PRV54530,Outpatient,13,2580,198.46153846153845,3.076923076923077,0.0,0,No
PRV54531,Inpatient,1,5000,5000.0,3.0,3.0,0,No
PRV54531,Outpatient,29,9030,311.37931034482756,1.0689655172413792,0.0,0,No
PRV54535,Outpatient,34,7090,208.52941176470588,2.235294117647059,0.0,0,No
PRV54536,Outpatient,13,4890,376.15384615384613,0.8461538461538461,0.0,0,No
PRV54537,Outpatient,60,22470,374.5,2.316666666666667,0.0,0,No
PRV54538,Outpatient,48,21330,444.375,1.3333333333333333,0.0,0,No
PRV54539,Outpatient,69,18130,262.7536231884058,0.463768115942029,0.0,0,No
PRV54540,Outpatient,20,9690,484.5,0.0,0.0,1,Yes
PRV54541,Inpatient,2,5000,2500.0,2.5,2.5,0,No
PRV54541,Outpatient,5,1050,210.0,0.0,0.0,0,No
PRV54542,Inpatient,5,33000,6600.0,6.4,6.4,0,No
PRV54542,Outpatient,15,2420,161.33333333333334,1.0,0.0,0,No
PRV54543,Inpatient,3,39000,13000.0,10.333333333333334,10.333333333333334,1,Yes
PRV54543,Outpatient,14,2500,178.57142857142858,1.4285714285714286,0.0,1,Yes
PRV54544,Outpatient,28,5250,187.5,1.4285714285714286,0.0,0,No
PRV54545,Outpatient,2,180,90.0,0.0,0.0,0,No
PRV54546,Outpatient,6,910,151.66666666666666,0.0,0.0,0,No
PRV54547,Outpatient,3,540,180.0,0.0,0.0,0,No
PRV54548,Outpatient,12,1890,157.5,0.08333333333333333,0.0,0,No
PRV54549,Outpatient,1,40,40.0,0.0,0.0,0,No
PRV54550,Outpatient,21,5550,264.2857142857143,2.4285714285714284,0.0,0,No
PRV54551,Outpatient,7,1960,280.0,1.4285714285714286,0.0,0,No
PRV54552,Outpatient,45,11370,252.66666666666666,0.8,0.0,0,No
PRV54553,Outpatient,18,3740,207.77777777777777,0.0,0.0,0,No
PRV54554,Outpatient,26,6990,268.84615384615387,0.46153846153846156,0.0,0,No
PRV54555,Inpatient,6,51000,8500.0,7.0,7.0,0,No
PRV54557,Outpatient,564,157890,279.9468085106383,1.5407801418439717,0.0,1,Yes
PRV54558,Inpatient,15,180000,12000.0,6.2,6.2,0,No
PRV54558,Outpatient,58,17970,309.82758620689657,1.103448275862069,0.0,0,No
PRV54559,Inpatient,24,245000,10208.333333333334,5.833333333333333,5.833333333333333,0,No
PRV54559,Outpatient,42,10560,251.42857142857142,2.1666666666666665,0.0,0,No
PRV54560,Inpatient,40,456000,11400.0,5.4,5.4,1,Yes
PRV54560,Outpatient,58,17080,294.48275862068965,2.2241379310344827,0.0,1,Yes
PRV54561,Inpatient,25,216300,8652.0,5.4,5.4,0,No
PRV54561,Outpatient,161,53370,331.49068322981367,2.062111801242236,0.0,0,No
PRV54562,Outpatient,206,57510,279.1747572815534,1.1990291262135921,0.0,0,No
PRV54563,Outpatient,267,79070,296.14232209737827,1.6666666666666667,0.0,0,No
PRV54564,Outpatient,803,229780,286.1519302615193,1.7048567870485678,0.0,0,No
PRV54565,Inpatient,39,388000,9948.71794871795,5.794871794871795,5.794871794871795,0,No
PRV54565,Outpatient,91,24130,265.16483516483515,1.3296703296703296,0.0,0,No
PRV54566,Inpatient,40,684000,17100.0,6.6,6.6,1,Yes
PRV54566,Outpatient,268,71660,267.3880597014925,1.8619402985074627,0.0,1,Yes
PRV54567,Inpatient,6,108000,18000.0,7.333333333333333,7.333333333333333,0,No
PRV54567,Outpatient,51,4690,91.96078431372548,0.9411764705882353,0.0,0,No
PRV54568,Inpatient,5,44000,8800.0,4.2,4.2,0,No
PRV54568,Outpatient,51,9640,189.01960784313727,1.0392156862745099,0.0,0,No
PRV54569,Inpatient,12,191000,15916.666666666666,4.75,4.75,0,No
PRV54569,Outpatient,51,18350,359.80392156862746,1.2745098039215685,0.0,0,No
PRV54571,Inpatient,4,48000,12000.0,6.25,6.25,0,No
PRV54571,Outpatient,13,2610,200.76923076923077,3.5384615384615383,0.0,0,No
PRV54572,Outpatient,146,53110,363.7671232876712,1.773972602739726,0.0,0,No
PRV54573,Outpatient,22,5960,270.90909090909093,0.9545454545454546,0.0,0,No
PRV54574,Outpatient,35,7800,222.85714285714286,0.9428571428571428,0.0,0,No
PRV54575,Inpatient,33,447000,13545.454545454546,7.151515151515151,7.151515151515151,0,No
PRV54575,Outpatient,240,57080,237.83333333333334,1.6333333333333333,0.0,0,No
PRV54576,Inpatient,14,113000,8071.428571428572,6.285714285714286,6.285714285714286,0,No
PRV54576,Outpatient,2,100,50.0,10.0,0.0,0,No
PRV54577,Inpatient,45,490000,10888.888888888889,5.533333333333333,5.533333333333333,0,No
PRV54577,Outpatient,16,4010,250.625,2.5,0.0,0,No
PRV54578,Outpatient,77,24130,313.3766233766234,0.5194805194805194,0.0,0,No
PRV54579,Outpatient,2,1290,645.0,0.0,0.0,0,No
PRV54580,Outpatient,30,7280,242.66666666666666,1.3666666666666667,0.0,0,No
PRV54581,Outpatient,11,2160,196.36363636363637,0.0,0.0,0,No
PRV54582,Outpatient,71,18960,267.0422535211268,0.6056338028169014,0.0,0,No
PRV54585,Outpatient,75,22620,301.6,2.013333333333333,0.0,0,No
PRV54587,Outpatient,3,150,50.0,0.0,0.0,0,No
PRV54588,Outpatient,63,17220,273.3333333333333,1.2063492063492063,0.0,0,No
PRV54589,Outpatient,11,1700,154.54545454545453,0.0,0.0,0,No
PRV54590,Inpatient,1,16000,16000.0,2.0,2.0,0,No
PRV54590,Outpatient,65,12700,195.3846153846154,1.4923076923076923,0.0,0,No
PRV54591,Outpatient,45,8280,184.0,1.2444444444444445,0.0,0,No
PRV54593,Outpatient,35,10960,313.14285714285717,0.9714285714285714,0.0,0,No
PRV54595,Outpatient,11,7620,692.7272727272727,3.6363636363636362,0.0,0,No
PRV54596,Outpatient,64,16490,257.65625,1.125,0.0,0,No
PRV54597,Outpatient,15,5000,333.3333333333333,0.0,0.0,0,No
PRV54598,Outpatient,9,1010,112.22222222222223,0.1111111111111111,0.0,0,No
PRV54599,Outpatient,17,3820,224.7058823529412,1.1764705882352942,0.0,0,No
PRV54601,Outpatient,11,710,64.54545454545455,1.8181818181818181,0.0,0,No
PRV54602,Outpatient,14,1710,122.14285714285714,2.857142857142857,0.0,0,No
PRV54603,Outpatient,57,16180,283.859649122807,1.9824561403508771,0.0,0,No
PRV54604,Outpatient,38,8240,216.8421052631579,0.5789473684210527,0.0,0,No
PRV54606,Outpatient,8,1510,188.75,2.5,0.0,0,No
PRV54608,Outpatient,33,10650,322.72727272727275,2.515151515151515,0.0,0,No
PRV54609,Outpatient,45,17160,381.3333333333333,0.6666666666666666,0.0,0,No
PRV54610,Outpatient,45,14470,321.55555555555554,2.688888888888889,0.0,0,No
PRV54611,Inpatient,1,4000,4000.0,2.0,2.0,0,No
PRV54611,Outpatient,5,760,152.0,0.0,0.0,0,No
PRV54612,Outpatient,12,1120,93.33333333333333,0.0,0.0,0,No
PRV54614,Outpatient,15,1440,96.0,0.6,0.0,0,No
PRV54615,Outpatient,5,310,62.0,0.0,0.0,0,No
PRV54616,Inpatient,2,23000,11500.0,4.0,4.0,0,No
PRV54616,Outpatient,3,310,103.33333333333333,0.0,0.0,0,No
PRV54618,Outpatient,32,10200,318.75,0.0625,0.0,0,No
PRV54619,Outpatient,33,9710,294.24242424242425,1.0303030303030303,0.0,0,No
PRV54620,Inpatient,7,73000,10428.57142857143,3.857142857142857,3.857142857142857,0,No
PRV54620,Outpatient,6,1520,253.33333333333334,1.8333333333333333,0.0,0,No
PRV54621,Outpatient,1,900,900.0,0.0,0.0,0,No
PRV54622,Outpatient,10,890,89.0,1.8,0.0,0,No
PRV54623,Outpatient,43,8030,186.74418604651163,0.8837209302325582,0.0,0,No
PRV54624,Outpatient,10,10180,1018.0,4.0,0.0,0,No
PRV54625,Outpatient,16,7290,455.625,1.875,0.0,0,No
PRV54627,Outpatient,26,5530,212.69230769230768,0.8076923076923077,0.0,0,No
PRV54628,Outpatient,4,1540,385.0,0.75,0.0,0,No
PRV54629,Outpatient,3,580,193.33333333333334,0.0,0.0,0,No
PRV54630,Outpatient,85,25680,302.11764705882354,1.576470588235294,0.0,0,No
PRV54633,Outpatient,12,1430,119.16666666666667,3.25,0.0,0,No
PRV54634,Outpatient,32,6110,190.9375,0.71875,0.0,0,No
PRV54635,Outpatient,33,6590,199.6969696969697,2.121212121212121,0.0,0,No
PRV54636,Outpatient,76,26500,348.6842105263158,2.039473684210526,0.0,0,No
PRV54637,Inpatient,13,226000,17384.615384615383,7.3076923076923075,7.3076923076923075,0,No
PRV54638,Inpatient,6,82000,13666.666666666666,3.5,3.5,0,No
PRV54639,Inpatient,13,110000,8461.538461538461,4.0,4.0,0,No
PRV54640,Inpatient,7,72000,10285.714285714286,7.0,7.0,0,No
PRV54640,Outpatient,12,2260,188.33333333333334,1.75,0.0,0,No
PRV54642,Outpatient,49,14110,287.9591836734694,2.2653061224489797,0.0,0,No
PRV54643,Outpatient,18,8380,465.55555555555554,0.0,0.0,0,No
PRV54644,Inpatient,22,194000,8818.181818181818,3.590909090909091,3.590909090909091,1,Yes
PRV54644,Outpatient,46,18370,399.3478260869565,1.326086956521739,0.0,1,Yes
PRV54645,Outpatient,2,1010,505.0,0.0,0.0,0,No
PRV54646,Outpatient,23,11180,486.0869565217391,2.4782608695652173,0.0,0,No
PRV54649,Inpatient,22,302000,13727.272727272728,7.2727272727272725,7.2727272727272725,1,Yes
PRV54649,Outpatient,53,13080,246.79245283018867,1.4528301886792452,0.0,1,Yes
PRV54651,Inpatient,21,270000,12857.142857142857,5.904761904761905,5.904761904761905,1,Yes
PRV54651,Outpatient,70,21760,310.85714285714283,1.1,0.0,1,Yes
PRV54652,Outpatient,38,12020,316.3157894736842,1.2105263157894737,0.0,0,No
PRV54653,Inpatient,40,371000,9275.0,5.25,5.25,0,No
PRV54653,Outpatient,30,6740,224.66666666666666,0.3,0.0,0,No
PRV54656,Outpatient,35,11380,325.14285714285717,0.7714285714285715,0.0,0,No
PRV54657,Inpatient,17,287000,16882.352941176472,3.8823529411764706,3.8823529411764706,0,No
PRV54657,Outpatient,29,5220,180.0,1.4137931034482758,0.0,0,No
PRV54658,Inpatient,27,175000,6481.481481481482,4.0,4.0,0,No
PRV54658,Outpatient,58,17580,303.1034482758621,1.5689655172413792,0.0,0,No
PRV54660,Outpatient,24,5110,212.91666666666666,1.3333333333333333,0.0,0,No
PRV54661,Inpatient,3,84000,28000.0,5.666666666666667,5.666666666666667,0,No
PRV54661,Outpatient,16,4200,262.5,0.0625,0.0,0,No
PRV54662,Inpatient,3,17000,5666.666666666667,4.333333333333333,4.333333333333333,0,No
PRV54662,Outpatient,42,8590,204.52380952380952,3.4761904761904763,0.0,0,No
PRV54664,Outpatient,2,1200,600.0,0.0,0.0,0,No
PRV54666,Inpatient,1,10000,10000.0,10.0,10.0,0,No
PRV54666,Outpatient,4,1310,327.5,0.0,0.0,0,No
PRV54667,Inpatient,9,72600,8066.666666666667,7.555555555555555,7.555555555555555,0,No
PRV54667,Outpatient,157,64090,408.21656050955414,2.878980891719745,0.0,0,No
PRV54668,Inpatient,1,3000,3000.0,0.0,0.0,0,No
PRV54668,Outpatient,305,93050,305.08196721311475,1.2622950819672132,0.0,0,No
PRV54670,Outpatient,159,39370,247.61006289308176,1.9119496855345912,0.0,0,No
PRV54671,Outpatient,3,920,306.6666666666667,0.0,0.0,0,No
PRV54672,Outpatient,10,4200,420.0,3.4,0.0,0,No
PRV54673,Inpatient,1,6000,6000.0,13.0,13.0,0,No
PRV54674,Inpatient,3,27000,9000.0,10.0,10.0,0,No
PRV54675,Inpatient,37,422000,11405.405405405405,5.054054054054054,5.054054054054054,1,Yes
PRV54676,Inpatient,40,375200,9380.0,5.125,5.125,1,Yes
PRV54677,Outpatient,27,16270,602.5925925925926,4.962962962962963,0.0,0,No
PRV54678,Outpatient,15,6850,456.6666666666667,0.0,0.0,0,No
PRV54679,Inpatient,1,7000,7000.0,5.0,5.0,0,No
PRV54680,Inpatient,18,257000,14277.777777777777,7.277777777777778,7.277777777777778,1,Yes
PRV54681,Outpatient,301,63790,211.9269102990033,1.1295681063122924,0.0,0,No
PRV54682,Inpatient,6,33000,5500.0,2.8333333333333335,2.8333333333333335,0,No
PRV54682,Outpatient,90,24690,274.3333333333333,1.288888888888889,0.0,0,No
PRV54683,Outpatient,462,123850,268.0735930735931,1.2878787878787878,0.0,0,No
PRV54684,Outpatient,133,43360,326.01503759398497,2.0,0.0,0,No
PRV54685,Outpatient,145,40150,276.8965517241379,2.3241379310344827,0.0,0,No
PRV54686,Inpatient,14,106000,7571.428571428572,4.142857142857143,4.142857142857143,0,No
PRV54686,Outpatient,143,39620,277.06293706293707,1.3006993006993006,0.0,0,No
PRV54687,Outpatient,18,9390,521.6666666666666,1.1111111111111112,0.0,0,No
PRV54688,Inpatient,11,143000,13000.0,4.0,4.0,1,Yes
PRV54688,Outpatient,1021,258660,253.33986287952987,1.1635651322233105,0.0,1,Yes
PRV54689,Outpatient,20,2070,103.5,0.1,0.0,0,No
PRV54690,Outpatient,840,224960,267.8095238095238,1.2738095238095237,0.0,0,No
PRV54691,Inpatient,7,84000,12000.0,6.571428571428571,6.571428571428571,0,No
PRV54691,Outpatient,60,14310,238.5,0.3333333333333333,0.0,0,No
PRV54692,Inpatient,48,371000,7729.166666666667,4.833333333333333,4.833333333333333,1,Yes
PRV54692,Outpatient,24,4880,203.33333333333334,1.7916666666666667,0.0,1,Yes
PRV54693,Inpatient,2,15000,7500.0,6.5,6.5,0,No
PRV54693,Outpatient,50,24930,498.6,2.92,0.0,0,No
PRV54694,Outpatient,330,90760,275.030303030303,1.396969696969697,0.0,0,No
PRV54695,Outpatient,53,15750,297.1698113207547,1.7735849056603774,0.0,0,No
PRV54696,Inpatient,6,118000,19666.666666666668,6.833333333333333,6.833333333333333,0,No
PRV54696,Outpatient,65,21150,325.38461538461536,2.3076923076923075,0.0,0,No
PRV54697,Inpatient,1,10000,10000.0,5.0,5.0,0,No
PRV54697,Outpatient,7,880,125.71428571428571,2.857142857142857,0.0,0,No
PRV54699,Outpatient,4,360,90.0,0.0,0.0,0,No
PRV54701,Outpatient,6,1310,218.33333333333334,0.0,0.0,0,No
PRV54703,Outpatient,11,660,60.0,0.0,0.0,0,No
PRV54704,Outpatient,161,44710,277.70186335403724,1.1055900621118013,0.0,0,No
PRV54705,Inpatient,20,164000,8200.0,5.85,5.85,0,No
PRV54705,Outpatient,237,55740,235.18987341772151,1.1687763713080168,0.0,0,No
PRV54707,Outpatient,9,1280,142.22222222222223,0.0,0.0,0,No
PRV54708,Outpatient,8,2680,335.0,0.125,0.0,0,No
PRV54710,Outpatient,2,860,430.0,0.0,0.0,0,No
PRV54711,Outpatient,2,40,20.0,0.0,0.0,0,No
PRV54712,Outpatient,14,7460,532.8571428571429,1.4285714285714286,0.0,0,No
PRV54713,Outpatient,17,1770,104.11764705882354,1.2941176470588236,0.0,0,No
PRV54714,Outpatient,10,2480,248.0,0.3,0.0,0,No
PRV54715,Outpatient,19,6890,362.63157894736844,2.0526315789473686,0.0,0,No
PRV54716,Outpatient,141,39240,278.29787234042556,0.8014184397163121,0.0,0,No
PRV54717,Outpatient,3,2400,800.0,0.0,0.0,0,No
PRV54718,Inpatient,29,302000,10413.793103448275,6.137931034482759,6.137931034482759,1,Yes
PRV54720,Inpatient,9,127000,14111.111111111111,3.888888888888889,3.888888888888889,0,No
PRV54723,Outpatient,90,24350,270.55555555555554,1.5444444444444445,0.0,0,No
PRV54724,Inpatient,48,489000,10187.5,5.9375,5.9375,0,No
PRV54724,Outpatient,23,6650,289.1304347826087,0.8695652173913043,0.0,0,No
PRV54725,Outpatient,116,34700,299.13793103448273,2.0344827586206895,0.0,0,No
PRV54726,Inpatient,2,27000,13500.0,6.0,6.0,0,No
PRV54726,Outpatient,32,6290,196.5625,1.625,0.0,0,No
PRV54727,Outpatient,59,24270,411.35593220338984,1.7118644067796611,0.0,0,No
PRV54728,Inpatient,2,10000,5000.0,6.0,6.0,0,No
PRV54728,Outpatient,9,3690,410.0,2.5555555555555554,0.0,0,No
PRV54730,Outpatient,40,9450,236.25,1.875,0.0,0,No
PRV54734,Outpatient,138,42870,310.6521739130435,1.108695652173913,0.0,0,No
PRV54735,Inpatient,5,39000,7800.0,6.8,6.8,0,No
PRV54735,Outpatient,33,20710,627.5757575757576,1.8181818181818181,0.0,0,No
PRV54737,Inpatient,13,161000,12384.615384615385,5.615384615384615,5.615384615384615,0,No
PRV54737,Outpatient,22,8510,386.8181818181818,3.409090909090909,0.0,0,No
PRV54739,Inpatient,45,598000,13288.888888888889,6.666666666666667,6.666666666666667,1,Yes
PRV54739,Outpatient,141,34650,245.74468085106383,0.9219858156028369,0.0,1,Yes
PRV54741,Outpatient,177,47650,269.2090395480226,0.8361581920903954,0.0,0,No
PRV54742,Inpatient,231,2499900,10822.077922077922,5.597402597402597,5.597402597402597,1,Yes
PRV54742,Outpatient,1661,469630,282.739313666466,1.3690547862733293,0.0,1,Yes
PRV54743,Inpatient,7,69000,9857.142857142857,9.142857142857142,9.142857142857142,1,Yes
PRV54743,Outpatient,73,18470,253.013698630137,1.3972602739726028,0.0,1,Yes
PRV54745,Inpatient,10,80000,8000.0,5.4,5.4,0,No
PRV54745,Outpatient,818,215740,263.7408312958435,1.1821515892420538,0.0,0,No
PRV54747,Outpatient,21,5420,258.0952380952381,1.0476190476190477,0.0,0,No
PRV54748,Outpatient,85,32110,377.7647058823529,2.1176470588235294,0.0,0,No
PRV54753,Outpatient,16,7780,486.25,1.9375,0.0,0,No
PRV54756,Inpatient,3,11000,3666.6666666666665,2.3333333333333335,2.3333333333333335,0,No
PRV54756,Outpatient,16,6390,399.375,2.5,0.0,0,No
PRV54757,Inpatient,15,105000,7000.0,5.2,5.2,0,No
PRV54757,Outpatient,50,12290,245.8,1.16,0.0,0,No
PRV54758,Outpatient,95,25690,270.42105263157896,1.6526315789473685,0.0,0,No
PRV54759,Inpatient,5,34000,6800.0,4.2,4.2,0,No
PRV54759,Outpatient,39,11140,285.64102564102564,1.1538461538461537,0.0,0,No
PRV54760,Inpatient,24,194000,8083.333333333333,5.125,5.125,0,No
PRV54760,Outpatient,7,1090,155.71428571428572,0.0,0.0,0,No
PRV54761,Outpatient,822,216040,262.82238442822387,1.6313868613138687,0.0,0,No
PRV54763,Outpatient,34,11770,346.1764705882353,1.5588235294117647,0.0,0,No
PRV54764,Inpatient,13,151000,11615.384615384615,5.0,5.0,0,No
PRV54764,Outpatient,38,11080,291.57894736842104,0.631578947368421,0.0,0,No
PRV54765,Inpatient,196,1986000,10132.65306122449,4.974489795918367,4.974489795918367,1,Yes
PRV54765,Outpatient,43,14500,337.2093023255814,2.395348837209302,0.0,1,Yes
PRV54767,Inpatient,8,47000,5875.0,4.125,4.125,0,No
PRV54767,Outpatient,55,15080,274.1818181818182,0.6181818181818182,0.0,0,No
PRV54768,Inpatient,7,72000,10285.714285714286,4.142857142857143,4.142857142857143,0,No
PRV54768,Outpatient,25,7420,296.8,3.12,0.0,0,No
PRV54771,Inpatient,12,151000,12583.333333333334,4.916666666666667,4.916666666666667,1,Yes
PRV54771,Outpatient,73,20560,281.64383561643837,0.8767123287671232,0.0,1,Yes
PRV54772,Inpatient,109,1119800,10273.394495412844,6.018348623853211,6.036697247706422,1,Yes
PRV54772,Outpatient,2006,631520,314.81555333998006,1.5229312063808573,0.0,1,Yes
PRV54773,Inpatient,10,156000,15600.0,8.6,8.6,0,No
PRV54773,Outpatient,24,4210,175.41666666666666,2.2083333333333335,0.0,0,No
PRV54774,Inpatient,5,60000,12000.0,5.4,5.4,0,No
PRV54774,Outpatient,483,143170,296.41821946169773,1.6956521739130435,0.0,0,No
PRV54776,Inpatient,5,30000,6000.0,1.6,1.6,0,No
PRV54776,Outpatient,32,7450,232.8125,1.84375,0.0,0,No
PRV54778,Inpatient,64,534000,8343.75,5.25,5.25,1,Yes
PRV54778,Outpatient,1608,464160,288.65671641791045,1.6654228855721394,0.0,1,Yes
PRV54779,Inpatient,9,111000,12333.333333333334,5.555555555555555,5.555555555555555,0,No
PRV54779,Outpatient,22,9680,440.0,0.45454545454545453,0.0,0,No
PRV54780,Outpatient,21,4950,235.71428571428572,1.9047619047619047,0.0,0,No
PRV54781,Inpatient,71,741000,10436.61971830986,6.676056338028169,6.676056338028169,1,Yes
PRV54781,Outpatient,134,35560,265.3731343283582,1.0970149253731343,0.0,1,Yes
PRV54783,Outpatient,28,20530,733.2142857142857,2.892857142857143,0.0,0,No
PRV54784,Outpatient,9,1520,168.88888888888889,0.7777777777777778,0.0,0,No
PRV54785,Inpatient,2,24000,12000.0,7.0,7.0,0,No
PRV54785,Outpatient,6,2330,388.3333333333333,3.3333333333333335,0.0,0,No
PRV54786,Outpatient,1316,415900,316.03343465045594,1.7765957446808511,0.0,1,Yes
PRV54787,Inpatient,24,282000,11750.0,4.083333333333333,4.083333333333333,0,No
PRV54787,Outpatient,53,15820,298.49056603773585,1.0943396226415094,0.0,0,No
PRV54789,Inpatient,3,30000,10000.0,4.333333333333333,4.333333333333333,0,No
PRV54790,Outpatient,8,3560,445.0,3.0,0.0,0,No
PRV54792,Outpatient,22,5390,245.0,1.0909090909090908,0.0,0,No
PRV54793,Outpatient,10,3820,382.0,2.8,0.0,0,No
PRV54794,Outpatient,3,450,150.0,0.0,0.0,0,No
PRV54795,Outpatient,21,7510,357.6190476190476,0.9523809523809523,0.0,0,No
PRV54796,Outpatient,2,1700,850.0,0.0,0.0,0,No
PRV54798,Outpatient,5,290,58.0,4.0,0.0,0,No
PRV54799,Outpatient,1,100,100.0,0.0,0.0,0,No
PRV54800,Outpatient,2,500,250.0,0.0,0.0,0,No
PRV54802,Outpatient,17,1770,104.11764705882354,1.5294117647058822,0.0,0,No
PRV54803,Outpatient,3,1880,626.6666666666666,0.0,0.0,0,No
PRV54805,Outpatient,5,270,54.0,4.0,0.0,0,No
PRV54806,Outpatient,75,13300,177.33333333333334,1.1866666666666668,0.0,0,No
PRV54808,Outpatient,32,15140,473.125,0.03125,0.0,1,Yes
PRV54809,Outpatient,55,21170,384.90909090909093,0.8909090909090909,0.0,0,No
PRV54810,Outpatient,7,3800,542.8571428571429,2.857142857142857,0.0,0,No
PRV54812,Inpatient,12,156000,13000.0,5.833333333333333,5.833333333333333,0,No
PRV54813,Outpatient,1056,300030,284.1193181818182,1.4583333333333333,0.0,0,No
PRV54814,Outpatient,82,20790,253.53658536585365,1.2926829268292683,0.0,0,No
PRV54817,Inpatient,1,7000,7000.0,19.0,19.0,0,No
PRV54818,Inpatient,5,46000,9200.0,3.0,3.0,0,No
PRV54819,Inpatient,23,158000,6869.565217391304,4.739130434782608,4.739130434782608,0,No
PRV54819,Outpatient,2,110,55.0,0.0,0.0,0,No
PRV54820,Inpatient,1,12000,12000.0,2.0,2.0,0,No
PRV54821,Inpatient,7,39000,5571.428571428572,4.571428571428571,4.571428571428571,0,No
PRV54822,Inpatient,16,136000,8500.0,6.125,6.125,1,Yes
PRV54824,Inpatient,10,100000,10000.0,6.5,6.5,0,No
PRV54827,Outpatient,17,2570,151.1764705882353,1.2941176470588236,0.0,0,No
PRV54828,Inpatient,3,88000,29333.333333333332,13.666666666666666,13.666666666666666,1,Yes
PRV54828,Outpatient,57,23610,414.2105263157895,1.3859649122807018,0.0,1,Yes
PRV54829,Outpatient,75,21140,281.8666666666667,1.3333333333333333,0.0,0,No
PRV54830,Inpatient,1,13000,13000.0,8.0,8.0,0,No
PRV54830,Outpatient,10,810,81.0,2.0,0.0,0,No
PRV54831,Inpatient,4,31000,7750.0,3.5,3.5,0,No
PRV54831,Outpatient,13,3040,233.84615384615384,0.0,0.0,0,No
PRV54832,Inpatient,5,86000,17200.0,3.8,3.8,1,Yes
PRV54832,Outpatient,55,9240,168.0,1.7272727272727273,0.0,1,Yes
PRV54833,Outpatient,88,19000,215.9090909090909,1.3068181818181819,0.0,0,No
PRV54834,Inpatient,6,57000,9500.0,2.5,2.5,0,No
PRV54834,Outpatient,10,2300,230.0,4.0,0.0,0,No
PRV54836,Outpatient,8,3400,425.0,0.125,0.0,0,No
PRV54837,Outpatient,1843,524060,284.35160065111234,1.6006511123168747,0.0,1,Yes
PRV54838,Outpatient,58,10800,186.20689655172413,0.6896551724137931,0.0,0,No
PRV54840,Outpatient,26,6520,250.76923076923077,1.3846153846153846,0.0,0,No
PRV54841,Inpatient,3,50000,16666.666666666668,3.0,3.0,0,No
PRV54841,Outpatient,3,250,83.33333333333333,0.0,0.0,0,No
PRV54842,Inpatient,3,17000,5666.666666666667,3.3333333333333335,3.3333333333333335,0,No
PRV54842,Outpatient,127,45420,357.6377952755906,1.0551181102362204,0.0,0,No
PRV54845,Inpatient,8,96000,12000.0,8.0,8.0,1,Yes
PRV54845,Outpatient,33,4280,129.6969696969697,0.6060606060606061,0.0,1,Yes
PRV54846,Inpatient,9,112000,12444.444444444445,2.888888888888889,2.888888888888889,0,No
PRV54846,Outpatient,33,5930,179.6969696969697,0.2727272727272727,0.0,0,No
PRV54847,Inpatient,10,65500,6550.0,6.4,6.4,0,No
PRV54847,Outpatient,286,62700,219.23076923076923,1.1118881118881119,0.0,0,No
PRV54848,Inpatient,24,239000,9958.333333333334,7.916666666666667,7.916666666666667,0,No
PRV54848,Outpatient,4,270,67.5,0.0,0.0,0,No
PRV54849,Outpatient,12,1590,132.5,0.0,0.0,0,No
PRV54852,Outpatient,180,51420,285.6666666666667,1.9444444444444444,0.0,0,No
PRV54854,Outpatient,131,39660,302.7480916030534,1.6870229007633588,0.0,0,No
PRV54855,Outpatient,212,56930,268.5377358490566,1.5943396226415094,0.0,0,No
PRV54856,Outpatient,1,40,40.0,0.0,0.0,0,No
PRV54859,Outpatient,25,12250,490.0,1.16,0.0,0,No
PRV54860,Outpatient,21,14080,670.4761904761905,3.0476190476190474,0.0,0,No
PRV54861,Outpatient,43,6450,150.0,1.4186046511627908,0.0,0,No
PRV54862,Outpatient,7,3530,504.2857142857143,0.14285714285714285,0.0,0,No
PRV54863,Outpatient,6,1140,190.0,0.6666666666666666,0.0,0,No
PRV54864,Outpatient,5,860,172.0,2.8,0.0,0,No
PRV54865,Outpatient,6,610,101.66666666666667,0.0,0.0,0,No
PRV54866,Outpatient,2,40,20.0,0.0,0.0,0,No
PRV54867,Outpatient,3,3550,1183.3333333333333,6.666666666666667,0.0,0,No
PRV54868,Outpatient,105,25220,240.1904761904762,1.6,0.0,0,No
PRV54869,Outpatient,8,950,118.75,0.0,0.0,0,No
PRV54870,Outpatient,8,1080,135.0,0.0,0.0,0,No
PRV54871,Outpatient,10,3260,326.0,0.0,0.0,0,No
PRV54873,Outpatient,8,420,52.5,0.0,0.0,0,No
PRV54875,Inpatient,20,172000,8600.0,9.15,9.15,1,Yes
PRV54876,Inpatient,3,58000,19333.333333333332,10.666666666666666,10.666666666666666,1,Yes
PRV54877,Outpatient,70,26290,375.57142857142856,1.8285714285714285,0.0,0,No
PRV54878,Inpatient,1,5000,5000.0,1.0,1.0,0,No
PRV54878,Outpatient,15,4240,282.6666666666667,2.2,0.0,0,No
PRV54879,Inpatient,60,590300,9838.333333333334,5.133333333333334,5.133333333333334,1,Yes
PRV54879,Outpatient,185,53420,288.7567567567568,1.3567567567567567,0.0,1,Yes
PRV54881,Inpatient,33,290700,8809.09090909091,5.696969696969697,5.696969696969697,0,No
PRV54881,Outpatient,6,3810,635.0,4.666666666666667,0.0,0,No
PRV54882,Inpatient,32,309000,9656.25,6.3125,6.3125,1,Yes
PRV54882,Outpatient,221,60680,274.57013574660635,1.4524886877828054,0.0,1,Yes
PRV54883,Inpatient,1,13000,13000.0,7.0,7.0,0,No
PRV54885,Inpatient,36,350000,9722.222222222223,6.694444444444445,6.694444444444445,0,No
PRV54885,Outpatient,280,61400,219.28571428571428,1.4357142857142857,0.0,0,No
PRV54886,Outpatient,9,7940,882.2222222222222,3.4444444444444446,0.0,0,No
PRV54887,Outpatient,143,48780,341.1188811188811,1.3006993006993006,0.0,0,No
PRV54888,Outpatient,413,120880,292.6876513317191,1.74818401937046,0.0,0,No
PRV54889,Inpatient,7,88000,12571.42857142857,4.285714285714286,4.285714285714286,0,No
PRV54889,Outpatient,49,12580,256.734693877551,1.2448979591836735,0.0,0,No
PRV54890,Inpatient,4,58000,14500.0,8.75,8.75,0,No
PRV54890,Outpatient,73,16320,223.56164383561645,2.164383561643836,0.0,0,No
PRV54891,Inpatient,6,72000,12000.0,4.0,4.0,0,No
PRV54891,Outpatient,44,11380,258.6363636363636,0.045454545454545456,0.0,0,No
PRV54892,Outpatient,49,10670,217.75510204081633,1.6122448979591837,0.0,0,No
PRV54893,Outpatient,8,1830,228.75,3.875,0.0,0,No
PRV54894,Inpatient,138,1731700,12548.550724637682,6.6521739130434785,6.6521739130434785,1,Yes
PRV54894,Outpatient,91,25360,278.68131868131866,1.164835164835165,0.0,1,Yes
PRV54895,Inpatient,3,53000,17666.666666666668,9.666666666666666,9.666666666666666,1,Yes
PRV54895,Outpatient,3433,1004610,292.63326536556946,1.3708127002621613,0.0,1,Yes
PRV54896,Inpatient,56,591000,10553.57142857143,5.785714285714286,5.785714285714286,1,Yes
PRV54896,Outpatient,103,25860,251.06796116504853,1.5436893203883495,0.0,1,Yes
PRV54898,Inpatient,9,72000,8000.0,5.444444444444445,5.444444444444445,0,No
PRV54900,Outpatient,14,3490,249.28571428571428,1.3571428571428572,0.0,0,No
PRV54901,Inpatient,8,96000,12000.0,3.75,3.75,0,No
PRV54901,Outpatient,17,7960,468.2352941176471,2.411764705882353,0.0,0,No
PRV54902,Inpatient,1,5000,5000.0,2.0,2.0,0,No
PRV54902,Outpatient,15,4840,322.6666666666667,1.3333333333333333,0.0,0,No
PRV54903,Inpatient,7,57000,8142.857142857143,2.142857142857143,2.142857142857143,0,No
PRV54904,Outpatient,19,7970,419.4736842105263,1.0,0.0,0,No
PRV54905,Inpatient,4,40000,10000.0,3.5,3.5,0,No
PRV54905,Outpatient,145,39620,273.2413793103448,0.6758620689655173,0.0,0,No
PRV54906,Inpatient,8,120000,15000.0,6.625,6.625,0,No
PRV54906,Outpatient,14,7150,510.7142857142857,2.5714285714285716,0.0,0,No
PRV54907,Outpatient,170,59920,352.47058823529414,1.4058823529411764,0.0,0,No
PRV54908,Outpatient,115,34230,297.6521739130435,1.2434782608695651,0.0,0,No
PRV54909,Inpatient,8,85000,10625.0,6.625,6.625,0,No
PRV54909,Outpatient,19,4860,255.78947368421052,0.7368421052631579,0.0,0,No
PRV54910,Inpatient,3,20000,6666.666666666667,2.3333333333333335,2.3333333333333335,0,No
PRV54910,Outpatient,212,60880,287.1698113207547,0.6320754716981132,0.0,0,No
PRV54911,Outpatient,85,25520,300.2352941176471,0.9529411764705882,0.0,0,No
PRV54914,Inpatient,14,109000,7785.714285714285,6.071428571428571,6.071428571428571,0,No
PRV54914,Outpatient,388,103930,267.86082474226805,1.0824742268041236,0.0,0,No
PRV54916,Inpatient,16,165000,10312.5,7.5625,7.5625,0,No
PRV54916,Outpatient,91,18750,206.04395604395606,1.4395604395604396,0.0,0,No
PRV54917,Inpatient,15,109000,7266.666666666667,5.866666666666666,5.866666666666666,0,No
PRV54917,Outpatient,22,3450,156.8181818181818,1.9545454545454546,0.0,0,No
PRV54918,Inpatient,71,833000,11732.394366197183,5.014084507042254,5.014084507042254,1,Yes
PRV54918,Outpatient,95,41860,440.63157894736844,1.3894736842105264,0.0,1,Yes
PRV54919,Inpatient,4,28000,7000.0,2.0,2.0,0,No
PRV54919,Outpatient,174,38770,222.816091954023,1.1954022988505748,0.0,0,No
PRV54923,Outpatient,79,30400,384.8101265822785,1.3164556962025316,0.0,0,No
PRV54924,Inpatient,21,235000,11190.47619047619,5.571428571428571,5.571428571428571,0,No
PRV54924,Outpatient,152,44220,290.92105263157896,1.2039473684210527,0.0,0,No
PRV54925,Inpatient,39,456000,11692.307692307691,4.871794871794871,4.871794871794871,1,Yes
PRV54925,Outpatient,83,22870,275.5421686746988,1.6144578313253013,0.0,1,Yes
PRV54926,Inpatient,8,76000,9500.0,5.875,5.875,0,No
PRV54926,Outpatient,39,9620,246.66666666666666,1.5128205128205128,0.0,0,No
PRV54927,Outpatient,102,22600,221.5686274509804,1.588235294117647,0.0,0,No
PRV54929,Inpatient,15,192000,12800.0,7.0,7.0,1,Yes
PRV54929,Outpatient,11,5630,511.8181818181818,3.4545454545454546,0.0,1,Yes
PRV54930,Inpatient,5,26000,5200.0,3.8,3.8,0,No
PRV54930,Outpatient,206,67570,328.00970873786406,1.825242718446602,0.0,0,No
PRV54931,Inpatient,24,242000,10083.333333333334,8.5,8.5,1,Yes
PRV54931,Outpatient,28,6540,233.57142857142858,0.7857142857142857,0.0,1,Yes
PRV54932,Inpatient,1,2000,2000.0,5.0,5.0,0,No
PRV54932,Outpatient,58,19160,330.3448275862069,0.8275862068965517,0.0,0,No
PRV54933,Inpatient,29,267000,9206.896551724138,5.827586206896552,5.827586206896552,1,Yes
PRV54933,Outpatient,35,6200,177.14285714285714,1.2857142857142858,0.0,1,Yes
PRV54934,Inpatient,18,170000,9444.444444444445,4.944444444444445,4.944444444444445,0,No
PRV54934,Outpatient,53,8930,168.49056603773585,1.2452830188679245,0.0,0,No
PRV54935,Inpatient,3,3000,1000.0,3.3333333333333335,3.3333333333333335,0,No
PRV54935,Outpatient,86,20250,235.46511627906978,0.6744186046511628,0.0,0,No
PRV54936,Inpatient,131,1116400,8522.137404580153,5.67175572519084,5.67175572519084,1,Yes
PRV54936,Outpatient,90,23330,259.22222222222223,1.5222222222222221,0.0,1,Yes
PRV54937,Inpatient,3,25000,8333.333333333334,3.3333333333333335,3.3333333333333335,0,No
PRV54937,Outpatient,33,11260,341.2121212121212,2.8484848484848486,0.0,0,No
PRV54938,Outpatient,86,25530,296.86046511627904,1.1162790697674418,0.0,0,No
PRV54939,Outpatient,1380,407800,295.5072463768116,1.267391304347826,0.0,1,Yes
PRV54941,Outpatient,18,4990,277.22222222222223,1.8888888888888888,0.0,0,No
PRV54942,Inpatient,20,338000,16900.0,5.15,5.15,1,Yes
PRV54942,Outpatient,110,27970,254.27272727272728,1.290909090909091,0.0,1,Yes
PRV54943,Inpatient,2,18000,9000.0,3.5,3.5,0,No
PRV54943,Outpatient,21,5450,259.5238095238095,0.0,0.0,0,No
PRV54944,Outpatient,120,38620,321.8333333333333,0.8916666666666667,0.0,0,No
PRV54945,Outpatient,37,5950,160.8108108108108,1.2162162162162162,0.0,0,No
PRV54946,Outpatient,91,33740,370.7692307692308,0.9120879120879121,0.0,0,No
PRV54947,Outpatient,26,7630,293.46153846153845,0.8461538461538461,0.0,0,No
PRV54949,Inpatient,42,420000,10000.0,6.690476190476191,6.690476190476191,0,No
PRV54949,Outpatient,370,105140,284.1621621621622,1.8945945945945946,0.0,0,No
PRV54950,Inpatient,5,71000,14200.0,12.2,12.2,1,Yes
PRV54950,Outpatient,13,4400,338.46153846153845,0.07692307692307693,0.0,1,Yes
PRV54952,Inpatient,12,142000,11833.333333333334,6.0,6.0,1,Yes
PRV54952,Outpatient,137,39650,289.4160583941606,1.7664233576642336,0.0,1,Yes
PRV54953,Outpatient,102,28200,276.47058823529414,1.2352941176470589,0.0,0,No
PRV54954,Outpatient,71,18080,254.64788732394365,1.7605633802816902,0.0,0,No
PRV54955,Inpatient,205,2098000,10234.146341463415,6.029268292682927,6.019512195121951,1,Yes
PRV54955,Outpatient,109,36890,338.4403669724771,1.073394495412844,0.0,1,Yes
PRV54959,Inpatient,7,57000,8142.857142857143,9.142857142857142,9.142857142857142,0,No
PRV54959,Outpatient,88,29510,335.34090909090907,1.2954545454545454,0.0,0,No
PRV54960,Outpatient,193,51400,266.32124352331607,1.6424870466321244,0.0,0,No
PRV54963,Inpatient,1,13000,13000.0,3.0,3.0,0,No
PRV54963,Outpatient,66,16770,254.0909090909091,1.2272727272727273,0.0,0,No
PRV54965,Inpatient,9,120000,13333.333333333334,4.888888888888889,4.888888888888889,0,No
PRV54965,Outpatient,98,31480,321.2244897959184,1.816326530612245,0.0,0,No
PRV54966,Outpatient,1796,502010,279.51559020044544,1.2733853006681515,0.0,1,Yes
PRV54967,Outpatient,51,21920,429.80392156862746,1.196078431372549,0.0,0,No
PRV54968,Inpatient,10,112000,11200.0,2.8,2.8,0,No
PRV54968,Outpatient,39,15820,405.64102564102564,2.2564102564102564,0.0,0,No
PRV54970,Inpatient,6,34000,5666.666666666667,2.0,2.0,0,No
PRV54970,Outpatient,227,72170,317.9295154185022,1.4185022026431717,0.0,0,No
PRV54971,Inpatient,52,452000,8692.307692307691,5.884615384615385,5.884615384615385,0,No
PRV54971,Outpatient,377,89030,236.15384615384616,1.2917771883289124,0.0,0,No
PRV54972,Outpatient,62,16950,273.38709677419354,1.032258064516129,0.0,0,No
PRV54973,Inpatient,9,43000,4777.777777777777,4.0,4.0,0,No
PRV54973,Outpatient,120,25880,215.66666666666666,2.2,0.0,0,No
PRV54975,Outpatient,132,36460,276.2121212121212,0.7651515151515151,0.0,0,No
PRV54976,Outpatient,55,19940,362.54545454545456,1.8181818181818181,0.0,0,No
PRV54977,Inpatient,5,78000,15600.0,4.2,4.2,0,No
PRV54977,Outpatient,48,11140,232.08333333333334,1.3958333333333333,0.0,0,No
PRV54978,Outpatient,265,86760,327.39622641509436,1.1622641509433962,0.0,0,No
PRV54981,Inpatient,81,813000,10037.037037037036,6.444444444444445,6.444444444444445,0,No
PRV54981,Outpatient,14,3730,266.42857142857144,1.8571428571428572,0.0,0,No
PRV54982,Outpatient,37,11860,320.5405405405405,0.7837837837837838,0.0,0,No
PRV54983,Outpatient,126,42140,334.44444444444446,1.3571428571428572,0.0,0,No
PRV54985,Outpatient,223,63340,284.0358744394619,1.6771300448430493,0.0,0,No
PRV54986,Inpatient,153,1538300,10054.248366013071,5.934640522875817,5.934640522875817,1,Yes
PRV54986,Outpatient,465,155110,333.5698924731183,1.5010752688172042,0.0,1,Yes
PRV54988,Outpatient,41,14310,349.0243902439024,1.6097560975609757,0.0,0,No
PRV54990,Inpatient,4,43000,10750.0,5.0,5.0,0,No
PRV54990,Outpatient,16,3600,225.0,0.0625,0.0,0,No
PRV54991,Outpatient,130,21180,162.92307692307693,1.0153846153846153,0.0,0,No
PRV54992,Outpatient,18,11710,650.5555555555555,2.6666666666666665,0.0,0,No
PRV54993,Inpatient,8,173800,21725.0,6.75,6.75,0,No
PRV54993,Outpatient,45,12120,269.3333333333333,2.466666666666667,0.0,0,No
PRV54995,Outpatient,16,6060,378.75,0.6875,0.0,0,No
PRV54997,Inpatient,5,32000,6400.0,4.4,4.4,0,No
PRV54997,Outpatient,29,7770,267.9310344827586,1.1724137931034482,0.0,0,No
PRV54998,Inpatient,59,530000,8983.050847457627,5.6440677966101696,5.6440677966101696,1,Yes
PRV54998,Outpatient,148,33540,226.6216216216216,1.5608108108108107,0.0,1,Yes
PRV54999,Inpatient,3,40000,13333.333333333334,13.333333333333334,13.333333333333334,0,No
PRV54999,Outpatient,7,940,134.28571428571428,0.0,0.0,0,No
PRV55000,Inpatient,86,979300,11387.209302325582,6.383720930232558,6.383720930232558,0,No
PRV55000,Outpatient,678,186720,275.39823008849555,1.435103244837758,0.0,0,No
PRV55001,Outpatient,158,41400,262.0253164556962,1.1265822784810127,0.0,0,No
PRV55002,Outpatient,100,27060,270.6,1.26,0.0,0,No
PRV55003,Inpatient,5,55800,11160.0,3.2,3.2,0,No
PRV55003,Outpatient,71,22050,310.5633802816901,2.0985915492957745,0.0,0,No
PRV55004,Inpatient,3,38000,12666.666666666666,4.333333333333333,4.333333333333333,1,Yes
PRV55004,Outpatient,2396,665610,277.8005008347245,1.4616026711185308,0.0,1,Yes
PRV55005,Inpatient,56,500000,8928.57142857143,5.125,5.125,0,No
PRV55005,Outpatient,74,16780,226.75675675675674,1.2027027027027026,0.0,0,No
PRV55006,Inpatient,3,19000,6333.333333333333,5.0,5.0,0,No
PRV55006,Outpatient,38,18250,480.2631578947368,2.210526315789474,0.0,0,No
PRV55007,Outpatient,14,3330,237.85714285714286,1.4285714285714286,0.0,0,No
PRV55010,Outpatient,289,66400,229.75778546712803,1.1038062283737025,0.0,1,Yes
PRV55011,Outpatient,56,13750,245.53571428571428,0.5,0.0,0,No
PRV55012,Outpatient,73,19800,271.2328767123288,0.9178082191780822,0.0,0,No
PRV55013,Outpatient,83,17800,214.4578313253012,2.3734939759036147,0.0,0,No
PRV55016,Outpatient,146,38140,261.2328767123288,0.9178082191780822,0.0,0,No
PRV55018,Inpatient,63,612000,9714.285714285714,5.2063492063492065,5.158730158730159,1,Yes
PRV55018,Outpatient,12,3940,328.3333333333333,1.8333333333333333,0.0,1,Yes
PRV55019,Inpatient,158,1828300,11571.518987341773,5.822784810126582,5.822784810126582,1,Yes
PRV55019,Outpatient,127,28720,226.14173228346456,1.0393700787401574,0.0,1,Yes
PRV55022,Inpatient,76,705000,9276.315789473685,5.197368421052632,5.197368421052632,1,Yes
PRV55022,Outpatient,61,11850,194.2622950819672,1.3770491803278688,0.0,1,Yes
PRV55023,Inpatient,34,408000,12000.0,7.794117647058823,7.794117647058823,0,No
PRV55023,Outpatient,30,12150,405.0,2.033333333333333,0.0,0,No
PRV55024,Inpatient,3,18000,6000.0,2.0,2.0,0,No
PRV55024,Outpatient,43,14980,348.3720930232558,2.046511627906977,0.0,0,No
PRV55026,Outpatient,272,76910,282.75735294117646,1.3419117647058822,0.0,0,No
PRV55027,Inpatient,13,152000,11692.307692307691,5.230769230769231,5.230769230769231,1,Yes
PRV55027,Outpatient,143,39990,279.65034965034965,1.6713286713286712,0.0,1,Yes
PRV55028,Inpatient,20,198800,9940.0,6.7,6.7,0,No
PRV55028,Outpatient,203,42990,211.77339901477833,0.7684729064039408,0.0,0,No
PRV55029,Inpatient,14,135000,9642.857142857143,4.285714285714286,4.285714285714286,0,No
PRV55029,Outpatient,241,89000,369.29460580912865,1.5269709543568464,0.0,0,No
PRV55030,Inpatient,73,725000,9931.506849315068,5.917808219178082,5.917808219178082,1,Yes
PRV55030,Outpatient,238,57900,243.27731092436974,2.0210084033613445,0.0,1,Yes
PRV55031,Inpatient,4,41000,10250.0,5.75,5.75,0,No
PRV55031,Outpatient,28,4300,153.57142857142858,2.142857142857143,0.0,0,No
PRV55032,Inpatient,1,5000,5000.0,1.0,1.0,0,No
PRV55032,Outpatient,35,15340,438.2857142857143,0.8285714285714286,0.0,0,No
PRV55034,Inpatient,26,277400,10669.23076923077,4.923076923076923,4.923076923076923,1,Yes
PRV55034,Outpatient,586,158380,270.2730375426621,1.2150170648464165,0.0,1,Yes
PRV55035,Outpatient,14,3860,275.7142857142857,1.6428571428571428,0.0,0,No
PRV55036,Outpatient,64,14760,230.625,2.765625,0.0,0,No
PRV55037,Inpatient,11,116000,10545.454545454546,5.454545454545454,5.454545454545454,0,No
PRV55037,Outpatient,638,197660,309.8119122257053,1.4796238244514106,0.0,0,No
PRV55038,Outpatient,15,4230,282.0,0.06666666666666667,0.0,0,No
PRV55039,Inpatient,31,257000,8290.322580645161,5.258064516129032,5.258064516129032,1,Yes
PRV55039,Outpatient,2027,559200,275.8756783423779,1.3167242229896399,0.0,1,Yes
PRV55040,Outpatient,6,6630,1105.0,3.3333333333333335,0.0,0,No
PRV55041,Inpatient,5,58000,11600.0,9.0,9.0,0,No
PRV55041,Outpatient,16,5880,367.5,1.25,0.0,0,No
PRV55042,Inpatient,8,84200,10525.0,7.125,7.125,0,No
PRV55042,Outpatient,116,42100,362.9310344827586,1.4224137931034482,0.0,0,No
PRV55043,Outpatient,119,35450,297.89915966386553,1.361344537815126,0.0,0,No
PRV55044,Outpatient,9,1070,118.88888888888889,1.8888888888888888,0.0,0,No
PRV55045,Outpatient,66,27630,418.6363636363636,1.9393939393939394,0.0,0,No
PRV55048,Inpatient,82,865000,10548.780487804877,5.317073170731708,5.317073170731708,1,Yes
PRV55048,Outpatient,12,1240,103.33333333333333,4.666666666666667,0.0,1,Yes
PRV55049,Inpatient,75,686000,9146.666666666666,5.28,5.28,1,Yes
PRV55049,Outpatient,73,39150,536.3013698630137,3.232876712328767,0.0,1,Yes
PRV55050,Outpatient,183,49610,271.09289617486337,1.530054644808743,0.0,0,No
PRV55051,Inpatient,7,60000,8571.42857142857,10.857142857142858,10.857142857142858,0,No
PRV55052,Outpatient,49,8480,173.0612244897959,0.04081632653061224,0.0,0,No
PRV55053,Outpatient,54,13340,247.03703703703704,2.2962962962962963,0.0,0,No
PRV55054,Outpatient,69,12650,183.33333333333334,0.9565217391304348,0.0,0,No
PRV55056,Outpatient,100,40290,402.9,0.84,0.0,0,No
PRV55057,Outpatient,347,94560,272.507204610951,1.7377521613832854,0.0,1,Yes
PRV55058,Outpatient,227,63470,279.6035242290749,1.2819383259911894,0.0,0,No
PRV55059,Outpatient,153,51910,339.281045751634,1.7320261437908497,0.0,0,No
PRV55061,Outpatient,95,24290,255.68421052631578,1.2105263157894737,0.0,0,No
PRV55062,Outpatient,29,7460,257.2413793103448,1.0344827586206897,0.0,0,No
PRV55063,Outpatient,10,660,66.0,0.0,0.0,0,No
PRV55064,Outpatient,621,187750,302.33494363929145,1.4363929146537842,0.0,0,No
PRV55067,Inpatient,1,29000,29000.0,20.0,20.0,0,No
PRV55068,Outpatient,6,2620,436.6666666666667,3.6666666666666665,0.0,0,No
PRV55069,Outpatient,21,2050,97.61904761904762,0.9523809523809523,0.0,0,No
PRV55070,Outpatient,20,3220,161.0,1.3,0.0,0,No
PRV55071,Outpatient,70,25930,370.42857142857144,1.7428571428571429,0.0,0,No
PRV55072,Outpatient,48,9550,198.95833333333334,0.5416666666666666,0.0,0,No
PRV55073,Outpatient,18,6570,365.0,0.1111111111111111,0.0,0,No
PRV55074,Outpatient,1,10,10.0,0.0,0.0,0,No
PRV55076,Outpatient,5,770,154.0,0.0,0.0,0,No
PRV55077,Outpatient,8,390,48.75,0.0,0.0,0,No
PRV55078,Outpatient,1,0,0.0,0.0,0.0,0,No
PRV55079,Outpatient,47,10940,232.7659574468085,1.446808510638298,0.0,0,No
PRV55080,Outpatient,8,4820,602.5,0.0,0.0,0,No
PRV55081,Outpatient,30,6950,231.66666666666666,0.6666666666666666,0.0,0,No
PRV55083,Outpatient,196,50470,257.5,1.3775510204081634,0.0,0,No
PRV55085,Outpatient,24,9180,382.5,0.7916666666666666,0.0,0,No
PRV55086,Outpatient,78,14690,188.33333333333334,2.128205128205128,0.0,0,No
PRV55087,Outpatient,201,43770,217.76119402985074,1.6169154228855722,0.0,0,No
PRV55088,Outpatient,31,15250,491.93548387096774,1.064516129032258,0.0,0,No
PRV55089,Outpatient,1,400,400.0,0.0,0.0,0,No
PRV55091,Outpatient,18,4750,263.8888888888889,1.1111111111111112,0.0,0,No
PRV55092,Outpatient,8,660,82.5,0.125,0.0,0,No
PRV55093,Outpatient,19,3380,177.89473684210526,1.263157894736842,0.0,0,No
PRV55094,Outpatient,19,17100,900.0,3.0526315789473686,0.0,0,No
PRV55095,Outpatient,20,7520,376.0,1.9,0.0,0,No
PRV55096,Outpatient,27,5350,198.14814814814815,0.4444444444444444,0.0,0,No
PRV55097,Outpatient,4,720,180.0,0.0,0.0,0,No
PRV55098,Outpatient,27,6970,258.14814814814815,0.18518518518518517,0.0,0,No
PRV55099,Outpatient,97,24200,249.48453608247422,0.7525773195876289,0.0,0,No
PRV55103,Outpatient,78,15100,193.5897435897436,0.6282051282051282,0.0,0,No
PRV55104,Outpatient,52,14880,286.15384615384613,1.3846153846153846,0.0,0,No
PRV55106,Outpatient,5,3870,774.0,4.0,0.0,0,No
PRV55108,Outpatient,223,63340,284.0358744394619,0.7488789237668162,0.0,0,No
PRV55110,Outpatient,40,9960,249.0,1.8,0.0,0,No
PRV55111,Outpatient,29,4070,140.3448275862069,0.7586206896551724,0.0,0,No
PRV55112,Outpatient,32,5750,179.6875,0.96875,0.0,0,No
PRV55114,Outpatient,13,4480,344.61538461538464,3.076923076923077,0.0,0,No
PRV55116,Outpatient,284,81920,288.4507042253521,1.6690140845070423,0.0,0,No
PRV55117,Outpatient,4,800,200.0,5.0,0.0,0,No
PRV55118,Inpatient,2,10000,5000.0,4.0,4.0,0,No
PRV55118,Outpatient,3,600,200.0,0.0,0.0,0,No
PRV55120,Inpatient,8,58000,7250.0,4.0,4.0,0,No
PRV55120,Outpatient,1,200,200.0,0.0,0.0,0,No
PRV55121,Inpatient,20,173070,8653.5,6.1,6.1,0,No
PRV55122,Inpatient,1,5000,5000.0,3.0,3.0,0,No
PRV55123,Outpatient,2,90,45.0,0.0,0.0,0,No
PRV55124,Inpatient,9,152000,16888.88888888889,7.666666666666667,7.666666666666667,0,No
PRV55126,Inpatient,2,13000,6500.0,19.0,19.0,0,No
PRV55128,Inpatient,8,111000,13875.0,6.875,6.875,0,No
PRV55129,Inpatient,1,10000,10000.0,3.0,3.0,0,No
PRV55129,Outpatient,2,600,300.0,0.0,0.0,0,No
PRV55130,Inpatient,3,28000,9333.333333333334,5.0,5.0,0,No
PRV55131,Inpatient,2,47000,23500.0,5.0,5.0,0,No
PRV55132,Inpatient,10,108000,10800.0,2.9,2.9,0,No
PRV55133,Inpatient,2,50000,25000.0,10.5,10.5,0,No
PRV55134,Inpatient,1,11000,11000.0,4.0,4.0,0,No
PRV55135,Inpatient,3,25000,8333.333333333334,3.0,3.0,0,No
PRV55136,Inpatient,8,102000,12750.0,6.5,6.5,0,No
PRV55137,Inpatient,2,38000,19000.0,11.0,11.0,0,No
PRV55138,Inpatient,3,25000,8333.333333333334,13.333333333333334,13.333333333333334,0,No
PRV55140,Inpatient,9,85000,9444.444444444445,3.3333333333333335,3.3333333333333335,0,No
PRV55141,Outpatient,2,90,45.0,7.0,0.0,0,No
PRV55143,Inpatient,1,10000,10000.0,2.0,2.0,0,No
PRV55144,Inpatient,2,41000,20500.0,12.0,12.0,0,No
PRV55145,Inpatient,14,143000,10214.285714285714,5.214285714285714,5.214285714285714,0,No
PRV55146,Inpatient,1,6000,6000.0,2.0,2.0,0,No
PRV55147,Inpatient,6,112200,18700.0,7.333333333333333,7.333333333333333,1,Yes
PRV55148,Inpatient,1,7000,7000.0,7.0,7.0,0,No
PRV55149,Inpatient,16,145000,9062.5,5.75,5.75,0,No
PRV55150,Inpatient,4,19000,4750.0,3.0,3.0,0,No
PRV55150,Outpatient,2,100,50.0,0.0,0.0,0,No
PRV55151,Inpatient,1,10000,10000.0,1.0,1.0,0,No
PRV55152,Inpatient,10,78300,7830.0,4.3,4.3,0,No
PRV55154,Outpatient,1,900,900.0,0.0,0.0,0,No
PRV55155,Inpatient,9,68000,7555.555555555556,6.444444444444445,6.444444444444445,0,No
PRV55156,Inpatient,1,6000,6000.0,5.0,5.0,0,No
PRV55157,Inpatient,3,16000,5333.333333333333,5.333333333333333,5.333333333333333,0,No
PRV55158,Inpatient,29,337000,11620.689655172413,5.206896551724138,5.206896551724138,0,No
PRV55158,Outpatient,669,171210,255.91928251121075,1.251121076233184,0.0,0,No
PRV55160,Inpatient,10,120000,12000.0,8.5,8.5,0,No
PRV55161,Inpatient,2,28000,14000.0,2.0,2.0,0,No
PRV55163,Inpatient,1,13000,13000.0,4.0,4.0,1,Yes
PRV55163,Outpatient,586,155750,265.7849829351536,1.8532423208191127,0.0,1,Yes
PRV55164,Inpatient,17,205000,12058.823529411764,6.235294117647059,6.235294117647059,0,No
PRV55164,Outpatient,137,34760,253.72262773722628,0.3722627737226277,0.0,0,No
PRV55165,Inpatient,30,282000,9400.0,5.1,5.1,1,Yes
PRV55165,Outpatient,211,47870,226.87203791469193,1.8767772511848342,0.0,1,Yes
PRV55166,Outpatient,72,19740,274.1666666666667,0.875,0.0,0,No
PRV55167,Outpatient,94,33300,354.25531914893617,1.8191489361702127,0.0,0,No
PRV55168,Outpatient,134,51960,387.76119402985074,1.5820895522388059,0.0,0,No
PRV55169,Inpatient,83,807800,9732.530120481928,6.0,6.0,0,No
PRV55169,Outpatient,638,203960,319.68652037617557,1.3495297805642634,0.0,0,No
PRV55171,Inpatient,41,365000,8902.439024390244,5.658536585365853,5.658536585365853,1,Yes
PRV55171,Outpatient,206,42360,205.63106796116506,1.3349514563106797,0.0,1,Yes
PRV55172,Inpatient,55,611000,11109.09090909091,5.6909090909090905,5.6909090909090905,1,Yes
PRV55172,Outpatient,59,116600,1976.2711864406779,1.5593220338983051,0.0,1,Yes
PRV55173,Outpatient,25,8350,334.0,1.72,0.0,0,No
PRV55175,Inpatient,23,191000,8304.347826086956,4.478260869565218,4.478260869565218,0,No
PRV55175,Outpatient,281,63600,226.33451957295372,1.2491103202846976,0.0,0,No
PRV55176,Inpatient,1,6000,6000.0,2.0,2.0,0,No
PRV55176,Outpatient,19,2650,139.47368421052633,1.105263157894737,0.0,0,No
PRV55177,Outpatient,327,104420,319.3272171253823,1.003058103975535,0.0,0,No
PRV55178,Inpatient,2,10000,5000.0,2.0,2.0,0,No
PRV55178,Outpatient,29,8510,293.44827586206895,1.793103448275862,0.0,0,No
PRV55179,Inpatient,16,151000,9437.5,4.0625,4.0625,0,No
PRV55179,Outpatient,58,27930,481.55172413793105,1.4482758620689655,0.0,0,No
PRV55180,Inpatient,7,70000,10000.0,5.857142857142857,5.857142857142857,0,No
PRV55180,Outpatient,120,38440,320.3333333333333,1.6916666666666667,0.0,0,No
PRV55181,Inpatient,35,334000,9542.857142857143,6.8,6.8,0,No
PRV55181,Outpatient,404,79360,196.43564356435644,1.1707920792079207,0.0,0,No
PRV55182,Outpatient,102,25940,254.31372549019608,0.22549019607843138,0.0,0,No
PRV55183,Inpatient,21,239000,11380.952380952382,5.571428571428571,5.571428571428571,0,No
PRV55183,Outpatient,96,18750,195.3125,2.2083333333333335,0.0,0,No
PRV55184,Inpatient,1,0,0.0,4.0,4.0,0,No
PRV55184,Outpatient,55,15760,286.54545454545456,0.9636363636363636,0.0,0,No
PRV55185,Inpatient,5,46000,9200.0,2.2,2.2,0,No
PRV55185,Outpatient,201,66170,329.2039800995025,0.7562189054726368,0.0,0,No
PRV55187,Outpatient,125,29270,234.16,1.568,0.0,0,No
PRV55188,Inpatient,4,35000,8750.0,3.0,3.0,0,No
PRV55188,Outpatient,203,38470,189.50738916256157,1.4532019704433496,0.0,0,No
PRV55189,Inpatient,36,316000,8777.777777777777,3.6666666666666665,3.6666666666666665,0,No
PRV55189,Outpatient,97,23940,246.8041237113402,0.8865979381443299,0.0,0,No
PRV55191,Outpatient,90,17290,192.11111111111111,0.9111111111111111,0.0,0,No
PRV55192,Inpatient,15,147100,9806.666666666666,4.266666666666667,4.266666666666667,0,No
PRV55192,Outpatient,238,71540,300.5882352941176,1.2899159663865547,0.0,0,No
PRV55193,Inpatient,31,440000,14193.548387096775,6.774193548387097,6.774193548387097,1,Yes
PRV55193,Outpatient,13,4380,336.9230769230769,1.5384615384615385,0.0,1,Yes
PRV55194,Inpatient,169,1614000,9550.295857988165,5.201183431952662,5.201183431952662,1,Yes
PRV55194,Outpatient,252,86900,344.8412698412698,2.015873015873016,0.0,1,Yes
PRV55195,Inpatient,16,236000,14750.0,6.0625,6.0625,1,Yes
PRV55195,Outpatient,61,10730,175.9016393442623,0.9180327868852459,0.0,1,Yes
PRV55196,Inpatient,6,111000,18500.0,6.5,6.5,0,No
PRV55196,Outpatient,167,39790,238.26347305389223,1.2574850299401197,0.0,0,No
PRV55197,Outpatient,73,24210,331.64383561643837,2.3424657534246576,0.0,0,No
PRV55198,Inpatient,2,8000,4000.0,4.5,4.5,0,No
PRV55198,Outpatient,66,14280,216.36363636363637,2.712121212121212,0.0,0,No
PRV55200,Outpatient,69,20250,293.4782608695652,0.9420289855072463,0.0,0,No
PRV55202,Outpatient,30,11980,399.3333333333333,1.4,0.0,0,No
PRV55203,Inpatient,5,44000,8800.0,4.8,4.8,0,No
PRV55203,Outpatient,20,2470,123.5,0.2,0.0,0,No
PRV55205,Inpatient,38,488000,12842.105263157895,6.2368421052631575,6.2368421052631575,0,No
PRV55205,Outpatient,222,150060,675.9459459459459,0.8738738738738738,0.0,0,No
PRV55206,Outpatient,103,33090,321.2621359223301,0.5436893203883495,0.0,0,No
PRV55207,Outpatient,167,41510,248.562874251497,1.1017964071856288,0.0,0,No
PRV55208,Inpatient,7,68000,9714.285714285714,6.285714285714286,6.285714285714286,0,No
PRV55208,Outpatient,46,8300,180.43478260869566,1.5434782608695652,0.0,0,No
PRV55209,Inpatient,275,2756100,10022.181818181818,5.341818181818182,5.341818181818182,1,Yes
PRV55209,Outpatient,487,158600,325.66735112936345,1.3819301848049281,0.0,1,Yes
PRV55210,Outpatient,174,50480,290.11494252873564,2.0172413793103448,0.0,0,No
PRV55211,Outpatient,32,7030,219.6875,0.6875,0.0,0,No
PRV55213,Inpatient,3,67000,22333.333333333332,26.666666666666668,26.666666666666668,0,No
PRV55213,Outpatient,78,13390,171.66666666666666,0.8461538461538461,0.0,0,No
PRV55214,Outpatient,190,45880,241.47368421052633,1.1105263157894736,0.0,0,No
PRV55215,Inpatient,143,1357300,9491.608391608392,5.538461538461538,5.538461538461538,1,Yes
PRV55215,Outpatient,3250,927260,285.3107692307692,1.5012307692307691,0.0,1,Yes
PRV55216,Inpatient,5,37000,7400.0,4.8,4.8,0,No
PRV55216,Outpatient,75,22370,298.26666666666665,0.68,0.0,0,No
PRV55218,Outpatient,94,20910,222.4468085106383,1.8404255319148937,0.0,0,No
PRV55219,Outpatient,89,17530,196.96629213483146,1.1235955056179776,0.0,0,No
PRV55220,Outpatient,102,23280,228.23529411764707,1.3235294117647058,0.0,0,No
PRV55224,Outpatient,23,5800,252.17391304347825,0.0,0.0,0,No
PRV55225,Inpatient,9,179000,19888.88888888889,6.777777777777778,6.777777777777778,1,Yes
PRV55225,Outpatient,57,20390,357.719298245614,0.9473684210526315,0.0,1,Yes
PRV55226,Outpatient,242,80690,333.4297520661157,1.2727272727272727,0.0,0,No
PRV55227,Outpatient,46,12100,263.04347826086956,1.2391304347826086,0.0,0,No
PRV55229,Inpatient,16,171000,10687.5,6.75,6.75,0,No
PRV55229,Outpatient,227,86520,381.1453744493392,1.2555066079295154,0.0,0,No
PRV55230,Inpatient,225,2518350,11192.666666666666,6.64,6.64,1,Yes
PRV55230,Outpatient,340,94390,277.61764705882354,1.7794117647058822,0.0,1,Yes
PRV55231,Outpatient,126,41470,329.12698412698415,1.9841269841269842,0.0,0,No
PRV55232,Inpatient,28,278090,9931.785714285714,4.142857142857143,4.142857142857143,0,No
PRV55232,Outpatient,79,32330,409.24050632911394,1.481012658227848,0.0,0,No
PRV55233,Inpatient,1,4000,4000.0,3.0,3.0,0,No
PRV55233,Outpatient,186,50940,273.8709677419355,1.575268817204301,0.0,0,No
PRV55234,Inpatient,7,36800,5257.142857142857,8.0,8.0,0,No
PRV55234,Outpatient,177,57800,326.55367231638417,1.5706214689265536,0.0,0,No
PRV55235,Outpatient,160,60920,380.75,1.16875,0.0,0,No
PRV55236,Inpatient,20,220000,11000.0,8.8,8.8,0,No
PRV55236,Outpatient,34,17260,507.6470588235294,2.676470588235294,0.0,0,No
PRV55237,Inpatient,15,111000,7400.0,4.066666666666666,4.066666666666666,0,No
PRV55237,Outpatient,102,20700,202.94117647058823,1.4313725490196079,0.0,0,No
PRV55238,Outpatient,101,39250,388.61386138613864,2.3366336633663365,0.0,0,No
PRV55239,Outpatient,161,49540,307.70186335403724,1.484472049689441,0.0,0,No
PRV55240,Inpatient,11,76600,6963.636363636364,3.5454545454545454,3.5454545454545454,0,No
PRV55240,Outpatient,152,43240,284.4736842105263,0.8355263157894737,0.0,0,No
PRV55242,Inpatient,10,62000,6200.0,3.8,3.8,0,No
PRV55242,Outpatient,24,3630,151.25,0.875,0.0,0,No
PRV55243,Outpatient,257,66230,257.70428015564204,1.6186770428015564,0.0,0,No
PRV55244,Outpatient,25,7500,300.0,1.72,0.0,0,No
PRV55246,Outpatient,227,57290,252.37885462555067,1.669603524229075,0.0,0,No
PRV55247,Inpatient,3,19200,6400.0,5.0,5.0,0,No
PRV55247,Outpatient,352,108940,309.4886363636364,1.3011363636363635,0.0,0,No
PRV55248,Outpatient,133,46760,351.57894736842104,1.4586466165413534,0.0,0,No
PRV55250,Inpatient,23,262000,11391.304347826086,7.0,7.0,1,Yes
PRV55250,Outpatient,278,81940,294.7482014388489,1.564748201438849,0.0,1,Yes
PRV55252,Outpatient,45,14220,316.0,1.0444444444444445,0.0,0,No
PRV55254,Outpatient,15,4960,330.6666666666667,0.06666666666666667,0.0,0,No
PRV55255,Outpatient,12,2590,215.83333333333334,0.08333333333333333,0.0,0,No
PRV55256,Inpatient,4,27000,6750.0,6.75,6.75,0,No
PRV55256,Outpatient,24,7150,297.9166666666667,0.875,0.0,0,No
PRV55257,Outpatient,137,35840,261.6058394160584,0.9416058394160584,0.0,0,No
PRV55258,Inpatient,1,12000,12000.0,13.0,13.0,0,No
PRV55258,Outpatient,41,13200,321.9512195121951,2.6097560975609757,0.0,0,No
PRV55259,Outpatient,42,13890,330.7142857142857,1.2142857142857142,0.0,0,No
PRV55260,Outpatient,57,22310,391.4035087719298,2.491228070175439,0.0,0,No
PRV55261,Outpatient,30,4780,159.33333333333334,1.0,0.0,0,No
PRV55262,Inpatient,16,115000,7187.5,4.75,4.75,0,No
PRV55262,Outpatient,381,120860,317.2178477690289,1.194225721784777,0.0,0,No
PRV55263,Outpatient,319,103750,325.23510971786834,1.6489028213166144,0.0,0,No
PRV55264,Outpatient,528,147430,279.2234848484849,1.4526515151515151,0.0,0,No
PRV55265,Outpatient,201,43280,215.3233830845771,1.064676616915423,0.0,0,No
PRV55266,Inpatient,9,41000,4555.555555555556,4.0,4.0,1,Yes
PRV55266,Outpatient,16,4740,296.25,0.0,0.0,1,Yes
PRV55267,Outpatient,144,36020,250.13888888888889,1.4583333333333333,0.0,0,No
PRV55268,Outpatient,48,13310,277.2916666666667,1.5,0.0,0,No
PRV55269,Inpatient,3,14000,4666.666666666667,4.333333333333333,4.333333333333333,0,No
PRV55269,Outpatient,169,39490,233.66863905325442,1.029585798816568,0.0,0,No
PRV55270,Inpatient,1,5000,5000.0,7.0,7.0,0,No
PRV55270,Outpatient,203,58190,286.6502463054187,1.7142857142857142,0.0,0,No
PRV55271,Outpatient,15,6020,401.3333333333333,0.4,0.0,0,No
PRV55272,Outpatient,211,53340,252.7962085308057,1.2748815165876777,0.0,0,No
PRV55273,Outpatient,18,4240,235.55555555555554,1.2222222222222223,0.0,0,No
PRV55274,Outpatient,70,20800,297.14285714285717,1.8142857142857143,0.0,0,No
PRV55275,Outpatient,54,12370,229.07407407407408,1.1296296296296295,0.0,0,No
PRV55276,Outpatient,58,10830,186.72413793103448,2.103448275862069,0.0,0,No
PRV55277,Outpatient,17,4200,247.05882352941177,1.1764705882352942,0.0,0,No
PRV55278,Outpatient,45,7200,160.0,1.3555555555555556,0.0,0,No
PRV55279,Outpatient,81,28610,353.2098765432099,0.9012345679012346,0.0,0,No
PRV55281,Outpatient,190,54330,285.94736842105266,0.9631578947368421,0.0,0,No
PRV55283,Outpatient,36,12390,344.1666666666667,2.6944444444444446,0.0,0,No
PRV55285,Outpatient,7,530,75.71428571428571,0.0,0.0,0,No
PRV55286,Outpatient,4,570,142.5,0.0,0.0,0,No
PRV55289,Outpatient,14,3710,265.0,5.0,0.0,0,No
PRV55291,Outpatient,6,2190,365.0,0.0,0.0,0,No
PRV55292,Outpatient,6,610,101.66666666666667,0.0,0.0,0,No
PRV55293,Outpatient,33,5530,167.57575757575756,1.7272727272727273,0.0,0,No
PRV55295,Outpatient,88,20380,231.5909090909091,1.7159090909090908,0.0,0,No
PRV55296,Outpatient,57,12750,223.68421052631578,2.1052631578947367,0.0,0,No
PRV55297,Outpatient,98,21280,217.14285714285714,1.0918367346938775,0.0,0,No
PRV55298,Outpatient,57,15740,276.140350877193,1.5263157894736843,0.0,0,No
PRV55299,Outpatient,18,5930,329.44444444444446,1.0,0.0,0,No
PRV55300,Outpatient,32,8320,260.0,1.125,0.0,0,No
PRV55302,Outpatient,1,400,400.0,0.0,0.0,0,No
PRV55304,Outpatient,204,76330,374.1666666666667,1.4509803921568627,0.0,0,No
PRV55305,Outpatient,3,4210,1403.3333333333333,0.0,0.0,0,No
PRV55306,Outpatient,59,16500,279.66101694915255,1.0,0.0,0,No
PRV55307,Outpatient,110,24250,220.45454545454547,1.9181818181818182,0.0,0,No
PRV55309,Outpatient,35,11800,337.14285714285717,0.9714285714285714,0.0,0,No
PRV55312,Outpatient,91,17280,189.8901098901099,1.6263736263736264,0.0,0,No
PRV55313,Outpatient,192,57410,299.0104166666667,1.0,0.0,0,No
PRV55314,Outpatient,89,25040,281.34831460674155,1.3370786516853932,0.0,0,No
PRV55316,Outpatient,65,15490,238.30769230769232,1.2615384615384615,0.0,0,No
PRV55318,Outpatient,63,26300,417.46031746031747,1.1428571428571428,0.0,0,No
PRV55319,Outpatient,17,4570,268.8235294117647,0.17647058823529413,0.0,0,No
PRV55320,Outpatient,34,6400,188.23529411764707,1.4411764705882353,0.0,0,No
PRV55322,Outpatient,28,7270,259.64285714285717,1.0714285714285714,0.0,0,No
PRV55323,Outpatient,144,36470,253.26388888888889,0.8472222222222222,0.0,0,No
PRV55324,Outpatient,25,7530,301.2,1.76,0.0,0,No
PRV55325,Outpatient,41,14980,365.3658536585366,1.8048780487804879,0.0,0,No
PRV55326,Outpatient,58,11700,201.72413793103448,0.6896551724137931,0.0,0,No
PRV55329,Outpatient,2,360,180.0,0.0,0.0,0,No
PRV55330,Outpatient,4,1170,292.5,0.0,0.0,0,No
PRV55331,Outpatient,23,4700,204.34782608695653,1.2173913043478262,0.0,0,No
PRV55333,Outpatient,51,9500,186.27450980392157,0.5882352941176471,0.0,0,No
PRV55335,Outpatient,24,1760,73.33333333333333,1.1666666666666667,0.0,0,No
PRV55337,Outpatient,13,1890,145.3846153846154,1.7692307692307692,0.0,0,No
PRV55338,Outpatient,46,8790,191.08695652173913,1.326086956521739,0.0,0,No
PRV55339,Outpatient,30,7880,262.6666666666667,0.0,0.0,0,No
PRV55340,Outpatient,108,32730,303.05555555555554,2.0925925925925926,0.0,0,No
PRV55341,Outpatient,14,1240,88.57142857142857,0.07142857142857142,0.0,0,No
PRV55342,Outpatient,9,2440,271.1111111111111,0.2222222222222222,0.0,0,No
PRV55343,Outpatient,90,23940,266.0,1.4111111111111112,0.0,0,No
PRV55344,Outpatient,14,8320,594.2857142857143,0.5714285714285714,0.0,0,No
PRV55345,Outpatient,15,7310,487.3333333333333,1.4666666666666666,0.0,0,No
PRV55348,Outpatient,7,610,87.14285714285714,0.0,0.0,0,No
PRV55350,Outpatient,31,4210,135.80645161290323,0.5806451612903226,0.0,0,No
PRV55351,Outpatient,10,1650,165.0,0.2,0.0,0,No
PRV55352,Outpatient,39,12850,329.4871794871795,1.1025641025641026,0.0,0,No
PRV55353,Outpatient,12,2970,247.5,0.08333333333333333,0.0,0,No
PRV55354,Outpatient,178,43990,247.13483146067415,1.4382022471910112,0.0,0,No
PRV55355,Outpatient,1,90,90.0,0.0,0.0,0,No
PRV55356,Outpatient,27,5030,186.2962962962963,1.2222222222222223,0.0,0,No
PRV55357,Outpatient,161,37270,231.49068322981367,1.0683229813664596,0.0,0,No
PRV55358,Outpatient,37,14710,397.56756756756755,2.1621621621621623,0.0,0,No
PRV55359,Outpatient,113,47940,424.24778761061947,1.5309734513274336,0.0,0,No
PRV55360,Outpatient,17,4880,287.05882352941177,2.4705882352941178,0.0,0,No
PRV55361,Outpatient,85,23420,275.52941176470586,1.776470588235294,0.0,0,No
PRV55362,Outpatient,148,36170,244.3918918918919,1.087837837837838,0.0,0,No
PRV55363,Outpatient,62,24070,388.2258064516129,3.1129032258064515,0.0,0,No
PRV55364,Outpatient,1,80,80.0,0.0,0.0,0,No
PRV55365,Outpatient,7,370,52.857142857142854,0.0,0.0,0,No
PRV55366,Outpatient,107,20310,189.81308411214954,0.7476635514018691,0.0,0,No
PRV55368,Outpatient,115,24770,215.3913043478261,0.6173913043478261,0.0,0,No
PRV55371,Outpatient,3,330,110.0,6.666666666666667,0.0,0,No
PRV55372,Outpatient,12,2620,218.33333333333334,0.0,0.0,0,No
PRV55374,Inpatient,33,335000,10151.515151515152,5.212121212121212,5.212121212121212,1,Yes
PRV55375,Inpatient,14,147900,10564.285714285714,5.928571428571429,5.928571428571429,1,Yes
PRV55376,Outpatient,88,21470,243.97727272727272,1.0454545454545454,0.0,0,No
PRV55377,Outpatient,4,3410,852.5,0.0,0.0,0,No
PRV55378,Inpatient,14,132000,9428.57142857143,5.428571428571429,5.428571428571429,0,No
PRV55379,Inpatient,4,36000,9000.0,5.0,5.0,0,No
PRV55381,Inpatient,20,166000,8300.0,3.7,3.7,0,No
PRV55381,Outpatient,25,7700,308.0,1.72,0.0,0,No
PRV55382,Inpatient,8,129000,16125.0,7.625,7.625,0,No
PRV55383,Inpatient,8,70000,8750.0,4.125,4.125,0,No
PRV55384,Outpatient,1,30,30.0,0.0,0.0,0,No
PRV55385,Inpatient,8,70000,8750.0,2.875,2.875,0,No
PRV55386,Outpatient,82,21010,256.219512195122,1.1341463414634145,0.0,0,No
PRV55387,Inpatient,6,90000,15000.0,5.0,5.0,0,No
PRV55388,Outpatient,515,134180,260.54368932038835,1.5456310679611651,0.0,0,No
PRV55390,Outpatient,26,23150,890.3846153846154,3.3076923076923075,0.0,0,No
PRV55392,Inpatient,23,252000,10956.521739130434,7.086956521739131,7.086956521739131,0,No
PRV55392,Outpatient,169,50110,296.50887573964496,1.8875739644970415,0.0,0,No
PRV55395,Outpatient,12,2970,247.5,0.0,0.0,0,No
PRV55396,Inpatient,15,141000,9400.0,4.133333333333334,4.133333333333334,0,No
PRV55396,Outpatient,60,12830,213.83333333333334,1.3,0.0,0,No
PRV55397,Outpatient,6,630,105.0,0.0,0.0,0,No
PRV55398,Outpatient,13,1430,110.0,0.15384615384615385,0.0,0,No
PRV55399,Inpatient,3,31000,10333.333333333334,4.333333333333333,4.333333333333333,0,No
PRV55399,Outpatient,24,4790,199.58333333333334,0.875,0.0,0,No
PRV55400,Outpatient,1,200,200.0,1.0,0.0,0,No
PRV55401,Outpatient,49,11560,235.91836734693877,1.0816326530612246,0.0,0,No
PRV55402,Outpatient,44,17720,402.72727272727275,2.7045454545454546,0.0,0,No
PRV55404,Outpatient,25,2420,96.8,0.0,0.0,0,No
PRV55405,Outpatient,10,2730,273.0,0.4,0.0,0,No
PRV55408,Outpatient,16,5160,322.5,1.4375,0.0,0,No
PRV55409,Outpatient,5,280,56.0,0.4,0.0,0,No
PRV55410,Outpatient,56,15380,274.64285714285717,2.625,0.0,0,No
PRV55411,Outpatient,39,11990,307.43589743589746,1.6666666666666667,0.0,0,No
PRV55412,Outpatient,11,1940,176.36363636363637,2.3636363636363638,0.0,0,No
PRV55413,Outpatient,4,2200,550.0,5.0,0.0,0,No
PRV55414,Inpatient,2,10000,5000.0,2.0,2.0,0,No
PRV55414,Outpatient,10,3670,367.0,2.0,0.0,0,No
PRV55416,Inpatient,2,7000,3500.0,11.0,11.0,0,No
PRV55416,Outpatient,71,13330,187.74647887323943,1.2253521126760563,0.0,0,No
PRV55417,Outpatient,30,3710,123.66666666666667,2.8666666666666667,0.0,0,No
PRV55418,Inpatient,3,18000,6000.0,7.666666666666667,7.666666666666667,0,No
PRV55418,Outpatient,6,2190,365.0,0.0,0.0,0,No
PRV55419,Outpatient,8,4430,553.75,2.5,0.0,0,No
PRV55423,Outpatient,25,4710,188.4,1.6,0.0,0,No
PRV55424,Outpatient,10,830,83.0,0.0,0.0,0,No
PRV55425,Outpatient,26,3880,149.23076923076923,0.2692307692307692,0.0,0,No
PRV55426,Outpatient,77,22110,287.14285714285717,1.0649350649350648,0.0,0,No
PRV55427,Outpatient,1,50,50.0,0.0,0.0,0,No
PRV55428,Inpatient,1,7000,7000.0,8.0,8.0,0,No
PRV55430,Inpatient,7,79000,11285.714285714286,6.857142857142857,6.857142857142857,1,Yes
PRV55431,Inpatient,2,58000,29000.0,1.5,1.5,0,No
PRV55432,Outpatient,29,7430,256.2068965517241,0.8275862068965517,0.0,0,No
PRV55433,Inpatient,32,332600,10393.75,4.5625,4.5625,1,Yes
PRV55433,Outpatient,55,9420,171.27272727272728,1.4727272727272727,0.0,1,Yes
PRV55434,Inpatient,8,60000,7500.0,5.5,5.5,0,No
PRV55434,Outpatient,32,9800,306.25,0.8125,0.0,0,No
PRV55435,Inpatient,128,1246800,9740.625,6.046875,6.046875,1,Yes
PRV55435,Outpatient,23,3250,141.30434782608697,1.434782608695652,0.0,1,Yes
PRV55436,Outpatient,11,2430,220.9090909090909,2.6363636363636362,0.0,0,No
PRV55437,Inpatient,28,385700,13775.0,7.607142857142857,7.607142857142857,1,Yes
PRV55437,Outpatient,78,14550,186.53846153846155,0.9743589743589743,0.0,1,Yes
PRV55438,Outpatient,219,70190,320.50228310502285,1.3424657534246576,0.0,0,No
PRV55439,Outpatient,224,96290,429.86607142857144,1.4508928571428572,0.0,0,No
PRV55441,Inpatient,7,59000,8428.57142857143,4.571428571428571,4.571428571428571,0,No
PRV55441,Outpatient,25,8910,356.4,3.32,0.0,0,No
PRV55442,Inpatient,15,101000,6733.333333333333,4.4,4.4,0,No
PRV55442,Outpatient,46,18850,409.7826086956522,2.369565217391304,0.0,0,No
PRV55443,Inpatient,30,336700,11223.333333333334,6.8,6.8,0,No
PRV55443,Outpatient,8,4690,586.25,2.25,0.0,0,No
PRV55444,Inpatient,114,1308800,11480.701754385966,5.7368421052631575,5.7368421052631575,1,Yes
PRV55444,Outpatient,14,4460,318.57142857142856,1.1428571428571428,0.0,1,Yes
PRV55445,Outpatient,133,56500,424.812030075188,1.263157894736842,0.0,0,No
PRV55446,Outpatient,98,23140,236.12244897959184,1.1326530612244898,0.0,0,No
PRV55447,Outpatient,66,22990,348.3333333333333,2.0606060606060606,0.0,0,No
PRV55448,Outpatient,40,9000,225.0,0.65,0.0,0,No
PRV55449,Outpatient,21,6480,308.57142857142856,0.0,0.0,0,No
PRV55450,Inpatient,1,5000,5000.0,9.0,9.0,0,No
PRV55450,Outpatient,200,52610,263.05,1.535,0.0,0,No
PRV55451,Outpatient,11,860,78.18181818181819,1.8181818181818181,0.0,0,No
PRV55452,Inpatient,31,362700,11700.0,7.258064516129032,7.258064516129032,0,No
PRV55452,Outpatient,29,9730,335.51724137931035,0.034482758620689655,0.0,0,No
PRV55453,Inpatient,13,102000,7846.153846153846,4.230769230769231,4.230769230769231,1,Yes
PRV55453,Outpatient,782,192610,246.30434782608697,1.2135549872122762,0.0,1,Yes
PRV55454,Inpatient,5,33000,6600.0,10.0,10.0,0,No
PRV55454,Outpatient,363,101960,280.8815426997245,1.953168044077135,0.0,0,No
PRV55455,Outpatient,373,95350,255.63002680965147,1.3324396782841823,0.0,0,No
PRV55456,Inpatient,5,68000,13600.0,4.8,4.8,0,No
PRV55456,Outpatient,1,3300,3300.0,0.0,0.0,0,No
PRV55458,Outpatient,35,11830,338.0,0.8571428571428571,0.0,0,No
PRV55459,Outpatient,344,114890,333.9825581395349,1.755813953488372,0.0,0,No
PRV55460,Outpatient,18,3430,190.55555555555554,3.111111111111111,0.0,0,No
PRV55462,Inpatient,386,4260100,11036.528497409327,5.948186528497409,5.948186528497409,1,Yes
PRV55462,Outpatient,1521,453730,298.310322156476,1.5844838921762,0.0,1,Yes
PRV55463,Outpatient,257,73500,285.9922178988327,1.7431906614785992,0.0,0,No
PRV55464,Outpatient,29,6540,225.51724137931035,1.5862068965517242,0.0,0,No
PRV55465,Inpatient,9,94000,10444.444444444445,6.888888888888889,6.888888888888889,0,No
PRV55465,Outpatient,330,111830,338.8787878787879,2.0303030303030303,0.0,0,No
PRV55467,Inpatient,6,55000,9166.666666666666,4.5,4.5,1,Yes
PRV55467,Outpatient,1890,514280,272.1058201058201,1.3232804232804234,0.0,1,Yes
PRV55468,Outpatient,27,10030,371.48148148148147,2.740740740740741,0.0,0,No
PRV55469,Outpatient,10,2110,211.0,0.0,0.0,0,No
PRV55470,Outpatient,470,135060,287.36170212765956,1.5702127659574467,0.0,0,No
PRV55471,Outpatient,13,1670,128.46153846153845,1.4615384615384615,0.0,0,No
PRV55472,Inpatient,21,255000,12142.857142857143,8.380952380952381,8.380952380952381,1,Yes
PRV55472,Outpatient,2,90,45.0,0.0,0.0,1,Yes
PRV55473,Outpatient,6,1350,225.0,0.0,0.0,0,No
PRV55474,Outpatient,80,17430,217.875,1.4125,0.0,0,No
PRV55475,Outpatient,17,3700,217.64705882352942,0.5882352941176471,0.0,0,No
PRV55477,Outpatient,46,17290,375.8695652173913,1.5217391304347827,0.0,0,No
PRV55479,Outpatient,672,162410,241.68154761904762,1.2083333333333333,0.0,0,No
PRV55480,Outpatient,42,14640,348.57142857142856,1.880952380952381,0.0,0,No
PRV55481,Inpatient,1,5000,5000.0,1.0,1.0,0,No
PRV55481,Outpatient,51,15310,300.19607843137254,1.6470588235294117,0.0,0,No
PRV55482,Inpatient,41,500000,12195.121951219513,7.365853658536586,7.365853658536586,1,Yes
PRV55482,Outpatient,42,9250,220.23809523809524,1.7619047619047619,0.0,1,Yes
PRV55483,Inpatient,65,773400,11898.461538461539,5.846153846153846,5.846153846153846,1,Yes
PRV55483,Outpatient,11,4640,421.8181818181818,0.0,0.0,1,Yes
PRV55486,Outpatient,15,5170,344.6666666666667,0.0,0.0,0,No
PRV55487,Outpatient,78,27000,346.15384615384613,2.1538461538461537,0.0,0,No
PRV55489,Outpatient,361,111740,309.52908587257616,1.4764542936288088,0.0,0,No
PRV55490,Inpatient,19,152000,8000.0,5.526315789473684,5.526315789473684,0,No
PRV55490,Outpatient,31,8900,287.0967741935484,1.5483870967741935,0.0,0,No
PRV55491,Outpatient,355,115770,326.11267605633805,1.7211267605633802,0.0,0,No
PRV55492,Inpatient,25,276000,11040.0,6.24,6.24,1,Yes
PRV55492,Outpatient,17,5980,351.7647058823529,2.176470588235294,0.0,1,Yes
PRV55493,Outpatient,39,6270,160.76923076923077,1.2564102564102564,0.0,0,No
PRV55494,Inpatient,1,4000,4000.0,2.0,2.0,0,No
PRV55494,Outpatient,5,470,94.0,0.0,0.0,0,No
PRV55495,Inpatient,24,279000,11625.0,4.958333333333333,4.958333333333333,1,Yes
PRV55495,Outpatient,27,3660,135.55555555555554,0.2222222222222222,0.0,1,Yes
PRV55496,Inpatient,41,269000,6560.975609756098,4.975609756097561,4.975609756097561,1,Yes
PRV55496,Outpatient,45,8440,187.55555555555554,1.2444444444444445,0.0,1,Yes
PRV55497,Outpatient,7,980,140.0,2.857142857142857,0.0,0,No
PRV55498,Outpatient,27,2830,104.81481481481481,1.8518518518518519,0.0,0,No
PRV55499,Outpatient,33,7900,239.3939393939394,1.9090909090909092,0.0,0,No
PRV55500,Outpatient,38,15060,396.3157894736842,1.236842105263158,0.0,0,No
PRV55501,Inpatient,1,10000,10000.0,4.0,4.0,0,No
PRV55501,Outpatient,12,2940,245.0,0.0,0.0,0,No
PRV55503,Inpatient,1,9000,9000.0,4.0,4.0,0,No
PRV55503,Outpatient,603,179780,298.1426202321725,1.8524046434494195,0.0,0,No
PRV55505,Outpatient,480,128250,267.1875,1.1458333333333333,0.0,0,No
PRV55506,Inpatient,12,124800,10400.0,7.416666666666667,7.416666666666667,1,Yes
PRV55506,Outpatient,2,140,70.0,0.0,0.0,1,Yes
PRV55507,Inpatient,3,27000,9000.0,7.333333333333333,7.333333333333333,0,No
PRV55507,Outpatient,84,17350,206.54761904761904,1.5357142857142858,0.0,0,No
PRV55508,Outpatient,16,9310,581.875,2.1875,0.0,0,No
PRV55509,Inpatient,28,359000,12821.42857142857,5.928571428571429,5.928571428571429,1,Yes
PRV55509,Outpatient,11,3510,319.09090909090907,2.272727272727273,0.0,1,Yes
PRV55510,Outpatient,861,255210,296.411149825784,1.4819976771196284,0.0,0,No
PRV55511,Outpatient,5,3520,704.0,4.0,0.0,0,No
PRV55512,Outpatient,128,32330,252.578125,0.9140625,0.0,0,No
PRV55513,Outpatient,38,12550,330.2631578947368,0.10526315789473684,0.0,0,No
PRV55514,Inpatient,7,53000,7571.428571428572,3.0,3.0,1,Yes
PRV55514,Outpatient,288,105330,365.7291666666667,1.8333333333333333,0.0,1,Yes
PRV55515,Outpatient,459,130860,285.0980392156863,1.6427015250544663,0.0,0,No
PRV55516,Inpatient,22,203000,9227.272727272728,4.954545454545454,4.954545454545454,0,No
PRV55516,Outpatient,136,51930,381.8382352941176,1.338235294117647,0.0,0,No
PRV55518,Inpatient,11,124700,11336.363636363636,6.181818181818182,6.181818181818182,0,No
PRV55518,Outpatient,224,81070,361.91964285714283,1.7232142857142858,0.0,0,No
PRV55519,Inpatient,7,91000,13000.0,5.571428571428571,5.571428571428571,1,Yes
PRV55519,Outpatient,16,3710,231.875,3.125,0.0,1,Yes
PRV55520,Outpatient,287,95890,334.11149825783974,1.5261324041811846,0.0,0,No
PRV55521,Outpatient,615,157650,256.3414634146341,1.3121951219512196,0.0,0,No
PRV55522,Outpatient,248,69570,280.5241935483871,1.4516129032258065,0.0,0,No
PRV55523,Outpatient,303,83320,274.983498349835,1.2805280528052805,0.0,0,No
PRV55525,Outpatient,933,294250,315.3804930332262,1.894962486602358,0.0,0,No
PRV55527,Outpatient,2,170,85.0,0.0,0.0,0,No
PRV55528,Outpatient,4,880,220.0,1.5,0.0,0,No
PRV55530,Outpatient,71,17730,249.71830985915494,1.8169014084507042,0.0,0,No
PRV55531,Inpatient,108,884000,8185.185185185185,5.685185185185185,5.685185185185185,1,Yes
PRV55531,Outpatient,14,2130,152.14285714285714,0.0,0.0,1,Yes
PRV55534,Outpatient,146,35080,240.27397260273972,1.047945205479452,0.0,0,No
PRV55535,Outpatient,42,9690,230.71428571428572,1.4047619047619047,0.0,0,No
PRV55536,Inpatient,11,97900,8900.0,5.454545454545454,5.454545454545454,0,No
PRV55536,Outpatient,211,50450,239.0995260663507,1.004739336492891,0.0,0,No
PRV55537,Outpatient,15,4810,320.6666666666667,2.466666666666667,0.0,0,No
PRV55538,Outpatient,2,80,40.0,0.0,0.0,0,No
PRV55539,Outpatient,3,2620,873.3333333333334,2.3333333333333335,0.0,0,No
PRV55540,Inpatient,23,216000,9391.304347826086,5.434782608695652,5.434782608695652,0,No
PRV55540,Outpatient,8,5040,630.0,4.375,0.0,0,No
PRV55541,Outpatient,134,30380,226.71641791044777,0.7985074626865671,0.0,0,No
PRV55543,Inpatient,4,55000,13750.0,2.25,2.25,0,No
PRV55543,Outpatient,137,37600,274.45255474452557,0.6715328467153284,0.0,0,No
PRV55547,Inpatient,9,135000,15000.0,8.333333333333334,8.333333333333334,0,No
PRV55547,Outpatient,18,4420,245.55555555555554,0.2222222222222222,0.0,0,No
PRV55548,Outpatient,562,159660,284.0925266903915,1.0355871886120998,0.0,0,No
PRV55549,Outpatient,28,7300,260.7142857142857,0.0,0.0,0,No
PRV55550,Inpatient,37,451000,12189.18918918919,6.621621621621622,6.621621621621622,1,Yes
PRV55550,Outpatient,21,2200,104.76190476190476,0.9047619047619048,0.0,1,Yes
PRV55551,Outpatient,91,29760,327.032967032967,1.5384615384615385,0.0,0,No
PRV55552,Inpatient,4,106000,26500.0,9.5,9.5,0,No
PRV55552,Outpatient,1202,330740,275.15806988352745,1.7154742096505824,0.0,0,No
PRV55554,Outpatient,78,16180,207.43589743589743,1.1025641025641026,0.0,0,No
PRV55555,Inpatient,7,37000,5285.714285714285,6.428571428571429,6.428571428571429,0,No
PRV55555,Outpatient,43,18450,429.06976744186045,3.13953488372093,0.0,0,No
PRV55556,Outpatient,206,54080,262.5242718446602,0.8786407766990292,0.0,0,No
PRV55557,Inpatient,4,41000,10250.0,3.5,3.5,0,No
PRV55557,Outpatient,64,19450,303.90625,1.421875,0.0,0,No
PRV55558,Outpatient,36,11330,314.72222222222223,2.361111111111111,0.0,0,No
PRV55560,Outpatient,21,5170,246.1904761904762,1.0,0.0,0,No
PRV55561,Outpatient,24,8360,348.3333333333333,1.0,0.0,0,No
PRV55562,Outpatient,17,2950,173.52941176470588,3.0588235294117645,0.0,0,No
PRV55563,Outpatient,18,4690,260.55555555555554,1.2222222222222223,0.0,0,No
PRV55564,Outpatient,3,150,50.0,0.0,0.0,0,No
PRV55565,Outpatient,23,6440,280.0,2.652173913043478,0.0,0,No
PRV55566,Outpatient,53,17310,326.60377358490564,0.5471698113207547,0.0,0,No
PRV55567,Inpatient,21,205300,9776.190476190477,6.428571428571429,6.428571428571429,0,No
PRV55567,Outpatient,49,8570,174.89795918367346,0.20408163265306123,0.0,0,No
PRV55569,Outpatient,9,1480,164.44444444444446,0.2222222222222222,0.0,0,No
PRV55570,Outpatient,10,4900,490.0,3.6,0.0,0,No
PRV55571,Outpatient,61,13560,222.29508196721312,0.9672131147540983,0.0,0,No
PRV55572,Outpatient,1,10,10.0,0.0,0.0,0,No
PRV55573,Inpatient,4,29000,7250.0,6.75,6.75,0,No
PRV55573,Outpatient,7,630,90.0,0.14285714285714285,0.0,0,No
PRV55574,Outpatient,15,2340,156.0,2.933333333333333,0.0,0,No
PRV55575,Outpatient,6,470,78.33333333333333,0.8333333333333334,0.0,0,No
PRV55576,Inpatient,3,11000,3666.6666666666665,3.6666666666666665,3.6666666666666665,0,No
PRV55576,Outpatient,57,15830,277.719298245614,0.8070175438596491,0.0,0,No
PRV55577,Outpatient,2,20,10.0,0.0,0.0,0,No
PRV55578,Outpatient,1,200,200.0,0.0,0.0,0,No
PRV55579,Outpatient,174,37570,215.91954022988506,2.0,0.0,0,No
PRV55580,Outpatient,66,19380,293.6363636363636,1.121212121212121,0.0,0,No
PRV55581,Outpatient,2,70,35.0,0.0,0.0,0,No
PRV55582,Outpatient,24,7870,327.9166666666667,2.625,0.0,0,No
PRV55583,Inpatient,3,18000,6000.0,2.6666666666666665,2.6666666666666665,0,No
PRV55583,Outpatient,9,820,91.11111111111111,0.0,0.0,0,No
PRV55584,Outpatient,2,600,300.0,0.0,0.0,0,No
PRV55585,Outpatient,114,32500,285.0877192982456,1.368421052631579,0.0,0,No
PRV55586,Inpatient,2,42000,21000.0,18.5,18.5,0,No
PRV55587,Outpatient,7,1730,247.14285714285714,1.5714285714285714,0.0,0,No
PRV55588,Outpatient,3,3800,1266.6666666666667,0.6666666666666666,0.0,0,No
PRV55589,Outpatient,20,2240,112.0,2.4,0.0,0,No
PRV55590,Outpatient,5,2500,500.0,0.0,0.0,0,No
PRV55591,Outpatient,1,0,0.0,0.0,0.0,0,No
PRV55592,Outpatient,117,22140,189.23076923076923,0.9401709401709402,0.0,0,No
PRV55593,Outpatient,147,39820,270.8843537414966,1.4081632653061225,0.0,0,No
PRV55595,Outpatient,17,2610,153.52941176470588,1.8823529411764706,0.0,0,No
PRV55596,Outpatient,32,12720,397.5,2.0,0.0,0,No
PRV55598,Outpatient,167,46190,276.58682634730536,1.1676646706586826,0.0,0,No
PRV55599,Outpatient,1,100,100.0,0.0,0.0,0,No
PRV55600,Inpatient,4,25000,6250.0,4.75,4.75,0,No
PRV55601,Outpatient,8,1540,192.5,3.625,0.0,0,No
PRV55602,Outpatient,5,780,156.0,0.4,0.0,0,No
PRV55603,Inpatient,2,15000,7500.0,2.0,2.0,0,No
PRV55604,Inpatient,17,130000,7647.058823529412,6.352941176470588,6.352941176470588,0,No
PRV55606,Inpatient,4,40000,10000.0,2.5,2.5,0,No
PRV55607,Outpatient,1,40,40.0,0.0,0.0,0,No
PRV55608,Outpatient,18,7400,411.1111111111111,1.8333333333333333,0.0,0,No
PRV55609,Outpatient,10,6850,685.0,0.0,0.0,0,No
PRV55610,Outpatient,1,1700,1700.0,0.0,0.0,0,No
PRV55612,Outpatient,1,800,800.0,0.0,0.0,0,No
PRV55613,Outpatient,7,740,105.71428571428571,3.0,0.0,0,No
PRV55614,Outpatient,73,29530,404.52054794520546,0.5753424657534246,0.0,0,No
PRV55615,Outpatient,1,50,50.0,0.0,0.0,0,No
PRV55617,Outpatient,2,260,130.0,10.0,0.0,0,No
PRV55618,Outpatient,13,1410,108.46153846153847,0.0,0.0,0,No
PRV55619,Outpatient,2,60,30.0,0.0,0.0,0,No
PRV55620,Outpatient,15,1840,122.66666666666667,0.0,0.0,0,No
PRV55621,Outpatient,62,13030,210.16129032258064,0.5967741935483871,0.0,0,No
PRV55622,Outpatient,1,1500,1500.0,0.0,0.0,0,No
PRV55623,Outpatient,9,2950,327.77777777777777,2.2222222222222223,0.0,0,No
PRV55624,Outpatient,2,100,50.0,0.0,0.0,0,No
PRV55625,Outpatient,21,5910,281.42857142857144,0.047619047619047616,0.0,0,No
PRV55626,Outpatient,9,810,90.0,0.0,0.0,0,No
PRV55627,Outpatient,38,5980,157.3684210526316,0.7105263157894737,0.0,0,No
PRV55631,Outpatient,2,400,200.0,0.0,0.0,0,No
PRV55632,Outpatient,1,60,60.0,0.0,0.0,0,No
PRV55633,Outpatient,358,91690,256.1173184357542,1.1396648044692737,0.0,0,No
PRV55634,Outpatient,2,3500,1750.0,0.0,0.0,0,No
PRV55635,Outpatient,59,13490,228.64406779661016,1.9661016949152543,0.0,0,No
PRV55637,Outpatient,1,300,300.0,20.0,0.0,0,No
PRV55638,Outpatient,5,360,72.0,2.4,0.0,0,No
PRV55639,Outpatient,4,440,110.0,0.0,0.0,0,No
PRV55640,Outpatient,64,11900,185.9375,0.390625,0.0,0,No
PRV55641,Outpatient,2,840,420.0,0.0,0.0,0,No
PRV55642,Outpatient,2,2900,1450.0,3.5,0.0,0,No
PRV55644,Outpatient,29,5060,174.48275862068965,0.7586206896551724,0.0,0,No
PRV55646,Outpatient,2,300,150.0,0.0,0.0,0,No
PRV55648,Outpatient,2,80,40.0,0.0,0.0,0,No
PRV55649,Outpatient,2,100,50.0,0.0,0.0,0,No
PRV55650,Outpatient,4,220,55.0,0.0,0.0,0,No
PRV55652,Outpatient,28,6140,219.28571428571428,1.5357142857142858,0.0,0,No
PRV55653,Outpatient,25,6400,256.0,0.8,0.0,0,No
PRV55654,Outpatient,578,195200,337.71626297577853,1.9186851211072664,0.0,0,No
PRV55655,Outpatient,3,230,76.66666666666667,0.0,0.0,0,No
PRV55656,Outpatient,30,10170,339.0,2.2333333333333334,0.0,0,No
PRV55657,Outpatient,1,1700,1700.0,0.0,0.0,0,No
PRV55658,Inpatient,15,196400,13093.333333333334,9.266666666666667,9.266666666666667,0,No
PRV55659,Inpatient,20,227000,11350.0,5.8,5.8,1,Yes
PRV55660,Inpatient,4,33000,8250.0,3.25,3.25,0,No
PRV55661,Inpatient,14,202000,14428.57142857143,4.285714285714286,4.285714285714286,0,No
PRV55662,Inpatient,28,233000,8321.42857142857,6.714285714285714,6.714285714285714,0,No
PRV55663,Inpatient,7,36000,5142.857142857143,4.714285714285714,4.714285714285714,0,No
PRV55664,Inpatient,20,205000,10250.0,5.75,5.75,0,No
PRV55665,Inpatient,1,9000,9000.0,4.0,4.0,0,No
PRV55666,Inpatient,19,125000,6578.9473684210525,6.631578947368421,6.631578947368421,0,No
PRV55667,Inpatient,38,382180,10057.368421052632,6.473684210526316,6.473684210526316,1,Yes
PRV55668,Inpatient,4,47000,11750.0,3.5,3.5,0,No
PRV55670,Inpatient,9,98000,10888.888888888889,5.666666666666667,5.666666666666667,1,Yes
PRV55671,Inpatient,2,16000,8000.0,8.0,8.0,0,No
PRV55673,Inpatient,9,92000,10222.222222222223,4.777777777777778,4.777777777777778,1,Yes
PRV55673,Outpatient,51,18000,352.94117647058823,1.9019607843137254,0.0,1,Yes
PRV55674,Outpatient,9,4990,554.4444444444445,4.444444444444445,0.0,0,No
PRV55675,Inpatient,2,81000,40500.0,3.5,3.5,0,No
PRV55675,Outpatient,81,17840,220.2469135802469,1.345679012345679,0.0,0,No
PRV55676,Inpatient,115,1029600,8953.04347826087,4.443478260869565,4.443478260869565,1,Yes
PRV55676,Outpatient,52,10700,205.76923076923077,0.8076923076923077,0.0,1,Yes
PRV55677,Outpatient,84,17200,204.76190476190476,0.9047619047619048,0.0,0,No
PRV55678,Inpatient,9,128700,14300.0,4.0,4.0,0,No
PRV55678,Outpatient,7,590,84.28571428571429,2.857142857142857,0.0,0,No
PRV55679,Inpatient,9,92000,10222.222222222223,4.0,4.0,0,No
PRV55679,Outpatient,220,55280,251.27272727272728,1.3863636363636365,0.0,0,No
PRV55680,Inpatient,5,25000,5000.0,2.8,2.8,0,No
PRV55680,Outpatient,201,43060,214.22885572139305,1.4527363184079602,0.0,0,No
PRV55682,Inpatient,6,57000,9500.0,8.0,8.0,0,No
PRV55682,Outpatient,17,5740,337.6470588235294,0.23529411764705882,0.0,0,No
PRV55683,Outpatient,28,4100,146.42857142857142,1.2142857142857142,0.0,0,No
PRV55684,Outpatient,3,410,136.66666666666666,0.0,0.0,0,No
PRV55687,Inpatient,5,31000,6200.0,3.2,3.2,0,No
PRV55687,Outpatient,76,30240,397.89473684210526,1.4210526315789473,0.0,0,No
PRV55688,Inpatient,1,14000,14000.0,8.0,8.0,0,No
PRV55688,Outpatient,46,9600,208.69565217391303,1.6956521739130435,0.0,0,No
PRV55689,Inpatient,104,1083800,10421.153846153846,5.836538461538462,5.836538461538462,1,Yes
PRV55689,Outpatient,473,142970,302.262156448203,1.3636363636363635,0.0,1,Yes
PRV55690,Inpatient,15,154000,10266.666666666666,5.266666666666667,5.266666666666667,0,No
PRV55690,Outpatient,76,14510,190.92105263157896,1.013157894736842,0.0,0,No
PRV55691,Inpatient,3,17000,5666.666666666667,7.0,7.0,0,No
PRV55691,Outpatient,37,5060,136.75675675675674,1.0810810810810811,0.0,0,No
PRV55692,Inpatient,3,22000,7333.333333333333,6.0,6.0,0,No
PRV55692,Outpatient,149,26480,177.71812080536913,0.9261744966442953,0.0,0,No
PRV55695,Outpatient,73,15150,207.53424657534248,2.315068493150685,0.0,0,No
PRV55697,Outpatient,26,7430,285.7692307692308,0.38461538461538464,0.0,0,No
PRV55699,Inpatient,1,11000,11000.0,3.0,3.0,0,No
PRV55699,Outpatient,29,11960,412.41379310344826,1.9310344827586208,0.0,0,No
PRV55700,Inpatient,3,70000,23333.333333333332,6.0,6.0,0,No
PRV55700,Outpatient,27,13030,482.5925925925926,0.8148148148148148,0.0,0,No
PRV55701,Outpatient,186,50800,273.1182795698925,1.118279569892473,0.0,0,No
PRV55702,Outpatient,14,3640,260.0,0.9285714285714286,0.0,0,No
PRV55703,Inpatient,3,21000,7000.0,4.666666666666667,4.666666666666667,0,No
PRV55703,Outpatient,55,13700,249.0909090909091,2.1818181818181817,0.0,0,No
PRV55704,Inpatient,4,22000,5500.0,3.5,3.5,0,No
PRV55704,Outpatient,34,6110,179.7058823529412,1.411764705882353,0.0,0,No
PRV55705,Outpatient,253,63920,252.64822134387353,0.7549407114624506,0.0,0,No
PRV55706,Inpatient,1,12000,12000.0,7.0,7.0,0,No
PRV55707,Inpatient,7,51000,7285.714285714285,3.142857142857143,3.142857142857143,0,No
PRV55707,Outpatient,26,4020,154.6153846153846,1.2692307692307692,0.0,0,No
PRV55709,Inpatient,16,153300,9581.25,5.75,5.75,0,No
PRV55709,Outpatient,27,7290,270.0,1.6296296296296295,0.0,0,No
PRV55710,Inpatient,6,36000,6000.0,8.333333333333334,8.333333333333334,0,No
PRV55710,Outpatient,34,12680,372.94117647058823,2.735294117647059,0.0,0,No
PRV55711,Outpatient,5,660,132.0,0.0,0.0,0,No
PRV55712,Outpatient,26,9880,380.0,1.0769230769230769,0.0,0,No
PRV55714,Inpatient,3,22000,7333.333333333333,5.333333333333333,5.333333333333333,0,No
PRV55714,Outpatient,19,7640,402.10526315789474,2.526315789473684,0.0,0,No
PRV55715,Inpatient,57,487000,8543.859649122807,6.0,6.0,1,Yes
PRV55715,Outpatient,807,243210,301.37546468401484,1.614622057001239,0.0,1,Yes
PRV55716,Outpatient,25,6620,264.8,1.64,0.0,0,No
PRV55717,Outpatient,73,25360,347.3972602739726,1.7671232876712328,0.0,0,No
PRV55719,Outpatient,23,6600,286.95652173913044,0.9130434782608695,0.0,0,No
PRV55720,Inpatient,4,25050,6262.5,2.75,2.75,0,No
PRV55720,Outpatient,7,2280,325.7142857142857,0.0,0.0,0,No
PRV55721,Outpatient,5,410,82.0,4.0,0.0,0,No
PRV55723,Outpatient,47,14500,308.51063829787233,3.021276595744681,0.0,0,No
PRV55724,Outpatient,31,12550,404.83870967741933,1.5483870967741935,0.0,0,No
PRV55726,Outpatient,36,9690,269.1666666666667,0.7777777777777778,0.0,0,No
PRV55727,Outpatient,68,16630,244.55882352941177,0.7058823529411765,0.0,0,No
PRV55728,Outpatient,7,3620,517.1428571428571,2.857142857142857,0.0,0,No
PRV55729,Outpatient,114,20910,183.42105263157896,1.8771929824561404,0.0,0,No
PRV55731,Outpatient,135,32410,240.07407407407408,1.4592592592592593,0.0,0,No
PRV55732,Inpatient,12,154000,12833.333333333334,5.75,5.75,0,No
PRV55732,Outpatient,99,24660,249.0909090909091,1.7878787878787878,0.0,0,No
PRV55733,Outpatient,46,14670,318.9130434782609,2.0434782608695654,0.0,0,No
PRV55734,Outpatient,310,71190,229.6451612903226,0.8903225806451613,0.0,0,No
PRV55735,Outpatient,93,32230,346.55913978494624,1.096774193548387,0.0,0,No
PRV55736,Inpatient,4,30000,7500.0,9.25,9.25,0,No
PRV55736,Outpatient,226,77940,344.86725663716817,1.2787610619469028,0.0,0,No
PRV55737,Inpatient,19,177000,9315.78947368421,5.578947368421052,5.578947368421052,0,No
PRV55737,Outpatient,238,84570,355.33613445378154,1.3067226890756303,0.0,0,No
PRV55739,Inpatient,19,211000,11105.263157894737,4.578947368421052,4.578947368421052,0,No
PRV55739,Outpatient,67,23640,352.8358208955224,1.6865671641791045,0.0,0,No
PRV55740,Outpatient,21,4510,214.76190476190476,0.9523809523809523,0.0,0,No
PRV55741,Outpatient,6,1220,203.33333333333334,3.5,0.0,0,No
PRV55742,Inpatient,6,55000,9166.666666666666,4.0,4.0,0,No
PRV55742,Outpatient,69,15050,218.1159420289855,1.5797101449275361,0.0,0,No
PRV55743,Inpatient,5,46000,9200.0,4.6,4.6,0,No
PRV55743,Outpatient,64,18530,289.53125,0.921875,0.0,0,No
PRV55744,Outpatient,2,80,40.0,0.0,0.0,0,No
PRV55745,Outpatient,81,14410,177.90123456790124,0.037037037037037035,0.0,0,No
PRV55748,Outpatient,10,3470,347.0,2.8,0.0,0,No
PRV55749,Outpatient,4,410,102.5,4.5,0.0,0,No
PRV55750,Outpatient,5,660,132.0,3.4,0.0,0,No
PRV55751,Outpatient,2,1280,640.0,0.0,0.0,0,No
PRV55752,Outpatient,563,156720,278.3658969804618,1.5879218472468917,0.0,0,No
PRV55753,Inpatient,8,86000,10750.0,3.5,3.5,0,No
PRV55753,Outpatient,32,7000,218.75,0.34375,0.0,0,No
PRV55754,Outpatient,22,5210,236.8181818181818,1.8181818181818181,0.0,0,No
PRV55755,Inpatient,11,130000,11818.181818181818,7.363636363636363,7.363636363636363,0,No
PRV55755,Outpatient,75,25920,345.6,0.92,0.0,0,No
PRV55759,Outpatient,3,240,80.0,0.0,0.0,0,No
PRV55760,Outpatient,3,210,70.0,0.0,0.0,0,No
PRV55761,Outpatient,4,210,52.5,1.75,0.0,0,No
PRV55762,Outpatient,9,1140,126.66666666666667,1.2222222222222223,0.0,0,No
PRV55763,Outpatient,10,1480,148.0,0.5,0.0,0,No
PRV55764,Inpatient,1,4000,4000.0,6.0,6.0,0,No
PRV55764,Outpatient,28,5830,208.21428571428572,1.4285714285714286,0.0,0,No
PRV55765,Inpatient,2,15000,7500.0,2.0,2.0,0,No
PRV55765,Outpatient,18,5790,321.6666666666667,1.8333333333333333,0.0,0,No
PRV55766,Outpatient,6,300,50.0,2.1666666666666665,0.0,0,No
PRV55767,Outpatient,2,80,40.0,0.0,0.0,0,No
PRV55768,Outpatient,64,24570,383.90625,1.703125,0.0,0,No
PRV55769,Inpatient,2,11000,5500.0,5.5,5.5,0,No
PRV55769,Outpatient,13,7000,538.4615384615385,4.6923076923076925,0.0,0,No
PRV55770,Outpatient,19,1870,98.42105263157895,0.0,0.0,0,No
PRV55771,Outpatient,73,18120,248.21917808219177,0.9315068493150684,0.0,0,No
PRV55772,Outpatient,4,490,122.5,3.25,0.0,0,No
PRV55774,Inpatient,4,48000,12000.0,4.5,4.5,0,No
PRV55774,Outpatient,10,1930,193.0,4.0,0.0,0,No
PRV55775,Inpatient,1,10000,10000.0,11.0,11.0,0,No
PRV55775,Outpatient,13,1610,123.84615384615384,1.3076923076923077,0.0,0,No
PRV55776,Outpatient,4,90,22.5,5.5,0.0,0,No
PRV55777,Outpatient,17,4620,271.7647058823529,0.8823529411764706,0.0,0,No
PRV55778,Outpatient,1,40,40.0,0.0,0.0,0,No
PRV55779,Outpatient,7,2530,361.42857142857144,2.857142857142857,0.0,0,No
PRV55780,Inpatient,6,95000,15833.333333333334,6.666666666666667,6.666666666666667,0,No
PRV55780,Outpatient,46,14220,309.1304347826087,1.8478260869565217,0.0,0,No
PRV55782,Outpatient,6,1930,321.6666666666667,0.3333333333333333,0.0,0,No
PRV55783,Inpatient,4,41000,10250.0,4.75,4.75,0,No
PRV55783,Outpatient,3,2040,680.0,1.3333333333333333,0.0,0,No
PRV55785,Outpatient,9,4570,507.77777777777777,0.1111111111111111,0.0,0,No
PRV55786,Outpatient,11,2120,192.72727272727272,1.8181818181818181,0.0,0,No
PRV55787,Outpatient,1,200,200.0,0.0,0.0,0,No
PRV55788,Outpatient,19,2770,145.78947368421052,0.0,0.0,0,No
PRV55789,Outpatient,23,6860,298.2608695652174,0.0,0.0,0,No
PRV55790,Inpatient,5,48000,9600.0,5.4,5.4,0,No
PRV55791,Inpatient,10,129000,12900.0,5.6,5.6,0,No
PRV55792,Inpatient,1,7000,7000.0,5.0,5.0,0,No
PRV55793,Inpatient,6,72000,12000.0,6.166666666666667,6.166666666666667,0,No
PRV55794,Outpatient,11,2560,232.72727272727272,0.0,0.0,0,No
PRV55795,Outpatient,10,4050,405.0,2.0,0.0,0,No
PRV55796,Outpatient,7,870,124.28571428571429,0.0,0.0,0,No
PRV55797,Outpatient,3,1060,353.3333333333333,13.333333333333334,0.0,0,No
PRV55798,Outpatient,6,3060,510.0,3.3333333333333335,0.0,0,No
PRV55800,Outpatient,1,50,50.0,0.0,0.0,0,No
PRV55801,Outpatient,2,70,35.0,0.0,0.0,0,No
PRV55802,Outpatient,1,10,10.0,0.0,0.0,0,No
PRV55803,Outpatient,2,140,70.0,0.0,0.0,0,No
PRV55804,Outpatient,9,2570,285.55555555555554,0.0,0.0,0,No
PRV55805,Outpatient,8,3850,481.25,2.375,0.0,0,No
PRV55806,Outpatient,16,5090,318.125,1.375,0.0,0,No
PRV55807,Outpatient,17,6080,357.6470588235294,0.0,0.0,0,No
PRV55808,Outpatient,22,4690,213.1818181818182,1.6818181818181819,0.0,0,No
PRV55809,Inpatient,10,62000,6200.0,5.9,5.9,0,No
PRV55810,Inpatient,1,12000,12000.0,11.0,11.0,0,No
PRV55811,Inpatient,2,41000,20500.0,5.0,5.0,0,No
PRV55812,Inpatient,17,161000,9470.588235294117,6.882352941176471,6.882352941176471,1,Yes
PRV55813,Inpatient,7,38000,5428.571428571428,3.142857142857143,3.142857142857143,0,No
PRV55814,Outpatient,4,110,27.5,0.0,0.0,0,No
PRV55815,Inpatient,4,12000,3000.0,3.75,3.75,0,No
PRV55816,Inpatient,1,6000,6000.0,2.0,2.0,0,No
PRV55817,Inpatient,25,222000,8880.0,4.8,4.8,0,No
PRV55818,Inpatient,2,5000,2500.0,2.0,2.0,0,No
PRV55818,Outpatient,8,620,77.5,0.0,0.0,0,No
PRV55819,Outpatient,198,48390,244.3939393939394,1.02020202020202,0.0,0,No
PRV55820,Outpatient,477,120350,252.30607966457023,1.2410901467505242,0.0,0,No
PRV55821,Inpatient,13,164000,12615.384615384615,6.230769230769231,6.230769230769231,1,Yes
PRV55821,Outpatient,182,43970,241.5934065934066,1.3241758241758241,0.0,1,Yes
PRV55822,Outpatient,384,112770,293.671875,1.765625,0.0,0,No
PRV55826,Inpatient,4,96000,24000.0,7.0,7.0,0,No
PRV55826,Outpatient,22,10390,472.27272727272725,1.2727272727272727,0.0,0,No
PRV55828,Inpatient,7,23000,3285.714285714286,7.0,7.0,0,No
PRV55828,Outpatient,17,3970,233.52941176470588,0.47058823529411764,0.0,0,No
PRV55830,Inpatient,8,103000,12875.0,4.875,4.875,0,No
PRV55830,Outpatient,2,120,60.0,0.0,0.0,0,No
PRV55831,Outpatient,810,235090,290.2345679012346,1.625925925925926,0.0,0,No
PRV55832,Inpatient,45,419000,9311.111111111111,7.4222222222222225,7.4222222222222225,0,No
PRV55832,Outpatient,239,62100,259.8326359832636,1.598326359832636,0.0,0,No
PRV55833,Inpatient,4,48000,12000.0,2.5,2.5,0,No
PRV55833,Outpatient,140,46850,334.64285714285717,2.1214285714285714,0.0,0,No
PRV55834,Inpatient,9,61000,6777.777777777777,5.777777777777778,5.777777777777778,0,No
PRV55834,Outpatient,444,136250,306.8693693693694,1.686936936936937,0.0,0,No
PRV55835,Inpatient,7,67000,9571.42857142857,7.428571428571429,7.428571428571429,1,Yes
PRV55835,Outpatient,262,72590,277.0610687022901,1.5648854961832062,0.0,1,Yes
PRV55836,Inpatient,15,109000,7266.666666666667,5.533333333333333,5.533333333333333,0,No
PRV55836,Outpatient,67,13790,205.82089552238807,0.8507462686567164,0.0,0,No
PRV55837,Inpatient,8,144000,18000.0,6.875,6.875,0,No
PRV55837,Outpatient,37,11370,307.2972972972973,1.3243243243243243,0.0,0,No
PRV55839,Inpatient,3,28000,9333.333333333334,3.0,3.0,0,No
PRV55839,Outpatient,183,48630,265.73770491803276,1.4262295081967213,0.0,0,No
PRV55842,Outpatient,122,49540,406.0655737704918,1.1967213114754098,0.0,1,Yes
PRV55843,Outpatient,213,46740,219.43661971830986,1.2629107981220657,0.0,0,No
PRV55846,Inpatient,46,488100,10610.869565217392,5.586956521739131,5.586956521739131,0,No
PRV55846,Outpatient,81,23570,290.98765432098764,1.3703703703703705,0.0,0,No
PRV55847,Outpatient,185,40460,218.7027027027027,1.4054054054054055,0.0,0,No
PRV55848,Inpatient,3,29000,9666.666666666666,10.0,10.0,0,No
PRV55848,Outpatient,36,5010,139.16666666666666,1.1944444444444444,0.0,0,No
PRV55849,Inpatient,128,1276000,9968.75,4.8828125,4.8828125,1,Yes
PRV55849,Outpatient,48,7730,161.04166666666666,0.7291666666666666,0.0,1,Yes
PRV55850,Inpatient,18,348000,19333.333333333332,4.277777777777778,4.277777777777778,0,No
PRV55850,Outpatient,218,68040,312.11009174311926,1.3073394495412844,0.0,0,No
PRV55851,Inpatient,6,32000,5333.333333333333,4.166666666666667,4.166666666666667,0,No
PRV55851,Outpatient,39,11640,298.46153846153845,0.10256410256410256,0.0,0,No
PRV55852,Inpatient,3,22000,7333.333333333333,5.666666666666667,5.666666666666667,1,Yes
PRV55852,Outpatient,57,9730,170.7017543859649,2.4210526315789473,0.0,1,Yes
PRV55854,Outpatient,2,2460,1230.0,0.0,0.0,0,No
PRV55855,Outpatient,114,23150,203.0701754385965,1.3859649122807018,0.0,0,No
PRV55856,Outpatient,54,12120,224.44444444444446,0.6111111111111112,0.0,0,No
PRV55858,Outpatient,8,710,88.75,0.125,0.0,0,No
PRV55859,Outpatient,15,4880,325.3333333333333,1.3333333333333333,0.0,0,No
PRV55862,Outpatient,8,3230,403.75,0.0,0.0,0,No
PRV55863,Outpatient,5,650,130.0,0.2,0.0,0,No
PRV55864,Inpatient,4,65000,16250.0,12.25,12.25,0,No
PRV55864,Outpatient,85,20400,240.0,0.4823529411764706,0.0,0,No
PRV55865,Outpatient,325,91750,282.3076923076923,1.1415384615384616,0.0,0,No
PRV55866,Outpatient,115,31370,272.7826086956522,1.191304347826087,0.0,0,No
PRV55867,Outpatient,88,39460,448.40909090909093,2.147727272727273,0.0,0,No
PRV55868,Outpatient,85,16470,193.76470588235293,1.2117647058823529,0.0,0,No
PRV55869,Inpatient,8,42000,5250.0,3.375,3.375,0,No
PRV55869,Outpatient,338,110590,327.18934911242604,1.5976331360946745,0.0,0,No
PRV55870,Outpatient,56,22030,393.39285714285717,0.7678571428571429,0.0,0,No
PRV55871,Outpatient,12,4480,373.3333333333333,3.3333333333333335,0.0,0,No
PRV55872,Outpatient,139,34120,245.46762589928056,1.3741007194244603,0.0,0,No
PRV55873,Inpatient,6,43000,7166.666666666667,3.8333333333333335,3.8333333333333335,0,No
PRV55873,Outpatient,51,8670,170.0,1.0196078431372548,0.0,0,No
PRV55874,Outpatient,10,1380,138.0,0.0,0.0,0,No
PRV55875,Outpatient,26,4450,171.15384615384616,1.8076923076923077,0.0,0,No
PRV55876,Outpatient,19,4380,230.52631578947367,0.15789473684210525,0.0,0,No
PRV55877,Outpatient,4,1100,275.0,0.25,0.0,0,No
PRV55879,Outpatient,2,90,45.0,2.0,0.0,0,No
PRV55880,Outpatient,15,7180,478.6666666666667,3.3333333333333335,0.0,0,No
PRV55881,Outpatient,1,30,30.0,0.0,0.0,0,No
PRV55882,Outpatient,23,6440,280.0,0.8695652173913043,0.0,0,No
PRV55883,Outpatient,8,5480,685.0,0.0,0.0,0,No
PRV55884,Outpatient,27,2880,106.66666666666667,0.1111111111111111,0.0,0,No
PRV55885,Outpatient,8,1610,201.25,0.0,0.0,0,No
PRV55886,Outpatient,4,340,85.0,0.0,0.0,0,No
PRV55887,Inpatient,6,66000,11000.0,14.0,14.0,0,No
PRV55891,Inpatient,26,305000,11730.76923076923,5.884615384615385,5.884615384615385,0,No
PRV55891,Outpatient,25,7730,309.2,0.8,0.0,0,No
PRV55892,Outpatient,449,118910,264.8329621380846,1.5634743875278396,0.0,0,No
PRV55893,Inpatient,26,214000,8230.76923076923,5.076923076923077,5.076923076923077,1,Yes
PRV55893,Outpatient,589,159630,271.018675721562,1.4431239388794568,0.0,1,Yes
PRV55895,Outpatient,1,200,200.0,1.0,0.0,1,Yes
PRV55896,Inpatient,21,182000,8666.666666666666,7.095238095238095,7.095238095238095,1,Yes
PRV55896,Outpatient,84,22310,265.5952380952381,2.0,0.0,1,Yes
PRV55897,Inpatient,9,143000,15888.888888888889,9.0,9.0,1,Yes
PRV55897,Outpatient,473,106890,225.9830866807611,1.4841437632135306,0.0,1,Yes
PRV55898,Outpatient,27,6220,230.37037037037038,0.7407407407407407,0.0,0,No
PRV55900,Inpatient,8,113000,14125.0,3.375,3.375,0,No
PRV55900,Outpatient,11,810,73.63636363636364,0.0,0.0,0,No
PRV55901,Outpatient,101,25300,250.4950495049505,1.0396039603960396,0.0,0,No
PRV55902,Outpatient,69,13230,191.7391304347826,1.8695652173913044,0.0,0,No
PRV55903,Inpatient,23,187000,8130.434782608696,4.956521739130435,4.956521739130435,0,No
PRV55903,Outpatient,27,10820,400.74074074074076,0.5185185185185185,0.0,0,No
PRV55904,Outpatient,28,6190,221.07142857142858,1.1071428571428572,0.0,0,No
PRV55905,Inpatient,82,783500,9554.878048780487,5.475609756097561,5.475609756097561,1,Yes
PRV55905,Outpatient,13,6260,481.53846153846155,1.6153846153846154,0.0,1,Yes
PRV55906,Outpatient,21,4130,196.66666666666666,1.3333333333333333,0.0,0,No
PRV55907,Inpatient,60,547500,9125.0,5.766666666666667,5.766666666666667,0,No
PRV55907,Outpatient,183,50680,276.9398907103825,1.715846994535519,0.0,0,No
PRV55908,Inpatient,22,289000,13136.363636363636,5.7727272727272725,5.7727272727272725,0,No
PRV55908,Outpatient,33,5790,175.45454545454547,1.5757575757575757,0.0,0,No
PRV55909,Outpatient,107,23750,221.9626168224299,1.355140186915888,0.0,0,No
PRV55910,Outpatient,372,98770,265.51075268817203,1.3118279569892473,0.0,0,No
PRV55911,Inpatient,46,402000,8739.130434782608,6.6521739130434785,6.6521739130434785,1,Yes
PRV55911,Outpatient,193,63440,328.7046632124352,2.010362694300518,0.0,1,Yes
PRV55912,Inpatient,60,735000,12250.0,6.466666666666667,6.466666666666667,1,Yes
PRV55912,Outpatient,47,15080,320.8510638297872,1.7234042553191489,0.0,1,Yes
PRV55913,Outpatient,1267,373270,294.6093133385951,1.4388318863456986,0.0,1,Yes
PRV55914,Inpatient,21,158000,7523.809523809524,6.0,6.0,1,Yes
PRV55914,Outpatient,42,12660,301.42857142857144,1.4285714285714286,0.0,1,Yes
PRV55915,Outpatient,32,8870,277.1875,0.65625,0.0,0,No
PRV55916,Inpatient,115,1308500,11378.260869565218,6.460869565217391,6.539130434782609,0,No
PRV55916,Outpatient,12,2540,211.66666666666666,0.16666666666666666,0.0,0,No
PRV55917,Outpatient,50,14150,283.0,1.74,0.0,0,No
PRV55918,Inpatient,2,17000,8500.0,4.5,4.5,0,No
PRV55918,Outpatient,8,760,95.0,0.125,0.0,0,No
PRV55919,Outpatient,21,6050,288.0952380952381,0.3333333333333333,0.0,0,No
PRV55920,Outpatient,110,25550,232.27272727272728,1.4727272727272727,0.0,0,No
PRV55921,Outpatient,59,21140,358.3050847457627,1.4067796610169492,0.0,0,No
PRV55925,Inpatient,4,44000,11000.0,7.0,7.0,0,No
PRV55925,Outpatient,17,6810,400.5882352941176,1.588235294117647,0.0,0,No
PRV55926,Outpatient,26,6930,266.53846153846155,2.076923076923077,0.0,0,No
PRV55927,Outpatient,212,72180,340.47169811320754,1.4858490566037736,0.0,0,No
PRV55928,Outpatient,12,6410,534.1666666666666,1.5833333333333333,0.0,0,No
PRV55929,Outpatient,287,68790,239.68641114982577,1.529616724738676,0.0,0,No
PRV55930,Inpatient,7,74000,10571.42857142857,6.285714285714286,6.285714285714286,0,No
PRV55930,Outpatient,38,10580,278.42105263157896,1.7105263157894737,0.0,0,No
PRV55931,Outpatient,295,85700,290.50847457627117,1.271186440677966,0.0,0,No
PRV55933,Inpatient,45,365600,8124.444444444444,5.266666666666667,5.266666666666667,0,No
PRV55933,Outpatient,453,130830,288.8079470198675,1.4216335540838851,0.0,0,No
PRV55934,Inpatient,6,38000,6333.333333333333,6.833333333333333,6.833333333333333,1,Yes
PRV55934,Outpatient,647,216220,334.1885625965997,1.9041731066460588,0.0,1,Yes
PRV55935,Outpatient,550,125030,227.3272727272727,1.08,0.0,0,No
PRV55936,Outpatient,24,5750,239.58333333333334,0.875,0.0,0,No
PRV55937,Inpatient,7,43000,6142.857142857143,4.142857142857143,4.142857142857143,0,No
PRV55937,Outpatient,375,122910,327.76,1.1333333333333333,0.0,0,No
PRV55938,Outpatient,9,1400,155.55555555555554,4.333333333333333,0.0,0,No
PRV55939,Inpatient,28,293900,10496.42857142857,5.928571428571429,5.928571428571429,0,No
PRV55939,Outpatient,23,7860,341.7391304347826,0.21739130434782608,0.0,0,No
PRV55940,Outpatient,32,7690,240.3125,0.0,0.0,0,No
PRV55941,Outpatient,57,14730,258.42105263157896,0.9473684210526315,0.0,0,No
PRV55942,Inpatient,2,12000,6000.0,4.5,4.5,0,No
PRV55942,Outpatient,80,11270,140.875,1.125,0.0,0,No
PRV55943,Inpatient,34,284800,8376.470588235294,4.970588235294118,4.970588235294118,0,No
PRV55943,Outpatient,687,199270,290.05822416302766,1.4032023289665212,0.0,0,No
PRV55944,Inpatient,11,96000,8727.272727272728,4.363636363636363,4.363636363636363,0,No
PRV55944,Outpatient,15,1870,124.66666666666667,1.3333333333333333,0.0,0,No
PRV55945,Outpatient,20,5050,252.5,1.7,0.0,0,No
PRV55946,Outpatient,50,22600,452.0,1.52,0.0,0,No
PRV55948,Inpatient,4,73000,18250.0,6.0,6.0,0,No
PRV55948,Outpatient,24,2960,123.33333333333333,1.4583333333333333,0.0,0,No
PRV55950,Outpatient,11,7470,679.0909090909091,1.8181818181818181,0.0,0,No
PRV55951,Inpatient,38,329000,8657.894736842105,5.684210526315789,5.684210526315789,1,Yes
PRV55951,Outpatient,410,92000,224.390243902439,1.8048780487804879,0.0,1,Yes
PRV55953,Outpatient,13,5630,433.0769230769231,3.769230769230769,0.0,0,No
PRV55955,Outpatient,246,63250,257.1138211382114,1.3414634146341464,0.0,0,No
PRV55956,Inpatient,8,63000,7875.0,6.125,6.125,0,No
PRV55956,Outpatient,14,1190,85.0,0.0,0.0,0,No
PRV55957,Inpatient,22,214900,9768.181818181818,4.909090909090909,4.909090909090909,1,Yes
PRV55957,Outpatient,85,28540,335.7647058823529,0.9294117647058824,0.0,1,Yes
PRV55958,Outpatient,30,8020,267.3333333333333,2.2666666666666666,0.0,0,No
PRV55959,Outpatient,324,74710,230.58641975308643,1.0,0.0,1,Yes
PRV55963,Outpatient,47,8530,181.48936170212767,0.7021276595744681,0.0,0,No
PRV55964,Outpatient,37,8180,221.0810810810811,0.7297297297297297,0.0,0,No
PRV55965,Outpatient,33,9180,278.1818181818182,2.484848484848485,0.0,0,No
PRV55966,Outpatient,21,7620,362.85714285714283,1.9047619047619047,0.0,0,No
PRV55968,Outpatient,148,53460,361.2162162162162,1.7432432432432432,0.0,0,No
PRV55969,Outpatient,688,204140,296.7151162790698,1.498546511627907,0.0,0,No
PRV55970,Inpatient,16,213000,13312.5,4.375,4.375,0,No
PRV55970,Outpatient,24,8400,350.0,0.5833333333333334,0.0,0,No
PRV55971,Inpatient,101,1061600,10510.89108910891,5.99009900990099,5.99009900990099,1,Yes
PRV55971,Outpatient,519,150400,289.78805394990366,1.420038535645472,0.0,1,Yes
PRV55972,Inpatient,19,127400,6705.263157894737,4.052631578947368,4.052631578947368,0,No
PRV55972,Outpatient,91,25120,276.04395604395603,1.2637362637362637,0.0,0,No
PRV55974,Outpatient,175,69110,394.9142857142857,1.9085714285714286,0.0,0,No
PRV55977,Outpatient,1302,371100,285.0230414746544,1.424731182795699,0.0,1,Yes
PRV55978,Inpatient,92,890900,9683.695652173914,6.065217391304348,6.065217391304348,0,No
PRV55978,Outpatient,309,66590,215.50161812297733,1.4110032362459546,0.0,0,No
PRV55980,Outpatient,17,8700,511.7647058823529,2.5294117647058822,0.0,0,No
PRV55981,Inpatient,15,102000,6800.0,3.533333333333333,3.533333333333333,0,No
PRV55981,Outpatient,39,8140,208.71794871794873,1.1025641025641026,0.0,0,No
PRV55982,Outpatient,4,750,187.5,5.0,0.0,0,No
PRV55983,Inpatient,8,114000,14250.0,4.875,4.875,0,No
PRV55983,Outpatient,14,5670,405.0,2.857142857142857,0.0,0,No
PRV55984,Outpatient,392,126120,321.734693877551,1.288265306122449,0.0,0,No
PRV55985,Outpatient,58,19270,332.2413793103448,3.189655172413793,0.0,0,No
PRV55986,Outpatient,232,65390,281.8534482758621,1.3405172413793103,0.0,0,No
PRV55989,Outpatient,2,150,75.0,10.0,0.0,0,No
PRV55990,Inpatient,22,189900,8631.818181818182,6.2727272727272725,6.2727272727272725,0,No
PRV55990,Outpatient,209,61200,292.82296650717706,1.3397129186602872,0.0,0,No
PRV55991,Outpatient,32,6570,205.3125,1.875,0.0,0,No
PRV55993,Outpatient,32,5360,167.5,0.0,0.0,0,No
PRV55995,Outpatient,46,19840,431.30434782608694,0.9782608695652174,0.0,0,No
PRV55996,Inpatient,29,236500,8155.172413793103,4.379310344827586,4.379310344827586,1,Yes
PRV55996,Outpatient,69,27630,400.4347826086956,1.289855072463768,0.0,1,Yes
PRV55997,Outpatient,326,79640,244.29447852760737,1.656441717791411,0.0,0,No
PRV55999,Outpatient,306,74190,242.45098039215685,0.9934640522875817,0.0,0,No
PRV56001,Inpatient,57,525000,9210.526315789473,6.543859649122807,6.543859649122807,0,No
PRV56001,Outpatient,13,3570,274.61538461538464,1.5384615384615385,0.0,0,No
PRV56002,Inpatient,11,173000,15727.272727272728,5.7272727272727275,5.7272727272727275,0,No
PRV56002,Outpatient,21,4810,229.04761904761904,1.1428571428571428,0.0,0,No
PRV56003,Inpatient,8,77000,9625.0,7.125,7.125,0,No
PRV56003,Outpatient,4,180,45.0,0.0,0.0,0,No
PRV56004,Outpatient,5,3470,694.0,4.0,0.0,0,No
PRV56005,Inpatient,2,12000,6000.0,2.0,2.0,0,No
PRV56005,Outpatient,72,19660,273.05555555555554,1.2638888888888888,0.0,0,No
PRV56006,Outpatient,1090,289380,265.48623853211006,1.3642201834862386,0.0,0,No
PRV56007,Inpatient,69,833800,12084.057971014492,5.811594202898551,5.811594202898551,1,Yes
PRV56007,Outpatient,12,3130,260.8333333333333,0.0,0.0,1,Yes
PRV56008,Outpatient,1370,476600,347.88321167883214,1.5167883211678832,0.0,1,Yes
PRV56010,Outpatient,83,21600,260.2409638554217,1.0,0.0,0,No
PRV56011,Outpatient,2833,741640,261.7860924814684,1.3053300388280975,0.0,1,Yes
PRV56012,Inpatient,29,321000,11068.965517241379,6.862068965517241,6.862068965517241,1,Yes
PRV56012,Outpatient,15,4870,324.6666666666667,0.9333333333333333,0.0,1,Yes
PRV56013,Outpatient,90,27360,304.0,2.3777777777777778,0.0,0,No
PRV56014,Inpatient,19,142000,7473.684210526316,5.421052631578948,5.421052631578948,0,No
PRV56014,Outpatient,15,3050,203.33333333333334,1.4,0.0,0,No
PRV56015,Inpatient,6,52000,8666.666666666666,4.666666666666667,4.666666666666667,0,No
PRV56015,Outpatient,143,40600,283.9160839160839,1.7132867132867133,0.0,0,No
PRV56016,Outpatient,12,6350,529.1666666666666,2.3333333333333335,0.0,0,No
PRV56017,Inpatient,11,210000,19090.909090909092,12.272727272727273,12.272727272727273,0,No
PRV56017,Outpatient,2,60,30.0,0.0,0.0,0,No
PRV56018,Inpatient,25,221000,8840.0,6.6,6.6,0,No
PRV56018,Outpatient,47,19840,422.1276595744681,1.7234042553191489,0.0,0,No
PRV56019,Outpatient,659,186820,283.49013657056145,1.5811836115326252,0.0,0,No
PRV56020,Inpatient,15,136000,9066.666666666666,6.466666666666667,6.466666666666667,0,No
PRV56020,Outpatient,140,59770,426.92857142857144,1.9642857142857142,0.0,0,No
PRV56021,Outpatient,128,39920,311.875,1.0234375,0.0,0,No
PRV56023,Inpatient,7,75000,10714.285714285714,7.142857142857143,7.142857142857143,1,Yes
PRV56023,Outpatient,35,13070,373.42857142857144,3.342857142857143,0.0,1,Yes
PRV56025,Outpatient,153,44660,291.8954248366013,1.5686274509803921,0.0,0,No
PRV56026,Outpatient,44,29650,673.8636363636364,1.9772727272727273,0.0,0,No
PRV56027,Outpatient,25,8840,353.6,0.92,0.0,0,No
PRV56028,Inpatient,4,12000,3000.0,12.25,12.25,0,No
PRV56028,Outpatient,197,54770,278.02030456852793,1.2385786802030456,0.0,0,No
PRV56029,Outpatient,1,100,100.0,0.0,0.0,0,No
PRV56030,Outpatient,204,60370,295.9313725490196,1.3676470588235294,0.0,0,No
PRV56031,Inpatient,9,59400,6600.0,5.333333333333333,5.333333333333333,0,No
PRV56031,Outpatient,10,2170,217.0,2.2,0.0,0,No
PRV56032,Outpatient,9,3000,333.3333333333333,3.3333333333333335,0.0,0,No
PRV56033,Inpatient,4,50000,12500.0,12.0,12.0,0,No
PRV56033,Outpatient,4,160,40.0,0.0,0.0,0,No
PRV56034,Outpatient,13,1530,117.6923076923077,0.23076923076923078,0.0,0,No
PRV56036,Outpatient,49,13140,268.16326530612247,1.2244897959183674,0.0,0,No
PRV56037,Outpatient,5,1840,368.0,4.0,0.0,0,No
PRV56038,Inpatient,1,1000,1000.0,18.0,18.0,0,No
PRV56038,Outpatient,6,450,75.0,0.16666666666666666,0.0,0,No
PRV56039,Outpatient,97,26020,268.2474226804124,2.1649484536082473,0.0,0,No
PRV56040,Outpatient,13,22850,1757.6923076923076,3.1538461538461537,0.0,0,No
PRV56041,Outpatient,55,32040,582.5454545454545,2.7818181818181817,0.0,0,No
PRV56044,Inpatient,16,284000,17750.0,4.8125,4.8125,0,No
PRV56044,Outpatient,244,66770,273.6475409836066,1.2172131147540983,0.0,0,No
PRV56045,Outpatient,120,27980,233.16666666666666,0.6666666666666666,0.0,0,No
PRV56046,Inpatient,14,121000,8642.857142857143,5.142857142857143,5.142857142857143,0,No
PRV56046,Outpatient,6,680,113.33333333333333,0.0,0.0,0,No
PRV56047,Outpatient,3,60,20.0,0.0,0.0,0,No
PRV56048,Outpatient,16,7380,461.25,4.3125,0.0,0,No
PRV56049,Outpatient,149,32580,218.65771812080536,0.9328859060402684,0.0,0,No
PRV56050,Outpatient,1,40,40.0,0.0,0.0,0,No
PRV56051,Outpatient,4,1280,320.0,0.0,0.0,0,No
PRV56052,Outpatient,12,2950,245.83333333333334,1.0,0.0,0,No
PRV56054,Outpatient,45,18830,418.44444444444446,2.2,0.0,0,No
PRV56055,Outpatient,9,4470,496.6666666666667,2.2222222222222223,0.0,0,No
PRV56056,Outpatient,1,40,40.0,0.0,0.0,0,No
PRV56057,Inpatient,9,97000,10777.777777777777,6.222222222222222,6.222222222222222,0,No
PRV56058,Inpatient,11,90000,8181.818181818182,7.7272727272727275,7.7272727272727275,0,No
PRV56060,Outpatient,1,50,50.0,0.0,0.0,0,No
PRV56062,Outpatient,25,6290,251.6,1.72,0.0,0,No
PRV56063,Outpatient,11,1670,151.8181818181818,1.8181818181818181,0.0,0,No
PRV56065,Outpatient,1,70,70.0,0.0,0.0,0,No
PRV56066,Outpatient,8,4010,501.25,0.0,0.0,0,No
PRV56067,Outpatient,3,1310,436.6666666666667,0.0,0.0,0,No
PRV56068,Outpatient,41,15780,384.8780487804878,1.0731707317073171,0.0,0,No
PRV56071,Outpatient,3,270,90.0,0.0,0.0,0,No
PRV56072,Outpatient,1,80,80.0,0.0,0.0,0,No
PRV56073,Outpatient,12,2440,203.33333333333334,0.0,0.0,0,No
PRV56075,Outpatient,12,3020,251.66666666666666,0.08333333333333333,0.0,0,No
PRV56076,Outpatient,3,520,173.33333333333334,0.0,0.0,0,No
PRV56077,Outpatient,7,2450,350.0,5.714285714285714,0.0,0,No
PRV56078,Outpatient,4,510,127.5,0.0,0.0,0,No
PRV56080,Outpatient,5,250,50.0,0.0,0.0,0,No
PRV56083,Outpatient,3,3570,1190.0,0.0,0.0,0,No
PRV56084,Outpatient,1,50,50.0,0.0,0.0,0,No
PRV56086,Outpatient,16,4280,267.5,0.25,0.0,0,No
PRV56087,Outpatient,1,300,300.0,0.0,0.0,0,No
PRV56088,Outpatient,85,25150,295.88235294117646,2.823529411764706,0.0,0,No
PRV56089,Outpatient,1,10,10.0,0.0,0.0,0,No
PRV56090,Outpatient,12,1580,131.66666666666666,1.6666666666666667,0.0,0,No
PRV56091,Outpatient,1,200,200.0,0.0,0.0,0,No
PRV56092,Outpatient,5,4330,866.0,0.2,0.0,0,No
PRV56093,Outpatient,7,2070,295.7142857142857,5.714285714285714,0.0,0,No
PRV56094,Outpatient,25,7510,300.4,3.56,0.0,0,No
PRV56095,Outpatient,11,4910,446.3636363636364,1.8181818181818181,0.0,0,No
PRV56098,Outpatient,21,2840,135.23809523809524,1.0,0.0,0,No
PRV56099,Outpatient,3,630,210.0,0.3333333333333333,0.0,0,No
PRV56101,Outpatient,5,5620,1124.0,4.0,0.0,0,No
PRV56102,Inpatient,8,79000,9875.0,4.0,4.0,0,No
PRV56102,Outpatient,28,7790,278.2142857142857,1.6785714285714286,0.0,0,No
PRV56103,Inpatient,68,677000,9955.882352941177,6.367647058823529,6.367647058823529,1,Yes
PRV56103,Outpatient,48,14860,309.5833333333333,2.0625,0.0,1,Yes
PRV56104,Outpatient,483,116260,240.703933747412,1.0331262939958592,0.0,1,Yes
PRV56105,Inpatient,29,264500,9120.689655172413,5.862068965517241,5.862068965517241,0,No
PRV56105,Outpatient,3,70,23.333333333333332,0.0,0.0,0,No
PRV56106,Inpatient,2,10000,5000.0,3.5,3.5,0,No
PRV56108,Outpatient,15,7360,490.6666666666667,1.0666666666666667,0.0,0,No
PRV56109,Outpatient,12,2320,193.33333333333334,0.08333333333333333,0.0,0,No
PRV56111,Outpatient,93,20060,215.69892473118279,1.7956989247311828,0.0,0,No
PRV56113,Outpatient,45,16260,361.3333333333333,2.6444444444444444,0.0,0,No
PRV56114,Outpatient,41,13180,321.4634146341463,1.6341463414634145,0.0,0,No
PRV56115,Outpatient,2,290,145.0,0.0,0.0,0,No
PRV56116,Outpatient,35,9790,279.7142857142857,1.457142857142857,0.0,0,No
PRV56117,Outpatient,14,1420,101.42857142857143,0.07142857142857142,0.0,0,No
PRV56118,Inpatient,14,116000,8285.714285714286,7.5,7.5,0,No
PRV56119,Inpatient,11,120000,10909.09090909091,5.636363636363637,5.636363636363637,0,No
PRV56120,Inpatient,4,36000,9000.0,5.0,5.0,0,No
PRV56121,Inpatient,16,229000,14312.5,8.6875,8.6875,0,No
PRV56122,Inpatient,3,20000,6666.666666666667,5.666666666666667,5.666666666666667,0,No
PRV56123,Inpatient,40,498000,12450.0,5.05,5.05,0,No
PRV56124,Inpatient,6,84000,14000.0,3.6666666666666665,3.6666666666666665,0,No
PRV56125,Inpatient,7,45000,6428.571428571428,4.285714285714286,4.285714285714286,0,No
PRV56126,Inpatient,6,31000,5166.666666666667,4.5,4.5,0,No
PRV56129,Inpatient,23,256000,11130.434782608696,5.565217391304348,5.565217391304348,0,No
PRV56130,Inpatient,17,120000,7058.823529411765,3.7058823529411766,3.7058823529411766,0,No
PRV56131,Inpatient,15,141000,9400.0,4.533333333333333,4.533333333333333,0,No
PRV56133,Inpatient,15,144000,9600.0,4.933333333333334,4.933333333333334,0,No
PRV56134,Inpatient,62,768000,12387.09677419355,5.919354838709677,5.919354838709677,1,Yes
PRV56135,Inpatient,3,47000,15666.666666666666,17.0,17.0,0,No
PRV56135,Outpatient,19,10230,538.421052631579,1.2105263157894737,0.0,0,No
PRV56136,Inpatient,1,6000,6000.0,3.0,3.0,0,No
PRV56136,Outpatient,7,1120,160.0,0.0,0.0,0,No
PRV56137,Outpatient,48,16150,336.4583333333333,2.25,0.0,0,No
PRV56138,Outpatient,36,13160,365.55555555555554,2.0,0.0,0,No
PRV56139,Inpatient,3,37000,12333.333333333334,7.333333333333333,7.333333333333333,0,No
PRV56139,Outpatient,18,8010,445.0,1.1111111111111112,0.0,0,No
PRV56140,Inpatient,16,128000,8000.0,5.875,5.875,0,No
PRV56140,Outpatient,15,2600,173.33333333333334,1.3333333333333333,0.0,0,No
PRV56141,Outpatient,39,14540,372.8205128205128,0.9487179487179487,0.0,0,No
PRV56142,Inpatient,5,114000,22800.0,14.8,14.8,0,No
PRV56142,Outpatient,48,17590,366.4583333333333,1.375,0.0,0,No
PRV56143,Outpatient,29,5220,180.0,0.034482758620689655,0.0,0,No
PRV56145,Outpatient,52,22650,435.5769230769231,1.6538461538461537,0.0,0,No
PRV56146,Outpatient,21,11600,552.3809523809524,1.9047619047619047,0.0,0,No
PRV56147,Inpatient,2,18000,9000.0,11.0,11.0,0,No
PRV56147,Outpatient,6,470,78.33333333333333,0.0,0.0,0,No
PRV56148,Outpatient,143,23950,167.4825174825175,0.951048951048951,0.0,0,No
PRV56149,Outpatient,27,6130,227.03703703703704,0.037037037037037035,0.0,0,No
PRV56151,Outpatient,87,17780,204.367816091954,0.7471264367816092,0.0,0,No
PRV56152,Outpatient,18,6620,367.77777777777777,1.2777777777777777,0.0,0,No
PRV56153,Outpatient,9,1410,156.66666666666666,0.0,0.0,0,No
PRV56154,Outpatient,19,4350,228.94736842105263,3.473684210526316,0.0,0,No
PRV56156,Inpatient,5,32000,6400.0,5.0,5.0,0,No
PRV56156,Outpatient,64,14620,228.4375,1.234375,0.0,0,No
PRV56157,Outpatient,38,13840,364.2105263157895,0.10526315789473684,0.0,0,No
PRV56158,Outpatient,38,5930,156.05263157894737,0.2631578947368421,0.0,0,No
PRV56159,Outpatient,30,7160,238.66666666666666,1.0666666666666667,0.0,0,No
PRV56161,Inpatient,13,101000,7769.2307692307695,6.6923076923076925,6.6923076923076925,1,Yes
PRV56161,Outpatient,34,4640,136.47058823529412,1.0588235294117647,0.0,1,Yes
PRV56163,Outpatient,7,3180,454.2857142857143,0.14285714285714285,0.0,0,No
PRV56164,Outpatient,27,5570,206.2962962962963,0.5185185185185185,0.0,0,No
PRV56165,Outpatient,19,12810,674.2105263157895,2.6842105263157894,0.0,0,No
PRV56166,Inpatient,2,8000,4000.0,2.0,2.0,0,No
PRV56166,Outpatient,6,720,120.0,0.0,0.0,0,No
PRV56168,Outpatient,1,20,20.0,0.0,0.0,0,No
PRV56169,Outpatient,22,7350,334.09090909090907,0.8181818181818182,0.0,0,No
PRV56170,Inpatient,8,72000,9000.0,3.75,3.75,0,No
PRV56170,Outpatient,10,1370,137.0,2.1,0.0,0,No
PRV56171,Outpatient,15,1140,76.0,2.7333333333333334,0.0,0,No
PRV56172,Inpatient,3,23000,7666.666666666667,2.6666666666666665,2.6666666666666665,0,No
PRV56172,Outpatient,8,8140,1017.5,5.0,0.0,0,No
PRV56173,Inpatient,6,101000,16833.333333333332,6.833333333333333,6.833333333333333,0,No
PRV56173,Outpatient,38,5720,150.52631578947367,2.763157894736842,0.0,0,No
PRV56174,Inpatient,1,3000,3000.0,3.0,3.0,0,No
PRV56174,Outpatient,9,550,61.111111111111114,3.4444444444444446,0.0,0,No
PRV56176,Outpatient,21,7960,379.04761904761904,2.857142857142857,0.0,0,No
PRV56177,Outpatient,18,2600,144.44444444444446,1.1666666666666667,0.0,0,No
PRV56179,Inpatient,1,8000,8000.0,33.0,33.0,0,No
PRV56179,Outpatient,7,1950,278.57142857142856,3.142857142857143,0.0,0,No
PRV56181,Outpatient,12,4550,379.1666666666667,1.6666666666666667,0.0,0,No
PRV56182,Outpatient,51,13590,266.47058823529414,2.3137254901960786,0.0,0,No
PRV56183,Outpatient,23,4240,184.34782608695653,1.9565217391304348,0.0,0,No
PRV56184,Outpatient,18,2730,151.66666666666666,1.6666666666666667,0.0,0,No
PRV56185,Outpatient,7,530,75.71428571428571,2.857142857142857,0.0,0,No
PRV56186,Outpatient,12,2660,221.66666666666666,0.9166666666666666,0.0,0,No
PRV56187,Outpatient,18,4970,276.1111111111111,1.6666666666666667,0.0,0,No
PRV56189,Outpatient,6,960,160.0,0.0,0.0,0,No
PRV56190,Outpatient,6,790,131.66666666666666,0.0,0.0,0,No
PRV56191,Outpatient,62,20710,334.03225806451616,1.967741935483871,0.0,0,No
PRV56193,Outpatient,14,4880,348.57142857142856,0.0,0.0,0,No
PRV56194,Outpatient,8,2170,271.25,0.375,0.0,0,No
PRV56196,Outpatient,6,740,123.33333333333333,1.8333333333333333,0.0,0,No
PRV56198,Outpatient,21,6500,309.5238095238095,0.0,0.0,0,No
PRV56199,Outpatient,16,2600,162.5,1.3125,0.0,0,No
PRV56200,Outpatient,58,12600,217.24137931034483,1.603448275862069,0.0,0,No
PRV56201,Outpatient,3,120,40.0,0.0,0.0,0,No
PRV56202,Inpatient,1,10000,10000.0,3.0,3.0,0,No
PRV56206,Outpatient,31,6240,201.29032258064515,2.064516129032258,0.0,0,No
PRV56207,Inpatient,3,69000,23000.0,9.333333333333334,9.333333333333334,0,No
PRV56207,Outpatient,92,20520,223.04347826086956,1.1956521739130435,0.0,0,No
PRV56208,Outpatient,67,25610,382.23880597014926,1.507462686567164,0.0,0,No
PRV56209,Outpatient,189,57370,303.5449735449736,1.5396825396825398,0.0,0,No
PRV56210,Inpatient,31,227000,7322.580645161291,4.967741935483871,4.967741935483871,0,No
PRV56210,Outpatient,119,27720,232.94117647058823,0.6554621848739496,0.0,0,No
PRV56211,Outpatient,83,23700,285.5421686746988,2.0481927710843375,0.0,0,No
PRV56212,Outpatient,17,5360,315.29411764705884,4.411764705882353,0.0,0,No
PRV56213,Outpatient,643,161060,250.48211508553655,1.5303265940902022,0.0,0,No
PRV56214,Outpatient,3,710,236.66666666666666,0.3333333333333333,0.0,0,No
PRV56216,Outpatient,481,157910,328.2952182952183,1.3846153846153846,0.0,0,No
PRV56217,Outpatient,45,9920,220.44444444444446,0.5333333333333333,0.0,0,No
PRV56218,Inpatient,6,35000,5833.333333333333,7.666666666666667,7.666666666666667,0,No
PRV56218,Outpatient,112,24160,215.71428571428572,1.6785714285714286,0.0,0,No
PRV56219,Inpatient,4,46000,11500.0,9.25,9.25,0,No
PRV56219,Outpatient,273,70970,259.96336996337,1.1172161172161172,0.0,0,No
PRV56220,Inpatient,3,17000,5666.666666666667,4.333333333333333,4.333333333333333,0,No
PRV56220,Outpatient,12,1610,134.16666666666666,1.25,0.0,0,No
PRV56221,Inpatient,18,140000,7777.777777777777,4.611111111111111,4.611111111111111,0,No
PRV56221,Outpatient,287,88340,307.8048780487805,1.0731707317073171,0.0,0,No
PRV56222,Outpatient,101,24770,245.24752475247524,1.9504950495049505,0.0,0,No
PRV56224,Inpatient,4,31000,7750.0,2.25,2.25,0,No
PRV56224,Outpatient,107,37950,354.67289719626166,1.4953271028037383,0.0,0,No
PRV56225,Inpatient,50,610000,12200.0,6.68,6.68,1,Yes
PRV56225,Outpatient,538,151100,280.8550185873606,1.486988847583643,0.0,1,Yes
PRV56227,Inpatient,1,4000,4000.0,2.0,2.0,0,No
PRV56227,Outpatient,25,4820,192.8,1.8,0.0,0,No
PRV56228,Outpatient,262,65670,250.64885496183206,1.6908396946564885,0.0,0,No
PRV56229,Outpatient,13,4440,341.53846153846155,0.0,0.0,0,No
PRV56231,Inpatient,32,350200,10943.75,4.59375,4.59375,1,Yes
PRV56231,Outpatient,238,58520,245.88235294117646,0.8823529411764706,0.0,1,Yes
PRV56232,Outpatient,35,9780,279.42857142857144,1.0285714285714285,0.0,0,No
PRV56233,Outpatient,98,32890,335.61224489795916,2.6122448979591835,0.0,0,No
PRV56234,Outpatient,70,21720,310.2857142857143,2.142857142857143,0.0,0,No
PRV56235,Inpatient,14,136000,9714.285714285714,7.357142857142857,7.357142857142857,0,No
PRV56235,Outpatient,157,42900,273.2484076433121,1.3184713375796178,0.0,0,No
PRV56236,Inpatient,7,45000,6428.571428571428,4.428571428571429,4.428571428571429,0,No
PRV56236,Outpatient,29,11080,382.0689655172414,1.0344827586206897,0.0,0,No
PRV56237,Outpatient,198,35030,176.91919191919192,1.0,0.0,0,No
PRV56238,Inpatient,4,67000,16750.0,7.25,7.25,0,No
PRV56238,Outpatient,27,6690,247.77777777777777,0.18518518518518517,0.0,0,No
PRV56239,Outpatient,125,54830,438.64,2.696,0.0,0,No
PRV56241,Outpatient,140,31640,226.0,0.7642857142857142,0.0,0,No
PRV56242,Inpatient,1,7000,7000.0,0.0,0.0,0,No
PRV56242,Outpatient,135,43420,321.6296296296296,2.037037037037037,0.0,0,No
PRV56243,Inpatient,78,696100,8924.358974358975,4.756410256410256,4.756410256410256,0,No
PRV56243,Outpatient,831,226680,272.7797833935018,1.348977135980746,0.0,0,No
PRV56245,Outpatient,76,13720,180.52631578947367,1.263157894736842,0.0,0,No
PRV56247,Inpatient,2,12000,6000.0,1.0,1.0,0,No
PRV56247,Outpatient,24,8410,350.4166666666667,2.0,0.0,0,No
PRV56248,Outpatient,934,283190,303.2012847965739,1.335117773019272,0.0,0,No
PRV56249,Inpatient,56,577000,10303.57142857143,6.464285714285714,6.464285714285714,1,Yes
PRV56249,Outpatient,1054,298110,282.8368121442125,1.3481973434535104,0.0,1,Yes
PRV56251,Outpatient,30,8950,298.3333333333333,0.8333333333333334,0.0,0,No
PRV56252,Outpatient,18,5210,289.44444444444446,1.6666666666666667,0.0,0,No
PRV56253,Inpatient,63,574500,9119.047619047618,5.809523809523809,5.809523809523809,1,Yes
PRV56253,Outpatient,248,62180,250.7258064516129,1.1612903225806452,0.0,1,Yes
PRV56255,Outpatient,102,38510,377.54901960784315,1.4509803921568627,0.0,0,No
PRV56256,Inpatient,11,84000,7636.363636363636,4.090909090909091,4.090909090909091,0,No
PRV56256,Outpatient,44,6650,151.13636363636363,1.0454545454545454,0.0,0,No
PRV56257,Inpatient,17,148000,8705.882352941177,6.823529411764706,6.823529411764706,1,Yes
PRV56257,Outpatient,35,9440,269.7142857142857,1.1428571428571428,0.0,1,Yes
PRV56258,Outpatient,70,26130,373.2857142857143,1.0714285714285714,0.0,0,No
PRV56259,Inpatient,16,108000,6750.0,5.625,6.125,1,Yes
PRV56259,Outpatient,180,52020,289.0,1.45,0.0,1,Yes
PRV56260,Inpatient,55,550000,10000.0,4.418181818181818,4.418181818181818,0,No
PRV56260,Outpatient,4,510,127.5,0.0,0.0,0,No
PRV56261,Outpatient,69,24690,357.82608695652175,0.5652173913043478,0.0,0,No
PRV56262,Outpatient,15,3480,232.0,0.9333333333333333,0.0,0,No
PRV56263,Inpatient,2,20000,10000.0,2.5,2.5,0,No
PRV56263,Outpatient,16,2940,183.75,0.625,0.0,0,No
PRV56264,Inpatient,19,165000,8684.21052631579,7.0,7.0,0,No
PRV56264,Outpatient,32,7050,220.3125,1.59375,0.0,0,No
PRV56265,Inpatient,20,179000,8950.0,5.6,5.6,0,No
PRV56265,Outpatient,106,32760,309.0566037735849,0.5660377358490566,0.0,0,No
PRV56266,Outpatient,30,9640,321.3333333333333,1.4333333333333333,0.0,0,No
PRV56267,Outpatient,4,350,87.5,0.0,0.0,0,No
PRV56268,Inpatient,61,657100,10772.131147540984,6.885245901639344,6.934426229508197,1,Yes
PRV56268,Outpatient,1052,283570,269.5532319391635,1.3669201520912548,0.0,1,Yes
PRV56269,Inpatient,8,81000,10125.0,4.625,4.625,0,No
PRV56269,Outpatient,9,2230,247.77777777777777,0.0,0.0,0,No
PRV56270,Outpatient,1043,289970,278.01534036433367,1.180249280920422,0.0,0,No
PRV56271,Inpatient,1,6000,6000.0,1.0,1.0,0,No
PRV56271,Outpatient,92,30760,334.3478260869565,1.2934782608695652,0.0,0,No
PRV56272,Outpatient,22,5450,247.72727272727272,1.6818181818181819,0.0,0,No
PRV56274,Inpatient,4,22000,5500.0,5.25,5.25,0,No
PRV56274,Outpatient,4,1980,495.0,0.5,0.0,0,No
PRV56275,Outpatient,80,24690,308.625,0.5875,0.0,0,No
PRV56276,Inpatient,1,13000,13000.0,15.0,15.0,0,No
PRV56276,Outpatient,6,390,65.0,2.0,0.0,0,No
PRV56277,Outpatient,19,5470,287.89473684210526,2.3157894736842106,0.0,0,No
PRV56278,Outpatient,27,20910,774.4444444444445,2.259259259259259,0.0,0,No
PRV56279,Outpatient,53,17770,335.2830188679245,2.056603773584906,0.0,0,No
PRV56280,Outpatient,39,8450,216.66666666666666,0.2564102564102564,0.0,0,No
PRV56281,Outpatient,54,24130,446.85185185185185,2.259259259259259,0.0,0,No
PRV56282,Outpatient,4,500,125.0,0.25,0.0,0,No
PRV56283,Outpatient,3,2320,773.3333333333334,6.666666666666667,0.0,0,No
PRV56284,Outpatient,67,23090,344.6268656716418,1.4179104477611941,0.0,0,No
PRV56285,Inpatient,13,140000,10769.23076923077,7.230769230769231,7.230769230769231,0,No
PRV56286,Inpatient,1,23000,23000.0,15.0,15.0,0,No
PRV56287,Outpatient,107,28680,268.0373831775701,1.1495327102803738,0.0,0,No
PRV56288,Inpatient,2,24000,12000.0,2.5,2.5,0,No
PRV56289,Inpatient,5,28000,5600.0,4.0,4.0,0,No
PRV56290,Outpatient,23,11560,502.60869565217394,2.739130434782609,0.0,0,No
PRV56291,Outpatient,36,13150,365.27777777777777,3.1944444444444446,0.0,0,No
PRV56293,Outpatient,3,430,143.33333333333334,0.0,0.0,0,No
PRV56295,Outpatient,4,1200,300.0,0.0,0.0,0,No
PRV56297,Outpatient,28,7140,255.0,2.2857142857142856,0.0,0,No
PRV56299,Outpatient,5,320,64.0,0.0,0.0,0,No
PRV56300,Outpatient,8,990,123.75,2.5,0.0,0,No
PRV56301,Outpatient,3,1030,343.3333333333333,0.0,0.0,0,No
PRV56302,Outpatient,4,1500,375.0,0.0,0.0,0,No
PRV56303,Outpatient,2,70,35.0,0.0,0.0,0,No
PRV56304,Outpatient,15,12660,844.0,1.5333333333333334,0.0,0,No
PRV56305,Outpatient,29,4200,144.82758620689654,0.13793103448275862,0.0,0,No
PRV56306,Outpatient,7,1400,200.0,2.857142857142857,0.0,0,No
PRV56307,Outpatient,12,1330,110.83333333333333,1.6666666666666667,0.0,0,No
PRV56308,Outpatient,15,5030,335.3333333333333,1.4666666666666666,0.0,0,No
PRV56309,Outpatient,3,1320,440.0,0.0,0.0,0,No
PRV56310,Outpatient,1,80,80.0,0.0,0.0,0,No
PRV56311,Outpatient,19,7670,403.6842105263158,0.631578947368421,0.0,0,No
PRV56313,Outpatient,3,100,33.333333333333336,0.0,0.0,0,No
PRV56314,Outpatient,8,3740,467.5,2.5,0.0,0,No
PRV56316,Outpatient,6,4450,741.6666666666666,3.6666666666666665,0.0,0,No
PRV56317,Outpatient,2,10,5.0,0.0,0.0,0,No
PRV56318,Outpatient,1,200,200.0,0.0,0.0,0,No
PRV56319,Outpatient,13,6480,498.46153846153845,1.5384615384615385,0.0,0,No
PRV56321,Outpatient,7,3910,558.5714285714286,0.0,0.0,0,No
PRV56322,Outpatient,37,6800,183.78378378378378,0.0,0.0,0,No
PRV56324,Outpatient,1,100,100.0,0.0,0.0,0,No
PRV56328,Outpatient,15,2100,140.0,2.2,0.0,0,No
PRV56329,Inpatient,14,177000,12642.857142857143,5.714285714285714,5.714285714285714,0,No
PRV56330,Outpatient,16,3130,195.625,0.0625,0.0,0,No
PRV56331,Outpatient,1,10,10.0,0.0,0.0,0,No
PRV56333,Outpatient,42,11600,276.1904761904762,1.5952380952380953,0.0,0,No
PRV56334,Outpatient,8,670,83.75,0.0,0.0,0,No
PRV56335,Inpatient,18,156000,8666.666666666666,5.0,5.0,0,No
PRV56336,Inpatient,21,237000,11285.714285714286,4.571428571428571,4.571428571428571,0,No
PRV56337,Outpatient,2,180,90.0,0.0,0.0,0,No
PRV56338,Inpatient,10,97400,9740.0,5.2,5.2,0,No
PRV56339,Inpatient,1,9000,9000.0,3.0,3.0,0,No
PRV56340,Inpatient,3,57000,19000.0,6.0,6.0,0,No
PRV56341,Inpatient,1,18000,18000.0,5.0,5.0,0,No
PRV56342,Inpatient,5,52000,10400.0,2.6,2.6,0,No
PRV56344,Outpatient,11,3520,320.0,0.0,0.0,0,No
PRV56345,Outpatient,572,134510,235.15734265734267,1.1451048951048952,0.0,0,No
PRV56346,Outpatient,42,16050,382.14285714285717,2.119047619047619,0.0,0,No
PRV56347,Inpatient,9,95000,10555.555555555555,4.444444444444445,4.444444444444445,0,No
PRV56347,Outpatient,42,11110,264.5238095238095,1.0476190476190477,0.0,0,No
PRV56348,Outpatient,58,11200,193.10344827586206,0.27586206896551724,0.0,0,No
PRV56349,Inpatient,31,277000,8935.483870967742,3.870967741935484,3.870967741935484,0,No
PRV56349,Outpatient,30,11280,376.0,2.1,0.0,0,No
PRV56350,Inpatient,66,780000,11818.181818181818,5.287878787878788,5.287878787878788,1,Yes
PRV56350,Outpatient,92,32530,353.5869565217391,2.597826086956522,0.0,1,Yes
PRV56351,Outpatient,29,10920,376.55172413793105,2.1379310344827585,0.0,0,No
PRV56352,Inpatient,4,35000,8750.0,8.5,8.5,0,No
PRV56352,Outpatient,20,2730,136.5,0.05,0.0,0,No
PRV56353,Outpatient,96,29340,305.625,0.875,0.0,0,No
PRV56354,Inpatient,3,67000,22333.333333333332,5.666666666666667,5.666666666666667,0,No
PRV56354,Outpatient,8,3470,433.75,0.0,0.0,0,No
PRV56355,Inpatient,4,43000,10750.0,4.25,4.25,0,No
PRV56355,Outpatient,111,33130,298.4684684684685,1.2882882882882882,0.0,0,No
PRV56357,Outpatient,16,1690,105.625,2.125,0.0,0,No
PRV56358,Outpatient,4,240,60.0,0.0,0.0,0,No
PRV56360,Outpatient,78,25060,321.28205128205127,2.6666666666666665,0.0,0,No
PRV56361,Inpatient,7,53000,7571.428571428572,4.571428571428571,4.571428571428571,1,Yes
PRV56361,Outpatient,107,52550,491.1214953271028,2.0373831775700935,0.0,1,Yes
PRV56362,Outpatient,60,13210,220.16666666666666,0.6333333333333333,0.0,0,No
PRV56363,Outpatient,19,10420,548.421052631579,2.5789473684210527,0.0,0,No
PRV56364,Outpatient,79,31280,395.9493670886076,1.6962025316455696,0.0,0,No
PRV56366,Outpatient,9,1880,208.88888888888889,0.0,0.0,0,No
PRV56367,Outpatient,45,10550,234.44444444444446,1.4444444444444444,0.0,0,No
PRV56368,Inpatient,1,4000,4000.0,4.0,4.0,0,No
PRV56368,Outpatient,33,5050,153.03030303030303,1.303030303030303,0.0,0,No
PRV56369,Outpatient,1,80,80.0,1.0,0.0,0,No
PRV56370,Outpatient,9,1620,180.0,0.5555555555555556,0.0,0,No
PRV56373,Outpatient,1,10,10.0,0.0,0.0,0,No
PRV56374,Outpatient,25,7570,302.8,3.36,0.0,0,No
PRV56375,Outpatient,54,15220,281.85185185185185,1.6111111111111112,0.0,0,No
PRV56376,Outpatient,20,10780,539.0,1.0,0.0,0,No
PRV56377,Outpatient,1,60,60.0,0.0,0.0,0,No
PRV56378,Outpatient,31,4480,144.51612903225808,1.2580645161290323,0.0,0,No
PRV56379,Outpatient,53,16520,311.6981132075472,0.7169811320754716,0.0,0,No
PRV56380,Outpatient,21,6040,287.6190476190476,1.0476190476190477,0.0,0,No
PRV56381,Outpatient,8,4720,590.0,7.5,0.0,0,No
PRV56384,Inpatient,2,18000,9000.0,8.0,8.0,0,No
PRV56384,Outpatient,47,11790,250.85106382978722,1.2127659574468086,0.0,0,No
PRV56385,Outpatient,22,2770,125.9090909090909,0.9090909090909091,0.0,0,No
PRV56387,Outpatient,1,90,90.0,0.0,0.0,0,No
PRV56388,Outpatient,7,5300,757.1428571428571,2.4285714285714284,0.0,0,No
PRV56389,Outpatient,15,6520,434.6666666666667,4.0,0.0,0,No
PRV56390,Inpatient,2,40000,20000.0,15.5,15.5,0,No
PRV56390,Outpatient,3,220,73.33333333333333,0.6666666666666666,0.0,0,No
PRV56391,Outpatient,2,150,75.0,0.0,0.0,0,No
PRV56392,Inpatient,6,38000,6333.333333333333,9.5,9.5,1,Yes
PRV56392,Outpatient,14,3860,275.7142857142857,0.7857142857142857,0.0,1,Yes
PRV56393,Outpatient,10,2580,258.0,2.1,0.0,0,No
PRV56394,Outpatient,32,15920,497.5,2.96875,0.0,0,No
PRV56395,Inpatient,7,107000,15285.714285714286,5.0,5.0,0,No
PRV56396,Inpatient,32,269000,8406.25,6.625,6.625,1,Yes
PRV56396,Outpatient,51,20380,399.6078431372549,1.607843137254902,0.0,1,Yes
PRV56397,Outpatient,47,9600,204.25531914893617,1.3617021276595744,0.0,0,No
PRV56398,Inpatient,1,4000,4000.0,6.0,6.0,0,No
PRV56398,Outpatient,18,2030,112.77777777777777,0.0,0.0,0,No
PRV56400,Inpatient,3,49000,16333.333333333334,9.0,9.0,1,Yes
PRV56400,Outpatient,6,800,133.33333333333334,0.3333333333333333,0.0,1,Yes
PRV56401,Outpatient,143,27390,191.53846153846155,0.5034965034965035,0.0,0,No
PRV56403,Inpatient,10,67000,6700.0,3.6,3.6,1,Yes
PRV56403,Outpatient,24,11660,485.8333333333333,0.08333333333333333,0.0,1,Yes
PRV56404,Outpatient,363,131660,362.69972451790636,1.6253443526170799,0.0,0,No
PRV56405,Outpatient,60,24090,401.5,0.9666666666666667,0.0,0,No
PRV56406,Outpatient,201,44770,222.7363184079602,0.8507462686567164,0.0,0,No
PRV56407,Inpatient,5,33000,6600.0,6.2,6.2,0,No
PRV56407,Outpatient,35,6500,185.71428571428572,1.457142857142857,0.0,0,No
PRV56408,Inpatient,3,63000,21000.0,17.0,17.0,0,No
PRV56408,Outpatient,65,16570,254.92307692307693,1.0461538461538462,0.0,0,No
PRV56410,Outpatient,350,92530,264.37142857142857,1.1914285714285715,0.0,0,No
PRV56411,Inpatient,4,98000,24500.0,2.25,2.25,0,No
PRV56411,Outpatient,71,12650,178.16901408450704,1.732394366197183,0.0,0,No
PRV56412,Inpatient,9,87000,9666.666666666666,5.777777777777778,5.777777777777778,0,No
PRV56412,Outpatient,103,24360,236.50485436893203,1.1650485436893203,0.0,0,No
PRV56413,Outpatient,12,8650,720.8333333333334,2.75,0.0,0,No
PRV56414,Outpatient,27,5900,218.5185185185185,0.14814814814814814,0.0,0,No
PRV56415,Outpatient,41,15990,390.0,0.9512195121951219,0.0,0,No
PRV56416,Inpatient,214,2337050,10920.794392523365,6.411214953271028,6.411214953271028,1,Yes
PRV56416,Outpatient,1378,407820,295.95065312046444,1.478955007256894,0.0,1,Yes
PRV56417,Outpatient,119,20230,170.0,0.8319327731092437,0.0,0,No
PRV56418,Outpatient,29,9790,337.58620689655174,0.4827586206896552,0.0,0,No
PRV56421,Inpatient,46,487000,10586.95652173913,5.913043478260869,5.913043478260869,1,Yes
PRV56421,Outpatient,87,23750,272.98850574712645,0.8505747126436781,0.0,1,Yes
PRV56423,Inpatient,2,14000,7000.0,1.5,1.5,0,No
PRV56423,Outpatient,10,1490,149.0,0.1,0.0,0,No
PRV56425,Inpatient,8,44000,5500.0,6.0,6.0,1,Yes
PRV56425,Outpatient,373,91450,245.17426273458446,1.3190348525469169,0.0,1,Yes
PRV56426,Outpatient,436,127230,291.8119266055046,1.385321100917431,0.0,0,No
PRV56427,Outpatient,23,10460,454.7826086956522,1.0,0.0,0,No
PRV56428,Inpatient,8,99000,12375.0,5.375,5.375,1,Yes
PRV56428,Outpatient,303,73930,243.993399339934,1.3696369636963697,0.0,1,Yes
PRV56430,Outpatient,38,11130,292.89473684210526,2.736842105263158,0.0,0,No
PRV56432,Inpatient,6,48000,8000.0,4.166666666666667,4.166666666666667,0,No
PRV56432,Outpatient,19,6080,320.0,1.1578947368421053,0.0,0,No
PRV56433,Outpatient,121,39510,326.5289256198347,1.6694214876033058,0.0,0,No
PRV56435,Inpatient,4,30000,7500.0,5.5,5.5,1,Yes
PRV56435,Outpatient,256,70030,273.5546875,1.25390625,0.0,1,Yes
PRV56437,Inpatient,39,286200,7338.461538461538,5.564102564102564,5.564102564102564,1,Yes
PRV56437,Outpatient,680,183100,269.2647058823529,1.5338235294117648,0.0,1,Yes
PRV56438,Inpatient,64,799000,12484.375,5.890625,5.890625,1,Yes
PRV56438,Outpatient,69,28300,410.1449275362319,2.4347826086956523,0.0,1,Yes
PRV56439,Outpatient,443,134960,304.65011286681715,1.670428893905192,0.0,0,No
PRV56440,Outpatient,89,29150,327.5280898876405,0.7191011235955056,0.0,0,No
PRV56441,Outpatient,35,3980,113.71428571428571,1.6,0.0,0,No
PRV56442,Inpatient,81,886000,10938.271604938273,5.703703703703703,5.703703703703703,1,Yes
PRV56442,Outpatient,1249,348150,278.7429943955164,1.4971977582065652,0.0,1,Yes
PRV56444,Outpatient,1317,383140,290.91875474563403,1.569476082004556,0.0,1,Yes
PRV56445,Inpatient,32,210000,6562.5,4.40625,4.40625,0,No
PRV56445,Outpatient,23,5750,250.0,1.7391304347826086,0.0,0,No
PRV56447,Outpatient,170,50870,299.2352941176471,0.9941176470588236,0.0,1,Yes
PRV56448,Outpatient,584,198950,340.6678082191781,1.4349315068493151,0.0,0,No
PRV56449,Inpatient,13,173000,13307.692307692309,6.0,8.0,0,No
PRV56449,Outpatient,122,38880,318.6885245901639,2.278688524590164,0.0,0,No
PRV56451,Outpatient,259,72950,281.66023166023166,1.2046332046332047,0.0,0,No
PRV56452,Inpatient,4,27000,6750.0,3.25,3.25,0,No
PRV56452,Outpatient,106,36150,341.0377358490566,1.2830188679245282,0.0,0,No
PRV56453,Outpatient,115,43550,378.69565217391306,1.2434782608695651,0.0,0,No
PRV56454,Outpatient,159,43910,276.1635220125786,0.49056603773584906,0.0,0,No
PRV56455,Outpatient,13,4860,373.84615384615387,1.6153846153846154,0.0,0,No
PRV56456,Inpatient,14,99000,7071.428571428572,5.428571428571429,5.428571428571429,0,No
PRV56456,Outpatient,32,15710,490.9375,1.8125,0.0,0,No
PRV56458,Inpatient,7,40000,5714.285714285715,2.5714285714285716,2.5714285714285716,0,No
PRV56458,Outpatient,47,13410,285.3191489361702,1.0638297872340425,0.0,0,No
PRV56461,Inpatient,10,100000,10000.0,5.5,5.5,0,No
PRV56461,Outpatient,105,35180,335.04761904761904,0.8857142857142857,0.0,0,No
PRV56463,Outpatient,18,1660,92.22222222222223,2.2222222222222223,0.0,0,No
PRV56464,Outpatient,84,14920,177.61904761904762,0.5595238095238095,0.0,0,No
PRV56466,Outpatient,56,8190,146.25,1.0892857142857142,0.0,0,No
PRV56467,Outpatient,349,95720,274.269340974212,1.5530085959885387,0.0,0,No
PRV56468,Inpatient,5,40000,8000.0,7.2,7.2,0,No
PRV56468,Outpatient,29,7270,250.68965517241378,1.6206896551724137,0.0,0,No
PRV56469,Inpatient,36,401000,11138.888888888889,5.944444444444445,5.944444444444445,0,No
PRV56469,Outpatient,95,29560,311.1578947368421,1.4210526315789473,0.0,0,No
PRV56470,Inpatient,5,28000,5600.0,4.6,4.6,0,No
PRV56470,Outpatient,32,7610,237.8125,0.75,0.0,0,No
PRV56471,Outpatient,43,10490,243.95348837209303,2.395348837209302,0.0,0,No
PRV56473,Inpatient,7,63000,9000.0,7.857142857142857,7.857142857142857,0,No
PRV56473,Outpatient,48,8310,173.125,0.875,0.0,0,No
PRV56474,Inpatient,1,7000,7000.0,12.0,12.0,0,No
PRV56474,Outpatient,30,6970,232.33333333333334,0.5333333333333333,0.0,0,No
PRV56475,Outpatient,34,11180,328.8235294117647,1.2058823529411764,0.0,0,No
PRV56476,Inpatient,1,6000,6000.0,6.0,6.0,0,No
PRV56476,Outpatient,3,700,233.33333333333334,0.0,0.0,0,No
PRV56477,Outpatient,9,4460,495.55555555555554,1.4444444444444444,0.0,0,No
PRV56478,Inpatient,67,613500,9156.716417910447,6.029850746268656,6.029850746268656,0,No
PRV56478,Outpatient,85,25350,298.2352941176471,1.8588235294117648,0.0,0,No
PRV56479,Outpatient,140,38990,278.5,1.5214285714285714,0.0,0,No
PRV56480,Outpatient,21,3120,148.57142857142858,1.0952380952380953,0.0,0,No
PRV56481,Inpatient,78,659000,8448.71794871795,5.384615384615385,5.384615384615385,1,Yes
PRV56481,Outpatient,50,9910,198.2,1.06,0.0,1,Yes
PRV56482,Outpatient,28,14780,527.8571428571429,1.5,0.0,0,No
PRV56483,Inpatient,2,12000,6000.0,3.5,3.5,0,No
PRV56483,Outpatient,30,13850,461.6666666666667,1.6,0.0,0,No
PRV56484,Outpatient,9,6980,775.5555555555555,2.4444444444444446,0.0,0,No
PRV56485,Inpatient,1,10000,10000.0,0.0,0.0,0,No
PRV56485,Outpatient,47,16790,357.2340425531915,2.3617021276595747,0.0,0,No
PRV56486,Outpatient,77,26220,340.5194805194805,1.8181818181818181,0.0,0,No
PRV56487,Inpatient,1,9000,9000.0,1.0,1.0,0,No
PRV56487,Outpatient,26,3230,124.23076923076923,2.1153846153846154,0.0,0,No
PRV56489,Outpatient,21,9350,445.23809523809524,1.7619047619047619,0.0,0,No
PRV56490,Inpatient,11,78000,7090.909090909091,2.909090909090909,2.909090909090909,0,No
PRV56490,Outpatient,3,170,56.666666666666664,0.0,0.0,0,No
PRV56494,Outpatient,560,185430,331.125,2.007142857142857,0.0,0,No
PRV56495,Outpatient,36,11750,326.3888888888889,0.8055555555555556,0.0,0,No
PRV56496,Outpatient,41,13620,332.1951219512195,1.6829268292682926,0.0,0,No
PRV56497,Outpatient,30,12540,418.0,1.4666666666666666,0.0,0,No
PRV56498,Outpatient,7,2510,358.57142857142856,1.0,0.0,0,No
PRV56500,Inpatient,3,19000,6333.333333333333,3.6666666666666665,3.6666666666666665,0,No
PRV56500,Outpatient,148,46010,310.8783783783784,1.527027027027027,0.0,0,No
PRV56501,Inpatient,6,94000,15666.666666666666,10.0,10.0,1,Yes
PRV56501,Outpatient,226,81190,359.24778761061947,1.4690265486725664,0.0,1,Yes
PRV56502,Outpatient,7,1410,201.42857142857142,1.1428571428571428,0.0,0,No
PRV56504,Outpatient,66,17090,258.93939393939394,1.5606060606060606,0.0,0,No
PRV56507,Inpatient,7,163000,23285.714285714286,5.714285714285714,5.714285714285714,0,No
PRV56507,Outpatient,35,97300,2780.0,3.4571428571428573,0.0,0,No
PRV56508,Outpatient,177,48580,274.4632768361582,1.5593220338983051,0.0,0,No
PRV56509,Outpatient,117,42370,362.13675213675214,1.3333333333333333,0.0,0,No
PRV56510,Outpatient,9,800,88.88888888888889,0.0,0.0,0,No
PRV56511,Outpatient,23,6060,263.4782608695652,0.9130434782608695,0.0,0,No
PRV56512,Outpatient,27,10050,372.22222222222223,1.0740740740740742,0.0,0,No
PRV56514,Outpatient,6,1230,205.0,5.333333333333333,0.0,0,No
PRV56515,Outpatient,7,2640,377.14285714285717,0.14285714285714285,0.0,0,No
PRV56517,Outpatient,123,38170,310.3252032520325,1.6504065040650406,0.0,0,No
PRV56518,Outpatient,2,900,450.0,0.0,0.0,0,No
PRV56519,Inpatient,7,69000,9857.142857142857,3.857142857142857,3.857142857142857,0,No
PRV56521,Outpatient,32,11840,370.0,2.46875,0.0,0,No
PRV56522,Outpatient,3,1700,566.6666666666666,6.333333333333333,0.0,0,No
PRV56523,Outpatient,21,6670,317.6190476190476,0.9523809523809523,0.0,1,Yes
PRV56524,Outpatient,3,120,40.0,5.666666666666667,0.0,0,No
PRV56525,Outpatient,66,18830,285.3030303030303,1.4242424242424243,0.0,0,No
PRV56526,Outpatient,32,9020,281.875,1.9375,0.0,0,No
PRV56527,Outpatient,57,19990,350.70175438596493,0.8245614035087719,0.0,0,No
PRV56528,Outpatient,21,2400,114.28571428571429,0.0,0.0,0,No
PRV56529,Outpatient,34,4970,146.1764705882353,0.35294117647058826,0.0,0,No
PRV56530,Outpatient,3,380,126.66666666666667,13.333333333333334,0.0,0,No
PRV56531,Outpatient,5,300,60.0,0.0,0.0,0,No
PRV56533,Inpatient,15,93000,6200.0,4.2,4.2,0,No
PRV56535,Outpatient,67,17920,267.46268656716416,0.8656716417910447,0.0,0,No
PRV56536,Outpatient,65,17500,269.2307692307692,2.0615384615384613,0.0,0,No
PRV56537,Outpatient,104,22710,218.3653846153846,1.3557692307692308,0.0,0,No
PRV56538,Outpatient,23,4480,194.7826086956522,0.8260869565217391,0.0,0,No
PRV56539,Outpatient,1,900,900.0,0.0,0.0,0,No
PRV56540,Inpatient,1,0,0.0,5.0,5.0,0,No
PRV56541,Inpatient,54,584000,10814.814814814816,6.0,6.0,1,Yes
PRV56543,Inpatient,4,22000,5500.0,3.0,3.0,0,No
PRV56544,Inpatient,18,99000,5500.0,3.111111111111111,3.111111111111111,0,No
PRV56544,Outpatient,2,630,315.0,10.0,0.0,0,No
PRV56545,Inpatient,1,7000,7000.0,6.0,6.0,0,No
PRV56546,Inpatient,9,80000,8888.888888888889,5.555555555555555,5.555555555555555,0,No
PRV56547,Inpatient,7,60000,8571.42857142857,4.714285714285714,4.714285714285714,0,No
PRV56548,Inpatient,8,124000,15500.0,6.375,6.375,0,No
PRV56549,Inpatient,2,14000,7000.0,3.5,3.5,0,No
PRV56550,Inpatient,55,540000,9818.181818181818,5.836363636363636,5.836363636363636,1,Yes
PRV56550,Outpatient,25,14890,595.6,0.88,0.0,1,Yes
PRV56551,Outpatient,36,14070,390.8333333333333,1.9166666666666667,0.0,0,No
PRV56552,Outpatient,24,7390,307.9166666666667,0.875,0.0,0,No
PRV56553,Outpatient,65,14620,224.92307692307693,2.246153846153846,0.0,0,No
PRV56554,Outpatient,48,13810,287.7083333333333,0.5416666666666666,0.0,0,No
PRV56555,Inpatient,59,491000,8322.033898305084,7.169491525423729,7.169491525423729,0,No
PRV56555,Outpatient,10,3800,380.0,0.1,0.0,0,No
PRV56556,Inpatient,74,619000,8364.864864864865,5.364864864864865,5.364864864864865,0,No
PRV56556,Outpatient,806,233530,289.7394540942928,1.349875930521092,0.0,0,No
PRV56557,Outpatient,65,22690,349.0769230769231,2.923076923076923,0.0,0,No
PRV56559,Outpatient,1113,345330,310.26954177897574,1.4788858939802336,0.0,0,No
PRV56560,Inpatient,248,2605900,10507.661290322581,5.810483870967742,5.810483870967742,1,Yes
PRV56560,Outpatient,2065,606100,293.51089588377727,1.5331719128329298,0.0,1,Yes
PRV56562,Inpatient,2,38000,19000.0,1.5,1.5,0,No
PRV56562,Outpatient,35,10650,304.2857142857143,1.5714285714285714,0.0,0,No
PRV56563,Inpatient,8,91000,11375.0,3.5,3.5,0,No
PRV56563,Outpatient,22,5890,267.72727272727275,0.09090909090909091,0.0,0,No
PRV56566,Inpatient,1,12000,12000.0,8.0,8.0,1,Yes
PRV56566,Outpatient,175,56110,320.62857142857143,0.9428571428571428,0.0,1,Yes
PRV56568,Outpatient,131,62180,474.6564885496183,2.450381679389313,0.0,0,No
PRV56570,Inpatient,13,148000,11384.615384615385,4.615384615384615,4.615384615384615,0,No
PRV56570,Outpatient,17,2940,172.94117647058823,0.17647058823529413,0.0,0,No
PRV56571,Inpatient,3,27000,9000.0,8.333333333333334,8.333333333333334,0,No
PRV56571,Outpatient,8,4520,565.0,2.125,0.0,0,No
PRV56572,Outpatient,20,3890,194.5,0.0,0.0,0,No
PRV56574,Inpatient,12,104000,8666.666666666666,4.083333333333333,4.083333333333333,0,No
PRV56574,Outpatient,50,17180,343.6,1.76,0.0,0,No
PRV56575,Inpatient,113,958000,8477.87610619469,5.460176991150442,5.460176991150442,1,Yes
PRV56575,Outpatient,717,196530,274.10041841004187,1.3598326359832635,0.0,1,Yes
PRV56576,Inpatient,1,4000,4000.0,2.0,2.0,0,No
PRV56576,Outpatient,233,63150,271.0300429184549,1.44206008583691,0.0,0,No
PRV56577,Inpatient,8,51000,6375.0,3.75,3.75,0,No
PRV56577,Outpatient,285,61430,215.5438596491228,1.3228070175438595,0.0,0,No
PRV56578,Inpatient,7,115000,16428.571428571428,6.142857142857143,6.142857142857143,0,No
PRV56578,Outpatient,74,23730,320.6756756756757,1.4864864864864864,0.0,0,No
PRV56579,Outpatient,39,6850,175.64102564102564,0.2564102564102564,0.0,0,No
PRV56580,Outpatient,185,62890,339.94594594594594,1.372972972972973,0.0,0,No
PRV56581,Outpatient,7,2110,301.42857142857144,0.0,0.0,0,No
PRV56582,Outpatient,1,30,30.0,0.0,0.0,0,No
PRV56583,Inpatient,13,105000,8076.923076923077,4.076923076923077,4.153846153846154,0,No
PRV56583,Outpatient,11,4070,370.0,1.8181818181818181,0.0,0,No
PRV56584,Inpatient,4,21000,5250.0,3.25,3.25,0,No
PRV56584,Outpatient,51,15660,307.05882352941177,0.1568627450980392,0.0,0,No
PRV56585,Inpatient,4,25000,6250.0,5.5,5.5,0,No
PRV56585,Outpatient,3,90,30.0,0.0,0.0,0,No
PRV56586,Outpatient,4,370,92.5,1.0,0.0,0,No
PRV56587,Inpatient,18,241000,13388.888888888889,7.388888888888889,7.388888888888889,1,Yes
PRV56587,Outpatient,455,136970,301.032967032967,1.7978021978021979,0.0,1,Yes
PRV56588,Inpatient,100,962000,9620.0,6.15,6.15,1,Yes
PRV56588,Outpatient,169,68600,405.91715976331363,2.5088757396449703,0.0,1,Yes
PRV56589,Inpatient,4,31000,7750.0,4.5,4.5,0,No
PRV56589,Outpatient,20,11650,582.5,2.25,0.0,0,No
PRV56590,Outpatient,33,10410,315.45454545454544,0.6060606060606061,0.0,0,No
PRV56591,Inpatient,16,98000,6125.0,4.8125,4.8125,1,Yes
PRV56591,Outpatient,127,37460,294.96062992125985,1.6220472440944882,0.0,1,Yes
PRV56592,Inpatient,63,726400,11530.15873015873,5.26984126984127,5.26984126984127,1,Yes
PRV56592,Outpatient,55,5840,106.18181818181819,0.43636363636363634,0.0,1,Yes
PRV56593,Outpatient,46,13490,293.2608695652174,1.565217391304348,0.0,0,No
PRV56594,Outpatient,70,29730,424.7142857142857,2.2,0.0,0,No
PRV56595,Outpatient,56,15760,281.42857142857144,0.19642857142857142,0.0,0,No
PRV56596,Outpatient,18,4140,230.0,1.5,0.0,0,No
PRV56597,Outpatient,191,52120,272.87958115183244,1.4659685863874345,0.0,0,No
PRV56598,Outpatient,280,87080,311.0,1.3178571428571428,0.0,0,No
PRV56601,Inpatient,1,3000,3000.0,9.0,9.0,0,No
PRV56601,Outpatient,32,8510,265.9375,3.125,0.0,0,No
PRV56602,Outpatient,145,55810,384.8965517241379,1.9586206896551723,0.0,0,No
PRV56603,Inpatient,1,6000,6000.0,3.0,3.0,0,No
PRV56603,Outpatient,3,120,40.0,0.3333333333333333,0.0,0,No
PRV56604,Outpatient,29,9780,337.2413793103448,0.4827586206896552,0.0,0,No
PRV56605,Inpatient,4,26000,6500.0,2.75,2.75,1,Yes
PRV56605,Outpatient,104,25240,242.69230769230768,0.9038461538461539,0.0,1,Yes
PRV56606,Inpatient,9,81000,9000.0,8.777777777777779,8.777777777777779,0,No
PRV56606,Outpatient,55,13550,246.36363636363637,0.7454545454545455,0.0,0,No
PRV56607,Inpatient,4,26000,6500.0,9.25,9.25,0,No
PRV56607,Outpatient,68,22820,335.5882352941176,1.338235294117647,0.0,0,No
PRV56608,Outpatient,856,235250,274.8247663551402,1.5408878504672898,0.0,1,Yes
PRV56610,Inpatient,12,74000,6166.666666666667,4.166666666666667,4.166666666666667,0,No
PRV56610,Outpatient,18,2590,143.88888888888889,2.2222222222222223,0.0,0,No
PRV56611,Outpatient,123,26970,219.26829268292684,0.926829268292683,0.0,0,No
PRV56613,Outpatient,304,81390,267.73026315789474,1.4210526315789473,0.0,0,No
PRV56614,Inpatient,15,125000,8333.333333333334,6.8,6.8,0,No
PRV56614,Outpatient,11,1100,100.0,1.2727272727272727,0.0,0,No
PRV56615,Inpatient,3,36000,12000.0,6.666666666666667,6.666666666666667,0,No
PRV56615,Outpatient,126,28650,227.38095238095238,0.9285714285714286,0.0,0,No
PRV56616,Outpatient,176,38150,216.76136363636363,1.1818181818181819,0.0,1,Yes
PRV56618,Outpatient,135,32210,238.59259259259258,0.9111111111111111,0.0,0,No
PRV56621,Outpatient,91,31940,350.989010989011,1.978021978021978,0.0,0,No
PRV56622,Outpatient,26,8930,343.46153846153845,2.3461538461538463,0.0,0,No
PRV56624,Inpatient,7,183000,26142.85714285714,11.285714285714286,11.285714285714286,1,Yes
PRV56624,Outpatient,15,4460,297.3333333333333,0.0,0.0,1,Yes
PRV56625,Outpatient,36,10020,278.3333333333333,1.1666666666666667,0.0,0,No
PRV56626,Inpatient,4,44200,11050.0,4.5,4.5,0,No
PRV56626,Outpatient,90,21470,238.55555555555554,1.6,0.0,0,No
PRV56628,Inpatient,9,83800,9311.111111111111,7.0,7.0,0,No
PRV56628,Outpatient,92,26620,289.3478260869565,1.0326086956521738,0.0,0,No
PRV56630,Inpatient,63,567000,9000.0,4.571428571428571,4.571428571428571,1,Yes
PRV56630,Outpatient,96,30230,314.8958333333333,1.3333333333333333,0.0,1,Yes
PRV56632,Inpatient,7,39000,5571.428571428572,4.285714285714286,4.285714285714286,0,No
PRV56632,Outpatient,66,25920,392.72727272727275,0.7272727272727273,0.0,0,No
PRV56633,Outpatient,5,600,120.0,0.2,0.0,0,No
PRV56634,Outpatient,206,55830,271.0194174757282,1.0776699029126213,0.0,0,No
PRV56635,Outpatient,10,2270,227.0,2.0,0.0,0,No
PRV56637,Outpatient,161,40250,250.0,1.8322981366459627,0.0,0,No
PRV56638,Outpatient,26,7230,278.0769230769231,0.7307692307692307,0.0,0,No
PRV56639,Outpatient,96,46400,483.3333333333333,2.2916666666666665,0.0,0,No
PRV56640,Outpatient,23,7320,318.2608695652174,1.0434782608695652,0.0,0,No
PRV56641,Outpatient,1,100,100.0,0.0,0.0,0,No
PRV56642,Outpatient,141,45430,322.1985815602837,1.24822695035461,0.0,0,No
PRV56643,Inpatient,8,67000,8375.0,6.0,6.0,0,No
PRV56643,Outpatient,16,5690,355.625,1.25,0.0,0,No
PRV56645,Outpatient,64,22720,355.0,1.78125,0.0,0,No
PRV56647,Inpatient,121,1274600,10533.88429752066,6.198347107438017,6.223140495867769,1,Yes
PRV56647,Outpatient,62,14310,230.80645161290323,0.7258064516129032,0.0,1,Yes
PRV56648,Outpatient,49,14940,304.8979591836735,1.7142857142857142,0.0,0,No
PRV56649,Inpatient,7,120000,17142.85714285714,5.428571428571429,5.428571428571429,1,Yes
PRV56649,Outpatient,259,72350,279.34362934362935,1.8108108108108107,0.0,1,Yes
PRV56651,Outpatient,71,18630,262.3943661971831,0.16901408450704225,0.0,0,No
PRV56653,Outpatient,72,21060,292.5,1.4583333333333333,0.0,0,No
PRV56654,Outpatient,49,17620,359.59183673469386,0.6326530612244898,0.0,0,No
PRV56655,Outpatient,251,69380,276.41434262948206,1.6414342629482073,0.0,0,No
PRV56656,Outpatient,42,14060,334.76190476190476,2.0476190476190474,0.0,0,No
PRV56657,Outpatient,20,5200,260.0,1.85,0.0,0,No
PRV56658,Inpatient,1,20000,20000.0,16.0,16.0,0,No
PRV56658,Outpatient,69,15160,219.71014492753622,0.8115942028985508,0.0,0,No
PRV56659,Inpatient,2,9000,4500.0,3.5,3.5,0,No
PRV56659,Outpatient,139,25550,183.81294964028777,1.6906474820143884,0.0,0,No
PRV56660,Outpatient,4,180,45.0,0.0,0.0,0,No
PRV56662,Inpatient,3,14000,4666.666666666667,1.6666666666666667,1.6666666666666667,0,No
PRV56662,Outpatient,6,1290,215.0,2.8333333333333335,0.0,0,No
PRV56663,Inpatient,13,100020,7693.846153846154,5.923076923076923,5.923076923076923,0,No
PRV56663,Outpatient,238,59620,250.50420168067228,1.3025210084033614,0.0,0,No
PRV56664,Inpatient,1,57000,57000.0,8.0,8.0,0,No
PRV56664,Outpatient,14,2600,185.71428571428572,1.6428571428571428,0.0,0,No
PRV56667,Outpatient,32,6300,196.875,0.4375,0.0,0,No
PRV56668,Inpatient,52,619000,11903.846153846154,6.384615384615385,6.384615384615385,1,Yes
PRV56668,Outpatient,21,4470,212.85714285714286,0.047619047619047616,0.0,1,Yes
PRV56669,Inpatient,29,278400,9600.0,6.275862068965517,6.275862068965517,1,Yes
PRV56669,Outpatient,11,5210,473.6363636363636,3.090909090909091,0.0,1,Yes
PRV56671,Inpatient,3,25000,8333.333333333334,5.666666666666667,5.666666666666667,0,No
PRV56671,Outpatient,40,10340,258.5,1.2,0.0,0,No
PRV56672,Outpatient,161,40980,254.53416149068323,1.7577639751552796,0.0,0,No
PRV56673,Inpatient,2,42000,21000.0,3.0,3.0,0,No
PRV56673,Outpatient,2,640,320.0,0.0,0.0,0,No
PRV56674,Outpatient,46,15860,344.7826086956522,1.891304347826087,0.0,0,No
PRV56675,Outpatient,323,98690,305.54179566563465,1.6904024767801857,0.0,0,No
PRV56677,Outpatient,1,20,20.0,14.0,0.0,0,No
PRV56679,Outpatient,25,4170,166.8,0.68,0.0,0,No
PRV56680,Inpatient,8,61000,7625.0,5.625,5.625,0,No
PRV56680,Outpatient,25,3400,136.0,0.88,0.0,0,No
PRV56681,Outpatient,5,790,158.0,0.0,0.0,0,No
PRV56682,Inpatient,3,14000,4666.666666666667,3.6666666666666665,3.6666666666666665,0,No
PRV56682,Outpatient,16,2410,150.625,1.3125,0.0,0,No
PRV56683,Outpatient,167,54880,328.622754491018,1.215568862275449,0.0,0,No
PRV56684,Inpatient,16,158000,9875.0,4.75,4.75,0,No
PRV56684,Outpatient,76,14070,185.1315789473684,1.0789473684210527,0.0,0,No
PRV56685,Inpatient,35,327900,9368.57142857143,5.9714285714285715,5.9714285714285715,1,Yes
PRV56685,Outpatient,370,107390,290.2432432432432,1.4864864864864864,0.0,1,Yes
PRV56686,Inpatient,15,142000,9466.666666666666,5.4,5.4,0,No
PRV56686,Outpatient,5,1000,200.0,0.2,0.0,0,No
PRV56687,Outpatient,9,4120,457.77777777777777,0.0,0.0,0,No
PRV56688,Outpatient,37,7860,212.43243243243242,2.081081081081081,0.0,0,No
PRV56689,Outpatient,1794,505530,281.7892976588629,1.4319955406911928,0.0,1,Yes
PRV56691,Outpatient,4,340,85.0,1.25,0.0,0,No
PRV56693,Outpatient,373,91230,244.58445040214477,1.0402144772117963,0.0,0,No
PRV56694,Outpatient,8,3950,493.75,7.0,0.0,0,No
PRV56696,Inpatient,7,65000,9285.714285714286,5.142857142857143,5.142857142857143,0,No
PRV56696,Outpatient,27,4220,156.2962962962963,0.18518518518518517,0.0,0,No
PRV56697,Outpatient,78,21570,276.53846153846155,0.8205128205128205,0.0,0,No
PRV56699,Outpatient,3,550,183.33333333333334,0.0,0.0,0,No
PRV56700,Outpatient,5,640,128.0,0.0,0.0,0,No
PRV56701,Inpatient,4,32000,8000.0,7.0,7.0,0,No
PRV56701,Outpatient,19,4680,246.31578947368422,0.10526315789473684,0.0,0,No
PRV56702,Outpatient,224,47350,211.38392857142858,1.4285714285714286,0.0,0,No
PRV56703,Inpatient,21,180200,8580.952380952382,6.714285714285714,6.714285714285714,0,No
PRV56703,Outpatient,27,5870,217.40740740740742,1.0740740740740742,0.0,0,No
PRV56705,Inpatient,4,56000,14000.0,7.75,7.75,0,No
PRV56705,Outpatient,12,5120,426.6666666666667,0.0,0.0,0,No
PRV56706,Inpatient,31,248000,8000.0,5.161290322580645,5.161290322580645,1,Yes
PRV56706,Outpatient,316,98360,311.26582278481015,1.8449367088607596,0.0,1,Yes
PRV56707,Outpatient,18,2860,158.88888888888889,0.0,0.0,0,No
PRV56708,Outpatient,7,3530,504.2857142857143,0.42857142857142855,0.0,0,No
PRV56710,Inpatient,10,50000,5000.0,3.1,3.1,0,No
PRV56710,Outpatient,57,14690,257.719298245614,0.43859649122807015,0.0,0,No
PRV56711,Inpatient,8,93000,11625.0,7.5,7.5,1,Yes
PRV56711,Outpatient,55,14950,271.8181818181818,1.7818181818181817,0.0,1,Yes
PRV56712,Inpatient,2,5000,2500.0,5.5,5.5,0,No
PRV56712,Outpatient,2,310,155.0,0.0,0.0,0,No
PRV56713,Inpatient,55,468000,8509.09090909091,4.763636363636364,4.763636363636364,0,No
PRV56713,Outpatient,118,31920,270.50847457627117,0.9322033898305084,0.0,0,No
PRV56715,Inpatient,3,16000,5333.333333333333,11.0,11.0,0,No
PRV56715,Outpatient,10,2670,267.0,0.0,0.0,0,No
PRV56716,Outpatient,124,47360,381.93548387096774,1.75,0.0,0,No
PRV56717,Inpatient,1,11000,11000.0,10.0,10.0,0,No
PRV56717,Outpatient,7,400,57.142857142857146,0.0,0.0,0,No
PRV56718,Outpatient,142,32620,229.71830985915494,1.119718309859155,0.0,0,No
PRV56719,Inpatient,10,108000,10800.0,6.1,6.1,1,Yes
PRV56719,Outpatient,57,15600,273.6842105263158,2.280701754385965,0.0,1,Yes
PRV56720,Inpatient,2,16000,8000.0,3.5,3.5,0,No
PRV56720,Outpatient,10,2750,275.0,2.0,0.0,0,No
PRV56721,Outpatient,202,60120,297.6237623762376,1.0445544554455446,0.0,0,No
PRV56722,Inpatient,2,17000,8500.0,7.0,7.0,0,No
PRV56722,Outpatient,23,7770,337.82608695652175,2.6956521739130435,0.0,0,No
PRV56723,Outpatient,18,2830,157.22222222222223,0.5,0.0,0,No
PRV56724,Inpatient,6,81000,13500.0,8.166666666666666,8.166666666666666,0,No
PRV56724,Outpatient,20,4860,243.0,0.05,0.0,0,No
PRV56725,Outpatient,291,99310,341.27147766323026,1.0756013745704467,0.0,0,No
PRV56726,Inpatient,3,67000,22333.333333333332,2.3333333333333335,2.3333333333333335,0,No
PRV56726,Outpatient,13,5440,418.46153846153845,1.3076923076923077,0.0,0,No
PRV56728,Outpatient,42,10640,253.33333333333334,1.0952380952380953,0.0,0,No
PRV56729,Outpatient,219,70080,320.0,1.6757990867579908,0.0,0,No
PRV56730,Inpatient,23,295700,12856.521739130434,5.565217391304348,5.565217391304348,1,Yes
PRV56730,Outpatient,31,8250,266.1290322580645,2.2903225806451615,0.0,1,Yes
PRV56731,Inpatient,4,104000,26000.0,13.25,13.25,1,Yes
PRV56731,Outpatient,16,5700,356.25,1.25,0.0,1,Yes
PRV56732,Inpatient,13,171100,13161.538461538461,6.230769230769231,6.230769230769231,1,Yes
PRV56732,Outpatient,15,1820,121.33333333333333,0.6666666666666666,0.0,1,Yes
PRV56733,Inpatient,12,79000,6583.333333333333,4.833333333333333,4.833333333333333,0,No
PRV56733,Outpatient,186,44300,238.1720430107527,0.5645161290322581,0.0,0,No
PRV56734,Inpatient,10,107000,10700.0,6.7,6.7,0,No
PRV56734,Outpatient,12,2700,225.0,1.8333333333333333,0.0,0,No
PRV56735,Outpatient,412,133630,324.34466019417476,1.6140776699029127,0.0,0,No
PRV56738,Inpatient,19,143000,7526.315789473684,5.842105263157895,5.842105263157895,0,No
PRV56738,Outpatient,493,125680,254.9290060851927,1.3732251521298176,0.0,0,No
PRV56739,Inpatient,1,11000,11000.0,3.0,3.0,0,No
PRV56739,Outpatient,4,150,37.5,0.0,0.0,0,No
PRV56740,Outpatient,45,8720,193.77777777777777,0.8,0.0,0,No
PRV56741,Outpatient,25,5620,224.8,0.04,0.0,0,No
PRV56742,Inpatient,9,116000,12888.888888888889,6.111111111111111,6.111111111111111,0,No
PRV56742,Outpatient,26,4750,182.69230769230768,3.1153846153846154,0.0,0,No
PRV56743,Outpatient,393,126960,323.0534351145038,1.1450381679389312,0.0,0,No
PRV56745,Outpatient,132,27460,208.03030303030303,1.1363636363636365,0.0,0,No
PRV56746,Inpatient,15,160000,10666.666666666666,4.466666666666667,4.466666666666667,0,No
PRV56746,Outpatient,28,11030,393.92857142857144,1.6785714285714286,0.0,0,No
PRV56747,Inpatient,1,12000,12000.0,6.0,6.0,0,No
PRV56747,Outpatient,15,6530,435.3333333333333,2.8666666666666667,0.0,0,No
PRV56748,Inpatient,117,1319000,11273.504273504273,5.435897435897436,5.435897435897436,1,Yes
PRV56748,Outpatient,346,96780,279.71098265895955,1.3554913294797688,0.0,1,Yes
PRV56749,Inpatient,11,108000,9818.181818181818,6.636363636363637,6.636363636363637,0,No
PRV56749,Outpatient,17,2210,130.0,0.9411764705882353,0.0,0,No
PRV56750,Inpatient,1,25000,25000.0,10.0,10.0,0,No
PRV56750,Outpatient,10,1350,135.0,2.7,0.0,0,No
PRV56751,Inpatient,5,66000,13200.0,4.4,4.4,0,No
PRV56751,Outpatient,79,20410,258.3544303797468,0.7721518987341772,0.0,0,No
PRV56752,Inpatient,1,12000,12000.0,2.0,2.0,0,No
PRV56752,Outpatient,24,4120,171.66666666666666,0.9583333333333334,0.0,0,No
PRV56753,Inpatient,9,93000,10333.333333333334,6.0,6.0,0,No
PRV56753,Outpatient,15,7080,472.0,1.2,0.0,0,No
PRV56754,Inpatient,9,54000,6000.0,4.0,4.0,0,No
PRV56754,Outpatient,100,20050,200.5,1.46,0.0,0,No
PRV56755,Inpatient,3,51000,17000.0,4.666666666666667,4.666666666666667,0,No
PRV56755,Outpatient,15,3160,210.66666666666666,1.3333333333333333,0.0,0,No
PRV56758,Outpatient,531,164890,310.52730696798494,1.6497175141242937,0.0,0,No
PRV56759,Inpatient,2,27000,13500.0,8.5,8.5,0,No
PRV56759,Outpatient,9,1260,140.0,3.7777777777777777,0.0,0,No
PRV56760,Outpatient,643,188300,292.84603421461895,1.5489891135303266,0.0,0,No
PRV56761,Inpatient,92,825000,8967.391304347826,5.260869565217392,5.260869565217392,0,No
PRV56761,Outpatient,25,7220,288.8,1.6,0.0,0,No
PRV56762,Inpatient,1,3000,3000.0,4.0,4.0,0,No
PRV56762,Outpatient,38,7710,202.89473684210526,0.34210526315789475,0.0,0,No
PRV56763,Inpatient,13,115000,8846.153846153846,9.692307692307692,9.692307692307692,0,No
PRV56763,Outpatient,13,1490,114.61538461538461,0.0,0.0,0,No
PRV56764,Inpatient,5,50000,10000.0,5.8,5.8,0,No
PRV56764,Outpatient,196,45680,233.0612244897959,1.760204081632653,0.0,0,No
PRV56765,Outpatient,22,5970,271.3636363636364,1.5454545454545454,0.0,0,No
PRV56766,Inpatient,2,16000,8000.0,3.0,3.0,0,No
PRV56766,Outpatient,27,8780,325.18518518518516,1.7407407407407407,0.0,0,No
PRV56767,Inpatient,6,50000,8333.333333333334,3.3333333333333335,3.3333333333333335,0,No
PRV56767,Outpatient,12,1570,130.83333333333334,2.6666666666666665,0.0,0,No
PRV56768,Inpatient,4,17000,4250.0,2.5,2.5,0,No
PRV56769,Inpatient,4,32000,8000.0,6.5,6.5,0,No
PRV56769,Outpatient,19,3120,164.21052631578948,0.42105263157894735,0.0,0,No
PRV56771,Outpatient,2,460,230.0,0.0,0.0,0,No
PRV56772,Inpatient,5,36000,7200.0,8.4,8.4,0,No
PRV56772,Outpatient,65,11960,184.0,1.1076923076923078,0.0,0,No
PRV56773,Inpatient,7,48000,6857.142857142857,6.285714285714286,6.285714285714286,0,No
PRV56773,Outpatient,36,16730,464.72222222222223,0.6666666666666666,0.0,0,No
PRV56774,Inpatient,1,4000,4000.0,4.0,4.0,0,No
PRV56775,Inpatient,3,28000,9333.333333333334,10.666666666666666,10.666666666666666,0,No
PRV56775,Outpatient,15,6350,423.3333333333333,1.3333333333333333,0.0,0,No
PRV56777,Inpatient,13,109000,8384.615384615385,4.769230769230769,4.769230769230769,0,No
PRV56777,Outpatient,31,4150,133.8709677419355,1.7096774193548387,0.0,0,No
PRV56778,Inpatient,15,114000,7600.0,5.266666666666667,5.6,0,No
PRV56778,Outpatient,23,8180,355.6521739130435,1.7391304347826086,0.0,0,No
PRV56780,Outpatient,7,880,125.71428571428571,0.0,0.0,0,No
PRV56782,Outpatient,288,90010,312.53472222222223,1.7534722222222223,0.0,0,No
PRV56783,Outpatient,85,25430,299.1764705882353,1.411764705882353,0.0,0,No
PRV56784,Outpatient,19,6920,364.2105263157895,0.05263157894736842,0.0,0,No
PRV56788,Outpatient,177,50070,282.8813559322034,1.271186440677966,0.0,0,No
PRV56789,Inpatient,7,48000,6857.142857142857,4.571428571428571,4.571428571428571,0,No
PRV56789,Outpatient,60,15510,258.5,0.7333333333333333,0.0,0,No
PRV56790,Outpatient,91,34990,384.5054945054945,1.2527472527472527,0.0,0,No
PRV56791,Outpatient,233,67030,287.6824034334764,1.3562231759656653,0.0,0,No
PRV56792,Outpatient,8,2460,307.5,0.875,0.0,0,No
PRV56793,Inpatient,3,44000,14666.666666666666,4.0,4.0,0,No
PRV56793,Outpatient,28,12330,440.35714285714283,2.1785714285714284,0.0,0,No
PRV56796,Inpatient,3,49000,16333.333333333334,4.0,4.0,0,No
PRV56796,Outpatient,89,22490,252.69662921348313,0.6629213483146067,0.0,0,No
PRV56797,Outpatient,5,1260,252.0,0.0,0.0,0,No
PRV56798,Outpatient,24,10100,420.8333333333333,2.375,0.0,0,No
PRV56800,Inpatient,7,92000,13142.857142857143,8.285714285714286,8.285714285714286,0,No
PRV56800,Outpatient,50,8830,176.6,1.38,0.0,0,No
PRV56801,Outpatient,25,8210,328.4,2.76,0.0,0,No
PRV56802,Inpatient,13,185000,14230.76923076923,4.384615384615385,4.384615384615385,0,No
PRV56803,Inpatient,8,100000,12500.0,6.625,6.625,0,No
PRV56803,Outpatient,787,219420,278.80559085133416,1.6162642947903432,0.0,0,No
PRV56805,Outpatient,1,70,70.0,0.0,0.0,0,No
PRV56807,Outpatient,91,22740,249.8901098901099,1.2637362637362637,0.0,0,No
PRV56808,Inpatient,47,431000,9170.212765957447,4.404255319148936,4.404255319148936,1,Yes
PRV56808,Outpatient,15,2610,174.0,1.3333333333333333,0.0,1,Yes
PRV56809,Inpatient,4,31000,7750.0,4.5,4.5,0,No
PRV56809,Outpatient,40,14270,356.75,1.15,0.0,0,No
PRV56810,Outpatient,14,7890,563.5714285714286,2.857142857142857,0.0,0,No
PRV56811,Inpatient,8,91000,11375.0,5.375,5.375,0,No
PRV56811,Outpatient,54,15050,278.7037037037037,1.2962962962962963,0.0,0,No
PRV56813,Outpatient,106,33940,320.188679245283,1.4245283018867925,0.0,0,No
PRV56816,Outpatient,15,7040,469.3333333333333,1.4,0.0,0,No
PRV56818,Inpatient,4,44000,11000.0,4.75,4.75,0,No
PRV56818,Outpatient,16,1540,96.25,0.25,0.0,0,No
PRV56819,Inpatient,24,219000,9125.0,6.708333333333333,6.708333333333333,0,No
PRV56819,Outpatient,1,1900,1900.0,0.0,0.0,0,No
PRV56820,Outpatient,5,820,164.0,0.0,0.0,0,No
PRV56821,Outpatient,12,3160,263.3333333333333,1.6666666666666667,0.0,0,No
PRV56823,Outpatient,18,6320,351.1111111111111,2.2222222222222223,0.0,0,No
PRV56824,Outpatient,136,47540,349.55882352941177,1.4264705882352942,0.0,0,No
PRV56826,Inpatient,4,18000,4500.0,3.75,3.75,0,No
PRV56826,Outpatient,20,2870,143.5,1.3,0.0,0,No
PRV56828,Outpatient,142,40510,285.28169014084506,1.204225352112676,0.0,0,No
PRV56829,Outpatient,193,56270,291.55440414507774,2.0,0.0,0,No
PRV56830,Outpatient,7,6580,940.0,7.0,0.0,0,No
PRV56831,Outpatient,5,760,152.0,2.2,0.0,0,No
PRV56832,Outpatient,11,7520,683.6363636363636,0.0,0.0,0,No
PRV56833,Outpatient,8,710,88.75,0.0,0.0,0,No
PRV56834,Inpatient,1,3000,3000.0,2.0,2.0,0,No
PRV56834,Outpatient,15,3850,256.6666666666667,0.06666666666666667,0.0,0,No
PRV56835,Outpatient,103,24640,239.2233009708738,0.6407766990291263,0.0,0,No
PRV56836,Outpatient,3,740,246.66666666666666,1.3333333333333333,0.0,0,No
PRV56837,Outpatient,42,17170,408.8095238095238,3.238095238095238,0.0,0,No
PRV56839,Inpatient,2,15000,7500.0,3.0,3.0,0,No
PRV56839,Outpatient,10,2870,287.0,2.8,0.0,0,No
PRV56840,Outpatient,89,19090,214.4943820224719,1.3595505617977528,0.0,0,No
PRV56843,Outpatient,2,860,430.0,0.0,0.0,0,No
PRV56845,Outpatient,9,600,66.66666666666667,0.0,0.0,0,No
PRV56846,Outpatient,21,7020,334.2857142857143,0.047619047619047616,0.0,0,No
PRV56850,Outpatient,17,4650,273.52941176470586,1.1764705882352942,0.0,0,No
PRV56851,Outpatient,20,7380,369.0,0.8,0.0,0,No
PRV56852,Outpatient,20,1960,98.0,0.0,0.0,0,No
PRV56853,Outpatient,27,5340,197.77777777777777,2.3703703703703702,0.0,0,No
PRV56854,Outpatient,3,600,200.0,0.3333333333333333,0.0,0,No
PRV56855,Outpatient,4,290,72.5,3.5,0.0,0,No
PRV56856,Outpatient,90,23670,263.0,0.6666666666666666,0.0,0,No
PRV56857,Outpatient,46,16480,358.2608695652174,0.7608695652173914,0.0,0,No
PRV56858,Outpatient,40,7870,196.75,1.5,0.0,0,No
PRV56860,Outpatient,3,2570,856.6666666666666,6.666666666666667,0.0,0,No
PRV56861,Outpatient,31,5560,179.3548387096774,1.1935483870967742,0.0,0,No
PRV56862,Outpatient,14,2990,213.57142857142858,0.5,0.0,0,No
PRV56863,Outpatient,52,14070,270.5769230769231,0.6346153846153846,0.0,0,No
PRV56864,Outpatient,24,3800,158.33333333333334,2.5,0.0,0,No
PRV56866,Outpatient,68,27180,399.70588235294116,2.9558823529411766,0.0,0,No
PRV56867,Outpatient,9,3430,381.1111111111111,2.2222222222222223,0.0,0,No
PRV56868,Outpatient,18,7590,421.6666666666667,1.2222222222222223,0.0,0,No
PRV56869,Outpatient,36,11220,311.6666666666667,0.9166666666666666,0.0,0,No
PRV56870,Inpatient,13,119000,9153.846153846154,4.538461538461538,4.538461538461538,0,No
PRV56871,Outpatient,11,4350,395.45454545454544,1.8181818181818181,0.0,0,No
PRV56873,Inpatient,1,6000,6000.0,3.0,3.0,0,No
PRV56873,Outpatient,1,70,70.0,0.0,0.0,0,No
PRV56877,Inpatient,15,163000,10866.666666666666,5.6,5.6,1,Yes
PRV56877,Outpatient,29,7410,255.51724137931035,1.4482758620689655,0.0,1,Yes
PRV56878,Outpatient,26,6660,256.15384615384613,0.038461538461538464,0.0,0,No
PRV56879,Outpatient,7,8140,1162.857142857143,0.14285714285714285,0.0,0,No
PRV56880,Outpatient,2,260,130.0,0.0,0.0,0,No
PRV56881,Outpatient,78,17200,220.51282051282053,1.8205128205128205,0.0,0,No
PRV56882,Outpatient,21,4050,192.85714285714286,1.9047619047619047,0.0,0,No
PRV56884,Outpatient,8,1440,180.0,1.0,0.0,0,No
PRV56885,Inpatient,9,66000,7333.333333333333,5.555555555555555,5.555555555555555,0,No
PRV56885,Outpatient,1,50,50.0,0.0,0.0,0,No
PRV56886,Outpatient,11,1360,123.63636363636364,2.6363636363636362,0.0,0,No
PRV56887,Outpatient,36,9120,253.33333333333334,0.6111111111111112,0.0,0,No
PRV56888,Outpatient,10,6050,605.0,0.2,0.0,0,No
PRV56889,Inpatient,5,110000,22000.0,9.2,9.2,0,No
PRV56889,Outpatient,45,16550,367.77777777777777,0.17777777777777778,0.0,0,No
PRV56890,Outpatient,12,4270,355.8333333333333,0.9166666666666666,0.0,0,No
PRV56891,Outpatient,1,10,10.0,0.0,0.0,0,No
PRV56892,Outpatient,13,3180,244.6153846153846,0.38461538461538464,0.0,0,No
PRV56893,Outpatient,7,3020,431.42857142857144,2.7142857142857144,0.0,0,No
PRV56894,Outpatient,26,4360,167.69230769230768,1.9615384615384615,0.0,0,No
PRV56895,Inpatient,13,145000,11153.846153846154,7.846153846153846,7.846153846153846,0,No
PRV56895,Outpatient,1,0,0.0,1.0,0.0,0,No
PRV56896,Inpatient,3,60000,20000.0,9.333333333333334,9.333333333333334,0,No
PRV56897,Inpatient,8,62000,7750.0,5.25,5.25,0,No
PRV56900,Inpatient,2,19000,9500.0,5.0,5.0,0,No
PRV56901,Outpatient,66,10190,154.3939393939394,0.8333333333333334,0.0,0,No
PRV56902,Inpatient,1,4000,4000.0,3.0,3.0,0,No
PRV56903,Inpatient,2,57000,28500.0,10.0,10.0,0,No
PRV56904,Inpatient,4,28000,7000.0,5.5,5.5,0,No
PRV56905,Outpatient,15,6080,405.3333333333333,4.666666666666667,0.0,0,No
PRV56906,Inpatient,6,51000,8500.0,8.333333333333334,8.333333333333334,0,No
PRV56906,Outpatient,1,1100,1100.0,0.0,0.0,0,No
PRV56907,Outpatient,15,5820,388.0,1.3333333333333333,0.0,0,No
PRV56908,Inpatient,1,5000,5000.0,0.0,0.0,0,No
PRV56908,Outpatient,1,60,60.0,0.0,0.0,0,No
PRV56909,Inpatient,3,17000,5666.666666666667,5.0,5.0,0,No
PRV56909,Outpatient,4,1590,397.5,1.75,0.0,0,No
PRV56910,Inpatient,4,37200,9300.0,3.25,3.25,0,No
PRV56910,Outpatient,1,60,60.0,0.0,0.0,0,No
PRV56912,Inpatient,7,90000,12857.142857142857,5.285714285714286,5.285714285714286,0,No
PRV56914,Inpatient,6,70000,11666.666666666666,7.333333333333333,7.333333333333333,0,No
PRV56915,Inpatient,4,30900,7725.0,5.75,5.75,0,No
PRV56916,Inpatient,11,113700,10336.363636363636,4.2727272727272725,4.2727272727272725,0,No
PRV56917,Inpatient,2,13000,6500.0,3.5,3.5,0,No
PRV56917,Outpatient,6,1880,313.3333333333333,0.0,0.0,0,No
PRV56918,Inpatient,7,142000,20285.714285714286,11.571428571428571,11.571428571428571,1,Yes
PRV56919,Outpatient,2,30,15.0,1.5,0.0,0,No
PRV56920,Outpatient,1,80,80.0,0.0,0.0,0,No
PRV56923,Outpatient,41,6030,147.0731707317073,0.975609756097561,0.0,0,No
PRV56926,Outpatient,1,20,20.0,0.0,0.0,0,No
PRV56928,Outpatient,32,6530,204.0625,1.0,0.0,0,No
PRV56929,Outpatient,45,7670,170.44444444444446,1.8444444444444446,0.0,0,No
PRV56930,Outpatient,24,6680,278.3333333333333,1.6666666666666667,0.0,0,No
PRV56931,Outpatient,21,6610,314.76190476190476,1.0952380952380953,0.0,0,No
PRV56932,Outpatient,9,810,90.0,2.2222222222222223,0.0,0,No
PRV56933,Outpatient,12,4660,388.3333333333333,3.25,0.0,0,No
PRV56934,Outpatient,6,450,75.0,0.0,0.0,0,No
PRV56935,Outpatient,24,13190,549.5833333333334,1.25,0.0,0,No
PRV56937,Outpatient,5,310,62.0,6.8,0.0,0,No
PRV56938,Outpatient,22,3840,174.54545454545453,2.5,0.0,0,No
PRV56939,Outpatient,16,5080,317.5,1.0,0.0,0,No
PRV56941,Outpatient,21,4280,203.8095238095238,2.857142857142857,0.0,0,No
PRV56942,Outpatient,24,6960,290.0,0.9583333333333334,0.0,0,No
PRV56944,Outpatient,3,180,60.0,0.0,0.0,0,No
PRV56945,Outpatient,57,21400,375.43859649122805,2.0,0.0,0,No
PRV56946,Outpatient,2,120,60.0,0.0,0.0,0,No
PRV56947,Outpatient,3,580,193.33333333333334,1.0,0.0,0,No
PRV56948,Outpatient,3,670,223.33333333333334,0.0,0.0,0,No
PRV56949,Outpatient,104,31960,307.3076923076923,1.5673076923076923,0.0,0,No
PRV56950,Outpatient,3,1140,380.0,0.0,0.0,0,No
PRV56951,Outpatient,19,5170,272.10526315789474,2.526315789473684,0.0,0,No
PRV56953,Outpatient,20,2870,143.5,1.55,0.0,0,No
PRV56954,Outpatient,20,2910,145.5,2.05,0.0,0,No
PRV56956,Outpatient,5,2810,562.0,4.0,0.0,0,No
PRV56957,Outpatient,138,44400,321.7391304347826,1.1884057971014492,0.0,0,No
PRV56958,Outpatient,13,4980,383.0769230769231,3.076923076923077,0.0,0,No
PRV56960,Outpatient,8,2540,317.5,0.0,0.0,0,No
PRV56963,Outpatient,6,1440,240.0,0.0,0.0,0,No
PRV56964,Outpatient,5,1000,200.0,0.0,0.0,0,No
PRV56965,Outpatient,3,650,216.66666666666666,0.0,0.0,0,No
PRV56966,Outpatient,2,240,120.0,0.0,0.0,0,No
PRV56967,Outpatient,91,25440,279.56043956043953,1.4945054945054945,0.0,0,No
PRV56969,Outpatient,1,10,10.0,0.0,0.0,0,No
PRV56970,Outpatient,2,210,105.0,0.0,0.0,0,No
PRV56971,Outpatient,4,400,100.0,0.0,0.0,0,No
PRV56972,Outpatient,48,23760,495.0,1.5416666666666667,0.0,0,No
PRV56973,Outpatient,17,5220,307.05882352941177,0.0,0.0,0,No
PRV56974,Outpatient,1,80,80.0,0.0,0.0,0,No
PRV56976,Outpatient,6,1940,323.3333333333333,3.8333333333333335,0.0,0,No
PRV56977,Outpatient,8,1040,130.0,0.875,0.0,0,No
PRV56978,Outpatient,120,24030,200.25,1.3833333333333333,0.0,0,No
PRV56980,Outpatient,17,3070,180.58823529411765,1.1764705882352942,0.0,0,No
PRV56981,Outpatient,7,710,101.42857142857143,0.0,0.0,0,No
PRV56982,Outpatient,24,9470,394.5833333333333,1.6666666666666667,0.0,0,No
PRV56984,Outpatient,3,780,260.0,1.0,0.0,0,No
PRV56985,Outpatient,17,1940,114.11764705882354,0.058823529411764705,0.0,0,No
PRV56986,Outpatient,2,310,155.0,0.0,0.0,0,No
PRV56987,Outpatient,7,1210,172.85714285714286,0.0,0.0,0,No
PRV56988,Outpatient,1,0,0.0,0.0,0.0,0,No
PRV56989,Outpatient,2,110,55.0,0.0,0.0,0,No
PRV56990,Outpatient,55,8320,151.27272727272728,1.8,0.0,0,No
PRV56991,Outpatient,15,6640,442.6666666666667,1.2,0.0,0,No
PRV56992,Outpatient,2,100,50.0,0.0,0.0,0,No
PRV56993,Outpatient,24,5400,225.0,2.75,0.0,0,No
PRV56995,Outpatient,10,4330,433.0,2.0,0.0,0,No
PRV56996,Outpatient,11,2040,185.45454545454547,3.090909090909091,0.0,0,No
PRV56997,Outpatient,25,2180,87.2,0.2,0.0,0,No
PRV56998,Outpatient,2,330,165.0,0.0,0.0,0,No
PRV56999,Outpatient,8,2350,293.75,0.0,0.0,0,No
PRV57000,Outpatient,61,18910,310.0,2.180327868852459,0.0,0,No
PRV57002,Outpatient,50,10450,209.0,0.84,0.0,0,No
PRV57004,Outpatient,123,33440,271.869918699187,1.5772357723577235,0.0,0,No
PRV57005,Outpatient,2,310,155.0,0.0,0.0,0,No
PRV57006,Outpatient,105,40560,386.2857142857143,2.0,0.0,0,No
PRV57010,Outpatient,57,24130,423.3333333333333,1.4736842105263157,0.0,0,No
PRV57011,Outpatient,17,3760,221.1764705882353,0.0,0.0,0,No
PRV57013,Outpatient,41,15650,381.7073170731707,1.2926829268292683,0.0,0,No
PRV57014,Outpatient,76,17170,225.92105263157896,1.6710526315789473,0.0,0,No
PRV57015,Outpatient,44,22930,521.1363636363636,1.1818181818181819,0.0,0,No
PRV57016,Inpatient,16,197600,12350.0,7.625,7.625,0,No
PRV57017,Inpatient,23,266100,11569.565217391304,5.3478260869565215,5.3478260869565215,1,Yes
PRV57018,Inpatient,24,332000,13833.333333333334,5.458333333333333,5.458333333333333,1,Yes
PRV57018,Outpatient,9,690,76.66666666666667,0.6666666666666666,0.0,1,Yes
PRV57020,Inpatient,6,53000,8833.333333333334,4.5,4.5,0,No
PRV57021,Inpatient,14,137000,9785.714285714286,6.428571428571429,6.428571428571429,1,Yes
PRV57023,Inpatient,15,173000,11533.333333333334,5.933333333333334,5.933333333333334,0,No
PRV57024,Inpatient,9,132700,14744.444444444445,7.0,7.0,0,No
PRV57025,Inpatient,17,138000,8117.64705882353,5.705882352941177,5.705882352941177,1,Yes
PRV57025,Outpatient,32,6640,207.5,1.84375,0.0,1,Yes
PRV57030,Inpatient,16,189000,11812.5,5.375,5.375,1,Yes
PRV57030,Outpatient,41,15810,385.609756097561,1.3414634146341464,0.0,1,Yes
PRV57031,Inpatient,15,161000,10733.333333333334,3.2666666666666666,3.2666666666666666,0,No
PRV57031,Outpatient,137,42600,310.94890510948903,1.8467153284671534,0.0,0,No
PRV57033,Inpatient,17,202000,11882.35294117647,7.235294117647059,7.235294117647059,0,No
PRV57033,Outpatient,36,15330,425.8333333333333,0.6111111111111112,0.0,0,No
PRV57034,Inpatient,21,184000,8761.904761904761,4.809523809523809,4.809523809523809,0,No
PRV57034,Outpatient,43,12130,282.09302325581393,0.5581395348837209,0.0,0,No
PRV57036,Outpatient,20,8700,435.0,1.75,0.0,0,No
PRV57038,Outpatient,33,6310,191.21212121212122,2.0303030303030303,0.0,0,No
PRV57039,Outpatient,5,910,182.0,0.0,0.0,0,No
PRV57041,Outpatient,26,5170,198.84615384615384,1.2307692307692308,0.0,0,No
PRV57043,Outpatient,1,50,50.0,0.0,0.0,0,No
PRV57046,Outpatient,97,28790,296.8041237113402,1.6494845360824741,0.0,0,No
PRV57047,Outpatient,16,4130,258.125,2.5,0.0,0,No
PRV57048,Outpatient,5,220,44.0,0.0,0.0,0,No
PRV57049,Inpatient,18,266000,14777.777777777777,4.888888888888889,4.888888888888889,1,Yes
PRV57049,Outpatient,4,560,140.0,1.75,0.0,1,Yes
PRV57051,Outpatient,3,1470,490.0,6.666666666666667,0.0,0,No
PRV57052,Outpatient,13,7720,593.8461538461538,3.0,0.0,0,No
PRV57053,Outpatient,23,11400,495.6521739130435,3.782608695652174,0.0,0,No
PRV57054,Outpatient,27,5190,192.22222222222223,0.48148148148148145,0.0,0,No
PRV57056,Outpatient,10,1250,125.0,0.0,0.0,0,No
PRV57057,Outpatient,26,10560,406.15384615384613,1.5384615384615385,0.0,0,No
PRV57058,Outpatient,29,10520,362.7586206896552,2.7586206896551726,0.0,0,No
PRV57059,Outpatient,9,4250,472.22222222222223,0.0,0.0,0,No
PRV57061,Outpatient,1,100,100.0,0.0,0.0,0,No
PRV57062,Outpatient,58,16020,276.2068965517241,0.5,0.0,0,No
PRV57063,Outpatient,1,40,40.0,0.0,0.0,0,No
PRV57067,Outpatient,18,3050,169.44444444444446,1.0,0.0,0,No
PRV57069,Inpatient,2,4000,2000.0,4.5,4.5,0,No
PRV57072,Inpatient,4,30000,7500.0,5.5,5.5,0,No
PRV57073,Inpatient,10,108000,10800.0,5.7,5.7,0,No
PRV57074,Inpatient,7,59000,8428.57142857143,4.857142857142857,4.857142857142857,0,No
PRV57075,Inpatient,2,16000,8000.0,3.5,3.5,0,No
PRV57076,Inpatient,2,10000,5000.0,6.0,6.0,0,No
PRV57077,Inpatient,3,29000,9666.666666666666,3.0,3.0,0,No
PRV57078,Inpatient,10,75000,7500.0,6.2,6.2,0,No
PRV57080,Inpatient,1,57000,57000.0,35.0,35.0,0,No
PRV57081,Inpatient,37,414000,11189.18918918919,7.72972972972973,7.72972972972973,0,No
PRV57082,Inpatient,5,100000,20000.0,4.2,4.2,0,No
PRV57084,Inpatient,7,62000,8857.142857142857,5.428571428571429,5.428571428571429,0,No
PRV57084,Outpatient,1,40,40.0,0.0,0.0,0,No
PRV57085,Inpatient,5,42000,8400.0,4.6,4.6,0,No
PRV57086,Inpatient,6,53000,8833.333333333334,6.0,6.0,0,No
PRV57087,Inpatient,4,31000,7750.0,3.5,3.5,0,No
PRV57088,Inpatient,6,50000,8333.333333333334,11.333333333333334,11.333333333333334,0,No
PRV57088,Outpatient,4,590,147.5,0.0,0.0,0,No
PRV57089,Inpatient,3,21000,7000.0,8.666666666666666,8.666666666666666,0,No
PRV57091,Inpatient,4,46000,11500.0,5.75,5.75,0,No
PRV57092,Inpatient,2,7000,3500.0,9.5,9.5,0,No
PRV57093,Inpatient,1,5000,5000.0,7.0,7.0,0,No
PRV57094,Inpatient,3,48000,16000.0,20.0,20.0,0,No
PRV57096,Inpatient,11,160000,14545.454545454546,5.909090909090909,5.909090909090909,1,Yes
PRV57097,Inpatient,3,21000,7000.0,2.6666666666666665,2.6666666666666665,0,No
PRV57098,Inpatient,49,490000,10000.0,6.224489795918367,6.224489795918367,0,No
PRV57099,Outpatient,14,6440,460.0,2.5714285714285716,0.0,0,No
PRV57100,Outpatient,25,7580,303.2,1.36,0.0,0,No
PRV57101,Inpatient,30,296600,9886.666666666666,7.5,7.5,0,No
PRV57101,Outpatient,233,73080,313.6480686695279,1.9227467811158798,0.0,0,No
PRV57102,Inpatient,4,62000,15500.0,9.0,9.0,0,No
PRV57102,Outpatient,12,1450,120.83333333333333,0.16666666666666666,0.0,0,No
PRV57103,Inpatient,29,305000,10517.241379310344,4.172413793103448,4.172413793103448,1,Yes
PRV57103,Outpatient,2020,587770,290.9752475247525,1.2856435643564357,0.0,1,Yes
PRV57104,Inpatient,10,133000,13300.0,7.9,7.9,1,Yes
PRV57104,Outpatient,125,28630,229.04,0.528,0.0,1,Yes
PRV57105,Outpatient,4,540,135.0,0.0,0.0,0,No
PRV57107,Outpatient,13,5410,416.15384615384613,0.0,0.0,0,No
PRV57108,Inpatient,5,60000,12000.0,4.0,4.0,0,No
PRV57108,Outpatient,44,13170,299.3181818181818,2.477272727272727,0.0,0,No
PRV57109,Inpatient,6,70000,11666.666666666666,4.333333333333333,4.333333333333333,0,No
PRV57109,Outpatient,80,16790,209.875,1.75,0.0,0,No
PRV57110,Inpatient,1,15000,15000.0,11.0,11.0,0,No
PRV57110,Outpatient,18,1830,101.66666666666667,1.2222222222222223,0.0,0,No
PRV57112,Inpatient,30,249010,8300.333333333334,6.3,6.3,0,No
PRV57112,Outpatient,130,37210,286.2307692307692,0.8615384615384616,0.0,0,No
PRV57113,Inpatient,2,28000,14000.0,6.0,6.0,0,No
PRV57113,Outpatient,5,350,70.0,0.0,0.0,0,No
PRV57115,Inpatient,1,10000,10000.0,2.0,2.0,0,No
PRV57115,Outpatient,11,4050,368.1818181818182,5.545454545454546,0.0,0,No
PRV57116,Outpatient,7,590,84.28571428571429,2.142857142857143,0.0,0,No
PRV57117,Inpatient,67,518000,7731.3432835820895,5.835820895522388,5.835820895522388,1,Yes
PRV57117,Outpatient,123,34370,279.4308943089431,1.3902439024390243,0.0,1,Yes
PRV57118,Outpatient,13,2480,190.76923076923077,0.6923076923076923,0.0,0,No
PRV57119,Outpatient,5,1330,266.0,0.0,0.0,0,No
PRV57120,Inpatient,13,178000,13692.307692307691,4.153846153846154,4.153846153846154,0,No
PRV57120,Outpatient,35,9050,258.57142857142856,1.7428571428571429,0.0,0,No
PRV57121,Inpatient,3,25000,8333.333333333334,9.0,9.0,0,No
PRV57121,Outpatient,35,10470,299.14285714285717,3.4285714285714284,0.0,0,No
PRV57122,Inpatient,1,8000,8000.0,3.0,3.0,0,No
PRV57122,Outpatient,13,2140,164.6153846153846,0.07692307692307693,0.0,0,No
PRV57124,Inpatient,9,100000,11111.111111111111,7.666666666666667,7.666666666666667,0,No
PRV57124,Outpatient,49,6940,141.6326530612245,0.9795918367346939,0.0,0,No
PRV57125,Outpatient,370,95950,259.3243243243243,0.9486486486486486,0.0,0,No
PRV57126,Inpatient,10,77000,7700.0,4.3,4.3,0,No
PRV57126,Outpatient,33,5620,170.3030303030303,0.6060606060606061,0.0,0,No
PRV57127,Inpatient,8,77000,9625.0,4.125,4.125,0,No
PRV57127,Outpatient,14,4530,323.57142857142856,1.4285714285714286,0.0,0,No
PRV57128,Outpatient,60,20130,335.5,1.7666666666666666,0.0,0,No
PRV57129,Inpatient,32,338200,10568.75,5.5625,5.5625,0,No
PRV57129,Outpatient,250,59290,237.16,0.748,0.0,0,No
PRV57130,Outpatient,3,260,86.66666666666667,4.333333333333333,0.0,0,No
PRV57131,Outpatient,2,880,440.0,10.0,0.0,0,No
PRV57132,Outpatient,9,3940,437.77777777777777,0.7777777777777778,0.0,0,No
PRV57133,Outpatient,14,1650,117.85714285714286,1.2857142857142858,0.0,0,No
PRV57134,Outpatient,16,2870,179.375,1.125,0.0,0,No
PRV57136,Outpatient,43,8240,191.62790697674419,1.9069767441860466,0.0,0,No
PRV57137,Outpatient,43,9990,232.32558139534885,0.4883720930232558,0.0,0,No
PRV57138,Outpatient,6,3480,580.0,3.3333333333333335,0.0,0,No
PRV57139,Outpatient,16,5750,359.375,0.8125,0.0,0,No
PRV57140,Outpatient,2,450,225.0,0.0,0.0,0,No
PRV57141,Inpatient,15,175000,11666.666666666666,7.066666666666666,7.066666666666666,0,No
PRV57141,Outpatient,2,530,265.0,0.0,0.0,0,No
PRV57142,Outpatient,12,6770,564.1666666666666,1.75,0.0,0,No
PRV57143,Outpatient,1,100,100.0,3.0,0.0,0,No
PRV57144,Inpatient,8,70000,8750.0,6.125,6.125,0,No
PRV57145,Inpatient,4,70000,17500.0,4.5,4.5,0,No
PRV57146,Inpatient,9,103000,11444.444444444445,5.222222222222222,5.222222222222222,0,No
PRV57147,Outpatient,12,4160,346.6666666666667,0.0,0.0,0,No
PRV57148,Inpatient,15,176080,11738.666666666666,3.466666666666667,3.466666666666667,0,No
PRV57148,Outpatient,68,24750,363.97058823529414,1.0,0.0,0,No
PRV57149,Outpatient,143,27390,191.53846153846155,1.2307692307692308,0.0,0,No
PRV57150,Outpatient,166,37160,223.85542168674698,1.2951807228915662,0.0,0,No
PRV57151,Outpatient,515,169030,328.2135922330097,1.3436893203883495,0.0,0,No
PRV57152,Outpatient,400,102480,256.2,1.13,0.0,0,No
PRV57153,Outpatient,94,29690,315.8510638297872,1.9042553191489362,0.0,0,No
PRV57154,Outpatient,52,14630,281.34615384615387,1.25,0.0,0,No
PRV57156,Outpatient,215,70570,328.2325581395349,2.1627906976744184,0.0,0,No
PRV57157,Inpatient,16,155000,9687.5,5.75,5.75,0,No
PRV57157,Outpatient,140,35460,253.28571428571428,1.2214285714285715,0.0,0,No
PRV57158,Inpatient,30,337000,11233.333333333334,6.033333333333333,6.033333333333333,1,Yes
PRV57158,Outpatient,241,74610,309.5850622406639,1.4564315352697095,0.0,1,Yes
PRV57159,Outpatient,228,62310,273.2894736842105,1.2894736842105263,0.0,0,No
PRV57160,Outpatient,101,36750,363.86138613861385,1.0495049504950495,0.0,0,No
PRV57161,Outpatient,6,1480,246.66666666666666,2.3333333333333335,0.0,0,No
PRV57162,Inpatient,7,163000,23285.714285714286,9.571428571428571,9.571428571428571,1,Yes
PRV57162,Outpatient,97,32680,336.9072164948454,2.845360824742268,0.0,1,Yes
PRV57165,Inpatient,3,34000,11333.333333333334,6.333333333333333,6.333333333333333,0,No
PRV57165,Outpatient,34,5720,168.23529411764707,1.6470588235294117,0.0,0,No
PRV57166,Inpatient,29,238000,8206.896551724138,5.379310344827586,6.344827586206897,1,Yes
PRV57166,Outpatient,122,56700,464.75409836065575,1.2131147540983607,0.0,1,Yes
PRV57167,Outpatient,238,65100,273.52941176470586,2.630252100840336,0.0,1,Yes
PRV57168,Outpatient,75,37140,495.2,2.4,0.0,0,No
PRV57169,Inpatient,17,158000,9294.117647058823,5.0588235294117645,5.0588235294117645,0,No
PRV57169,Outpatient,14,3880,277.14285714285717,1.6428571428571428,0.0,0,No
PRV57170,Outpatient,579,168360,290.77720207253884,1.4317789291882557,0.0,1,Yes
PRV57171,Inpatient,3,7000,2333.3333333333335,2.6666666666666665,2.6666666666666665,0,No
PRV57171,Outpatient,188,47690,253.67021276595744,1.2074468085106382,0.0,0,No
PRV57172,Inpatient,88,895200,10172.727272727272,5.863636363636363,5.863636363636363,1,Yes
PRV57172,Outpatient,1672,490900,293.6004784688995,1.4665071770334928,0.0,1,Yes
PRV57173,Inpatient,96,1012000,10541.666666666666,5.770833333333333,5.770833333333333,1,Yes
PRV57173,Outpatient,1129,314410,278.48538529672277,1.4942426926483614,0.0,1,Yes
PRV57174,Inpatient,12,73000,6083.333333333333,3.8333333333333335,3.8333333333333335,0,No
PRV57174,Outpatient,42,22930,545.952380952381,0.7857142857142857,0.0,0,No
PRV57175,Outpatient,78,32600,417.94871794871796,1.6666666666666667,0.0,0,No
PRV57176,Inpatient,4,29200,7300.0,2.5,2.5,0,No
PRV57176,Outpatient,127,32320,254.48818897637796,1.5196850393700787,0.0,0,No
PRV57177,Inpatient,73,729000,9986.301369863013,5.027397260273973,5.027397260273973,1,Yes
PRV57177,Outpatient,491,119370,243.11608961303463,1.2138492871690427,0.0,1,Yes
PRV57179,Inpatient,26,290000,11153.846153846154,5.961538461538462,5.961538461538462,1,Yes
PRV57179,Outpatient,180,47460,263.6666666666667,0.8888888888888888,0.0,1,Yes
PRV57181,Outpatient,121,31910,263.7190082644628,1.0330578512396693,0.0,0,No
PRV57182,Inpatient,5,57000,11400.0,5.6,5.6,0,No
PRV57182,Outpatient,71,20000,281.6901408450704,0.5492957746478874,0.0,0,No
PRV57183,Outpatient,52,13170,253.26923076923077,1.6538461538461537,0.0,0,No
PRV57184,Inpatient,2,32000,16000.0,7.5,7.5,0,No
PRV57184,Outpatient,113,34960,309.3805309734513,1.336283185840708,0.0,0,No
PRV57185,Inpatient,7,116000,16571.428571428572,7.142857142857143,7.142857142857143,1,Yes
PRV57185,Outpatient,179,41400,231.2849162011173,1.329608938547486,0.0,1,Yes
PRV57186,Outpatient,42,11860,282.3809523809524,0.8809523809523809,0.0,0,No
PRV57187,Outpatient,114,35010,307.10526315789474,1.719298245614035,0.0,0,No
PRV57188,Inpatient,5,41000,8200.0,3.2,3.2,0,No
PRV57188,Outpatient,16,6780,423.75,0.0,0.0,0,No
PRV57189,Inpatient,4,57000,14250.0,11.75,11.75,1,Yes
PRV57189,Outpatient,252,55310,219.484126984127,0.8134920634920635,0.0,1,Yes
PRV57190,Outpatient,83,23850,287.34939759036143,1.4819277108433735,0.0,0,No
PRV57191,Inpatient,185,2060000,11135.135135135135,6.097297297297297,6.091891891891892,1,Yes
PRV57191,Outpatient,1315,364430,277.13307984790873,1.3467680608365018,0.0,1,Yes
PRV57192,Outpatient,407,138900,341.2776412776413,1.7911547911547911,0.0,0,No
PRV57193,Outpatient,393,103520,263.40966921119593,0.8193384223918575,0.0,0,No
PRV57194,Inpatient,2,22000,11000.0,4.0,4.0,0,No
PRV57194,Outpatient,28,2260,80.71428571428571,0.0,0.0,0,No
PRV57196,Inpatient,10,87000,8700.0,5.0,5.0,0,No
PRV57196,Outpatient,58,7830,135.0,1.2586206896551724,0.0,0,No
PRV57197,Inpatient,8,98000,12250.0,8.75,8.75,0,No
PRV57197,Outpatient,92,17540,190.65217391304347,1.0434782608695652,0.0,0,No
PRV57198,Inpatient,3,16000,5333.333333333333,5.0,5.0,0,No
PRV57198,Outpatient,51,13200,258.8235294117647,0.5882352941176471,0.0,0,No
PRV57199,Outpatient,7,1970,281.42857142857144,0.42857142857142855,0.0,0,No
PRV57200,Outpatient,25,12150,486.0,1.6,0.0,0,No
PRV57202,Outpatient,165,40810,247.33333333333334,1.5818181818181818,0.0,0,No
PRV57203,Inpatient,2,38000,19000.0,3.0,3.0,0,No
PRV57203,Outpatient,45,7610,169.11111111111111,0.3333333333333333,0.0,0,No
PRV57204,Inpatient,21,185000,8809.52380952381,5.0,5.0,1,Yes
PRV57204,Outpatient,112,36970,330.0892857142857,1.2857142857142858,0.0,1,Yes
PRV57205,Inpatient,12,119500,9958.333333333334,5.166666666666667,5.166666666666667,0,No
PRV57205,Outpatient,81,16180,199.7530864197531,0.7037037037037037,0.0,0,No
PRV57206,Inpatient,7,93300,13328.57142857143,3.4285714285714284,3.4285714285714284,1,Yes
PRV57206,Outpatient,483,142000,293.9958592132505,1.165631469979296,0.0,1,Yes
PRV57207,Outpatient,73,18710,256.3013698630137,0.9726027397260274,0.0,0,No
PRV57208,Inpatient,10,196000,19600.0,5.6,5.6,0,No
PRV57208,Outpatient,103,28580,277.4757281553398,1.766990291262136,0.0,0,No
PRV57209,Inpatient,15,148000,9866.666666666666,5.4,5.4,1,Yes
PRV57209,Outpatient,1093,337040,308.3623055809698,1.7913998170173833,0.0,1,Yes
PRV57210,Inpatient,10,132000,13200.0,10.7,10.7,1,Yes
PRV57210,Outpatient,33,5020,152.12121212121212,0.6060606060606061,0.0,1,Yes
PRV57211,Inpatient,8,50000,6250.0,2.625,2.625,0,No
PRV57211,Outpatient,103,31930,310.0,1.3980582524271845,0.0,0,No
PRV57212,Outpatient,101,34670,343.26732673267327,1.693069306930693,0.0,0,No
PRV57213,Outpatient,82,34040,415.1219512195122,1.1219512195121952,0.0,0,No
PRV57215,Inpatient,8,47000,5875.0,5.75,5.75,0,No
PRV57215,Outpatient,3,1970,656.6666666666666,0.3333333333333333,0.0,0,No
PRV57216,Inpatient,10,89000,8900.0,7.4,7.4,0,No
PRV57216,Outpatient,72,17260,239.72222222222223,1.5972222222222223,0.0,0,No
PRV57217,Inpatient,9,107000,11888.888888888889,5.333333333333333,5.333333333333333,0,No
PRV57217,Outpatient,53,12060,227.54716981132074,1.2075471698113207,0.0,0,No
PRV57218,Outpatient,413,123230,298.3777239709443,0.9878934624697336,0.0,0,No
PRV57219,Outpatient,46,11830,257.17391304347825,0.8260869565217391,0.0,0,No
PRV57223,Inpatient,34,275300,8097.058823529412,4.794117647058823,4.794117647058823,1,Yes
PRV57223,Outpatient,20,5230,261.5,1.4,0.0,1,Yes
PRV57224,Inpatient,2,22000,11000.0,4.5,4.5,0,No
PRV57224,Outpatient,212,56960,268.6792452830189,1.5471698113207548,0.0,0,No
PRV57225,Inpatient,47,417400,8880.851063829787,5.574468085106383,5.574468085106383,0,No
PRV57225,Outpatient,131,20120,153.58778625954199,0.48091603053435117,0.0,0,No
PRV57227,Inpatient,21,186000,8857.142857142857,7.380952380952381,7.380952380952381,0,No
PRV57227,Outpatient,31,5800,187.09677419354838,1.5161290322580645,0.0,0,No
PRV57228,Inpatient,34,251000,7382.35294117647,3.3823529411764706,3.3823529411764706,0,No
PRV57228,Outpatient,495,128370,259.3333333333333,1.1373737373737374,0.0,0,No
PRV57230,Inpatient,27,250900,9292.592592592593,5.407407407407407,5.407407407407407,1,Yes
PRV57230,Outpatient,154,48670,316.038961038961,1.603896103896104,0.0,1,Yes
PRV57231,Inpatient,18,172300,9572.222222222223,7.5,7.5,0,No
PRV57231,Outpatient,30,7000,233.33333333333334,1.4,0.0,0,No
PRV57232,Outpatient,7,910,130.0,0.2857142857142857,0.0,0,No
PRV57233,Outpatient,140,41920,299.42857142857144,0.9071428571428571,0.0,0,No
PRV57234,Inpatient,9,84000,9333.333333333334,5.777777777777778,5.777777777777778,0,No
PRV57234,Outpatient,15,5100,340.0,1.8,0.0,0,No
PRV57235,Inpatient,3,26000,8666.666666666666,3.6666666666666665,3.6666666666666665,0,No
PRV57235,Outpatient,12,1410,117.5,1.9166666666666667,0.0,0,No
PRV57236,Outpatient,87,19170,220.3448275862069,1.0919540229885059,0.0,0,No
PRV57238,Inpatient,1,10000,10000.0,10.0,10.0,0,No
PRV57238,Outpatient,44,6940,157.72727272727272,1.2045454545454546,0.0,0,No
PRV57239,Outpatient,28,6180,220.71428571428572,0.25,0.0,0,No
PRV57240,Outpatient,72,24790,344.30555555555554,0.7916666666666666,0.0,0,No
PRV57241,Outpatient,59,26180,443.728813559322,3.9152542372881354,0.0,0,No
PRV57242,Outpatient,103,31900,309.70873786407765,1.6699029126213591,0.0,0,No
PRV57244,Outpatient,4,610,152.5,5.0,0.0,0,No
PRV57245,Outpatient,92,32790,356.4130434782609,1.9456521739130435,0.0,0,No
PRV57246,Outpatient,6,4100,683.3333333333334,3.3333333333333335,0.0,0,No
PRV57247,Outpatient,11,960,87.27272727272727,0.0,0.0,0,No
PRV57248,Outpatient,6,220,36.666666666666664,3.1666666666666665,0.0,0,No
PRV57250,Outpatient,23,12760,554.7826086956521,1.3043478260869565,0.0,0,No
PRV57251,Inpatient,15,156000,10400.0,5.066666666666666,5.066666666666666,0,No
PRV57252,Inpatient,3,18000,6000.0,2.6666666666666665,2.6666666666666665,0,No
PRV57253,Outpatient,44,10910,247.95454545454547,0.6818181818181818,0.0,0,No
PRV57255,Outpatient,34,6890,202.64705882352942,0.6176470588235294,0.0,0,No
PRV57256,Outpatient,8,1890,236.25,0.0,0.0,0,No
PRV57257,Outpatient,17,4920,289.4117647058824,0.11764705882352941,0.0,0,No
PRV57259,Outpatient,48,16450,342.7083333333333,0.4583333333333333,0.0,0,No
PRV57261,Outpatient,10,1600,160.0,1.6,0.0,0,No
PRV57262,Outpatient,24,4160,173.33333333333334,1.5833333333333333,0.0,0,No
PRV57263,Outpatient,52,30130,579.4230769230769,3.2115384615384617,0.0,0,No
PRV57264,Outpatient,8,2760,345.0,0.625,0.0,0,No
PRV57265,Outpatient,1,200,200.0,0.0,0.0,0,No
PRV57266,Outpatient,34,9860,290.0,2.5294117647058822,0.0,0,No
PRV57269,Outpatient,37,5320,143.78378378378378,1.027027027027027,0.0,0,No
PRV57270,Outpatient,9,1000,111.11111111111111,0.4444444444444444,0.0,0,No
PRV57272,Outpatient,25,8770,350.8,0.44,0.0,0,No
PRV57273,Outpatient,9,1090,121.11111111111111,0.2222222222222222,0.0,0,No
PRV57274,Outpatient,4,130,32.5,0.0,0.0,0,No
PRV57275,Outpatient,61,11330,185.7377049180328,0.39344262295081966,0.0,0,No
PRV57276,Outpatient,13,4500,346.15384615384613,0.0,0.0,0,No
PRV57277,Outpatient,7,1250,178.57142857142858,0.0,0.0,0,No
PRV57278,Outpatient,7,950,135.71428571428572,0.0,0.0,0,No
PRV57280,Outpatient,3,170,56.666666666666664,0.0,0.0,0,No
PRV57282,Outpatient,41,8350,203.65853658536585,0.5365853658536586,0.0,1,Yes
PRV57283,Outpatient,1,900,900.0,0.0,0.0,0,No
PRV57284,Inpatient,19,160000,8421.052631578947,4.7368421052631575,4.7368421052631575,1,Yes
PRV57284,Outpatient,4,1570,392.5,0.75,0.0,1,Yes
PRV57285,Inpatient,8,83000,10375.0,5.125,5.125,0,No
PRV57286,Outpatient,2,20,10.0,0.0,0.0,0,No
PRV57287,Outpatient,289,80390,278.16608996539793,1.7301038062283738,0.0,0,No
PRV57288,Outpatient,93,27650,297.31182795698925,1.8709677419354838,0.0,0,No
PRV57289,Outpatient,10,5830,583.0,4.0,0.0,0,No
PRV57290,Inpatient,2,55000,27500.0,4.5,4.5,0,No
PRV57291,Outpatient,3,1400,466.6666666666667,0.0,0.0,0,No
PRV57293,Inpatient,12,100000,8333.333333333334,8.75,8.75,0,No
PRV57294,Inpatient,2,12000,6000.0,8.5,8.5,0,No
PRV57295,Inpatient,14,173000,12357.142857142857,5.214285714285714,5.214285714285714,1,Yes
PRV57297,Inpatient,8,53000,6625.0,5.5,5.5,1,Yes
PRV57298,Inpatient,3,14000,4666.666666666667,3.6666666666666665,3.6666666666666665,0,No
PRV57299,Inpatient,6,40000,6666.666666666667,3.1666666666666665,3.1666666666666665,0,No
PRV57301,Inpatient,4,28000,7000.0,3.75,3.75,0,No
PRV57301,Outpatient,28,14090,503.2142857142857,0.7142857142857143,0.0,0,No
PRV57302,Inpatient,2,14000,7000.0,4.0,4.0,0,No
PRV57302,Outpatient,2,160,80.0,0.0,0.0,0,No
PRV57303,Inpatient,11,95000,8636.363636363636,5.363636363636363,5.363636363636363,0,No
PRV57303,Outpatient,94,21860,232.5531914893617,1.6702127659574468,0.0,0,No
PRV57304,Inpatient,3,42000,14000.0,10.0,10.0,0,No
PRV57304,Outpatient,90,26540,294.8888888888889,1.0777777777777777,0.0,0,No
PRV57305,Outpatient,675,175750,260.3703703703704,1.1851851851851851,0.0,0,No
PRV57306,Outpatient,2315,629460,271.9049676025918,1.320086393088553,0.0,1,Yes
PRV57307,Inpatient,12,135700,11308.333333333334,7.416666666666667,7.416666666666667,0,No
PRV57307,Outpatient,26,6040,232.30769230769232,1.8461538461538463,0.0,0,No
PRV57308,Outpatient,6,3100,516.6666666666666,0.0,0.0,0,No
PRV57309,Inpatient,12,96000,8000.0,4.333333333333333,4.333333333333333,0,No
PRV57309,Outpatient,23,12260,533.0434782608696,2.0,0.0,0,No
PRV57310,Inpatient,65,665000,10230.76923076923,5.2,5.2,1,Yes
PRV57310,Outpatient,57,8420,147.71929824561403,0.49122807017543857,0.0,1,Yes
PRV57311,Outpatient,338,85340,252.4852071005917,1.1390532544378698,0.0,0,No
PRV57312,Outpatient,334,91320,273.41317365269464,1.9850299401197604,0.0,1,Yes
PRV57313,Outpatient,402,101970,253.65671641791045,1.4427860696517414,0.0,0,No
PRV57314,Outpatient,48,15270,318.125,1.25,0.0,0,No
PRV57315,Outpatient,22,5960,270.90909090909093,1.0454545454545454,0.0,0,No
PRV57316,Inpatient,39,377000,9666.666666666666,4.923076923076923,4.923076923076923,0,No
PRV57316,Outpatient,46,7920,172.17391304347825,1.065217391304348,0.0,0,No
PRV57317,Inpatient,84,831000,9892.857142857143,4.4523809523809526,4.4523809523809526,1,Yes
PRV57317,Outpatient,374,95330,254.89304812834226,1.2914438502673797,0.0,1,Yes
PRV57318,Outpatient,150,44180,294.53333333333336,0.86,0.0,0,No
PRV57319,Inpatient,16,107000,6687.5,6.0,6.0,0,No
PRV57319,Outpatient,263,70460,267.90874524714826,1.3460076045627376,0.0,0,No
PRV57320,Inpatient,10,93000,9300.0,4.9,4.9,0,No
PRV57320,Outpatient,28,11310,403.92857142857144,2.2142857142857144,0.0,0,No
PRV57321,Inpatient,15,162000,10800.0,4.733333333333333,4.733333333333333,0,No
PRV57321,Outpatient,69,19460,282.0289855072464,0.9565217391304348,0.0,0,No
PRV57322,Inpatient,7,53000,7571.428571428572,4.285714285714286,4.285714285714286,0,No
PRV57322,Outpatient,26,7790,299.61538461538464,2.6153846153846154,0.0,0,No
PRV57324,Inpatient,22,188000,8545.454545454546,5.954545454545454,5.954545454545454,0,No
PRV57324,Outpatient,95,25550,268.94736842105266,1.4842105263157894,0.0,0,No
PRV57325,Outpatient,41,11580,282.4390243902439,0.975609756097561,0.0,0,No
PRV57326,Inpatient,5,37000,7400.0,6.6,6.6,0,No
PRV57327,Outpatient,3,190,63.333333333333336,0.0,0.0,0,No
PRV57328,Outpatient,38,5360,141.05263157894737,0.02631578947368421,0.0,0,No
PRV57329,Outpatient,36,11470,318.6111111111111,1.1111111111111112,0.0,0,No
PRV57330,Inpatient,12,60000,5000.0,4.833333333333333,4.833333333333333,0,No
PRV57330,Outpatient,22,15570,707.7272727272727,5.045454545454546,0.0,0,No
PRV57331,Inpatient,16,175000,10937.5,4.75,4.75,0,No
PRV57331,Outpatient,125,42200,337.6,2.128,0.0,0,No
PRV57332,Outpatient,98,22560,230.20408163265307,1.4183673469387754,0.0,0,No
PRV57333,Outpatient,1004,291020,289.8605577689243,1.346613545816733,0.0,0,No
PRV57334,Inpatient,39,443000,11358.97435897436,7.487179487179487,7.487179487179487,0,No
PRV57334,Outpatient,29,7080,244.13793103448276,1.0,0.0,0,No
PRV57335,Inpatient,3,39000,13000.0,10.0,10.0,1,Yes
PRV57335,Outpatient,804,245670,305.55970149253733,1.541044776119403,0.0,1,Yes
PRV57336,Outpatient,135,28220,209.03703703703704,1.451851851851852,0.0,0,No
PRV57339,Outpatient,458,105130,229.5414847161572,1.1244541484716157,0.0,0,No
PRV57340,Inpatient,17,198000,11647.058823529413,5.0588235294117645,5.0588235294117645,0,No
PRV57340,Outpatient,24,6360,265.0,0.041666666666666664,0.0,0,No
PRV57341,Inpatient,77,776000,10077.922077922078,5.909090909090909,5.909090909090909,1,Yes
PRV57341,Outpatient,100,40350,403.5,1.4,0.0,1,Yes
PRV57343,Outpatient,75,37090,494.53333333333336,3.2133333333333334,0.0,0,No
PRV57344,Inpatient,25,233000,9320.0,5.44,5.44,1,Yes
PRV57344,Outpatient,455,195700,430.1098901098901,2.2615384615384615,0.0,1,Yes
PRV57345,Inpatient,43,442000,10279.06976744186,5.395348837209302,5.395348837209302,1,Yes
PRV57345,Outpatient,45,23320,518.2222222222222,2.2666666666666666,0.0,1,Yes
PRV57346,Outpatient,532,150430,282.7631578947368,1.593984962406015,0.0,0,No
PRV57347,Inpatient,17,117000,6882.35294117647,4.176470588235294,4.176470588235294,0,No
PRV57347,Outpatient,128,28560,223.125,1.1484375,0.0,0,No
PRV57348,Outpatient,920,255770,278.0108695652174,1.367391304347826,0.0,0,No
PRV57350,Inpatient,9,65000,7222.222222222223,2.7777777777777777,2.7777777777777777,0,No
PRV57350,Outpatient,37,6390,172.7027027027027,0.0,0.0,0,No
PRV57351,Outpatient,34,20180,593.5294117647059,0.8235294117647058,0.0,0,No
PRV57352,Inpatient,3,15000,5000.0,3.0,3.0,0,No
PRV57352,Outpatient,41,10050,245.1219512195122,1.0975609756097562,0.0,0,No
PRV57354,Outpatient,22,8510,386.8181818181818,1.6818181818181819,0.0,0,No
PRV57355,Outpatient,34,16240,477.6470588235294,0.14705882352941177,0.0,0,No
PRV57356,Outpatient,67,23570,351.7910447761194,3.2686567164179103,0.0,0,No
PRV57357,Inpatient,15,113000,7533.333333333333,4.333333333333333,4.333333333333333,0,No
PRV57357,Outpatient,1,1700,1700.0,0.0,0.0,0,No
PRV57358,Outpatient,77,12200,158.44155844155844,0.974025974025974,0.0,0,No
PRV57359,Outpatient,102,34390,337.15686274509807,1.7647058823529411,0.0,0,No
PRV57361,Outpatient,60,18790,313.1666666666667,2.5166666666666666,0.0,0,No
PRV57363,Outpatient,2,400,200.0,0.0,0.0,0,No
PRV57364,Inpatient,3,42000,14000.0,4.666666666666667,4.666666666666667,0,No
PRV57364,Outpatient,7,650,92.85714285714286,0.0,0.0,0,No
PRV57365,Outpatient,183,57260,312.89617486338796,2.1311475409836067,0.0,0,No
PRV57366,Outpatient,12,4960,413.3333333333333,0.0,0.0,0,No
PRV57367,Outpatient,11,8070,733.6363636363636,1.9090909090909092,0.0,0,No
PRV57368,Outpatient,22,3500,159.0909090909091,0.0,0.0,0,No
PRV57369,Inpatient,11,117000,10636.363636363636,4.7272727272727275,4.7272727272727275,0,No
PRV57369,Outpatient,17,2350,138.23529411764707,0.11764705882352941,0.0,0,No
PRV57371,Outpatient,1,70,70.0,0.0,0.0,0,No
PRV57372,Inpatient,15,119000,7933.333333333333,6.266666666666667,6.266666666666667,0,No
PRV57372,Outpatient,17,4750,279.4117647058824,1.9411764705882353,0.0,0,No
PRV57373,Outpatient,2,800,400.0,0.0,0.0,0,No
PRV57374,Outpatient,6,800,133.33333333333334,3.3333333333333335,0.0,0,No
PRV57375,Inpatient,6,46000,7666.666666666667,3.6666666666666665,3.6666666666666665,0,No
PRV57375,Outpatient,75,26220,349.6,1.2266666666666666,0.0,0,No
PRV57376,Outpatient,20,5060,253.0,0.6,0.0,0,No
PRV57378,Outpatient,35,6780,193.71428571428572,1.0571428571428572,0.0,0,No
PRV57379,Inpatient,3,44000,14666.666666666666,7.666666666666667,7.666666666666667,0,No
PRV57379,Outpatient,25,12380,495.2,3.04,0.0,0,No
PRV57380,Outpatient,87,22880,262.98850574712645,1.3333333333333333,0.0,0,No
PRV57381,Outpatient,49,18640,380.40816326530614,3.0816326530612246,0.0,0,No
PRV57382,Inpatient,5,85000,17000.0,7.6,7.6,0,No
PRV57382,Outpatient,74,14810,200.13513513513513,0.6351351351351351,0.0,0,No
PRV57385,Outpatient,90,21930,243.66666666666666,0.6222222222222222,0.0,0,No
PRV57386,Outpatient,1,300,300.0,0.0,0.0,0,No
PRV57388,Outpatient,9,1660,184.44444444444446,2.3333333333333335,0.0,0,No
PRV57389,Outpatient,6,3810,635.0,0.0,0.0,0,No
PRV57390,Outpatient,55,10840,197.0909090909091,0.16363636363636364,0.0,0,No
PRV57391,Outpatient,19,4780,251.57894736842104,1.3157894736842106,0.0,0,No
PRV57392,Outpatient,2,70,35.0,0.0,0.0,0,No
PRV57393,Outpatient,5,2800,560.0,0.0,0.0,0,No
PRV57394,Outpatient,16,6630,414.375,3.8125,0.0,0,No
PRV57396,Outpatient,1,0,0.0,0.0,0.0,0,No
PRV57397,Inpatient,7,65000,9285.714285714286,2.7142857142857144,2.7142857142857144,0,No
PRV57398,Inpatient,3,50600,16866.666666666668,2.6666666666666665,2.6666666666666665,0,No
PRV57399,Inpatient,1,57000,57000.0,15.0,17.0,0,No
PRV57400,Inpatient,8,67000,8375.0,4.125,4.125,0,No
PRV57401,Inpatient,8,65000,8125.0,6.0,6.0,0,No
PRV57402,Outpatient,1,20,20.0,0.0,0.0,0,No
PRV57403,Inpatient,15,172000,11466.666666666666,7.466666666666667,7.466666666666667,0,No
PRV57404,Inpatient,9,62000,6888.888888888889,8.11111111111111,8.11111111111111,0,No
PRV57404,Outpatient,37,12250,331.0810810810811,0.10810810810810811,0.0,0,No
PRV57405,Outpatient,32,5690,177.8125,0.9375,0.0,0,No
PRV57406,Inpatient,46,489000,10630.434782608696,4.6521739130434785,4.6521739130434785,0,No
PRV57406,Outpatient,22,16460,748.1818181818181,1.5,0.0,0,No
PRV57407,Outpatient,217,62860,289.6774193548387,1.8709677419354838,0.0,0,No
PRV57408,Outpatient,55,8650,157.27272727272728,0.6363636363636364,0.0,0,No
PRV57409,Inpatient,24,206000,8583.333333333334,6.0,5.958333333333333,1,Yes
PRV57409,Outpatient,47,12620,268.51063829787233,1.6808510638297873,0.0,1,Yes
PRV57410,Outpatient,241,57710,239.46058091286307,1.1369294605809128,0.0,0,No
PRV57411,Outpatient,29,8560,295.17241379310343,2.103448275862069,0.0,0,No
PRV57412,Inpatient,9,59000,6555.555555555556,4.888888888888889,4.888888888888889,0,No
PRV57412,Outpatient,289,91380,316.1937716262976,1.6470588235294117,0.0,0,No
PRV57413,Outpatient,52,18030,346.7307692307692,0.5384615384615384,0.0,0,No
PRV57414,Inpatient,18,213000,11833.333333333334,6.0,6.0,0,No
PRV57414,Outpatient,10,2460,246.0,2.0,0.0,0,No
PRV57415,Outpatient,86,39090,454.5348837209302,2.4069767441860463,0.0,0,No
PRV57416,Outpatient,7,1200,171.42857142857142,0.0,0.0,0,No
PRV57417,Outpatient,9,2620,291.1111111111111,0.0,0.0,0,No
PRV57419,Outpatient,17,4900,288.2352941176471,1.1764705882352942,0.0,0,No
PRV57421,Outpatient,35,8080,230.85714285714286,0.9714285714285714,0.0,0,No
PRV57422,Outpatient,104,33620,323.2692307692308,1.2596153846153846,0.0,0,No
PRV57423,Outpatient,47,21380,454.8936170212766,3.5106382978723403,0.0,0,No
PRV57424,Outpatient,38,11890,312.89473684210526,3.210526315789474,0.0,0,No
PRV57425,Inpatient,32,312200,9756.25,5.46875,5.46875,1,Yes
PRV57425,Outpatient,92,33520,364.3478260869565,1.8043478260869565,0.0,1,Yes
PRV57426,Outpatient,60,16240,270.6666666666667,0.36666666666666664,0.0,0,No
PRV57427,Inpatient,14,110000,7857.142857142857,5.214285714285714,5.214285714285714,0,No
PRV57427,Outpatient,16,3590,224.375,1.25,0.0,0,No
PRV57429,Outpatient,154,41490,269.4155844155844,1.7792207792207793,0.0,0,No
PRV57431,Outpatient,24,13600,566.6666666666666,1.7083333333333333,0.0,0,No
PRV57432,Outpatient,48,13420,279.5833333333333,1.7708333333333333,0.0,0,No
PRV57433,Inpatient,16,126000,7875.0,4.9375,4.9375,0,No
PRV57433,Outpatient,54,15500,287.037037037037,0.4444444444444444,0.0,0,No
PRV57434,Outpatient,316,83990,265.7911392405063,1.3227848101265822,0.0,0,No
PRV57435,Outpatient,25,4860,194.4,1.84,0.0,0,No
PRV57436,Outpatient,41,10950,267.0731707317073,1.0,0.0,0,No
PRV57437,Inpatient,6,54000,9000.0,6.333333333333333,6.333333333333333,0,No
PRV57437,Outpatient,21,9170,436.6666666666667,0.0,0.0,0,No
PRV57438,Inpatient,4,22000,5500.0,4.5,4.5,0,No
PRV57438,Outpatient,10,2180,218.0,2.1,0.0,0,No
PRV57440,Outpatient,4,330,82.5,5.0,0.0,0,No
PRV57441,Outpatient,74,26660,360.27027027027026,1.6756756756756757,0.0,0,No
PRV57443,Outpatient,52,33790,649.8076923076923,1.0,0.0,0,No
PRV57444,Outpatient,13,7550,580.7692307692307,2.3846153846153846,0.0,0,No
PRV57445,Inpatient,2,8000,4000.0,0.5,0.5,0,No
PRV57445,Outpatient,28,14150,505.35714285714283,0.9285714285714286,0.0,0,No
PRV57446,Outpatient,8,5600,700.0,5.0,0.0,0,No
PRV57447,Outpatient,9,4240,471.1111111111111,5.222222222222222,0.0,0,No
PRV57448,Outpatient,205,51920,253.26829268292684,1.424390243902439,0.0,0,No
PRV57449,Outpatient,103,28380,275.5339805825243,1.5533980582524272,0.0,0,No
PRV57450,Outpatient,11,4750,431.8181818181818,2.0,0.0,0,No
PRV57452,Outpatient,3,120,40.0,0.0,0.0,0,No
PRV57453,Outpatient,17,2850,167.64705882352942,0.058823529411764705,0.0,0,No
PRV57454,Outpatient,42,5610,133.57142857142858,0.8095238095238095,0.0,0,No
PRV57455,Outpatient,6,2130,355.0,3.3333333333333335,0.0,0,No
PRV57456,Outpatient,16,2350,146.875,0.5625,0.0,0,No
PRV57459,Outpatient,11,4600,418.1818181818182,0.09090909090909091,0.0,0,No
PRV57460,Outpatient,36,7840,217.77777777777777,0.5555555555555556,0.0,0,No
PRV57461,Outpatient,1,0,0.0,0.0,0.0,0,No
PRV57462,Outpatient,10,1560,156.0,4.0,0.0,0,No
PRV57463,Outpatient,28,7410,264.64285714285717,0.10714285714285714,0.0,0,No
PRV57464,Outpatient,2,80,40.0,0.0,0.0,0,No
PRV57465,Outpatient,22,2730,124.0909090909091,0.9545454545454546,0.0,0,No
PRV57467,Outpatient,1,40,40.0,0.0,0.0,0,No
PRV57468,Outpatient,12,2300,191.66666666666666,0.16666666666666666,0.0,0,No
PRV57469,Outpatient,58,22050,380.17241379310343,1.0517241379310345,0.0,0,No
PRV57470,Outpatient,12,1610,134.16666666666666,2.0,0.0,0,No
PRV57471,Outpatient,2,350,175.0,0.0,0.0,0,No
PRV57472,Outpatient,4,1700,425.0,5.0,0.0,0,No
PRV57473,Outpatient,1,90,90.0,0.0,0.0,0,No
PRV57474,Outpatient,4,830,207.5,0.0,0.0,0,No
PRV57475,Outpatient,23,9340,406.0869565217391,2.6956521739130435,0.0,0,No
PRV57476,Outpatient,145,47070,324.62068965517244,1.2,0.0,0,No
PRV57477,Outpatient,85,22740,267.52941176470586,1.6705882352941177,0.0,0,No
PRV57479,Outpatient,19,7220,380.0,1.4210526315789473,0.0,0,No
PRV57481,Inpatient,62,776000,12516.129032258064,6.435483870967742,6.435483870967742,1,Yes
PRV57484,Outpatient,9,1090,121.11111111111111,2.2222222222222223,0.0,0,No
PRV57485,Outpatient,10,1670,167.0,2.0,0.0,0,No
PRV57486,Outpatient,35,4430,126.57142857142857,1.1714285714285715,0.0,0,No
PRV57487,Inpatient,15,140000,9333.333333333334,7.933333333333334,7.933333333333334,0,No
PRV57488,Outpatient,5,540,108.0,0.0,0.0,0,No
PRV57489,Inpatient,17,182000,10705.882352941177,6.176470588235294,6.176470588235294,0,No
PRV57490,Inpatient,21,201200,9580.952380952382,4.761904761904762,4.761904761904762,0,No
PRV57491,Outpatient,116,30830,265.7758620689655,1.456896551724138,0.0,0,No
PRV57492,Inpatient,36,332000,9222.222222222223,4.638888888888889,4.638888888888889,0,No
PRV57492,Outpatient,81,16030,197.90123456790124,1.3580246913580247,0.0,0,No
PRV57495,Inpatient,37,387000,10459.45945945946,6.0,6.0,1,Yes
PRV57495,Outpatient,76,13530,178.02631578947367,0.5,0.0,1,Yes
PRV57496,Outpatient,38,7750,203.94736842105263,0.5526315789473685,0.0,0,No
PRV57499,Outpatient,18,8940,496.6666666666667,0.05555555555555555,0.0,0,No
PRV57500,Outpatient,79,26090,330.253164556962,0.7848101265822784,0.0,0,No
PRV57501,Outpatient,64,11740,183.4375,0.265625,0.0,0,No
PRV57502,Inpatient,114,1149200,10080.701754385966,5.157894736842105,5.157894736842105,1,Yes
PRV57502,Outpatient,146,48350,331.16438356164383,1.1917808219178083,0.0,1,Yes
PRV57504,Outpatient,28,5910,211.07142857142858,1.25,0.0,0,No
PRV57507,Outpatient,112,26740,238.75,1.0982142857142858,0.0,0,No
PRV57509,Outpatient,58,11690,201.55172413793105,0.9827586206896551,0.0,0,No
PRV57510,Inpatient,43,422020,9814.418604651162,5.4186046511627906,5.4186046511627906,0,No
PRV57510,Outpatient,204,64970,318.48039215686276,1.7205882352941178,0.0,0,No
PRV57512,Outpatient,108,24330,225.27777777777777,1.3425925925925926,0.0,0,No
PRV57514,Outpatient,51,15030,294.70588235294116,1.8235294117647058,0.0,0,No
PRV57515,Inpatient,19,146000,7684.210526315789,5.157894736842105,5.157894736842105,0,No
PRV57515,Outpatient,69,21970,318.40579710144925,1.4782608695652173,0.0,0,No
PRV57516,Outpatient,10,2290,229.0,0.8,0.0,0,No
PRV57517,Outpatient,60,20230,337.1666666666667,1.2166666666666666,0.0,0,No
PRV57518,Inpatient,2,35000,17500.0,3.5,3.5,0,No
PRV57518,Outpatient,95,33130,348.7368421052632,1.0,0.0,0,No
PRV57519,Inpatient,12,113000,9416.666666666666,4.833333333333333,4.833333333333333,0,No
PRV57519,Outpatient,145,30280,208.82758620689654,1.7310344827586206,0.0,0,No
PRV57520,Outpatient,23,5740,249.56521739130434,0.6521739130434783,0.0,0,No
PRV57521,Inpatient,12,93000,7750.0,9.083333333333334,9.083333333333334,0,No
PRV57521,Outpatient,99,28150,284.34343434343435,1.292929292929293,0.0,0,No
PRV57522,Outpatient,40,8310,207.75,0.9,0.0,0,No
PRV57523,Inpatient,15,130000,8666.666666666666,7.066666666666666,7.066666666666666,0,No
PRV57523,Outpatient,136,39960,293.8235294117647,1.6323529411764706,0.0,0,No
PRV57525,Inpatient,21,197000,9380.952380952382,5.428571428571429,5.428571428571429,1,Yes
PRV57525,Outpatient,86,16820,195.58139534883722,1.3372093023255813,0.0,1,Yes
PRV57526,Inpatient,2,53000,26500.0,1.0,1.0,0,No
PRV57526,Outpatient,200,56310,281.55,1.74,0.0,0,No
PRV57527,Inpatient,51,628000,12313.725490196079,6.490196078431373,6.490196078431373,1,Yes
PRV57527,Outpatient,114,37500,328.94736842105266,1.7105263157894737,0.0,1,Yes
PRV57528,Inpatient,13,75600,5815.384615384615,4.615384615384615,4.615384615384615,1,Yes
PRV57528,Outpatient,388,125420,323.2474226804124,1.6597938144329898,0.0,1,Yes
PRV57529,Outpatient,295,75340,255.38983050847457,1.7152542372881356,0.0,0,No
PRV57530,Inpatient,52,390100,7501.923076923077,5.653846153846154,5.653846153846154,0,No
PRV57530,Outpatient,426,115490,271.1032863849765,1.056338028169014,0.0,0,No
PRV57531,Outpatient,68,16630,244.55882352941177,0.8382352941176471,0.0,0,No
PRV57532,Outpatient,351,111560,317.83475783475785,2.111111111111111,0.0,0,No
PRV57533,Inpatient,22,279000,12681.818181818182,6.590909090909091,6.590909090909091,0,No
PRV57533,Outpatient,86,20560,239.06976744186048,1.0232558139534884,0.0,0,No
PRV57534,Outpatient,152,38820,255.39473684210526,1.9078947368421053,0.0,0,No
PRV57536,Outpatient,79,18560,234.9367088607595,1.5443037974683544,0.0,0,No
PRV57539,Outpatient,33,10630,322.1212121212121,0.9393939393939394,0.0,0,No
PRV57540,Outpatient,39,7460,191.28205128205127,1.6666666666666667,0.0,0,No
PRV57541,Outpatient,31,9750,314.51612903225805,0.3225806451612903,0.0,0,No
PRV57542,Outpatient,37,5330,144.05405405405406,1.7297297297297298,0.0,0,No
PRV57543,Inpatient,46,433000,9413.04347826087,5.021739130434782,5.021739130434782,1,Yes
PRV57543,Outpatient,308,83360,270.64935064935065,1.1915584415584415,0.0,1,Yes
PRV57544,Outpatient,52,10340,198.84615384615384,0.6923076923076923,0.0,0,No
PRV57545,Inpatient,1,28000,28000.0,4.0,4.0,0,No
PRV57545,Outpatient,60,12430,207.16666666666666,0.8166666666666667,0.0,0,No
PRV57546,Outpatient,18,5310,295.0,1.2777777777777777,0.0,0,No
PRV57547,Inpatient,18,215000,11944.444444444445,7.777777777777778,7.611111111111111,1,Yes
PRV57547,Outpatient,68,19080,280.5882352941176,2.2941176470588234,0.0,1,Yes
PRV57548,Inpatient,107,1038500,9705.607476635514,5.710280373831775,5.710280373831775,1,Yes
PRV57548,Outpatient,103,30550,296.6019417475728,0.8349514563106796,0.0,1,Yes
PRV57549,Outpatient,518,161160,311.11969111969114,1.223938223938224,0.0,0,No
PRV57550,Outpatient,29,6070,209.31034482758622,1.0344827586206897,0.0,0,No
PRV57551,Outpatient,132,42330,320.6818181818182,2.257575757575758,0.0,0,No
PRV57552,Outpatient,11,2340,212.72727272727272,1.8181818181818181,0.0,0,No
PRV57553,Outpatient,21,8460,402.85714285714283,3.0952380952380953,0.0,0,No
PRV57555,Inpatient,27,326800,12103.703703703704,4.222222222222222,4.222222222222222,0,No
PRV57555,Outpatient,15,3980,265.3333333333333,0.4666666666666667,0.0,0,No
PRV57557,Outpatient,97,20700,213.4020618556701,1.2164948453608246,0.0,0,No
PRV57558,Inpatient,8,71000,8875.0,4.125,4.125,0,No
PRV57558,Outpatient,49,20590,420.2040816326531,2.2448979591836733,0.0,0,No
PRV57560,Inpatient,1,9000,9000.0,2.0,2.0,0,No
PRV57560,Outpatient,1,0,0.0,0.0,0.0,0,No
PRV57561,Inpatient,1,11000,11000.0,6.0,6.0,0,No
PRV57561,Outpatient,16,5810,363.125,3.1875,0.0,0,No
PRV57563,Outpatient,6,830,138.33333333333334,1.5,0.0,0,No
PRV57564,Outpatient,7,280,40.0,0.0,0.0,0,No
PRV57565,Outpatient,6,6340,1056.6666666666667,1.1666666666666667,0.0,0,No
PRV57567,Inpatient,7,112000,16000.0,8.142857142857142,8.142857142857142,0,No
PRV57567,Outpatient,5,290,58.0,0.0,0.0,0,No
PRV57568,Inpatient,18,111900,6216.666666666667,3.2222222222222223,3.2222222222222223,0,No
PRV57568,Outpatient,29,8450,291.37931034482756,1.7241379310344827,0.0,0,No
PRV57569,Inpatient,5,31000,6200.0,8.2,8.2,1,Yes
PRV57569,Outpatient,68,26940,396.1764705882353,2.6470588235294117,0.0,1,Yes
PRV57570,Outpatient,4,430,107.5,5.0,0.0,0,No
PRV57571,Outpatient,1,400,400.0,0.0,0.0,0,No
PRV57572,Outpatient,265,80050,302.07547169811323,1.2226415094339622,0.0,0,No
PRV57573,Outpatient,33,6180,187.27272727272728,2.272727272727273,0.0,0,No
PRV57574,Outpatient,58,19640,338.62068965517244,1.4655172413793103,0.0,0,No
PRV57575,Outpatient,24,5970,248.75,0.8333333333333334,0.0,0,No
PRV57576,Outpatient,22,4320,196.36363636363637,0.045454545454545456,0.0,0,No
PRV57577,Outpatient,73,29810,408.35616438356163,2.684931506849315,0.0,0,No
PRV57578,Outpatient,2,180,90.0,10.0,0.0,0,No
PRV57580,Outpatient,134,24650,183.955223880597,1.126865671641791,0.0,0,No
PRV57581,Outpatient,15,2370,158.0,1.3333333333333333,0.0,0,No
PRV57583,Outpatient,14,3080,220.0,1.4285714285714286,0.0,0,No
PRV57584,Inpatient,3,21000,7000.0,2.6666666666666665,2.6666666666666665,0,No
PRV57584,Outpatient,40,7760,194.0,0.5,0.0,0,No
PRV57585,Outpatient,140,44220,315.85714285714283,1.5857142857142856,0.0,0,No
PRV57586,Outpatient,144,49710,345.2083333333333,3.1805555555555554,0.0,0,No
PRV57588,Outpatient,2,530,265.0,10.0,0.0,0,No
PRV57590,Inpatient,3,14000,4666.666666666667,4.666666666666667,4.666666666666667,0,No
PRV57590,Outpatient,73,19520,267.3972602739726,1.726027397260274,0.0,0,No
PRV57592,Outpatient,79,16880,213.67088607594937,1.1898734177215189,0.0,0,No
PRV57593,Inpatient,6,77000,12833.333333333334,5.166666666666667,5.166666666666667,0,No
PRV57593,Outpatient,20,7910,395.5,2.55,0.0,0,No
PRV57594,Inpatient,1,4000,4000.0,5.0,5.0,0,No
PRV57594,Outpatient,13,2300,176.92307692307693,0.5384615384615384,0.0,0,No
PRV57595,Outpatient,56,10250,183.03571428571428,1.2857142857142858,0.0,0,No
PRV57596,Outpatient,160,38040,237.75,1.075,0.0,0,No
PRV57597,Outpatient,227,47000,207.04845814977975,1.1762114537444934,0.0,0,No
PRV57598,Outpatient,23,2890,125.65217391304348,0.6521739130434783,0.0,0,No
PRV57599,Outpatient,5,510,102.0,0.0,0.0,0,No
PRV57600,Inpatient,9,57000,6333.333333333333,4.333333333333333,4.333333333333333,0,No
PRV57600,Outpatient,42,18000,428.57142857142856,0.9047619047619048,0.0,0,No
PRV57601,Outpatient,62,21020,339.03225806451616,1.6774193548387097,0.0,0,No
PRV57602,Outpatient,38,8970,236.05263157894737,1.368421052631579,0.0,0,No
PRV57603,Outpatient,169,49340,291.9526627218935,0.6331360946745562,0.0,0,No
PRV57605,Outpatient,134,35590,265.5970149253731,1.462686567164179,0.0,0,No
PRV57609,Outpatient,2,3000,1500.0,7.0,0.0,0,No
PRV57610,Outpatient,32,7500,234.375,0.71875,0.0,0,No
PRV57611,Outpatient,134,38520,287.46268656716416,0.746268656716418,0.0,0,No
PRV57612,Inpatient,3,31000,10333.333333333334,14.333333333333334,14.333333333333334,0,No
PRV57612,Outpatient,3,490,163.33333333333334,2.6666666666666665,0.0,0,No
PRV57613,Outpatient,2,250,125.0,0.0,0.0,0,No
PRV57614,Outpatient,4,1700,425.0,0.0,0.0,0,No
PRV57615,Outpatient,2,110,55.0,0.0,0.0,0,No
PRV57616,Outpatient,7,640,91.42857142857143,1.0,0.0,0,No
PRV57617,Outpatient,3,130,43.333333333333336,6.666666666666667,0.0,0,No
PRV57618,Outpatient,220,55280,251.27272727272728,1.0818181818181818,0.0,0,No
PRV57619,Outpatient,21,2520,120.0,2.0,0.0,0,No
PRV57623,Outpatient,4,940,235.0,0.0,0.0,0,No
PRV57624,Outpatient,41,6930,169.02439024390245,0.975609756097561,0.0,0,No
PRV57625,Outpatient,44,7340,166.8181818181818,2.6363636363636362,0.0,0,No
PRV57626,Outpatient,6,900,150.0,0.0,0.0,0,No
PRV57627,Outpatient,28,10360,370.0,0.14285714285714285,0.0,0,No
PRV57629,Inpatient,10,122300,12230.0,5.9,5.9,0,No
PRV57630,Inpatient,8,52000,6500.0,6.875,6.875,0,No
PRV57631,Inpatient,18,227000,12611.111111111111,5.388888888888889,5.388888888888889,1,Yes
PRV57632,Inpatient,1,6000,6000.0,2.0,2.0,0,No
PRV57633,Inpatient,4,31000,7750.0,11.25,11.25,0,No
PRV57634,Inpatient,8,58000,7250.0,4.25,4.25,0,No
PRV57635,Inpatient,18,275000,15277.777777777777,4.388888888888889,4.388888888888889,0,No
PRV57636,Inpatient,5,28000,5600.0,4.2,4.2,0,No
PRV57638,Inpatient,9,72400,8044.444444444444,4.444444444444445,4.444444444444445,0,No
PRV57639,Outpatient,17,4890,287.6470588235294,2.235294117647059,0.0,0,No
PRV57640,Inpatient,5,46000,9200.0,9.6,9.6,0,No
PRV57640,Outpatient,10,2130,213.0,2.0,0.0,0,No
PRV57641,Inpatient,3,16000,5333.333333333333,4.0,4.0,0,No
PRV57641,Outpatient,58,13470,232.24137931034483,2.4310344827586206,0.0,0,No
PRV57642,Inpatient,23,288000,12521.739130434782,6.3478260869565215,6.3478260869565215,1,Yes
PRV57642,Outpatient,197,33470,169.89847715736042,0.949238578680203,0.0,1,Yes
PRV57643,Inpatient,7,56000,8000.0,3.7142857142857144,3.7142857142857144,0,No
PRV57643,Outpatient,102,22870,224.2156862745098,1.588235294117647,0.0,0,No
PRV57645,Outpatient,6,390,65.0,0.0,0.0,0,No
PRV57646,Outpatient,25,8570,342.8,0.68,0.0,0,No
PRV57647,Outpatient,46,8530,185.43478260869566,0.43478260869565216,0.0,0,No
PRV57650,Inpatient,1,3000,3000.0,5.0,5.0,0,No
PRV57650,Outpatient,35,11210,320.2857142857143,1.0571428571428572,0.0,0,No
PRV57651,Outpatient,22,3180,144.54545454545453,0.22727272727272727,0.0,0,No
PRV57652,Outpatient,15,4900,326.6666666666667,2.1333333333333333,0.0,0,No
PRV57653,Outpatient,82,15920,194.14634146341464,1.5609756097560976,0.0,0,No
PRV57654,Outpatient,72,16670,231.52777777777777,1.2222222222222223,0.0,0,No
PRV57655,Outpatient,1,400,400.0,0.0,0.0,0,No
PRV57657,Outpatient,54,15930,295.0,1.1666666666666667,0.0,0,No
PRV57658,Outpatient,51,16170,317.05882352941177,1.7647058823529411,0.0,0,No
PRV57659,Outpatient,1,20,20.0,0.0,0.0,0,No
PRV57660,Outpatient,6,2420,403.3333333333333,0.6666666666666666,0.0,0,No
PRV57662,Outpatient,3,2460,820.0,0.0,0.0,0,No
PRV57663,Outpatient,3,410,136.66666666666666,1.3333333333333333,0.0,0,No
PRV57667,Inpatient,3,20000,6666.666666666667,11.0,11.0,1,Yes
PRV57668,Outpatient,23,6570,285.6521739130435,0.8695652173913043,0.0,0,No
PRV57669,Outpatient,3,250,83.33333333333333,0.0,0.0,0,No
PRV57670,Outpatient,1,20,20.0,0.0,0.0,0,No
PRV57671,Outpatient,6,730,121.66666666666667,0.0,0.0,0,No
PRV57672,Outpatient,425,118190,278.09411764705885,1.2423529411764707,0.0,1,Yes
PRV57673,Outpatient,217,51690,238.20276497695852,0.8986175115207373,0.0,0,No
PRV57674,Outpatient,413,133220,322.5665859564165,1.4043583535108959,0.0,0,No
PRV57675,Outpatient,3,1650,550.0,0.0,0.0,0,No
PRV57676,Outpatient,15,3180,212.0,3.066666666666667,0.0,0,No
PRV57677,Outpatient,226,73900,326.9911504424779,1.1150442477876106,0.0,0,No
PRV57678,Outpatient,9,3970,441.1111111111111,0.1111111111111111,0.0,0,No
PRV57679,Outpatient,1,400,400.0,0.0,0.0,0,No
PRV57680,Outpatient,19,9360,492.63157894736844,2.263157894736842,0.0,0,No
PRV57682,Outpatient,3,3100,1033.3333333333333,6.666666666666667,0.0,0,No
PRV57683,Outpatient,15,7150,476.6666666666667,1.4666666666666666,0.0,0,No
PRV57684,Outpatient,65,21110,324.7692307692308,0.47692307692307695,0.0,0,No
PRV57686,Outpatient,23,9110,396.0869565217391,0.8695652173913043,0.0,0,No
PRV57687,Outpatient,6,1080,180.0,0.0,0.0,0,No
PRV57688,Outpatient,12,4230,352.5,2.6666666666666665,0.0,0,No
PRV57689,Outpatient,53,15380,290.188679245283,1.5660377358490567,0.0,0,No
PRV57690,Outpatient,4,4480,1120.0,0.0,0.0,0,No
PRV57691,Outpatient,51,11990,235.09803921568627,0.49019607843137253,0.0,0,No
PRV57692,Outpatient,2,450,225.0,0.0,0.0,0,No
PRV57693,Outpatient,133,41250,310.1503759398496,1.6466165413533835,0.0,0,No
PRV57694,Outpatient,18,3150,175.0,1.3333333333333333,0.0,0,No
PRV57696,Outpatient,3,100,33.333333333333336,0.0,0.0,0,No
PRV57697,Inpatient,48,503000,10479.166666666666,5.104166666666667,5.104166666666667,1,Yes
PRV57697,Outpatient,18,4650,258.3333333333333,1.1666666666666667,0.0,1,Yes
PRV57699,Inpatient,3,26000,8666.666666666666,8.0,8.0,0,No
PRV57700,Outpatient,1,60,60.0,0.0,0.0,0,No
PRV57701,Outpatient,4,620,155.0,0.0,0.0,0,No
PRV57702,Inpatient,7,78000,11142.857142857143,10.857142857142858,10.857142857142858,0,No
PRV57702,Outpatient,8,2830,353.75,2.0,0.0,0,No
PRV57704,Inpatient,3,25000,8333.333333333334,8.333333333333334,8.333333333333334,0,No
PRV57704,Outpatient,4,1770,442.5,0.0,0.0,0,No
PRV57705,Outpatient,2,400,200.0,0.0,0.0,0,No
PRV57706,Outpatient,5,3040,608.0,4.0,0.0,0,No
PRV57707,Outpatient,2,70,35.0,0.0,0.0,0,No
PRV57709,Inpatient,30,398000,13266.666666666666,7.866666666666666,7.866666666666666,1,Yes
PRV57709,Outpatient,187,43530,232.7807486631016,1.8074866310160427,0.0,1,Yes
PRV57710,Outpatient,409,111150,271.76039119804403,1.6772616136919316,0.0,0,No
PRV57711,Inpatient,19,155000,8157.894736842105,7.368421052631579,7.368421052631579,0,No
PRV57711,Outpatient,4,1000,250.0,0.0,0.0,0,No
PRV57712,Inpatient,2,11000,5500.0,2.0,2.0,0,No
PRV57712,Outpatient,7,770,110.0,0.5714285714285714,0.0,0,No
PRV57714,Outpatient,4,480,120.0,5.0,0.0,0,No
PRV57715,Inpatient,42,472300,11245.238095238095,5.333333333333333,5.333333333333333,0,No
PRV57715,Outpatient,818,215900,263.9364303178484,1.2885085574572128,0.0,0,No
PRV57716,Outpatient,11,3540,321.8181818181818,5.7272727272727275,0.0,0,No
PRV57717,Inpatient,15,176700,11780.0,4.933333333333334,4.933333333333334,0,No
PRV57717,Outpatient,99,21130,213.43434343434345,1.8585858585858586,0.0,0,No
PRV57718,Outpatient,161,58290,362.0496894409938,1.8012422360248448,0.0,0,No
PRV57719,Inpatient,4,76000,19000.0,13.75,13.75,0,No
PRV57719,Outpatient,19,2830,148.94736842105263,0.5263157894736842,0.0,0,No
PRV57720,Outpatient,14,4670,333.57142857142856,1.0,0.0,0,No
PRV57721,Outpatient,3,230,76.66666666666667,0.0,0.0,0,No
PRV57722,Outpatient,34,7490,220.2941176470588,0.6176470588235294,0.0,0,No
PRV57723,Outpatient,20,2590,129.5,0.0,0.0,0,No
PRV57724,Outpatient,2,80,40.0,0.0,0.0,0,No
PRV57725,Outpatient,7,1740,248.57142857142858,0.0,0.0,0,No
PRV57727,Outpatient,16,2670,166.875,0.0,0.0,0,No
PRV57728,Inpatient,1,6000,6000.0,4.0,4.0,0,No
PRV57728,Outpatient,3,1310,436.6666666666667,6.666666666666667,0.0,0,No
PRV57729,Inpatient,11,107000,9727.272727272728,5.545454545454546,5.545454545454546,0,No
PRV57729,Outpatient,12,7300,608.3333333333334,0.16666666666666666,0.0,0,No
PRV57730,Outpatient,40,8720,218.0,0.675,0.0,0,No
PRV57731,Outpatient,2,150,75.0,0.0,0.0,0,No
PRV57732,Inpatient,11,76000,6909.090909090909,5.2727272727272725,5.2727272727272725,0,No
PRV57732,Outpatient,39,12140,311.28205128205127,0.5641025641025641,0.0,0,No
PRV57733,Outpatient,45,12480,277.3333333333333,1.2,0.0,0,No
PRV57734,Outpatient,19,11010,579.4736842105264,3.1578947368421053,0.0,0,No
PRV57735,Outpatient,6,780,130.0,2.3333333333333335,0.0,0,No
PRV57736,Outpatient,12,2990,249.16666666666666,1.6666666666666667,0.0,0,No
PRV57737,Outpatient,2,130,65.0,0.0,0.0,0,No
PRV57738,Outpatient,1,10,10.0,0.0,0.0,0,No
PRV57739,Outpatient,11,7020,638.1818181818181,3.272727272727273,0.0,0,No
PRV57740,Outpatient,12,5500,458.3333333333333,7.25,0.0,0,No
PRV57741,Outpatient,15,2290,152.66666666666666,1.0666666666666667,0.0,0,No
PRV57742,Outpatient,8,340,42.5,0.375,0.0,0,No
PRV57743,Outpatient,8,4350,543.75,1.625,0.0,0,No
PRV57744,Outpatient,19,8510,447.89473684210526,2.3157894736842106,0.0,0,No
PRV57746,Outpatient,42,6100,145.23809523809524,1.5714285714285714,0.0,0,No
PRV57747,Outpatient,2,110,55.0,0.0,0.0,0,No
PRV57748,Outpatient,45,16000,355.55555555555554,1.7555555555555555,0.0,0,No
PRV57751,Outpatient,4,230,57.5,1.0,0.0,0,No
PRV57752,Outpatient,1,80,80.0,0.0,0.0,0,No
PRV57753,Outpatient,1,80,80.0,0.0,0.0,0,No
PRV57754,Outpatient,6,2070,345.0,0.0,0.0,0,No
PRV57755,Outpatient,1,300,300.0,0.0,0.0,0,No
PRV57756,Outpatient,27,3790,140.37037037037038,0.7777777777777778,0.0,0,No
PRV57757,Inpatient,11,109000,9909.09090909091,6.2727272727272725,6.2727272727272725,0,No
PRV57758,Outpatient,2,110,55.0,20.0,0.0,0,No
PRV57759,Outpatient,28,10640,380.0,2.142857142857143,0.0,0,No
PRV57760,Outpatient,22,4770,216.8181818181818,0.3181818181818182,0.0,0,No
PRV57761,Outpatient,82,18470,225.2439024390244,1.3902439024390243,0.0,0,No
PRV57762,Outpatient,1,1900,1900.0,0.0,0.0,0,No
PRV57763,Outpatient,118,43610,369.5762711864407,1.7203389830508475,0.0,0,No
